Starting memory monitoring for aap25 heavy test at Mon Jun 30 01:01:15 PM PDT 2025
=================================================================================
2025-06-30 13:01:15
Memory Usage Report:
               total        used        free      shared  buff/cache   available
Mem:            7681         706        6553         169         832        6974
Swap:           4095           0        4095

Top 10 Processes by RSS Memory:
    PID    PPID CMD                           RSS
   1085       1 /usr/bin/postmaster -D /var 114560
    745       1 /usr/bin/python3 -s /usr/sb 41536
   1074       1 /usr/local/bin/node_exporte 27796
    969       1 /usr/lib/polkit-1/polkitd - 27692
    785       1 /usr/bin/python3 -Es /usr/s 26900
   1187    1085 postgres: checkpointer      26752
   1188    1085 postgres: background writer 25088
   1201    1085 postgres: walwriter         21888
    756       1 /usr/sbin/NetworkManager -- 19584
   1078       1 /usr/sbin/rsyslogd -n       18100

=== RECEPTOR PROCESS ANALYSIS ===
Receptor Main Processes:
    PID    PPID CMD                           RSS    VSZ %CPU %MEM     ELAPSED
 653230       1 bash -c  log_file="/tmp/mem  3328   7260  0.0  0.0       00:00
Receptor Child Processes for PID 653230:
      PID    PPID CMD                           RSS    VSZ %CPU %MEM     ELAPSED
Receptor Threads for PID 653230:
    PID    SPID %CPU %MEM   RSS COMMAND
 653230  653230  0.0  0.0  3328 bash
Receptor Network Connections for PID 653230:
COMMAND      PID          USER   FD   TYPE  DEVICE SIZE/OFF      NODE NAME
chronyd      753        chrony    5u  IPv4   23399      0t0       UDP localhost:323 
chronyd      753        chrony    6u  IPv6   23400      0t0       UDP localhost:323 
NetworkMa    756          root   26u  IPv4   25104      0t0       UDP aap25-database.aap-test.local:bootpc->pi.hole:bootps 
sshd         781          root    3u  IPv4   21873      0t0       TCP *:ssh (LISTEN)
sshd         781          root    4u  IPv6   21875      0t0       TCP *:ssh (LISTEN)
node_expo   1074 node_exporter    3u  IPv6   23857      0t0       TCP *:jetdirect (LISTEN)
node_expo   1074 node_exporter    7u  IPv6   23988      0t0       TCP aap25-database.aap-test.local:jetdirect->monitoring-node.aap-test.local:60090 (ESTABLISHED)
postmaste   1085      postgres    6u  IPv4   23874      0t0       TCP *:postgres (LISTEN)
postmaste   1085      postgres    7u  IPv6   23875      0t0       TCP *:postgres (LISTEN)
sshd      653081          root    4u  IPv4 2867087      0t0       TCP aap25-database.aap-test.local:ssh->192.168.1.49:40268 (ESTABLISHED)
sshd      653101          root    4u  IPv4 2867087      0t0       TCP aap25-database.aap-test.local:ssh->192.168.1.49:40268 (ESTABLISHED)
bash      653230          root  cwd    DIR   253,0      142  67240070 /root
bash      653230          root  rtd    DIR   253,0      235       128 /
bash      653230          root  txt    REG   253,0  1389072  67323062 /usr/bin/bash
bash      653230          root  mem    REG   253,0  2586930    223716 /usr/lib/locale/en_US.utf8/LC_COLLATE
bash      653230          root  mem    REG   253,0  2544344 100922208 /usr/lib64/libc.so.6
bash      653230          root  mem    REG   253,0   346132 100921885 /usr/lib/locale/C.utf8/LC_CTYPE
bash      653230          root  mem    REG   253,0       54    223719 /usr/lib/locale/en_US.utf8/LC_NUMERIC
bash      653230          root  mem    REG   253,0     3284  34000453 /usr/lib/locale/en_US.utf8/LC_TIME
bash      653230          root  mem    REG   253,0      286  34000451 /usr/lib/locale/en_US.utf8/LC_MONETARY
bash      653230          root  mem    REG   253,0       57  34000464 /usr/lib/locale/en_US.utf8/LC_MESSAGES/SYS_LC_MESSAGES
bash      653230          root  mem    REG   253,0    26988  67396209 /usr/lib64/gconv/gconv-modules.cache
bash      653230          root  mem    REG   253,0   195080 100921869 /usr/lib64/libtinfo.so.6.2
bash      653230          root  mem    REG   253,0       34 100922186 /usr/lib/locale/en_US.utf8/LC_PAPER
bash      653230          root  mem    REG   253,0       77    223718 /usr/lib/locale/en_US.utf8/LC_NAME
bash      653230          root  mem    REG   253,0      167  34000447 /usr/lib/locale/en_US.utf8/LC_ADDRESS
bash      653230          root  mem    REG   253,0       59  34000452 /usr/lib/locale/en_US.utf8/LC_TELEPHONE
bash      653230          root  mem    REG   253,0       23  34000450 /usr/lib/locale/en_US.utf8/LC_MEASUREMENT
bash      653230          root  mem    REG   253,0      369  34000449 /usr/lib/locale/en_US.utf8/LC_IDENTIFICATION
bash      653230          root  mem    REG   253,0   897856 100922204 /usr/lib64/ld-linux-x86-64.so.2
bash      653230          root    0r   CHR     1,3      0t0         4 /dev/null
bash      653230          root    1w   REG   253,0        0  43735380 /tmp/memory_monitor.log
bash      653230          root    2w   REG   253,0        0  43735380 /tmp/memory_monitor.log
bash      653230          root    3r  FIFO    0,13      0t0   2866026 pipe

    PID    PPID CMD                           RSS    VSZ %CPU %MEM     ELAPSED
Receptor Child Processes for PID 653238:
  No child processes found
Receptor Threads for PID 653238:
    PID    SPID %CPU %MEM   RSS COMMAND
Receptor Network Connections for PID 653238:
COMMAND      PID          USER   FD   TYPE  DEVICE SIZE/OFF NODE NAME
chronyd      753        chrony    5u  IPv4   23399      0t0  UDP localhost:323 
chronyd      753        chrony    6u  IPv6   23400      0t0  UDP localhost:323 
NetworkMa    756          root   26u  IPv4   25104      0t0  UDP aap25-database.aap-test.local:bootpc->pi.hole:bootps 
sshd         781          root    3u  IPv4   21873      0t0  TCP *:ssh (LISTEN)
sshd         781          root    4u  IPv6   21875      0t0  TCP *:ssh (LISTEN)
node_expo   1074 node_exporter    3u  IPv6   23857      0t0  TCP *:jetdirect (LISTEN)
node_expo   1074 node_exporter    7u  IPv6   23988      0t0  TCP aap25-database.aap-test.local:jetdirect->monitoring-node.aap-test.local:60090 (ESTABLISHED)
postmaste   1085      postgres    6u  IPv4   23874      0t0  TCP *:postgres (LISTEN)
postmaste   1085      postgres    7u  IPv6   23875      0t0  TCP *:postgres (LISTEN)
sshd      653081          root    4u  IPv4 2867087      0t0  TCP aap25-database.aap-test.local:ssh->192.168.1.49:40268 (ESTABLISHED)
sshd      653101          root    4u  IPv4 2867087      0t0  TCP aap25-database.aap-test.local:ssh->192.168.1.49:40268 (ESTABLISHED)
  No network connections found

=== RECEPTOR MEMORY SUMMARY ===
Total Receptor RSS Memory: 3328 KB (3 MB)
Total Receptor VSZ Memory: 7260 KB (7 MB)
Number of Receptor Processes: 2

AAP-related Processes and Children:
=== AAP Service Processes ===
Process: bash (PID: 653230)
    PID    PPID CMD                           RSS
 653230       1 bash -c  log_file="/tmp/mem  3328
  Children of PID 653230:
    PID    PPID CMD                           RSS
 653297  653230 bash -c  log_file="/tmp/mem  2044

Process: bash (PID: 653297)
    PID    PPID CMD                           RSS
 653297  653230 bash -c  log_file="/tmp/mem  2044
  Children of PID 653297:
    PID    PPID CMD                           RSS


Process Tree for AAP Services:
=== automation-controller Process Tree ===
bash(653230)---pstree(653308)
=== receptor Process Tree ===
bash(653230)---pstree(653312)
=== nginx Process Tree ===
bash(653230)---pstree(653316)
=== postgresql Process Tree ===
bash(653230)---pstree(653320)
=== redis Process Tree ===
bash(653230)---pstree(653324)
=== uwsgi Process Tree ===
bash(653230)---pstree(653328)
=== automation-hub Process Tree ===
bash(653230)---pstree(653332)
=== automation-eda Process Tree ===
bash(653230)---pstree(653336)

=================================================================================
2025-06-30 13:01:46
Memory Usage Report:
               total        used        free      shared  buff/cache   available
Mem:            7681         664        6596         169         832        7016
Swap:           4095           0        4095

Top 10 Processes by RSS Memory:
    PID    PPID CMD                           RSS
   1085       1 /usr/bin/postmaster -D /var 114560
    745       1 /usr/bin/python3 -s /usr/sb 41536
   1074       1 /usr/local/bin/node_exporte 27908
    969       1 /usr/lib/polkit-1/polkitd - 27692
    785       1 /usr/bin/python3 -Es /usr/s 26900
   1187    1085 postgres: checkpointer      26752
   1188    1085 postgres: background writer 25088
   1201    1085 postgres: walwriter         21888
    756       1 /usr/sbin/NetworkManager -- 19584
   1078       1 /usr/sbin/rsyslogd -n       18100

=== RECEPTOR PROCESS ANALYSIS ===
Receptor Main Processes:
    PID    PPID CMD                           RSS    VSZ %CPU %MEM     ELAPSED
 653230       1 bash -c  log_file="/tmp/mem  3328   7260  0.0  0.0       00:30
Receptor Child Processes for PID 653230:
      PID    PPID CMD                           RSS    VSZ %CPU %MEM     ELAPSED
Receptor Threads for PID 653230:
    PID    SPID %CPU %MEM   RSS COMMAND
 653230  653230  0.0  0.0  3328 bash
Receptor Network Connections for PID 653230:
COMMAND      PID          USER   FD   TYPE  DEVICE SIZE/OFF      NODE NAME
chronyd      753        chrony    5u  IPv4   23399      0t0       UDP localhost:323 
chronyd      753        chrony    6u  IPv6   23400      0t0       UDP localhost:323 
NetworkMa    756          root   26u  IPv4   25104      0t0       UDP aap25-database.aap-test.local:bootpc->pi.hole:bootps 
sshd         781          root    3u  IPv4   21873      0t0       TCP *:ssh (LISTEN)
sshd         781          root    4u  IPv6   21875      0t0       TCP *:ssh (LISTEN)
node_expo   1074 node_exporter    3u  IPv6   23857      0t0       TCP *:jetdirect (LISTEN)
node_expo   1074 node_exporter    7u  IPv6   23988      0t0       TCP aap25-database.aap-test.local:jetdirect->monitoring-node.aap-test.local:60090 (ESTABLISHED)
postmaste   1085      postgres    6u  IPv4   23874      0t0       TCP *:postgres (LISTEN)
postmaste   1085      postgres    7u  IPv6   23875      0t0       TCP *:postgres (LISTEN)
sshd      653081          root    4u  IPv4 2867087      0t0       TCP aap25-database.aap-test.local:ssh->192.168.1.49:40268 (ESTABLISHED)
sshd      653101          root    4u  IPv4 2867087      0t0       TCP aap25-database.aap-test.local:ssh->192.168.1.49:40268 (ESTABLISHED)
bash      653230          root  cwd    DIR   253,0      142  67240070 /root
bash      653230          root  rtd    DIR   253,0      235       128 /
bash      653230          root  txt    REG   253,0  1389072  67323062 /usr/bin/bash
bash      653230          root  mem    REG   253,0  2586930    223716 /usr/lib/locale/en_US.utf8/LC_COLLATE
bash      653230          root  mem    REG   253,0  2544344 100922208 /usr/lib64/libc.so.6
bash      653230          root  mem    REG   253,0   346132 100921885 /usr/lib/locale/C.utf8/LC_CTYPE
bash      653230          root  mem    REG   253,0       54    223719 /usr/lib/locale/en_US.utf8/LC_NUMERIC
bash      653230          root  mem    REG   253,0     3284  34000453 /usr/lib/locale/en_US.utf8/LC_TIME
bash      653230          root  mem    REG   253,0      286  34000451 /usr/lib/locale/en_US.utf8/LC_MONETARY
bash      653230          root  mem    REG   253,0       57  34000464 /usr/lib/locale/en_US.utf8/LC_MESSAGES/SYS_LC_MESSAGES
bash      653230          root  mem    REG   253,0    26988  67396209 /usr/lib64/gconv/gconv-modules.cache
bash      653230          root  mem    REG   253,0   195080 100921869 /usr/lib64/libtinfo.so.6.2
bash      653230          root  mem    REG   253,0       34 100922186 /usr/lib/locale/en_US.utf8/LC_PAPER
bash      653230          root  mem    REG   253,0       77    223718 /usr/lib/locale/en_US.utf8/LC_NAME
bash      653230          root  mem    REG   253,0      167  34000447 /usr/lib/locale/en_US.utf8/LC_ADDRESS
bash      653230          root  mem    REG   253,0       59  34000452 /usr/lib/locale/en_US.utf8/LC_TELEPHONE
bash      653230          root  mem    REG   253,0       23  34000450 /usr/lib/locale/en_US.utf8/LC_MEASUREMENT
bash      653230          root  mem    REG   253,0      369  34000449 /usr/lib/locale/en_US.utf8/LC_IDENTIFICATION
bash      653230          root  mem    REG   253,0   897856 100922204 /usr/lib64/ld-linux-x86-64.so.2
bash      653230          root    0r   CHR     1,3      0t0         4 /dev/null
bash      653230          root    1w   REG   253,0        0  43735380 /tmp/memory_monitor.log
bash      653230          root    2w   REG   253,0        0  43735380 /tmp/memory_monitor.log
bash      653230          root    3r  FIFO    0,13      0t0   2868908 pipe

    PID    PPID CMD                           RSS    VSZ %CPU %MEM     ELAPSED
Receptor Child Processes for PID 653422:
  No child processes found
Receptor Threads for PID 653422:
    PID    SPID %CPU %MEM   RSS COMMAND
Receptor Network Connections for PID 653422:
COMMAND      PID          USER   FD   TYPE  DEVICE SIZE/OFF NODE NAME
chronyd      753        chrony    5u  IPv4   23399      0t0  UDP localhost:323 
chronyd      753        chrony    6u  IPv6   23400      0t0  UDP localhost:323 
NetworkMa    756          root   26u  IPv4   25104      0t0  UDP aap25-database.aap-test.local:bootpc->pi.hole:bootps 
sshd         781          root    3u  IPv4   21873      0t0  TCP *:ssh (LISTEN)
sshd         781          root    4u  IPv6   21875      0t0  TCP *:ssh (LISTEN)
node_expo   1074 node_exporter    3u  IPv6   23857      0t0  TCP *:jetdirect (LISTEN)
node_expo   1074 node_exporter    7u  IPv6   23988      0t0  TCP aap25-database.aap-test.local:jetdirect->monitoring-node.aap-test.local:60090 (ESTABLISHED)
postmaste   1085      postgres    6u  IPv4   23874      0t0  TCP *:postgres (LISTEN)
postmaste   1085      postgres    7u  IPv6   23875      0t0  TCP *:postgres (LISTEN)
sshd      653081          root    4u  IPv4 2867087      0t0  TCP aap25-database.aap-test.local:ssh->192.168.1.49:40268 (ESTABLISHED)
sshd      653101          root    4u  IPv4 2867087      0t0  TCP aap25-database.aap-test.local:ssh->192.168.1.49:40268 (ESTABLISHED)
  No network connections found

=== RECEPTOR MEMORY SUMMARY ===
Total Receptor RSS Memory: 3328 KB (3 MB)
Total Receptor VSZ Memory: 7260 KB (7 MB)
Number of Receptor Processes: 2

AAP-related Processes and Children:
=== AAP Service Processes ===
Process: bash (PID: 653230)
    PID    PPID CMD                           RSS
 653230       1 bash -c  log_file="/tmp/mem  3328
  Children of PID 653230:
    PID    PPID CMD                           RSS
 653481  653230 bash -c  log_file="/tmp/mem  2052

Process: bash (PID: 653481)
    PID    PPID CMD                           RSS
 653481  653230 bash -c  log_file="/tmp/mem  2052
  Children of PID 653481:
    PID    PPID CMD                           RSS


Process Tree for AAP Services:
=== automation-controller Process Tree ===
bash(653230)---pstree(653492)
=== receptor Process Tree ===
bash(653230)---pstree(653496)
=== nginx Process Tree ===
bash(653230)---pstree(653500)
=== postgresql Process Tree ===
bash(653230)---pstree(653504)
=== redis Process Tree ===
bash(653230)---pstree(653508)
=== uwsgi Process Tree ===
bash(653230)---pstree(653512)
=== automation-hub Process Tree ===
bash(653230)---pstree(653516)
=== automation-eda Process Tree ===
bash(653230)---pstree(653520)

=================================================================================
2025-06-30 13:02:16
Memory Usage Report:
               total        used        free      shared  buff/cache   available
Mem:            7681         663        6597         169         833        7017
Swap:           4095           0        4095

Top 10 Processes by RSS Memory:
    PID    PPID CMD                           RSS
   1085       1 /usr/bin/postmaster -D /var 114560
    745       1 /usr/bin/python3 -s /usr/sb 41536
   1074       1 /usr/local/bin/node_exporte 27908
    969       1 /usr/lib/polkit-1/polkitd - 27692
    785       1 /usr/bin/python3 -Es /usr/s 26900
   1187    1085 postgres: checkpointer      26752
   1188    1085 postgres: background writer 25088
   1201    1085 postgres: walwriter         21888
    756       1 /usr/sbin/NetworkManager -- 19584
   1078       1 /usr/sbin/rsyslogd -n       18100

=== RECEPTOR PROCESS ANALYSIS ===
Receptor Main Processes:
    PID    PPID CMD                           RSS    VSZ %CPU %MEM     ELAPSED
 653230       1 bash -c  log_file="/tmp/mem  3328   7260  0.0  0.0       01:01
Receptor Child Processes for PID 653230:
      PID    PPID CMD                           RSS    VSZ %CPU %MEM     ELAPSED
Receptor Threads for PID 653230:
    PID    SPID %CPU %MEM   RSS COMMAND
 653230  653230  0.0  0.0  3328 bash
Receptor Network Connections for PID 653230:
COMMAND      PID          USER   FD   TYPE  DEVICE SIZE/OFF      NODE NAME
chronyd      753        chrony    5u  IPv4   23399      0t0       UDP localhost:323 
chronyd      753        chrony    6u  IPv6   23400      0t0       UDP localhost:323 
NetworkMa    756          root   26u  IPv4   25104      0t0       UDP aap25-database.aap-test.local:bootpc->pi.hole:bootps 
sshd         781          root    3u  IPv4   21873      0t0       TCP *:ssh (LISTEN)
sshd         781          root    4u  IPv6   21875      0t0       TCP *:ssh (LISTEN)
node_expo   1074 node_exporter    3u  IPv6   23857      0t0       TCP *:jetdirect (LISTEN)
node_expo   1074 node_exporter    7u  IPv6   23988      0t0       TCP aap25-database.aap-test.local:jetdirect->monitoring-node.aap-test.local:60090 (ESTABLISHED)
postmaste   1085      postgres    6u  IPv4   23874      0t0       TCP *:postgres (LISTEN)
postmaste   1085      postgres    7u  IPv6   23875      0t0       TCP *:postgres (LISTEN)
sshd      653081          root    4u  IPv4 2867087      0t0       TCP aap25-database.aap-test.local:ssh->192.168.1.49:40268 (ESTABLISHED)
sshd      653101          root    4u  IPv4 2867087      0t0       TCP aap25-database.aap-test.local:ssh->192.168.1.49:40268 (ESTABLISHED)
bash      653230          root  cwd    DIR   253,0      142  67240070 /root
bash      653230          root  rtd    DIR   253,0      235       128 /
bash      653230          root  txt    REG   253,0  1389072  67323062 /usr/bin/bash
bash      653230          root  mem    REG   253,0  2586930    223716 /usr/lib/locale/en_US.utf8/LC_COLLATE
bash      653230          root  mem    REG   253,0  2544344 100922208 /usr/lib64/libc.so.6
bash      653230          root  mem    REG   253,0   346132 100921885 /usr/lib/locale/C.utf8/LC_CTYPE
bash      653230          root  mem    REG   253,0       54    223719 /usr/lib/locale/en_US.utf8/LC_NUMERIC
bash      653230          root  mem    REG   253,0     3284  34000453 /usr/lib/locale/en_US.utf8/LC_TIME
bash      653230          root  mem    REG   253,0      286  34000451 /usr/lib/locale/en_US.utf8/LC_MONETARY
bash      653230          root  mem    REG   253,0       57  34000464 /usr/lib/locale/en_US.utf8/LC_MESSAGES/SYS_LC_MESSAGES
bash      653230          root  mem    REG   253,0    26988  67396209 /usr/lib64/gconv/gconv-modules.cache
bash      653230          root  mem    REG   253,0   195080 100921869 /usr/lib64/libtinfo.so.6.2
bash      653230          root  mem    REG   253,0       34 100922186 /usr/lib/locale/en_US.utf8/LC_PAPER
bash      653230          root  mem    REG   253,0       77    223718 /usr/lib/locale/en_US.utf8/LC_NAME
bash      653230          root  mem    REG   253,0      167  34000447 /usr/lib/locale/en_US.utf8/LC_ADDRESS
bash      653230          root  mem    REG   253,0       59  34000452 /usr/lib/locale/en_US.utf8/LC_TELEPHONE
bash      653230          root  mem    REG   253,0       23  34000450 /usr/lib/locale/en_US.utf8/LC_MEASUREMENT
bash      653230          root  mem    REG   253,0      369  34000449 /usr/lib/locale/en_US.utf8/LC_IDENTIFICATION
bash      653230          root  mem    REG   253,0   897856 100922204 /usr/lib64/ld-linux-x86-64.so.2
bash      653230          root    0r   CHR     1,3      0t0         4 /dev/null
bash      653230          root    1w   REG   253,0        0  43735380 /tmp/memory_monitor.log
bash      653230          root    2w   REG   253,0        0  43735380 /tmp/memory_monitor.log
bash      653230          root    3r  FIFO    0,13      0t0   2869879 pipe

    PID    PPID CMD                           RSS    VSZ %CPU %MEM     ELAPSED
Receptor Child Processes for PID 653631:
  No child processes found
Receptor Threads for PID 653631:
    PID    SPID %CPU %MEM   RSS COMMAND
Receptor Network Connections for PID 653631:
COMMAND      PID          USER   FD   TYPE  DEVICE SIZE/OFF NODE NAME
chronyd      753        chrony    5u  IPv4   23399      0t0  UDP localhost:323 
chronyd      753        chrony    6u  IPv6   23400      0t0  UDP localhost:323 
NetworkMa    756          root   26u  IPv4   25104      0t0  UDP aap25-database.aap-test.local:bootpc->pi.hole:bootps 
sshd         781          root    3u  IPv4   21873      0t0  TCP *:ssh (LISTEN)
sshd         781          root    4u  IPv6   21875      0t0  TCP *:ssh (LISTEN)
node_expo   1074 node_exporter    3u  IPv6   23857      0t0  TCP *:jetdirect (LISTEN)
node_expo   1074 node_exporter    7u  IPv6   23988      0t0  TCP aap25-database.aap-test.local:jetdirect->monitoring-node.aap-test.local:60090 (ESTABLISHED)
postmaste   1085      postgres    6u  IPv4   23874      0t0  TCP *:postgres (LISTEN)
postmaste   1085      postgres    7u  IPv6   23875      0t0  TCP *:postgres (LISTEN)
sshd      653081          root    4u  IPv4 2867087      0t0  TCP aap25-database.aap-test.local:ssh->192.168.1.49:40268 (ESTABLISHED)
sshd      653101          root    4u  IPv4 2867087      0t0  TCP aap25-database.aap-test.local:ssh->192.168.1.49:40268 (ESTABLISHED)
  No network connections found

=== RECEPTOR MEMORY SUMMARY ===
Total Receptor RSS Memory: 3328 KB (3 MB)
Total Receptor VSZ Memory: 7260 KB (7 MB)
Number of Receptor Processes: 2

AAP-related Processes and Children:
=== AAP Service Processes ===
Process: bash (PID: 653230)
    PID    PPID CMD                           RSS
 653230       1 bash -c  log_file="/tmp/mem  3328
  Children of PID 653230:
    PID    PPID CMD                           RSS
 653690  653230 bash -c  log_file="/tmp/mem  2052

Process: bash (PID: 653690)
    PID    PPID CMD                           RSS
 653690  653230 bash -c  log_file="/tmp/mem  2052
  Children of PID 653690:
    PID    PPID CMD                           RSS


Process Tree for AAP Services:
=== automation-controller Process Tree ===
bash(653230)---pstree(653701)
=== receptor Process Tree ===
bash(653230)---pstree(653705)
=== nginx Process Tree ===
bash(653230)---pstree(653709)
=== postgresql Process Tree ===
bash(653230)---pstree(653713)
=== redis Process Tree ===
bash(653230)---pstree(653717)
=== uwsgi Process Tree ===
bash(653230)---pstree(653721)
=== automation-hub Process Tree ===
bash(653230)---pstree(653725)
=== automation-eda Process Tree ===
bash(653230)---pstree(653729)

=================================================================================
2025-06-30 13:02:47
Memory Usage Report:
               total        used        free      shared  buff/cache   available
Mem:            7681         656        6603         169         833        7024
Swap:           4095           0        4095

Top 10 Processes by RSS Memory:
    PID    PPID CMD                           RSS
   1085       1 /usr/bin/postmaster -D /var 114560
    745       1 /usr/bin/python3 -s /usr/sb 41536
   1074       1 /usr/local/bin/node_exporte 27852
    969       1 /usr/lib/polkit-1/polkitd - 27692
    785       1 /usr/bin/python3 -Es /usr/s 26900
   1187    1085 postgres: checkpointer      26752
   1188    1085 postgres: background writer 25088
   1201    1085 postgres: walwriter         21888
    756       1 /usr/sbin/NetworkManager -- 19584
   1078       1 /usr/sbin/rsyslogd -n       18100

=== RECEPTOR PROCESS ANALYSIS ===
Receptor Main Processes:
    PID    PPID CMD                           RSS    VSZ %CPU %MEM     ELAPSED
 653230       1 bash -c  log_file="/tmp/mem  3328   7260  0.0  0.0       01:31
Receptor Child Processes for PID 653230:
      PID    PPID CMD                           RSS    VSZ %CPU %MEM     ELAPSED
Receptor Threads for PID 653230:
    PID    SPID %CPU %MEM   RSS COMMAND
 653230  653230  0.0  0.0  3328 bash
Receptor Network Connections for PID 653230:
COMMAND      PID          USER   FD   TYPE  DEVICE SIZE/OFF      NODE NAME
chronyd      753        chrony    5u  IPv4   23399      0t0       UDP localhost:323 
chronyd      753        chrony    6u  IPv6   23400      0t0       UDP localhost:323 
NetworkMa    756          root   26u  IPv4   25104      0t0       UDP aap25-database.aap-test.local:bootpc->pi.hole:bootps 
sshd         781          root    3u  IPv4   21873      0t0       TCP *:ssh (LISTEN)
sshd         781          root    4u  IPv6   21875      0t0       TCP *:ssh (LISTEN)
node_expo   1074 node_exporter    3u  IPv6   23857      0t0       TCP *:jetdirect (LISTEN)
node_expo   1074 node_exporter    7u  IPv6   23988      0t0       TCP aap25-database.aap-test.local:jetdirect->monitoring-node.aap-test.local:60090 (ESTABLISHED)
postmaste   1085      postgres    6u  IPv4   23874      0t0       TCP *:postgres (LISTEN)
postmaste   1085      postgres    7u  IPv6   23875      0t0       TCP *:postgres (LISTEN)
sshd      653081          root    4u  IPv4 2867087      0t0       TCP aap25-database.aap-test.local:ssh->192.168.1.49:40268 (ESTABLISHED)
sshd      653101          root    4u  IPv4 2867087      0t0       TCP aap25-database.aap-test.local:ssh->192.168.1.49:40268 (ESTABLISHED)
bash      653230          root  cwd    DIR   253,0      142  67240070 /root
bash      653230          root  rtd    DIR   253,0      235       128 /
bash      653230          root  txt    REG   253,0  1389072  67323062 /usr/bin/bash
bash      653230          root  mem    REG   253,0  2586930    223716 /usr/lib/locale/en_US.utf8/LC_COLLATE
bash      653230          root  mem    REG   253,0  2544344 100922208 /usr/lib64/libc.so.6
bash      653230          root  mem    REG   253,0   346132 100921885 /usr/lib/locale/C.utf8/LC_CTYPE
bash      653230          root  mem    REG   253,0       54    223719 /usr/lib/locale/en_US.utf8/LC_NUMERIC
bash      653230          root  mem    REG   253,0     3284  34000453 /usr/lib/locale/en_US.utf8/LC_TIME
bash      653230          root  mem    REG   253,0      286  34000451 /usr/lib/locale/en_US.utf8/LC_MONETARY
bash      653230          root  mem    REG   253,0       57  34000464 /usr/lib/locale/en_US.utf8/LC_MESSAGES/SYS_LC_MESSAGES
bash      653230          root  mem    REG   253,0    26988  67396209 /usr/lib64/gconv/gconv-modules.cache
bash      653230          root  mem    REG   253,0   195080 100921869 /usr/lib64/libtinfo.so.6.2
bash      653230          root  mem    REG   253,0       34 100922186 /usr/lib/locale/en_US.utf8/LC_PAPER
bash      653230          root  mem    REG   253,0       77    223718 /usr/lib/locale/en_US.utf8/LC_NAME
bash      653230          root  mem    REG   253,0      167  34000447 /usr/lib/locale/en_US.utf8/LC_ADDRESS
bash      653230          root  mem    REG   253,0       59  34000452 /usr/lib/locale/en_US.utf8/LC_TELEPHONE
bash      653230          root  mem    REG   253,0       23  34000450 /usr/lib/locale/en_US.utf8/LC_MEASUREMENT
bash      653230          root  mem    REG   253,0      369  34000449 /usr/lib/locale/en_US.utf8/LC_IDENTIFICATION
bash      653230          root  mem    REG   253,0   897856 100922204 /usr/lib64/ld-linux-x86-64.so.2
bash      653230          root    0r   CHR     1,3      0t0         4 /dev/null
bash      653230          root    1w   REG   253,0        0  43735380 /tmp/memory_monitor.log
bash      653230          root    2w   REG   253,0        0  43735380 /tmp/memory_monitor.log
bash      653230          root    3r  FIFO    0,13      0t0   2872377 pipe

    PID    PPID CMD                           RSS    VSZ %CPU %MEM     ELAPSED
Receptor Child Processes for PID 653814:
  No child processes found
Receptor Threads for PID 653814:
    PID    SPID %CPU %MEM   RSS COMMAND
Receptor Network Connections for PID 653814:
COMMAND      PID          USER   FD   TYPE  DEVICE SIZE/OFF NODE NAME
chronyd      753        chrony    5u  IPv4   23399      0t0  UDP localhost:323 
chronyd      753        chrony    6u  IPv6   23400      0t0  UDP localhost:323 
NetworkMa    756          root   26u  IPv4   25104      0t0  UDP aap25-database.aap-test.local:bootpc->pi.hole:bootps 
sshd         781          root    3u  IPv4   21873      0t0  TCP *:ssh (LISTEN)
sshd         781          root    4u  IPv6   21875      0t0  TCP *:ssh (LISTEN)
node_expo   1074 node_exporter    3u  IPv6   23857      0t0  TCP *:jetdirect (LISTEN)
node_expo   1074 node_exporter    7u  IPv6   23988      0t0  TCP aap25-database.aap-test.local:jetdirect->monitoring-node.aap-test.local:60090 (ESTABLISHED)
postmaste   1085      postgres    6u  IPv4   23874      0t0  TCP *:postgres (LISTEN)
postmaste   1085      postgres    7u  IPv6   23875      0t0  TCP *:postgres (LISTEN)
sshd      653081          root    4u  IPv4 2867087      0t0  TCP aap25-database.aap-test.local:ssh->192.168.1.49:40268 (ESTABLISHED)
sshd      653101          root    4u  IPv4 2867087      0t0  TCP aap25-database.aap-test.local:ssh->192.168.1.49:40268 (ESTABLISHED)
  No network connections found

=== RECEPTOR MEMORY SUMMARY ===
Total Receptor RSS Memory: 3328 KB (3 MB)
Total Receptor VSZ Memory: 7260 KB (7 MB)
Number of Receptor Processes: 2

AAP-related Processes and Children:
=== AAP Service Processes ===
Process: bash (PID: 653230)
    PID    PPID CMD                           RSS
 653230       1 bash -c  log_file="/tmp/mem  3328
  Children of PID 653230:
    PID    PPID CMD                           RSS
 653873  653230 bash -c  log_file="/tmp/mem  2056

Process: bash (PID: 653873)
    PID    PPID CMD                           RSS
 653873  653230 bash -c  log_file="/tmp/mem  2056
  Children of PID 653873:
    PID    PPID CMD                           RSS


Process Tree for AAP Services:
=== automation-controller Process Tree ===
bash(653230)---pstree(653884)
=== receptor Process Tree ===
bash(653230)---pstree(653888)
=== nginx Process Tree ===
bash(653230)---pstree(653892)
=== postgresql Process Tree ===
bash(653230)---pstree(653896)
=== redis Process Tree ===
bash(653230)---pstree(653901)
=== uwsgi Process Tree ===
bash(653230)---pstree(653905)
=== automation-hub Process Tree ===
bash(653230)---pstree(653909)
=== automation-eda Process Tree ===
bash(653230)---pstree(653913)

=================================================================================
2025-06-30 13:03:17
Memory Usage Report:
               total        used        free      shared  buff/cache   available
Mem:            7681         653        6607         169         832        7028
Swap:           4095           0        4095

Top 10 Processes by RSS Memory:
    PID    PPID CMD                           RSS
   1085       1 /usr/bin/postmaster -D /var 114560
    745       1 /usr/bin/python3 -s /usr/sb 41536
   1074       1 /usr/local/bin/node_exporte 27852
    969       1 /usr/lib/polkit-1/polkitd - 27692
    785       1 /usr/bin/python3 -Es /usr/s 26900
   1187    1085 postgres: checkpointer      26752
   1188    1085 postgres: background writer 25088
   1201    1085 postgres: walwriter         21888
    756       1 /usr/sbin/NetworkManager -- 19584
   1078       1 /usr/sbin/rsyslogd -n       18100

=== RECEPTOR PROCESS ANALYSIS ===
Receptor Main Processes:
    PID    PPID CMD                           RSS    VSZ %CPU %MEM     ELAPSED
 653230       1 bash -c  log_file="/tmp/mem  3328   7260  0.0  0.0       02:02
Receptor Child Processes for PID 653230:
      PID    PPID CMD                           RSS    VSZ %CPU %MEM     ELAPSED
Receptor Threads for PID 653230:
    PID    SPID %CPU %MEM   RSS COMMAND
 653230  653230  0.0  0.0  3328 bash
Receptor Network Connections for PID 653230:
COMMAND      PID          USER   FD   TYPE DEVICE SIZE/OFF      NODE NAME
chronyd      753        chrony    5u  IPv4  23399      0t0       UDP localhost:323 
chronyd      753        chrony    6u  IPv6  23400      0t0       UDP localhost:323 
NetworkMa    756          root   26u  IPv4  25104      0t0       UDP aap25-database.aap-test.local:bootpc->pi.hole:bootps 
sshd         781          root    3u  IPv4  21873      0t0       TCP *:ssh (LISTEN)
sshd         781          root    4u  IPv6  21875      0t0       TCP *:ssh (LISTEN)
node_expo   1074 node_exporter    3u  IPv6  23857      0t0       TCP *:jetdirect (LISTEN)
node_expo   1074 node_exporter    7u  IPv6  23988      0t0       TCP aap25-database.aap-test.local:jetdirect->monitoring-node.aap-test.local:60090 (ESTABLISHED)
postmaste   1085      postgres    6u  IPv4  23874      0t0       TCP *:postgres (LISTEN)
postmaste   1085      postgres    7u  IPv6  23875      0t0       TCP *:postgres (LISTEN)
bash      653230          root  cwd    DIR  253,0      142  67240070 /root
bash      653230          root  rtd    DIR  253,0      235       128 /
bash      653230          root  txt    REG  253,0  1389072  67323062 /usr/bin/bash
bash      653230          root  mem    REG  253,0  2586930    223716 /usr/lib/locale/en_US.utf8/LC_COLLATE
bash      653230          root  mem    REG  253,0  2544344 100922208 /usr/lib64/libc.so.6
bash      653230          root  mem    REG  253,0   346132 100921885 /usr/lib/locale/C.utf8/LC_CTYPE
bash      653230          root  mem    REG  253,0       54    223719 /usr/lib/locale/en_US.utf8/LC_NUMERIC
bash      653230          root  mem    REG  253,0     3284  34000453 /usr/lib/locale/en_US.utf8/LC_TIME
bash      653230          root  mem    REG  253,0      286  34000451 /usr/lib/locale/en_US.utf8/LC_MONETARY
bash      653230          root  mem    REG  253,0       57  34000464 /usr/lib/locale/en_US.utf8/LC_MESSAGES/SYS_LC_MESSAGES
bash      653230          root  mem    REG  253,0    26988  67396209 /usr/lib64/gconv/gconv-modules.cache
bash      653230          root  mem    REG  253,0   195080 100921869 /usr/lib64/libtinfo.so.6.2
bash      653230          root  mem    REG  253,0       34 100922186 /usr/lib/locale/en_US.utf8/LC_PAPER
bash      653230          root  mem    REG  253,0       77    223718 /usr/lib/locale/en_US.utf8/LC_NAME
bash      653230          root  mem    REG  253,0      167  34000447 /usr/lib/locale/en_US.utf8/LC_ADDRESS
bash      653230          root  mem    REG  253,0       59  34000452 /usr/lib/locale/en_US.utf8/LC_TELEPHONE
bash      653230          root  mem    REG  253,0       23  34000450 /usr/lib/locale/en_US.utf8/LC_MEASUREMENT
bash      653230          root  mem    REG  253,0      369  34000449 /usr/lib/locale/en_US.utf8/LC_IDENTIFICATION
bash      653230          root  mem    REG  253,0   897856 100922204 /usr/lib64/ld-linux-x86-64.so.2
bash      653230          root    0r   CHR    1,3      0t0         4 /dev/null
bash      653230          root    1w   REG  253,0        0  43735380 /tmp/memory_monitor.log
bash      653230          root    2w   REG  253,0        0  43735380 /tmp/memory_monitor.log
bash      653230          root    3r  FIFO   0,13      0t0   2873563 pipe

    PID    PPID CMD                           RSS    VSZ %CPU %MEM     ELAPSED
Receptor Child Processes for PID 653998:
  No child processes found
Receptor Threads for PID 653998:
    PID    SPID %CPU %MEM   RSS COMMAND
Receptor Network Connections for PID 653998:
COMMAND    PID          USER   FD   TYPE DEVICE SIZE/OFF NODE NAME
chronyd    753        chrony    5u  IPv4  23399      0t0  UDP localhost:323 
chronyd    753        chrony    6u  IPv6  23400      0t0  UDP localhost:323 
NetworkMa  756          root   26u  IPv4  25104      0t0  UDP aap25-database.aap-test.local:bootpc->pi.hole:bootps 
sshd       781          root    3u  IPv4  21873      0t0  TCP *:ssh (LISTEN)
sshd       781          root    4u  IPv6  21875      0t0  TCP *:ssh (LISTEN)
node_expo 1074 node_exporter    3u  IPv6  23857      0t0  TCP *:jetdirect (LISTEN)
node_expo 1074 node_exporter    7u  IPv6  23988      0t0  TCP aap25-database.aap-test.local:jetdirect->monitoring-node.aap-test.local:60090 (ESTABLISHED)
postmaste 1085      postgres    6u  IPv4  23874      0t0  TCP *:postgres (LISTEN)
postmaste 1085      postgres    7u  IPv6  23875      0t0  TCP *:postgres (LISTEN)
  No network connections found

=== RECEPTOR MEMORY SUMMARY ===
Total Receptor RSS Memory: 3328 KB (3 MB)
Total Receptor VSZ Memory: 7260 KB (7 MB)
Number of Receptor Processes: 2

AAP-related Processes and Children:
=== AAP Service Processes ===
Process: bash (PID: 653230)
    PID    PPID CMD                           RSS
 653230       1 bash -c  log_file="/tmp/mem  3328
  Children of PID 653230:
    PID    PPID CMD                           RSS
 654057  653230 bash -c  log_file="/tmp/mem  2056

Process: bash (PID: 654057)
    PID    PPID CMD                           RSS
 654057  653230 bash -c  log_file="/tmp/mem  2056
  Children of PID 654057:
    PID    PPID CMD                           RSS


Process Tree for AAP Services:
=== automation-controller Process Tree ===
bash(653230)---pstree(654076)
=== receptor Process Tree ===
bash(653230)---pstree(654083)
=== nginx Process Tree ===
bash(653230)---pstree(654087)
=== postgresql Process Tree ===
bash(653230)---pstree(654091)
=== redis Process Tree ===
bash(653230)---pstree(654095)
=== uwsgi Process Tree ===
bash(653230)---pstree(654099)
=== automation-hub Process Tree ===
bash(653230)---pstree(654103)
=== automation-eda Process Tree ===
bash(653230)---pstree(654108)

=================================================================================
2025-06-30 13:03:48
Memory Usage Report:
               total        used        free      shared  buff/cache   available
Mem:            7681         652        6607         169         833        7028
Swap:           4095           0        4095

Top 10 Processes by RSS Memory:
    PID    PPID CMD                           RSS
   1085       1 /usr/bin/postmaster -D /var 114560
    745       1 /usr/bin/python3 -s /usr/sb 41536
   1074       1 /usr/local/bin/node_exporte 27848
    969       1 /usr/lib/polkit-1/polkitd - 27692
    785       1 /usr/bin/python3 -Es /usr/s 26900
   1187    1085 postgres: checkpointer      26752
   1188    1085 postgres: background writer 25088
   1201    1085 postgres: walwriter         21888
    756       1 /usr/sbin/NetworkManager -- 19584
   1078       1 /usr/sbin/rsyslogd -n       18100

=== RECEPTOR PROCESS ANALYSIS ===
Receptor Main Processes:
    PID    PPID CMD                           RSS    VSZ %CPU %MEM     ELAPSED
 653230       1 bash -c  log_file="/tmp/mem  3328   7260  0.0  0.0       02:32
Receptor Child Processes for PID 653230:
      PID    PPID CMD                           RSS    VSZ %CPU %MEM     ELAPSED
Receptor Threads for PID 653230:
    PID    SPID %CPU %MEM   RSS COMMAND
 653230  653230  0.0  0.0  3328 bash
Receptor Network Connections for PID 653230:
COMMAND      PID          USER   FD   TYPE DEVICE SIZE/OFF      NODE NAME
chronyd      753        chrony    5u  IPv4  23399      0t0       UDP localhost:323 
chronyd      753        chrony    6u  IPv6  23400      0t0       UDP localhost:323 
NetworkMa    756          root   26u  IPv4  25104      0t0       UDP aap25-database.aap-test.local:bootpc->pi.hole:bootps 
sshd         781          root    3u  IPv4  21873      0t0       TCP *:ssh (LISTEN)
sshd         781          root    4u  IPv6  21875      0t0       TCP *:ssh (LISTEN)
node_expo   1074 node_exporter    3u  IPv6  23857      0t0       TCP *:jetdirect (LISTEN)
node_expo   1074 node_exporter    7u  IPv6  23988      0t0       TCP aap25-database.aap-test.local:jetdirect->monitoring-node.aap-test.local:60090 (ESTABLISHED)
postmaste   1085      postgres    6u  IPv4  23874      0t0       TCP *:postgres (LISTEN)
postmaste   1085      postgres    7u  IPv6  23875      0t0       TCP *:postgres (LISTEN)
bash      653230          root  cwd    DIR  253,0      142  67240070 /root
bash      653230          root  rtd    DIR  253,0      235       128 /
bash      653230          root  txt    REG  253,0  1389072  67323062 /usr/bin/bash
bash      653230          root  mem    REG  253,0  2586930    223716 /usr/lib/locale/en_US.utf8/LC_COLLATE
bash      653230          root  mem    REG  253,0  2544344 100922208 /usr/lib64/libc.so.6
bash      653230          root  mem    REG  253,0   346132 100921885 /usr/lib/locale/C.utf8/LC_CTYPE
bash      653230          root  mem    REG  253,0       54    223719 /usr/lib/locale/en_US.utf8/LC_NUMERIC
bash      653230          root  mem    REG  253,0     3284  34000453 /usr/lib/locale/en_US.utf8/LC_TIME
bash      653230          root  mem    REG  253,0      286  34000451 /usr/lib/locale/en_US.utf8/LC_MONETARY
bash      653230          root  mem    REG  253,0       57  34000464 /usr/lib/locale/en_US.utf8/LC_MESSAGES/SYS_LC_MESSAGES
bash      653230          root  mem    REG  253,0    26988  67396209 /usr/lib64/gconv/gconv-modules.cache
bash      653230          root  mem    REG  253,0   195080 100921869 /usr/lib64/libtinfo.so.6.2
bash      653230          root  mem    REG  253,0       34 100922186 /usr/lib/locale/en_US.utf8/LC_PAPER
bash      653230          root  mem    REG  253,0       77    223718 /usr/lib/locale/en_US.utf8/LC_NAME
bash      653230          root  mem    REG  253,0      167  34000447 /usr/lib/locale/en_US.utf8/LC_ADDRESS
bash      653230          root  mem    REG  253,0       59  34000452 /usr/lib/locale/en_US.utf8/LC_TELEPHONE
bash      653230          root  mem    REG  253,0       23  34000450 /usr/lib/locale/en_US.utf8/LC_MEASUREMENT
bash      653230          root  mem    REG  253,0      369  34000449 /usr/lib/locale/en_US.utf8/LC_IDENTIFICATION
bash      653230          root  mem    REG  253,0   897856 100922204 /usr/lib64/ld-linux-x86-64.so.2
bash      653230          root    0r   CHR    1,3      0t0         4 /dev/null
bash      653230          root    1w   REG  253,0        0  43735380 /tmp/memory_monitor.log
bash      653230          root    2w   REG  253,0        0  43735380 /tmp/memory_monitor.log
bash      653230          root    3r  FIFO   0,13      0t0   2872860 pipe

    PID    PPID CMD                           RSS    VSZ %CPU %MEM     ELAPSED
Receptor Child Processes for PID 654193:
  No child processes found
Receptor Threads for PID 654193:
    PID    SPID %CPU %MEM   RSS COMMAND
Receptor Network Connections for PID 654193:
COMMAND    PID          USER   FD   TYPE DEVICE SIZE/OFF NODE NAME
chronyd    753        chrony    5u  IPv4  23399      0t0  UDP localhost:323 
chronyd    753        chrony    6u  IPv6  23400      0t0  UDP localhost:323 
NetworkMa  756          root   26u  IPv4  25104      0t0  UDP aap25-database.aap-test.local:bootpc->pi.hole:bootps 
sshd       781          root    3u  IPv4  21873      0t0  TCP *:ssh (LISTEN)
sshd       781          root    4u  IPv6  21875      0t0  TCP *:ssh (LISTEN)
node_expo 1074 node_exporter    3u  IPv6  23857      0t0  TCP *:jetdirect (LISTEN)
node_expo 1074 node_exporter    7u  IPv6  23988      0t0  TCP aap25-database.aap-test.local:jetdirect->monitoring-node.aap-test.local:60090 (ESTABLISHED)
postmaste 1085      postgres    6u  IPv4  23874      0t0  TCP *:postgres (LISTEN)
postmaste 1085      postgres    7u  IPv6  23875      0t0  TCP *:postgres (LISTEN)
  No network connections found

=== RECEPTOR MEMORY SUMMARY ===
Total Receptor RSS Memory: 3328 KB (3 MB)
Total Receptor VSZ Memory: 7260 KB (7 MB)
Number of Receptor Processes: 2

AAP-related Processes and Children:
=== AAP Service Processes ===
Process: bash (PID: 653230)
    PID    PPID CMD                           RSS
 653230       1 bash -c  log_file="/tmp/mem  3328
  Children of PID 653230:
    PID    PPID CMD                           RSS
 654252  653230 bash -c  log_file="/tmp/mem  2056

Process: bash (PID: 654252)
    PID    PPID CMD                           RSS
 654252  653230 bash -c  log_file="/tmp/mem  2056
  Children of PID 654252:
    PID    PPID CMD                           RSS


Process Tree for AAP Services:
=== automation-controller Process Tree ===
bash(653230)---pstree(654263)
=== receptor Process Tree ===
bash(653230)---pstree(654267)
=== nginx Process Tree ===
bash(653230)---pstree(654271)
=== postgresql Process Tree ===
bash(653230)---pstree(654275)
=== redis Process Tree ===
bash(653230)---pstree(654279)
=== uwsgi Process Tree ===
bash(653230)---pstree(654283)
=== automation-hub Process Tree ===
bash(653230)---pstree(654287)
=== automation-eda Process Tree ===
bash(653230)---pstree(654291)

=================================================================================
2025-06-30 13:04:18
Memory Usage Report:
               total        used        free      shared  buff/cache   available
Mem:            7681         652        6608         169         833        7028
Swap:           4095           0        4095

Top 10 Processes by RSS Memory:
    PID    PPID CMD                           RSS
   1085       1 /usr/bin/postmaster -D /var 114560
    745       1 /usr/bin/python3 -s /usr/sb 41536
   1074       1 /usr/local/bin/node_exporte 27828
    969       1 /usr/lib/polkit-1/polkitd - 27692
    785       1 /usr/bin/python3 -Es /usr/s 26900
   1187    1085 postgres: checkpointer      26752
   1188    1085 postgres: background writer 25088
   1201    1085 postgres: walwriter         21888
    756       1 /usr/sbin/NetworkManager -- 19584
   1078       1 /usr/sbin/rsyslogd -n       18100

=== RECEPTOR PROCESS ANALYSIS ===
Receptor Main Processes:
    PID    PPID CMD                           RSS    VSZ %CPU %MEM     ELAPSED
 653230       1 bash -c  log_file="/tmp/mem  3328   7260  0.0  0.0       03:03
Receptor Child Processes for PID 653230:
      PID    PPID CMD                           RSS    VSZ %CPU %MEM     ELAPSED
Receptor Threads for PID 653230:
    PID    SPID %CPU %MEM   RSS COMMAND
 653230  653230  0.0  0.0  3328 bash
Receptor Network Connections for PID 653230:
COMMAND      PID          USER   FD   TYPE DEVICE SIZE/OFF      NODE NAME
chronyd      753        chrony    5u  IPv4  23399      0t0       UDP localhost:323 
chronyd      753        chrony    6u  IPv6  23400      0t0       UDP localhost:323 
NetworkMa    756          root   26u  IPv4  25104      0t0       UDP aap25-database.aap-test.local:bootpc->pi.hole:bootps 
sshd         781          root    3u  IPv4  21873      0t0       TCP *:ssh (LISTEN)
sshd         781          root    4u  IPv6  21875      0t0       TCP *:ssh (LISTEN)
node_expo   1074 node_exporter    3u  IPv6  23857      0t0       TCP *:jetdirect (LISTEN)
node_expo   1074 node_exporter    7u  IPv6  23988      0t0       TCP aap25-database.aap-test.local:jetdirect->monitoring-node.aap-test.local:60090 (ESTABLISHED)
postmaste   1085      postgres    6u  IPv4  23874      0t0       TCP *:postgres (LISTEN)
postmaste   1085      postgres    7u  IPv6  23875      0t0       TCP *:postgres (LISTEN)
bash      653230          root  cwd    DIR  253,0      142  67240070 /root
bash      653230          root  rtd    DIR  253,0      235       128 /
bash      653230          root  txt    REG  253,0  1389072  67323062 /usr/bin/bash
bash      653230          root  mem    REG  253,0  2586930    223716 /usr/lib/locale/en_US.utf8/LC_COLLATE
bash      653230          root  mem    REG  253,0  2544344 100922208 /usr/lib64/libc.so.6
bash      653230          root  mem    REG  253,0   346132 100921885 /usr/lib/locale/C.utf8/LC_CTYPE
bash      653230          root  mem    REG  253,0       54    223719 /usr/lib/locale/en_US.utf8/LC_NUMERIC
bash      653230          root  mem    REG  253,0     3284  34000453 /usr/lib/locale/en_US.utf8/LC_TIME
bash      653230          root  mem    REG  253,0      286  34000451 /usr/lib/locale/en_US.utf8/LC_MONETARY
bash      653230          root  mem    REG  253,0       57  34000464 /usr/lib/locale/en_US.utf8/LC_MESSAGES/SYS_LC_MESSAGES
bash      653230          root  mem    REG  253,0    26988  67396209 /usr/lib64/gconv/gconv-modules.cache
bash      653230          root  mem    REG  253,0   195080 100921869 /usr/lib64/libtinfo.so.6.2
bash      653230          root  mem    REG  253,0       34 100922186 /usr/lib/locale/en_US.utf8/LC_PAPER
bash      653230          root  mem    REG  253,0       77    223718 /usr/lib/locale/en_US.utf8/LC_NAME
bash      653230          root  mem    REG  253,0      167  34000447 /usr/lib/locale/en_US.utf8/LC_ADDRESS
bash      653230          root  mem    REG  253,0       59  34000452 /usr/lib/locale/en_US.utf8/LC_TELEPHONE
bash      653230          root  mem    REG  253,0       23  34000450 /usr/lib/locale/en_US.utf8/LC_MEASUREMENT
bash      653230          root  mem    REG  253,0      369  34000449 /usr/lib/locale/en_US.utf8/LC_IDENTIFICATION
bash      653230          root  mem    REG  253,0   897856 100922204 /usr/lib64/ld-linux-x86-64.so.2
bash      653230          root    0r   CHR    1,3      0t0         4 /dev/null
bash      653230          root    1w   REG  253,0        0  43735380 /tmp/memory_monitor.log
bash      653230          root    2w   REG  253,0        0  43735380 /tmp/memory_monitor.log
bash      653230          root    3r  FIFO   0,13      0t0   2873224 pipe

    PID    PPID CMD                           RSS    VSZ %CPU %MEM     ELAPSED
Receptor Child Processes for PID 654379:
  No child processes found
Receptor Threads for PID 654379:
    PID    SPID %CPU %MEM   RSS COMMAND
Receptor Network Connections for PID 654379:
COMMAND    PID          USER   FD   TYPE DEVICE SIZE/OFF NODE NAME
chronyd    753        chrony    5u  IPv4  23399      0t0  UDP localhost:323 
chronyd    753        chrony    6u  IPv6  23400      0t0  UDP localhost:323 
NetworkMa  756          root   26u  IPv4  25104      0t0  UDP aap25-database.aap-test.local:bootpc->pi.hole:bootps 
sshd       781          root    3u  IPv4  21873      0t0  TCP *:ssh (LISTEN)
sshd       781          root    4u  IPv6  21875      0t0  TCP *:ssh (LISTEN)
node_expo 1074 node_exporter    3u  IPv6  23857      0t0  TCP *:jetdirect (LISTEN)
node_expo 1074 node_exporter    7u  IPv6  23988      0t0  TCP aap25-database.aap-test.local:jetdirect->monitoring-node.aap-test.local:60090 (ESTABLISHED)
postmaste 1085      postgres    6u  IPv4  23874      0t0  TCP *:postgres (LISTEN)
postmaste 1085      postgres    7u  IPv6  23875      0t0  TCP *:postgres (LISTEN)
  No network connections found

=== RECEPTOR MEMORY SUMMARY ===
Total Receptor RSS Memory: 3328 KB (3 MB)
Total Receptor VSZ Memory: 7260 KB (7 MB)
Number of Receptor Processes: 2

AAP-related Processes and Children:
=== AAP Service Processes ===
Process: bash (PID: 653230)
    PID    PPID CMD                           RSS
 653230       1 bash -c  log_file="/tmp/mem  3328
  Children of PID 653230:
    PID    PPID CMD                           RSS
 654438  653230 bash -c  log_file="/tmp/mem  2060

Process: bash (PID: 654438)
    PID    PPID CMD                           RSS
 654438  653230 bash -c  log_file="/tmp/mem  2060
  Children of PID 654438:
    PID    PPID CMD                           RSS


Process Tree for AAP Services:
=== automation-controller Process Tree ===
bash(653230)---pstree(654449)
=== receptor Process Tree ===
bash(653230)---pstree(654453)
=== nginx Process Tree ===
bash(653230)---pstree(654458)
=== postgresql Process Tree ===
bash(653230)---pstree(654462)
=== redis Process Tree ===
bash(653230)---pstree(654466)
=== uwsgi Process Tree ===
bash(653230)---pstree(654470)
=== automation-hub Process Tree ===
bash(653230)---pstree(654474)
=== automation-eda Process Tree ===
bash(653230)---pstree(654478)

=================================================================================
2025-06-30 13:04:49
Memory Usage Report:
               total        used        free      shared  buff/cache   available
Mem:            7681         652        6607         169         833        7028
Swap:           4095           0        4095

Top 10 Processes by RSS Memory:
    PID    PPID CMD                           RSS
   1085       1 /usr/bin/postmaster -D /var 114560
    745       1 /usr/bin/python3 -s /usr/sb 41536
   1074       1 /usr/local/bin/node_exporte 27696
    969       1 /usr/lib/polkit-1/polkitd - 27692
    785       1 /usr/bin/python3 -Es /usr/s 26900
   1187    1085 postgres: checkpointer      26752
   1188    1085 postgres: background writer 25088
   1201    1085 postgres: walwriter         21888
    756       1 /usr/sbin/NetworkManager -- 19584
   1078       1 /usr/sbin/rsyslogd -n       18100

=== RECEPTOR PROCESS ANALYSIS ===
Receptor Main Processes:
    PID    PPID CMD                           RSS    VSZ %CPU %MEM     ELAPSED
 653230       1 bash -c  log_file="/tmp/mem  3328   7260  0.0  0.0       03:33
Receptor Child Processes for PID 653230:
      PID    PPID CMD                           RSS    VSZ %CPU %MEM     ELAPSED
Receptor Threads for PID 653230:
    PID    SPID %CPU %MEM   RSS COMMAND
 653230  653230  0.0  0.0  3328 bash
Receptor Network Connections for PID 653230:
COMMAND      PID          USER   FD   TYPE DEVICE SIZE/OFF      NODE NAME
chronyd      753        chrony    5u  IPv4  23399      0t0       UDP localhost:323 
chronyd      753        chrony    6u  IPv6  23400      0t0       UDP localhost:323 
NetworkMa    756          root   26u  IPv4  25104      0t0       UDP aap25-database.aap-test.local:bootpc->pi.hole:bootps 
sshd         781          root    3u  IPv4  21873      0t0       TCP *:ssh (LISTEN)
sshd         781          root    4u  IPv6  21875      0t0       TCP *:ssh (LISTEN)
node_expo   1074 node_exporter    3u  IPv6  23857      0t0       TCP *:jetdirect (LISTEN)
node_expo   1074 node_exporter    7u  IPv6  23988      0t0       TCP aap25-database.aap-test.local:jetdirect->monitoring-node.aap-test.local:60090 (ESTABLISHED)
postmaste   1085      postgres    6u  IPv4  23874      0t0       TCP *:postgres (LISTEN)
postmaste   1085      postgres    7u  IPv6  23875      0t0       TCP *:postgres (LISTEN)
bash      653230          root  cwd    DIR  253,0      142  67240070 /root
bash      653230          root  rtd    DIR  253,0      235       128 /
bash      653230          root  txt    REG  253,0  1389072  67323062 /usr/bin/bash
bash      653230          root  mem    REG  253,0  2586930    223716 /usr/lib/locale/en_US.utf8/LC_COLLATE
bash      653230          root  mem    REG  253,0  2544344 100922208 /usr/lib64/libc.so.6
bash      653230          root  mem    REG  253,0   346132 100921885 /usr/lib/locale/C.utf8/LC_CTYPE
bash      653230          root  mem    REG  253,0       54    223719 /usr/lib/locale/en_US.utf8/LC_NUMERIC
bash      653230          root  mem    REG  253,0     3284  34000453 /usr/lib/locale/en_US.utf8/LC_TIME
bash      653230          root  mem    REG  253,0      286  34000451 /usr/lib/locale/en_US.utf8/LC_MONETARY
bash      653230          root  mem    REG  253,0       57  34000464 /usr/lib/locale/en_US.utf8/LC_MESSAGES/SYS_LC_MESSAGES
bash      653230          root  mem    REG  253,0    26988  67396209 /usr/lib64/gconv/gconv-modules.cache
bash      653230          root  mem    REG  253,0   195080 100921869 /usr/lib64/libtinfo.so.6.2
bash      653230          root  mem    REG  253,0       34 100922186 /usr/lib/locale/en_US.utf8/LC_PAPER
bash      653230          root  mem    REG  253,0       77    223718 /usr/lib/locale/en_US.utf8/LC_NAME
bash      653230          root  mem    REG  253,0      167  34000447 /usr/lib/locale/en_US.utf8/LC_ADDRESS
bash      653230          root  mem    REG  253,0       59  34000452 /usr/lib/locale/en_US.utf8/LC_TELEPHONE
bash      653230          root  mem    REG  253,0       23  34000450 /usr/lib/locale/en_US.utf8/LC_MEASUREMENT
bash      653230          root  mem    REG  253,0      369  34000449 /usr/lib/locale/en_US.utf8/LC_IDENTIFICATION
bash      653230          root  mem    REG  253,0   897856 100922204 /usr/lib64/ld-linux-x86-64.so.2
bash      653230          root    0r   CHR    1,3      0t0         4 /dev/null
bash      653230          root    1w   REG  253,0        0  43735380 /tmp/memory_monitor.log
bash      653230          root    2w   REG  253,0        0  43735380 /tmp/memory_monitor.log
bash      653230          root    3r  FIFO   0,13      0t0   2877511 pipe

    PID    PPID CMD                           RSS    VSZ %CPU %MEM     ELAPSED
Receptor Child Processes for PID 654562:
  No child processes found
Receptor Threads for PID 654562:
    PID    SPID %CPU %MEM   RSS COMMAND
Receptor Network Connections for PID 654562:
COMMAND    PID          USER   FD   TYPE DEVICE SIZE/OFF NODE NAME
chronyd    753        chrony    5u  IPv4  23399      0t0  UDP localhost:323 
chronyd    753        chrony    6u  IPv6  23400      0t0  UDP localhost:323 
NetworkMa  756          root   26u  IPv4  25104      0t0  UDP aap25-database.aap-test.local:bootpc->pi.hole:bootps 
sshd       781          root    3u  IPv4  21873      0t0  TCP *:ssh (LISTEN)
sshd       781          root    4u  IPv6  21875      0t0  TCP *:ssh (LISTEN)
node_expo 1074 node_exporter    3u  IPv6  23857      0t0  TCP *:jetdirect (LISTEN)
node_expo 1074 node_exporter    7u  IPv6  23988      0t0  TCP aap25-database.aap-test.local:jetdirect->monitoring-node.aap-test.local:60090 (ESTABLISHED)
postmaste 1085      postgres    6u  IPv4  23874      0t0  TCP *:postgres (LISTEN)
postmaste 1085      postgres    7u  IPv6  23875      0t0  TCP *:postgres (LISTEN)
  No network connections found

=== RECEPTOR MEMORY SUMMARY ===
Total Receptor RSS Memory: 3328 KB (3 MB)
Total Receptor VSZ Memory: 7260 KB (7 MB)
Number of Receptor Processes: 2

AAP-related Processes and Children:
=== AAP Service Processes ===
Process: bash (PID: 653230)
    PID    PPID CMD                           RSS
 653230       1 bash -c  log_file="/tmp/mem  3328
  Children of PID 653230:
    PID    PPID CMD                           RSS
 654621  653230 bash -c  log_file="/tmp/mem  2060

Process: bash (PID: 654621)
    PID    PPID CMD                           RSS
 654621  653230 bash -c  log_file="/tmp/mem  2060
  Children of PID 654621:
    PID    PPID CMD                           RSS


Process Tree for AAP Services:
=== automation-controller Process Tree ===
bash(653230)---pstree(654632)
=== receptor Process Tree ===
bash(653230)---pstree(654636)
=== nginx Process Tree ===
bash(653230)---pstree(654640)
=== postgresql Process Tree ===
bash(653230)---pstree(654644)
=== redis Process Tree ===
bash(653230)---pstree(654648)
=== uwsgi Process Tree ===
bash(653230)---pstree(654652)
=== automation-hub Process Tree ===
bash(653230)---pstree(654656)
=== automation-eda Process Tree ===
bash(653230)---pstree(654660)

=================================================================================
2025-06-30 13:05:19
Memory Usage Report:
               total        used        free      shared  buff/cache   available
Mem:            7681         652        6607         169         833        7028
Swap:           4095           0        4095

Top 10 Processes by RSS Memory:
    PID    PPID CMD                           RSS
   1085       1 /usr/bin/postmaster -D /var 114560
    745       1 /usr/bin/python3 -s /usr/sb 41536
   1074       1 /usr/local/bin/node_exporte 27808
    969       1 /usr/lib/polkit-1/polkitd - 27692
    785       1 /usr/bin/python3 -Es /usr/s 26900
   1187    1085 postgres: checkpointer      26752
   1188    1085 postgres: background writer 25088
   1201    1085 postgres: walwriter         21888
    756       1 /usr/sbin/NetworkManager -- 19584
   1078       1 /usr/sbin/rsyslogd -n       18100

=== RECEPTOR PROCESS ANALYSIS ===
Receptor Main Processes:
    PID    PPID CMD                           RSS    VSZ %CPU %MEM     ELAPSED
 653230       1 bash -c  log_file="/tmp/mem  3328   7260  0.0  0.0       04:04
Receptor Child Processes for PID 653230:
      PID    PPID CMD                           RSS    VSZ %CPU %MEM     ELAPSED
Receptor Threads for PID 653230:
    PID    SPID %CPU %MEM   RSS COMMAND
 653230  653230  0.0  0.0  3328 bash
Receptor Network Connections for PID 653230:
COMMAND      PID          USER   FD   TYPE DEVICE SIZE/OFF      NODE NAME
chronyd      753        chrony    5u  IPv4  23399      0t0       UDP localhost:323 
chronyd      753        chrony    6u  IPv6  23400      0t0       UDP localhost:323 
NetworkMa    756          root   26u  IPv4  25104      0t0       UDP aap25-database.aap-test.local:bootpc->pi.hole:bootps 
sshd         781          root    3u  IPv4  21873      0t0       TCP *:ssh (LISTEN)
sshd         781          root    4u  IPv6  21875      0t0       TCP *:ssh (LISTEN)
node_expo   1074 node_exporter    3u  IPv6  23857      0t0       TCP *:jetdirect (LISTEN)
node_expo   1074 node_exporter    7u  IPv6  23988      0t0       TCP aap25-database.aap-test.local:jetdirect->monitoring-node.aap-test.local:60090 (ESTABLISHED)
postmaste   1085      postgres    6u  IPv4  23874      0t0       TCP *:postgres (LISTEN)
postmaste   1085      postgres    7u  IPv6  23875      0t0       TCP *:postgres (LISTEN)
bash      653230          root  cwd    DIR  253,0      142  67240070 /root
bash      653230          root  rtd    DIR  253,0      235       128 /
bash      653230          root  txt    REG  253,0  1389072  67323062 /usr/bin/bash
bash      653230          root  mem    REG  253,0  2586930    223716 /usr/lib/locale/en_US.utf8/LC_COLLATE
bash      653230          root  mem    REG  253,0  2544344 100922208 /usr/lib64/libc.so.6
bash      653230          root  mem    REG  253,0   346132 100921885 /usr/lib/locale/C.utf8/LC_CTYPE
bash      653230          root  mem    REG  253,0       54    223719 /usr/lib/locale/en_US.utf8/LC_NUMERIC
bash      653230          root  mem    REG  253,0     3284  34000453 /usr/lib/locale/en_US.utf8/LC_TIME
bash      653230          root  mem    REG  253,0      286  34000451 /usr/lib/locale/en_US.utf8/LC_MONETARY
bash      653230          root  mem    REG  253,0       57  34000464 /usr/lib/locale/en_US.utf8/LC_MESSAGES/SYS_LC_MESSAGES
bash      653230          root  mem    REG  253,0    26988  67396209 /usr/lib64/gconv/gconv-modules.cache
bash      653230          root  mem    REG  253,0   195080 100921869 /usr/lib64/libtinfo.so.6.2
bash      653230          root  mem    REG  253,0       34 100922186 /usr/lib/locale/en_US.utf8/LC_PAPER
bash      653230          root  mem    REG  253,0       77    223718 /usr/lib/locale/en_US.utf8/LC_NAME
bash      653230          root  mem    REG  253,0      167  34000447 /usr/lib/locale/en_US.utf8/LC_ADDRESS
bash      653230          root  mem    REG  253,0       59  34000452 /usr/lib/locale/en_US.utf8/LC_TELEPHONE
bash      653230          root  mem    REG  253,0       23  34000450 /usr/lib/locale/en_US.utf8/LC_MEASUREMENT
bash      653230          root  mem    REG  253,0      369  34000449 /usr/lib/locale/en_US.utf8/LC_IDENTIFICATION
bash      653230          root  mem    REG  253,0   897856 100922204 /usr/lib64/ld-linux-x86-64.so.2
bash      653230          root    0r   CHR    1,3      0t0         4 /dev/null
bash      653230          root    1w   REG  253,0        0  43735380 /tmp/memory_monitor.log
bash      653230          root    2w   REG  253,0        0  43735380 /tmp/memory_monitor.log
bash      653230          root    3r  FIFO   0,13      0t0   2877753 pipe

    PID    PPID CMD                           RSS    VSZ %CPU %MEM     ELAPSED
Receptor Child Processes for PID 654747:
  No child processes found
Receptor Threads for PID 654747:
    PID    SPID %CPU %MEM   RSS COMMAND
Receptor Network Connections for PID 654747:
COMMAND    PID          USER   FD   TYPE DEVICE SIZE/OFF NODE NAME
chronyd    753        chrony    5u  IPv4  23399      0t0  UDP localhost:323 
chronyd    753        chrony    6u  IPv6  23400      0t0  UDP localhost:323 
NetworkMa  756          root   26u  IPv4  25104      0t0  UDP aap25-database.aap-test.local:bootpc->pi.hole:bootps 
sshd       781          root    3u  IPv4  21873      0t0  TCP *:ssh (LISTEN)
sshd       781          root    4u  IPv6  21875      0t0  TCP *:ssh (LISTEN)
node_expo 1074 node_exporter    3u  IPv6  23857      0t0  TCP *:jetdirect (LISTEN)
node_expo 1074 node_exporter    7u  IPv6  23988      0t0  TCP aap25-database.aap-test.local:jetdirect->monitoring-node.aap-test.local:60090 (ESTABLISHED)
postmaste 1085      postgres    6u  IPv4  23874      0t0  TCP *:postgres (LISTEN)
postmaste 1085      postgres    7u  IPv6  23875      0t0  TCP *:postgres (LISTEN)
  No network connections found

=== RECEPTOR MEMORY SUMMARY ===
Total Receptor RSS Memory: 3328 KB (3 MB)
Total Receptor VSZ Memory: 7260 KB (7 MB)
Number of Receptor Processes: 2

AAP-related Processes and Children:
=== AAP Service Processes ===
Process: bash (PID: 653230)
    PID    PPID CMD                           RSS
 653230       1 bash -c  log_file="/tmp/mem  3328
  Children of PID 653230:
    PID    PPID CMD                           RSS
 654806  653230 bash -c  log_file="/tmp/mem  2060

Process: bash (PID: 654806)
    PID    PPID CMD                           RSS
 654806  653230 bash -c  log_file="/tmp/mem  2060
  Children of PID 654806:
    PID    PPID CMD                           RSS


Process Tree for AAP Services:
=== automation-controller Process Tree ===
bash(653230)---pstree(654817)
=== receptor Process Tree ===
bash(653230)---pstree(654821)
=== nginx Process Tree ===
bash(653230)---pstree(654825)
=== postgresql Process Tree ===
bash(653230)---pstree(654829)
=== redis Process Tree ===
bash(653230)---pstree(654833)
=== uwsgi Process Tree ===
bash(653230)---pstree(654837)
=== automation-hub Process Tree ===
bash(653230)---pstree(654841)
=== automation-eda Process Tree ===
bash(653230)---pstree(654845)

=================================================================================
2025-06-30 13:05:50
Memory Usage Report:
               total        used        free      shared  buff/cache   available
Mem:            7681         652        6607         169         833        7028
Swap:           4095           0        4095

Top 10 Processes by RSS Memory:
    PID    PPID CMD                           RSS
   1085       1 /usr/bin/postmaster -D /var 114560
    745       1 /usr/bin/python3 -s /usr/sb 41536
   1074       1 /usr/local/bin/node_exporte 28064
    969       1 /usr/lib/polkit-1/polkitd - 27692
    785       1 /usr/bin/python3 -Es /usr/s 26900
   1187    1085 postgres: checkpointer      26752
   1188    1085 postgres: background writer 25088
   1201    1085 postgres: walwriter         21888
    756       1 /usr/sbin/NetworkManager -- 19584
   1078       1 /usr/sbin/rsyslogd -n       18100

=== RECEPTOR PROCESS ANALYSIS ===
Receptor Main Processes:
    PID    PPID CMD                           RSS    VSZ %CPU %MEM     ELAPSED
 653230       1 bash -c  log_file="/tmp/mem  3328   7260  0.0  0.0       04:34
Receptor Child Processes for PID 653230:
      PID    PPID CMD                           RSS    VSZ %CPU %MEM     ELAPSED
Receptor Threads for PID 653230:
    PID    SPID %CPU %MEM   RSS COMMAND
 653230  653230  0.0  0.0  3328 bash
Receptor Network Connections for PID 653230:
COMMAND      PID          USER   FD   TYPE DEVICE SIZE/OFF      NODE NAME
chronyd      753        chrony    5u  IPv4  23399      0t0       UDP localhost:323 
chronyd      753        chrony    6u  IPv6  23400      0t0       UDP localhost:323 
NetworkMa    756          root   26u  IPv4  25104      0t0       UDP aap25-database.aap-test.local:bootpc->pi.hole:bootps 
sshd         781          root    3u  IPv4  21873      0t0       TCP *:ssh (LISTEN)
sshd         781          root    4u  IPv6  21875      0t0       TCP *:ssh (LISTEN)
node_expo   1074 node_exporter    3u  IPv6  23857      0t0       TCP *:jetdirect (LISTEN)
node_expo   1074 node_exporter    7u  IPv6  23988      0t0       TCP aap25-database.aap-test.local:jetdirect->monitoring-node.aap-test.local:60090 (ESTABLISHED)
postmaste   1085      postgres    6u  IPv4  23874      0t0       TCP *:postgres (LISTEN)
postmaste   1085      postgres    7u  IPv6  23875      0t0       TCP *:postgres (LISTEN)
bash      653230          root  cwd    DIR  253,0      142  67240070 /root
bash      653230          root  rtd    DIR  253,0      235       128 /
bash      653230          root  txt    REG  253,0  1389072  67323062 /usr/bin/bash
bash      653230          root  mem    REG  253,0  2586930    223716 /usr/lib/locale/en_US.utf8/LC_COLLATE
bash      653230          root  mem    REG  253,0  2544344 100922208 /usr/lib64/libc.so.6
bash      653230          root  mem    REG  253,0   346132 100921885 /usr/lib/locale/C.utf8/LC_CTYPE
bash      653230          root  mem    REG  253,0       54    223719 /usr/lib/locale/en_US.utf8/LC_NUMERIC
bash      653230          root  mem    REG  253,0     3284  34000453 /usr/lib/locale/en_US.utf8/LC_TIME
bash      653230          root  mem    REG  253,0      286  34000451 /usr/lib/locale/en_US.utf8/LC_MONETARY
bash      653230          root  mem    REG  253,0       57  34000464 /usr/lib/locale/en_US.utf8/LC_MESSAGES/SYS_LC_MESSAGES
bash      653230          root  mem    REG  253,0    26988  67396209 /usr/lib64/gconv/gconv-modules.cache
bash      653230          root  mem    REG  253,0   195080 100921869 /usr/lib64/libtinfo.so.6.2
bash      653230          root  mem    REG  253,0       34 100922186 /usr/lib/locale/en_US.utf8/LC_PAPER
bash      653230          root  mem    REG  253,0       77    223718 /usr/lib/locale/en_US.utf8/LC_NAME
bash      653230          root  mem    REG  253,0      167  34000447 /usr/lib/locale/en_US.utf8/LC_ADDRESS
bash      653230          root  mem    REG  253,0       59  34000452 /usr/lib/locale/en_US.utf8/LC_TELEPHONE
bash      653230          root  mem    REG  253,0       23  34000450 /usr/lib/locale/en_US.utf8/LC_MEASUREMENT
bash      653230          root  mem    REG  253,0      369  34000449 /usr/lib/locale/en_US.utf8/LC_IDENTIFICATION
bash      653230          root  mem    REG  253,0   897856 100922204 /usr/lib64/ld-linux-x86-64.so.2
bash      653230          root    0r   CHR    1,3      0t0         4 /dev/null
bash      653230          root    1w   REG  253,0        0  43735380 /tmp/memory_monitor.log
bash      653230          root    2w   REG  253,0        0  43735380 /tmp/memory_monitor.log
bash      653230          root    3r  FIFO   0,13      0t0   2876116 pipe

    PID    PPID CMD                           RSS    VSZ %CPU %MEM     ELAPSED
Receptor Child Processes for PID 654930:
  No child processes found
Receptor Threads for PID 654930:
    PID    SPID %CPU %MEM   RSS COMMAND
Receptor Network Connections for PID 654930:
COMMAND    PID          USER   FD   TYPE DEVICE SIZE/OFF NODE NAME
chronyd    753        chrony    5u  IPv4  23399      0t0  UDP localhost:323 
chronyd    753        chrony    6u  IPv6  23400      0t0  UDP localhost:323 
NetworkMa  756          root   26u  IPv4  25104      0t0  UDP aap25-database.aap-test.local:bootpc->pi.hole:bootps 
sshd       781          root    3u  IPv4  21873      0t0  TCP *:ssh (LISTEN)
sshd       781          root    4u  IPv6  21875      0t0  TCP *:ssh (LISTEN)
node_expo 1074 node_exporter    3u  IPv6  23857      0t0  TCP *:jetdirect (LISTEN)
node_expo 1074 node_exporter    7u  IPv6  23988      0t0  TCP aap25-database.aap-test.local:jetdirect->monitoring-node.aap-test.local:60090 (ESTABLISHED)
postmaste 1085      postgres    6u  IPv4  23874      0t0  TCP *:postgres (LISTEN)
postmaste 1085      postgres    7u  IPv6  23875      0t0  TCP *:postgres (LISTEN)
  No network connections found

=== RECEPTOR MEMORY SUMMARY ===
Total Receptor RSS Memory: 3328 KB (3 MB)
Total Receptor VSZ Memory: 7260 KB (7 MB)
Number of Receptor Processes: 2

AAP-related Processes and Children:
=== AAP Service Processes ===
Process: bash (PID: 653230)
    PID    PPID CMD                           RSS
 653230       1 bash -c  log_file="/tmp/mem  3328
  Children of PID 653230:
    PID    PPID CMD                           RSS
 654989  653230 bash -c  log_file="/tmp/mem  2060

Process: bash (PID: 654989)
    PID    PPID CMD                           RSS
 654989  653230 bash -c  log_file="/tmp/mem  2060
  Children of PID 654989:
    PID    PPID CMD                           RSS


Process Tree for AAP Services:
=== automation-controller Process Tree ===
bash(653230)---pstree(655000)
=== receptor Process Tree ===
bash(653230)---pstree(655004)
=== nginx Process Tree ===
bash(653230)---pstree(655008)
=== postgresql Process Tree ===
bash(653230)---pstree(655012)
=== redis Process Tree ===
bash(653230)---pstree(655016)
=== uwsgi Process Tree ===
bash(653230)---pstree(655020)
=== automation-hub Process Tree ===
bash(653230)---pstree(655024)
=== automation-eda Process Tree ===
bash(653230)---pstree(655028)

=================================================================================
2025-06-30 13:06:20
Memory Usage Report:
               total        used        free      shared  buff/cache   available
Mem:            7681         652        6608         169         833        7029
Swap:           4095           0        4095

Top 10 Processes by RSS Memory:
    PID    PPID CMD                           RSS
   1085       1 /usr/bin/postmaster -D /var 114560
    745       1 /usr/bin/python3 -s /usr/sb 41536
   1074       1 /usr/local/bin/node_exporte 27932
    969       1 /usr/lib/polkit-1/polkitd - 27692
    785       1 /usr/bin/python3 -Es /usr/s 26900
   1187    1085 postgres: checkpointer      26752
   1188    1085 postgres: background writer 25088
   1201    1085 postgres: walwriter         21888
    756       1 /usr/sbin/NetworkManager -- 19584
   1078       1 /usr/sbin/rsyslogd -n       18100

=== RECEPTOR PROCESS ANALYSIS ===
Receptor Main Processes:
    PID    PPID CMD                           RSS    VSZ %CPU %MEM     ELAPSED
 653230       1 bash -c  log_file="/tmp/mem  3328   7260  0.0  0.0       05:05
Receptor Child Processes for PID 653230:
      PID    PPID CMD                           RSS    VSZ %CPU %MEM     ELAPSED
Receptor Threads for PID 653230:
    PID    SPID %CPU %MEM   RSS COMMAND
 653230  653230  0.0  0.0  3328 bash
Receptor Network Connections for PID 653230:
COMMAND      PID          USER   FD   TYPE DEVICE SIZE/OFF      NODE NAME
chronyd      753        chrony    5u  IPv4  23399      0t0       UDP localhost:323 
chronyd      753        chrony    6u  IPv6  23400      0t0       UDP localhost:323 
NetworkMa    756          root   26u  IPv4  25104      0t0       UDP aap25-database.aap-test.local:bootpc->pi.hole:bootps 
sshd         781          root    3u  IPv4  21873      0t0       TCP *:ssh (LISTEN)
sshd         781          root    4u  IPv6  21875      0t0       TCP *:ssh (LISTEN)
node_expo   1074 node_exporter    3u  IPv6  23857      0t0       TCP *:jetdirect (LISTEN)
node_expo   1074 node_exporter    7u  IPv6  23988      0t0       TCP aap25-database.aap-test.local:jetdirect->monitoring-node.aap-test.local:60090 (ESTABLISHED)
postmaste   1085      postgres    6u  IPv4  23874      0t0       TCP *:postgres (LISTEN)
postmaste   1085      postgres    7u  IPv6  23875      0t0       TCP *:postgres (LISTEN)
bash      653230          root  cwd    DIR  253,0      142  67240070 /root
bash      653230          root  rtd    DIR  253,0      235       128 /
bash      653230          root  txt    REG  253,0  1389072  67323062 /usr/bin/bash
bash      653230          root  mem    REG  253,0  2586930    223716 /usr/lib/locale/en_US.utf8/LC_COLLATE
bash      653230          root  mem    REG  253,0  2544344 100922208 /usr/lib64/libc.so.6
bash      653230          root  mem    REG  253,0   346132 100921885 /usr/lib/locale/C.utf8/LC_CTYPE
bash      653230          root  mem    REG  253,0       54    223719 /usr/lib/locale/en_US.utf8/LC_NUMERIC
bash      653230          root  mem    REG  253,0     3284  34000453 /usr/lib/locale/en_US.utf8/LC_TIME
bash      653230          root  mem    REG  253,0      286  34000451 /usr/lib/locale/en_US.utf8/LC_MONETARY
bash      653230          root  mem    REG  253,0       57  34000464 /usr/lib/locale/en_US.utf8/LC_MESSAGES/SYS_LC_MESSAGES
bash      653230          root  mem    REG  253,0    26988  67396209 /usr/lib64/gconv/gconv-modules.cache
bash      653230          root  mem    REG  253,0   195080 100921869 /usr/lib64/libtinfo.so.6.2
bash      653230          root  mem    REG  253,0       34 100922186 /usr/lib/locale/en_US.utf8/LC_PAPER
bash      653230          root  mem    REG  253,0       77    223718 /usr/lib/locale/en_US.utf8/LC_NAME
bash      653230          root  mem    REG  253,0      167  34000447 /usr/lib/locale/en_US.utf8/LC_ADDRESS
bash      653230          root  mem    REG  253,0       59  34000452 /usr/lib/locale/en_US.utf8/LC_TELEPHONE
bash      653230          root  mem    REG  253,0       23  34000450 /usr/lib/locale/en_US.utf8/LC_MEASUREMENT
bash      653230          root  mem    REG  253,0      369  34000449 /usr/lib/locale/en_US.utf8/LC_IDENTIFICATION
bash      653230          root  mem    REG  253,0   897856 100922204 /usr/lib64/ld-linux-x86-64.so.2
bash      653230          root    0r   CHR    1,3      0t0         4 /dev/null
bash      653230          root    1w   REG  253,0        0  43735380 /tmp/memory_monitor.log
bash      653230          root    2w   REG  253,0        0  43735380 /tmp/memory_monitor.log
bash      653230          root    3r  FIFO   0,13      0t0   2877385 pipe

    PID    PPID CMD                           RSS    VSZ %CPU %MEM     ELAPSED
Receptor Child Processes for PID 655114:
  No child processes found
Receptor Threads for PID 655114:
    PID    SPID %CPU %MEM   RSS COMMAND
Receptor Network Connections for PID 655114:
COMMAND    PID          USER   FD   TYPE DEVICE SIZE/OFF NODE NAME
chronyd    753        chrony    5u  IPv4  23399      0t0  UDP localhost:323 
chronyd    753        chrony    6u  IPv6  23400      0t0  UDP localhost:323 
NetworkMa  756          root   26u  IPv4  25104      0t0  UDP aap25-database.aap-test.local:bootpc->pi.hole:bootps 
sshd       781          root    3u  IPv4  21873      0t0  TCP *:ssh (LISTEN)
sshd       781          root    4u  IPv6  21875      0t0  TCP *:ssh (LISTEN)
node_expo 1074 node_exporter    3u  IPv6  23857      0t0  TCP *:jetdirect (LISTEN)
node_expo 1074 node_exporter    7u  IPv6  23988      0t0  TCP aap25-database.aap-test.local:jetdirect->monitoring-node.aap-test.local:60090 (ESTABLISHED)
postmaste 1085      postgres    6u  IPv4  23874      0t0  TCP *:postgres (LISTEN)
postmaste 1085      postgres    7u  IPv6  23875      0t0  TCP *:postgres (LISTEN)
  No network connections found

=== RECEPTOR MEMORY SUMMARY ===
Total Receptor RSS Memory: 3328 KB (3 MB)
Total Receptor VSZ Memory: 7260 KB (7 MB)
Number of Receptor Processes: 2

AAP-related Processes and Children:
=== AAP Service Processes ===
Process: bash (PID: 653230)
    PID    PPID CMD                           RSS
 653230       1 bash -c  log_file="/tmp/mem  3328
  Children of PID 653230:
    PID    PPID CMD                           RSS
 655174  653230 bash -c  log_file="/tmp/mem  2060

Process: bash (PID: 655174)
    PID    PPID CMD                           RSS
 655174  653230 bash -c  log_file="/tmp/mem  2060
  Children of PID 655174:
    PID    PPID CMD                           RSS


Process Tree for AAP Services:
=== automation-controller Process Tree ===
bash(653230)---pstree(655185)
=== receptor Process Tree ===
bash(653230)---pstree(655189)
=== nginx Process Tree ===
bash(653230)---pstree(655193)
=== postgresql Process Tree ===
bash(653230)---pstree(655197)
=== redis Process Tree ===
bash(653230)---pstree(655201)
=== uwsgi Process Tree ===
bash(653230)---pstree(655205)
=== automation-hub Process Tree ===
bash(653230)---pstree(655209)
=== automation-eda Process Tree ===
bash(653230)---pstree(655213)

=================================================================================
2025-06-30 13:06:50
Memory Usage Report:
               total        used        free      shared  buff/cache   available
Mem:            7681         654        6606         169         833        7027
Swap:           4095           0        4095

Top 10 Processes by RSS Memory:
    PID    PPID CMD                           RSS
   1085       1 /usr/bin/postmaster -D /var 114560
    745       1 /usr/bin/python3 -s /usr/sb 41536
   1074       1 /usr/local/bin/node_exporte 27888
    969       1 /usr/lib/polkit-1/polkitd - 27692
    785       1 /usr/bin/python3 -Es /usr/s 26900
   1187    1085 postgres: checkpointer      26752
   1188    1085 postgres: background writer 25088
   1201    1085 postgres: walwriter         21888
    756       1 /usr/sbin/NetworkManager -- 19584
   1078       1 /usr/sbin/rsyslogd -n       18100

=== RECEPTOR PROCESS ANALYSIS ===
Receptor Main Processes:
    PID    PPID CMD                           RSS    VSZ %CPU %MEM     ELAPSED
 653230       1 bash -c  log_file="/tmp/mem  3328   7260  0.0  0.0       05:35
Receptor Child Processes for PID 653230:
      PID    PPID CMD                           RSS    VSZ %CPU %MEM     ELAPSED
Receptor Threads for PID 653230:
    PID    SPID %CPU %MEM   RSS COMMAND
 653230  653230  0.0  0.0  3328 bash
Receptor Network Connections for PID 653230:
COMMAND      PID          USER   FD   TYPE DEVICE SIZE/OFF      NODE NAME
chronyd      753        chrony    5u  IPv4  23399      0t0       UDP localhost:323 
chronyd      753        chrony    6u  IPv6  23400      0t0       UDP localhost:323 
NetworkMa    756          root   26u  IPv4  25104      0t0       UDP aap25-database.aap-test.local:bootpc->pi.hole:bootps 
sshd         781          root    3u  IPv4  21873      0t0       TCP *:ssh (LISTEN)
sshd         781          root    4u  IPv6  21875      0t0       TCP *:ssh (LISTEN)
node_expo   1074 node_exporter    3u  IPv6  23857      0t0       TCP *:jetdirect (LISTEN)
node_expo   1074 node_exporter    7u  IPv6  23988      0t0       TCP aap25-database.aap-test.local:jetdirect->monitoring-node.aap-test.local:60090 (ESTABLISHED)
postmaste   1085      postgres    6u  IPv4  23874      0t0       TCP *:postgres (LISTEN)
postmaste   1085      postgres    7u  IPv6  23875      0t0       TCP *:postgres (LISTEN)
bash      653230          root  cwd    DIR  253,0      142  67240070 /root
bash      653230          root  rtd    DIR  253,0      235       128 /
bash      653230          root  txt    REG  253,0  1389072  67323062 /usr/bin/bash
bash      653230          root  mem    REG  253,0  2586930    223716 /usr/lib/locale/en_US.utf8/LC_COLLATE
bash      653230          root  mem    REG  253,0  2544344 100922208 /usr/lib64/libc.so.6
bash      653230          root  mem    REG  253,0   346132 100921885 /usr/lib/locale/C.utf8/LC_CTYPE
bash      653230          root  mem    REG  253,0       54    223719 /usr/lib/locale/en_US.utf8/LC_NUMERIC
bash      653230          root  mem    REG  253,0     3284  34000453 /usr/lib/locale/en_US.utf8/LC_TIME
bash      653230          root  mem    REG  253,0      286  34000451 /usr/lib/locale/en_US.utf8/LC_MONETARY
bash      653230          root  mem    REG  253,0       57  34000464 /usr/lib/locale/en_US.utf8/LC_MESSAGES/SYS_LC_MESSAGES
bash      653230          root  mem    REG  253,0    26988  67396209 /usr/lib64/gconv/gconv-modules.cache
bash      653230          root  mem    REG  253,0   195080 100921869 /usr/lib64/libtinfo.so.6.2
bash      653230          root  mem    REG  253,0       34 100922186 /usr/lib/locale/en_US.utf8/LC_PAPER
bash      653230          root  mem    REG  253,0       77    223718 /usr/lib/locale/en_US.utf8/LC_NAME
bash      653230          root  mem    REG  253,0      167  34000447 /usr/lib/locale/en_US.utf8/LC_ADDRESS
bash      653230          root  mem    REG  253,0       59  34000452 /usr/lib/locale/en_US.utf8/LC_TELEPHONE
bash      653230          root  mem    REG  253,0       23  34000450 /usr/lib/locale/en_US.utf8/LC_MEASUREMENT
bash      653230          root  mem    REG  253,0      369  34000449 /usr/lib/locale/en_US.utf8/LC_IDENTIFICATION
bash      653230          root  mem    REG  253,0   897856 100922204 /usr/lib64/ld-linux-x86-64.so.2
bash      653230          root    0r   CHR    1,3      0t0         4 /dev/null
bash      653230          root    1w   REG  253,0        0  43735380 /tmp/memory_monitor.log
bash      653230          root    2w   REG  253,0        0  43735380 /tmp/memory_monitor.log
bash      653230          root    3r  FIFO   0,13      0t0   2880615 pipe

    PID    PPID CMD                           RSS    VSZ %CPU %MEM     ELAPSED
Receptor Child Processes for PID 655298:
  No child processes found
Receptor Threads for PID 655298:
    PID    SPID %CPU %MEM   RSS COMMAND
Receptor Network Connections for PID 655298:
COMMAND    PID          USER   FD   TYPE DEVICE SIZE/OFF NODE NAME
chronyd    753        chrony    5u  IPv4  23399      0t0  UDP localhost:323 
chronyd    753        chrony    6u  IPv6  23400      0t0  UDP localhost:323 
NetworkMa  756          root   26u  IPv4  25104      0t0  UDP aap25-database.aap-test.local:bootpc->pi.hole:bootps 
sshd       781          root    3u  IPv4  21873      0t0  TCP *:ssh (LISTEN)
sshd       781          root    4u  IPv6  21875      0t0  TCP *:ssh (LISTEN)
node_expo 1074 node_exporter    3u  IPv6  23857      0t0  TCP *:jetdirect (LISTEN)
node_expo 1074 node_exporter    7u  IPv6  23988      0t0  TCP aap25-database.aap-test.local:jetdirect->monitoring-node.aap-test.local:60090 (ESTABLISHED)
postmaste 1085      postgres    6u  IPv4  23874      0t0  TCP *:postgres (LISTEN)
postmaste 1085      postgres    7u  IPv6  23875      0t0  TCP *:postgres (LISTEN)
  No network connections found

=== RECEPTOR MEMORY SUMMARY ===
Total Receptor RSS Memory: 3328 KB (3 MB)
Total Receptor VSZ Memory: 7260 KB (7 MB)
Number of Receptor Processes: 2

AAP-related Processes and Children:
=== AAP Service Processes ===
Process: bash (PID: 653230)
    PID    PPID CMD                           RSS
 653230       1 bash -c  log_file="/tmp/mem  3328
  Children of PID 653230:
    PID    PPID CMD                           RSS
 655357  653230 bash -c  log_file="/tmp/mem  2060

Process: bash (PID: 655357)
    PID    PPID CMD                           RSS
 655357  653230 bash -c  log_file="/tmp/mem  2060
  Children of PID 655357:
    PID    PPID CMD                           RSS


Process Tree for AAP Services:
=== automation-controller Process Tree ===
bash(653230)---pstree(655368)
=== receptor Process Tree ===
bash(653230)---pstree(655372)
=== nginx Process Tree ===
bash(653230)---pstree(655376)
=== postgresql Process Tree ===
bash(653230)---pstree(655380)
=== redis Process Tree ===
bash(653230)---pstree(655384)
=== uwsgi Process Tree ===
bash(653230)---pstree(655388)
=== automation-hub Process Tree ===
bash(653230)---pstree(655392)
=== automation-eda Process Tree ===
bash(653230)---pstree(655396)

=================================================================================
2025-06-30 13:07:21
Memory Usage Report:
               total        used        free      shared  buff/cache   available
Mem:            7681         652        6607         169         833        7028
Swap:           4095           0        4095

Top 10 Processes by RSS Memory:
    PID    PPID CMD                           RSS
   1085       1 /usr/bin/postmaster -D /var 114560
    745       1 /usr/bin/python3 -s /usr/sb 41536
   1074       1 /usr/local/bin/node_exporte 27748
    969       1 /usr/lib/polkit-1/polkitd - 27692
    785       1 /usr/bin/python3 -Es /usr/s 26900
   1187    1085 postgres: checkpointer      26752
   1188    1085 postgres: background writer 25088
   1201    1085 postgres: walwriter         21888
    756       1 /usr/sbin/NetworkManager -- 19584
   1078       1 /usr/sbin/rsyslogd -n       18100

=== RECEPTOR PROCESS ANALYSIS ===
Receptor Main Processes:
    PID    PPID CMD                           RSS    VSZ %CPU %MEM     ELAPSED
 653230       1 bash -c  log_file="/tmp/mem  3328   7260  0.0  0.0       06:06
Receptor Child Processes for PID 653230:
      PID    PPID CMD                           RSS    VSZ %CPU %MEM     ELAPSED
Receptor Threads for PID 653230:
    PID    SPID %CPU %MEM   RSS COMMAND
 653230  653230  0.0  0.0  3328 bash
Receptor Network Connections for PID 653230:
COMMAND      PID          USER   FD   TYPE DEVICE SIZE/OFF      NODE NAME
chronyd      753        chrony    5u  IPv4  23399      0t0       UDP localhost:323 
chronyd      753        chrony    6u  IPv6  23400      0t0       UDP localhost:323 
NetworkMa    756          root   26u  IPv4  25104      0t0       UDP aap25-database.aap-test.local:bootpc->pi.hole:bootps 
sshd         781          root    3u  IPv4  21873      0t0       TCP *:ssh (LISTEN)
sshd         781          root    4u  IPv6  21875      0t0       TCP *:ssh (LISTEN)
node_expo   1074 node_exporter    3u  IPv6  23857      0t0       TCP *:jetdirect (LISTEN)
node_expo   1074 node_exporter    7u  IPv6  23988      0t0       TCP aap25-database.aap-test.local:jetdirect->monitoring-node.aap-test.local:60090 (ESTABLISHED)
postmaste   1085      postgres    6u  IPv4  23874      0t0       TCP *:postgres (LISTEN)
postmaste   1085      postgres    7u  IPv6  23875      0t0       TCP *:postgres (LISTEN)
bash      653230          root  cwd    DIR  253,0      142  67240070 /root
bash      653230          root  rtd    DIR  253,0      235       128 /
bash      653230          root  txt    REG  253,0  1389072  67323062 /usr/bin/bash
bash      653230          root  mem    REG  253,0  2586930    223716 /usr/lib/locale/en_US.utf8/LC_COLLATE
bash      653230          root  mem    REG  253,0  2544344 100922208 /usr/lib64/libc.so.6
bash      653230          root  mem    REG  253,0   346132 100921885 /usr/lib/locale/C.utf8/LC_CTYPE
bash      653230          root  mem    REG  253,0       54    223719 /usr/lib/locale/en_US.utf8/LC_NUMERIC
bash      653230          root  mem    REG  253,0     3284  34000453 /usr/lib/locale/en_US.utf8/LC_TIME
bash      653230          root  mem    REG  253,0      286  34000451 /usr/lib/locale/en_US.utf8/LC_MONETARY
bash      653230          root  mem    REG  253,0       57  34000464 /usr/lib/locale/en_US.utf8/LC_MESSAGES/SYS_LC_MESSAGES
bash      653230          root  mem    REG  253,0    26988  67396209 /usr/lib64/gconv/gconv-modules.cache
bash      653230          root  mem    REG  253,0   195080 100921869 /usr/lib64/libtinfo.so.6.2
bash      653230          root  mem    REG  253,0       34 100922186 /usr/lib/locale/en_US.utf8/LC_PAPER
bash      653230          root  mem    REG  253,0       77    223718 /usr/lib/locale/en_US.utf8/LC_NAME
bash      653230          root  mem    REG  253,0      167  34000447 /usr/lib/locale/en_US.utf8/LC_ADDRESS
bash      653230          root  mem    REG  253,0       59  34000452 /usr/lib/locale/en_US.utf8/LC_TELEPHONE
bash      653230          root  mem    REG  253,0       23  34000450 /usr/lib/locale/en_US.utf8/LC_MEASUREMENT
bash      653230          root  mem    REG  253,0      369  34000449 /usr/lib/locale/en_US.utf8/LC_IDENTIFICATION
bash      653230          root  mem    REG  253,0   897856 100922204 /usr/lib64/ld-linux-x86-64.so.2
bash      653230          root    0r   CHR    1,3      0t0         4 /dev/null
bash      653230          root    1w   REG  253,0        0  43735380 /tmp/memory_monitor.log
bash      653230          root    2w   REG  253,0        0  43735380 /tmp/memory_monitor.log
bash      653230          root    3r  FIFO   0,13      0t0   2880125 pipe

    PID    PPID CMD                           RSS    VSZ %CPU %MEM     ELAPSED
Receptor Child Processes for PID 655482:
  No child processes found
Receptor Threads for PID 655482:
    PID    SPID %CPU %MEM   RSS COMMAND
Receptor Network Connections for PID 655482:
COMMAND    PID          USER   FD   TYPE DEVICE SIZE/OFF NODE NAME
chronyd    753        chrony    5u  IPv4  23399      0t0  UDP localhost:323 
chronyd    753        chrony    6u  IPv6  23400      0t0  UDP localhost:323 
NetworkMa  756          root   26u  IPv4  25104      0t0  UDP aap25-database.aap-test.local:bootpc->pi.hole:bootps 
sshd       781          root    3u  IPv4  21873      0t0  TCP *:ssh (LISTEN)
sshd       781          root    4u  IPv6  21875      0t0  TCP *:ssh (LISTEN)
node_expo 1074 node_exporter    3u  IPv6  23857      0t0  TCP *:jetdirect (LISTEN)
node_expo 1074 node_exporter    7u  IPv6  23988      0t0  TCP aap25-database.aap-test.local:jetdirect->monitoring-node.aap-test.local:60090 (ESTABLISHED)
postmaste 1085      postgres    6u  IPv4  23874      0t0  TCP *:postgres (LISTEN)
postmaste 1085      postgres    7u  IPv6  23875      0t0  TCP *:postgres (LISTEN)
  No network connections found

=== RECEPTOR MEMORY SUMMARY ===
Total Receptor RSS Memory: 3328 KB (3 MB)
Total Receptor VSZ Memory: 7260 KB (7 MB)
Number of Receptor Processes: 2

AAP-related Processes and Children:
=== AAP Service Processes ===
Process: bash (PID: 653230)
    PID    PPID CMD                           RSS
 653230       1 bash -c  log_file="/tmp/mem  3328
  Children of PID 653230:
    PID    PPID CMD                           RSS
 655541  653230 bash -c  log_file="/tmp/mem  2060

Process: bash (PID: 655541)
    PID    PPID CMD                           RSS
 655541  653230 bash -c  log_file="/tmp/mem  2060
  Children of PID 655541:
    PID    PPID CMD                           RSS


Process Tree for AAP Services:
=== automation-controller Process Tree ===
bash(653230)---pstree(655552)
=== receptor Process Tree ===
bash(653230)---pstree(655556)
=== nginx Process Tree ===
bash(653230)---pstree(655560)
=== postgresql Process Tree ===
bash(653230)---pstree(655564)
=== redis Process Tree ===
bash(653230)---pstree(655568)
=== uwsgi Process Tree ===
bash(653230)---pstree(655572)
=== automation-hub Process Tree ===
bash(653230)---pstree(655576)
=== automation-eda Process Tree ===
bash(653230)---pstree(655580)

=================================================================================
2025-06-30 13:07:51
Memory Usage Report:
               total        used        free      shared  buff/cache   available
Mem:            7681         650        6609         169         833        7030
Swap:           4095           0        4095

Top 10 Processes by RSS Memory:
    PID    PPID CMD                           RSS
   1085       1 /usr/bin/postmaster -D /var 114560
    745       1 /usr/bin/python3 -s /usr/sb 41536
   1074       1 /usr/local/bin/node_exporte 28004
    969       1 /usr/lib/polkit-1/polkitd - 27692
    785       1 /usr/bin/python3 -Es /usr/s 26900
   1187    1085 postgres: checkpointer      26752
   1188    1085 postgres: background writer 25088
   1201    1085 postgres: walwriter         21888
    756       1 /usr/sbin/NetworkManager -- 19584
   1078       1 /usr/sbin/rsyslogd -n       18100

=== RECEPTOR PROCESS ANALYSIS ===
Receptor Main Processes:
    PID    PPID CMD                           RSS    VSZ %CPU %MEM     ELAPSED
 653230       1 bash -c  log_file="/tmp/mem  3328   7260  0.0  0.0       06:36
Receptor Child Processes for PID 653230:
      PID    PPID CMD                           RSS    VSZ %CPU %MEM     ELAPSED
Receptor Threads for PID 653230:
    PID    SPID %CPU %MEM   RSS COMMAND
 653230  653230  0.0  0.0  3328 bash
Receptor Network Connections for PID 653230:
COMMAND      PID          USER   FD   TYPE DEVICE SIZE/OFF      NODE NAME
chronyd      753        chrony    5u  IPv4  23399      0t0       UDP localhost:323 
chronyd      753        chrony    6u  IPv6  23400      0t0       UDP localhost:323 
NetworkMa    756          root   26u  IPv4  25104      0t0       UDP aap25-database.aap-test.local:bootpc->pi.hole:bootps 
sshd         781          root    3u  IPv4  21873      0t0       TCP *:ssh (LISTEN)
sshd         781          root    4u  IPv6  21875      0t0       TCP *:ssh (LISTEN)
node_expo   1074 node_exporter    3u  IPv6  23857      0t0       TCP *:jetdirect (LISTEN)
node_expo   1074 node_exporter    7u  IPv6  23988      0t0       TCP aap25-database.aap-test.local:jetdirect->monitoring-node.aap-test.local:60090 (ESTABLISHED)
postmaste   1085      postgres    6u  IPv4  23874      0t0       TCP *:postgres (LISTEN)
postmaste   1085      postgres    7u  IPv6  23875      0t0       TCP *:postgres (LISTEN)
bash      653230          root  cwd    DIR  253,0      142  67240070 /root
bash      653230          root  rtd    DIR  253,0      235       128 /
bash      653230          root  txt    REG  253,0  1389072  67323062 /usr/bin/bash
bash      653230          root  mem    REG  253,0  2586930    223716 /usr/lib/locale/en_US.utf8/LC_COLLATE
bash      653230          root  mem    REG  253,0  2544344 100922208 /usr/lib64/libc.so.6
bash      653230          root  mem    REG  253,0   346132 100921885 /usr/lib/locale/C.utf8/LC_CTYPE
bash      653230          root  mem    REG  253,0       54    223719 /usr/lib/locale/en_US.utf8/LC_NUMERIC
bash      653230          root  mem    REG  253,0     3284  34000453 /usr/lib/locale/en_US.utf8/LC_TIME
bash      653230          root  mem    REG  253,0      286  34000451 /usr/lib/locale/en_US.utf8/LC_MONETARY
bash      653230          root  mem    REG  253,0       57  34000464 /usr/lib/locale/en_US.utf8/LC_MESSAGES/SYS_LC_MESSAGES
bash      653230          root  mem    REG  253,0    26988  67396209 /usr/lib64/gconv/gconv-modules.cache
bash      653230          root  mem    REG  253,0   195080 100921869 /usr/lib64/libtinfo.so.6.2
bash      653230          root  mem    REG  253,0       34 100922186 /usr/lib/locale/en_US.utf8/LC_PAPER
bash      653230          root  mem    REG  253,0       77    223718 /usr/lib/locale/en_US.utf8/LC_NAME
bash      653230          root  mem    REG  253,0      167  34000447 /usr/lib/locale/en_US.utf8/LC_ADDRESS
bash      653230          root  mem    REG  253,0       59  34000452 /usr/lib/locale/en_US.utf8/LC_TELEPHONE
bash      653230          root  mem    REG  253,0       23  34000450 /usr/lib/locale/en_US.utf8/LC_MEASUREMENT
bash      653230          root  mem    REG  253,0      369  34000449 /usr/lib/locale/en_US.utf8/LC_IDENTIFICATION
bash      653230          root  mem    REG  253,0   897856 100922204 /usr/lib64/ld-linux-x86-64.so.2
bash      653230          root    0r   CHR    1,3      0t0         4 /dev/null
bash      653230          root    1w   REG  253,0        0  43735380 /tmp/memory_monitor.log
bash      653230          root    2w   REG  253,0        0  43735380 /tmp/memory_monitor.log
bash      653230          root    3r  FIFO   0,13      0t0   2880332 pipe

    PID    PPID CMD                           RSS    VSZ %CPU %MEM     ELAPSED
Receptor Child Processes for PID 655665:
  No child processes found
Receptor Threads for PID 655665:
    PID    SPID %CPU %MEM   RSS COMMAND
Receptor Network Connections for PID 655665:
COMMAND    PID          USER   FD   TYPE DEVICE SIZE/OFF NODE NAME
chronyd    753        chrony    5u  IPv4  23399      0t0  UDP localhost:323 
chronyd    753        chrony    6u  IPv6  23400      0t0  UDP localhost:323 
NetworkMa  756          root   26u  IPv4  25104      0t0  UDP aap25-database.aap-test.local:bootpc->pi.hole:bootps 
sshd       781          root    3u  IPv4  21873      0t0  TCP *:ssh (LISTEN)
sshd       781          root    4u  IPv6  21875      0t0  TCP *:ssh (LISTEN)
node_expo 1074 node_exporter    3u  IPv6  23857      0t0  TCP *:jetdirect (LISTEN)
node_expo 1074 node_exporter    7u  IPv6  23988      0t0  TCP aap25-database.aap-test.local:jetdirect->monitoring-node.aap-test.local:60090 (ESTABLISHED)
postmaste 1085      postgres    6u  IPv4  23874      0t0  TCP *:postgres (LISTEN)
postmaste 1085      postgres    7u  IPv6  23875      0t0  TCP *:postgres (LISTEN)
  No network connections found

=== RECEPTOR MEMORY SUMMARY ===
Total Receptor RSS Memory: 3328 KB (3 MB)
Total Receptor VSZ Memory: 7260 KB (7 MB)
Number of Receptor Processes: 2

AAP-related Processes and Children:
=== AAP Service Processes ===
Process: bash (PID: 653230)
    PID    PPID CMD                           RSS
 653230       1 bash -c  log_file="/tmp/mem  3328
  Children of PID 653230:
    PID    PPID CMD                           RSS
 655724  653230 bash -c  log_file="/tmp/mem  2060

Process: bash (PID: 655724)
    PID    PPID CMD                           RSS
 655724  653230 bash -c  log_file="/tmp/mem  2060
  Children of PID 655724:
    PID    PPID CMD                           RSS


Process Tree for AAP Services:
=== automation-controller Process Tree ===
bash(653230)---pstree(655735)
=== receptor Process Tree ===
bash(653230)---pstree(655739)
=== nginx Process Tree ===
bash(653230)---pstree(655743)
=== postgresql Process Tree ===
bash(653230)---pstree(655747)
=== redis Process Tree ===
bash(653230)---pstree(655751)
=== uwsgi Process Tree ===
bash(653230)---pstree(655756)
=== automation-hub Process Tree ===
bash(653230)---pstree(655760)
=== automation-eda Process Tree ===
bash(653230)---pstree(655764)

=================================================================================
2025-06-30 13:08:22
Memory Usage Report:
               total        used        free      shared  buff/cache   available
Mem:            7681         652        6607         169         833        7028
Swap:           4095           0        4095

Top 10 Processes by RSS Memory:
    PID    PPID CMD                           RSS
   1085       1 /usr/bin/postmaster -D /var 114560
    745       1 /usr/bin/python3 -s /usr/sb 41536
   1074       1 /usr/local/bin/node_exporte 27744
    969       1 /usr/lib/polkit-1/polkitd - 27692
    785       1 /usr/bin/python3 -Es /usr/s 26900
   1187    1085 postgres: checkpointer      26752
   1188    1085 postgres: background writer 25088
   1201    1085 postgres: walwriter         21888
    756       1 /usr/sbin/NetworkManager -- 19584
   1078       1 /usr/sbin/rsyslogd -n       18100

=== RECEPTOR PROCESS ANALYSIS ===
Receptor Main Processes:
    PID    PPID CMD                           RSS    VSZ %CPU %MEM     ELAPSED
 653230       1 bash -c  log_file="/tmp/mem  3328   7260  0.0  0.0       07:07
Receptor Child Processes for PID 653230:
      PID    PPID CMD                           RSS    VSZ %CPU %MEM     ELAPSED
Receptor Threads for PID 653230:
    PID    SPID %CPU %MEM   RSS COMMAND
 653230  653230  0.0  0.0  3328 bash
Receptor Network Connections for PID 653230:
COMMAND      PID          USER   FD   TYPE DEVICE SIZE/OFF      NODE NAME
chronyd      753        chrony    5u  IPv4  23399      0t0       UDP localhost:323 
chronyd      753        chrony    6u  IPv6  23400      0t0       UDP localhost:323 
NetworkMa    756          root   26u  IPv4  25104      0t0       UDP aap25-database.aap-test.local:bootpc->pi.hole:bootps 
sshd         781          root    3u  IPv4  21873      0t0       TCP *:ssh (LISTEN)
sshd         781          root    4u  IPv6  21875      0t0       TCP *:ssh (LISTEN)
node_expo   1074 node_exporter    3u  IPv6  23857      0t0       TCP *:jetdirect (LISTEN)
node_expo   1074 node_exporter    7u  IPv6  23988      0t0       TCP aap25-database.aap-test.local:jetdirect->monitoring-node.aap-test.local:60090 (ESTABLISHED)
postmaste   1085      postgres    6u  IPv4  23874      0t0       TCP *:postgres (LISTEN)
postmaste   1085      postgres    7u  IPv6  23875      0t0       TCP *:postgres (LISTEN)
bash      653230          root  cwd    DIR  253,0      142  67240070 /root
bash      653230          root  rtd    DIR  253,0      235       128 /
bash      653230          root  txt    REG  253,0  1389072  67323062 /usr/bin/bash
bash      653230          root  mem    REG  253,0  2586930    223716 /usr/lib/locale/en_US.utf8/LC_COLLATE
bash      653230          root  mem    REG  253,0  2544344 100922208 /usr/lib64/libc.so.6
bash      653230          root  mem    REG  253,0   346132 100921885 /usr/lib/locale/C.utf8/LC_CTYPE
bash      653230          root  mem    REG  253,0       54    223719 /usr/lib/locale/en_US.utf8/LC_NUMERIC
bash      653230          root  mem    REG  253,0     3284  34000453 /usr/lib/locale/en_US.utf8/LC_TIME
bash      653230          root  mem    REG  253,0      286  34000451 /usr/lib/locale/en_US.utf8/LC_MONETARY
bash      653230          root  mem    REG  253,0       57  34000464 /usr/lib/locale/en_US.utf8/LC_MESSAGES/SYS_LC_MESSAGES
bash      653230          root  mem    REG  253,0    26988  67396209 /usr/lib64/gconv/gconv-modules.cache
bash      653230          root  mem    REG  253,0   195080 100921869 /usr/lib64/libtinfo.so.6.2
bash      653230          root  mem    REG  253,0       34 100922186 /usr/lib/locale/en_US.utf8/LC_PAPER
bash      653230          root  mem    REG  253,0       77    223718 /usr/lib/locale/en_US.utf8/LC_NAME
bash      653230          root  mem    REG  253,0      167  34000447 /usr/lib/locale/en_US.utf8/LC_ADDRESS
bash      653230          root  mem    REG  253,0       59  34000452 /usr/lib/locale/en_US.utf8/LC_TELEPHONE
bash      653230          root  mem    REG  253,0       23  34000450 /usr/lib/locale/en_US.utf8/LC_MEASUREMENT
bash      653230          root  mem    REG  253,0      369  34000449 /usr/lib/locale/en_US.utf8/LC_IDENTIFICATION
bash      653230          root  mem    REG  253,0   897856 100922204 /usr/lib64/ld-linux-x86-64.so.2
bash      653230          root    0r   CHR    1,3      0t0         4 /dev/null
bash      653230          root    1w   REG  253,0        0  43735380 /tmp/memory_monitor.log
bash      653230          root    2w   REG  253,0        0  43735380 /tmp/memory_monitor.log
bash      653230          root    3r  FIFO   0,13      0t0   2883172 pipe

    PID    PPID CMD                           RSS    VSZ %CPU %MEM     ELAPSED
Receptor Child Processes for PID 655849:
  No child processes found
Receptor Threads for PID 655849:
    PID    SPID %CPU %MEM   RSS COMMAND
Receptor Network Connections for PID 655849:
COMMAND    PID          USER   FD   TYPE DEVICE SIZE/OFF NODE NAME
chronyd    753        chrony    5u  IPv4  23399      0t0  UDP localhost:323 
chronyd    753        chrony    6u  IPv6  23400      0t0  UDP localhost:323 
NetworkMa  756          root   26u  IPv4  25104      0t0  UDP aap25-database.aap-test.local:bootpc->pi.hole:bootps 
sshd       781          root    3u  IPv4  21873      0t0  TCP *:ssh (LISTEN)
sshd       781          root    4u  IPv6  21875      0t0  TCP *:ssh (LISTEN)
node_expo 1074 node_exporter    3u  IPv6  23857      0t0  TCP *:jetdirect (LISTEN)
node_expo 1074 node_exporter    7u  IPv6  23988      0t0  TCP aap25-database.aap-test.local:jetdirect->monitoring-node.aap-test.local:60090 (ESTABLISHED)
postmaste 1085      postgres    6u  IPv4  23874      0t0  TCP *:postgres (LISTEN)
postmaste 1085      postgres    7u  IPv6  23875      0t0  TCP *:postgres (LISTEN)
  No network connections found

=== RECEPTOR MEMORY SUMMARY ===
Total Receptor RSS Memory: 3328 KB (3 MB)
Total Receptor VSZ Memory: 7260 KB (7 MB)
Number of Receptor Processes: 2

AAP-related Processes and Children:
=== AAP Service Processes ===
Process: bash (PID: 653230)
    PID    PPID CMD                           RSS
 653230       1 bash -c  log_file="/tmp/mem  3328
  Children of PID 653230:
    PID    PPID CMD                           RSS
 655908  653230 bash -c  log_file="/tmp/mem  2060

Process: bash (PID: 655908)
    PID    PPID CMD                           RSS
 655908  653230 bash -c  log_file="/tmp/mem  2060
  Children of PID 655908:
    PID    PPID CMD                           RSS


Process Tree for AAP Services:
=== automation-controller Process Tree ===
bash(653230)---pstree(655919)
=== receptor Process Tree ===
bash(653230)---pstree(655923)
=== nginx Process Tree ===
bash(653230)---pstree(655927)
=== postgresql Process Tree ===
bash(653230)---pstree(655931)
=== redis Process Tree ===
bash(653230)---pstree(655935)
=== uwsgi Process Tree ===
bash(653230)---pstree(655939)
=== automation-hub Process Tree ===
bash(653230)---pstree(655943)
=== automation-eda Process Tree ===
bash(653230)---pstree(655947)

=================================================================================
2025-06-30 13:08:52
Memory Usage Report:
               total        used        free      shared  buff/cache   available
Mem:            7681         650        6609         169         833        7030
Swap:           4095           0        4095

Top 10 Processes by RSS Memory:
    PID    PPID CMD                           RSS
   1085       1 /usr/bin/postmaster -D /var 114560
    745       1 /usr/bin/python3 -s /usr/sb 41536
   1074       1 /usr/local/bin/node_exporte 27872
    969       1 /usr/lib/polkit-1/polkitd - 27692
    785       1 /usr/bin/python3 -Es /usr/s 26900
   1187    1085 postgres: checkpointer      26752
   1188    1085 postgres: background writer 25088
   1201    1085 postgres: walwriter         21888
    756       1 /usr/sbin/NetworkManager -- 19584
   1078       1 /usr/sbin/rsyslogd -n       18100

=== RECEPTOR PROCESS ANALYSIS ===
Receptor Main Processes:
    PID    PPID CMD                           RSS    VSZ %CPU %MEM     ELAPSED
 653230       1 bash -c  log_file="/tmp/mem  3328   7260  0.0  0.0       07:37
Receptor Child Processes for PID 653230:
      PID    PPID CMD                           RSS    VSZ %CPU %MEM     ELAPSED
Receptor Threads for PID 653230:
    PID    SPID %CPU %MEM   RSS COMMAND
 653230  653230  0.0  0.0  3328 bash
Receptor Network Connections for PID 653230:
COMMAND      PID          USER   FD   TYPE DEVICE SIZE/OFF      NODE NAME
chronyd      753        chrony    5u  IPv4  23399      0t0       UDP localhost:323 
chronyd      753        chrony    6u  IPv6  23400      0t0       UDP localhost:323 
NetworkMa    756          root   26u  IPv4  25104      0t0       UDP aap25-database.aap-test.local:bootpc->pi.hole:bootps 
sshd         781          root    3u  IPv4  21873      0t0       TCP *:ssh (LISTEN)
sshd         781          root    4u  IPv6  21875      0t0       TCP *:ssh (LISTEN)
node_expo   1074 node_exporter    3u  IPv6  23857      0t0       TCP *:jetdirect (LISTEN)
node_expo   1074 node_exporter    7u  IPv6  23988      0t0       TCP aap25-database.aap-test.local:jetdirect->monitoring-node.aap-test.local:60090 (ESTABLISHED)
postmaste   1085      postgres    6u  IPv4  23874      0t0       TCP *:postgres (LISTEN)
postmaste   1085      postgres    7u  IPv6  23875      0t0       TCP *:postgres (LISTEN)
bash      653230          root  cwd    DIR  253,0      142  67240070 /root
bash      653230          root  rtd    DIR  253,0      235       128 /
bash      653230          root  txt    REG  253,0  1389072  67323062 /usr/bin/bash
bash      653230          root  mem    REG  253,0  2586930    223716 /usr/lib/locale/en_US.utf8/LC_COLLATE
bash      653230          root  mem    REG  253,0  2544344 100922208 /usr/lib64/libc.so.6
bash      653230          root  mem    REG  253,0   346132 100921885 /usr/lib/locale/C.utf8/LC_CTYPE
bash      653230          root  mem    REG  253,0       54    223719 /usr/lib/locale/en_US.utf8/LC_NUMERIC
bash      653230          root  mem    REG  253,0     3284  34000453 /usr/lib/locale/en_US.utf8/LC_TIME
bash      653230          root  mem    REG  253,0      286  34000451 /usr/lib/locale/en_US.utf8/LC_MONETARY
bash      653230          root  mem    REG  253,0       57  34000464 /usr/lib/locale/en_US.utf8/LC_MESSAGES/SYS_LC_MESSAGES
bash      653230          root  mem    REG  253,0    26988  67396209 /usr/lib64/gconv/gconv-modules.cache
bash      653230          root  mem    REG  253,0   195080 100921869 /usr/lib64/libtinfo.so.6.2
bash      653230          root  mem    REG  253,0       34 100922186 /usr/lib/locale/en_US.utf8/LC_PAPER
bash      653230          root  mem    REG  253,0       77    223718 /usr/lib/locale/en_US.utf8/LC_NAME
bash      653230          root  mem    REG  253,0      167  34000447 /usr/lib/locale/en_US.utf8/LC_ADDRESS
bash      653230          root  mem    REG  253,0       59  34000452 /usr/lib/locale/en_US.utf8/LC_TELEPHONE
bash      653230          root  mem    REG  253,0       23  34000450 /usr/lib/locale/en_US.utf8/LC_MEASUREMENT
bash      653230          root  mem    REG  253,0      369  34000449 /usr/lib/locale/en_US.utf8/LC_IDENTIFICATION
bash      653230          root  mem    REG  253,0   897856 100922204 /usr/lib64/ld-linux-x86-64.so.2
bash      653230          root    0r   CHR    1,3      0t0         4 /dev/null
bash      653230          root    1w   REG  253,0        0  43735380 /tmp/memory_monitor.log
bash      653230          root    2w   REG  253,0        0  43735380 /tmp/memory_monitor.log
bash      653230          root    3r  FIFO   0,13      0t0   2883935 pipe

    PID    PPID CMD                           RSS    VSZ %CPU %MEM     ELAPSED
Receptor Child Processes for PID 656033:
  No child processes found
Receptor Threads for PID 656033:
    PID    SPID %CPU %MEM   RSS COMMAND
Receptor Network Connections for PID 656033:
COMMAND    PID          USER   FD   TYPE DEVICE SIZE/OFF NODE NAME
chronyd    753        chrony    5u  IPv4  23399      0t0  UDP localhost:323 
chronyd    753        chrony    6u  IPv6  23400      0t0  UDP localhost:323 
NetworkMa  756          root   26u  IPv4  25104      0t0  UDP aap25-database.aap-test.local:bootpc->pi.hole:bootps 
sshd       781          root    3u  IPv4  21873      0t0  TCP *:ssh (LISTEN)
sshd       781          root    4u  IPv6  21875      0t0  TCP *:ssh (LISTEN)
node_expo 1074 node_exporter    3u  IPv6  23857      0t0  TCP *:jetdirect (LISTEN)
node_expo 1074 node_exporter    7u  IPv6  23988      0t0  TCP aap25-database.aap-test.local:jetdirect->monitoring-node.aap-test.local:60090 (ESTABLISHED)
postmaste 1085      postgres    6u  IPv4  23874      0t0  TCP *:postgres (LISTEN)
postmaste 1085      postgres    7u  IPv6  23875      0t0  TCP *:postgres (LISTEN)
  No network connections found

=== RECEPTOR MEMORY SUMMARY ===
Total Receptor RSS Memory: 3328 KB (3 MB)
Total Receptor VSZ Memory: 7260 KB (7 MB)
Number of Receptor Processes: 2

AAP-related Processes and Children:
=== AAP Service Processes ===
Process: bash (PID: 653230)
    PID    PPID CMD                           RSS
 653230       1 bash -c  log_file="/tmp/mem  3328
  Children of PID 653230:
    PID    PPID CMD                           RSS
 656092  653230 bash -c  log_file="/tmp/mem  2060

Process: bash (PID: 656092)
    PID    PPID CMD                           RSS
 656092  653230 bash -c  log_file="/tmp/mem  2060
  Children of PID 656092:
    PID    PPID CMD                           RSS


Process Tree for AAP Services:
=== automation-controller Process Tree ===
bash(653230)---pstree(656103)
=== receptor Process Tree ===
bash(653230)---pstree(656107)
=== nginx Process Tree ===
bash(653230)---pstree(656111)
=== postgresql Process Tree ===
bash(653230)---pstree(656115)
=== redis Process Tree ===
bash(653230)---pstree(656119)
=== uwsgi Process Tree ===
bash(653230)---pstree(656123)
=== automation-hub Process Tree ===
bash(653230)---pstree(656127)
=== automation-eda Process Tree ===
bash(653230)---pstree(656131)

Memory monitoring completed for aap25 heavy test at Mon Jun 30 01:09:23 PM PDT 2025
