Starting memory monitoring for aap24 medium test at Fri Jun 27 02:21:30 PM PDT 2025
=================================================================================
2025-06-27 14:21:30
Memory Usage Report:
               total        used        free      shared  buff/cache   available
Mem:            7681        4288        3250          11         403        3392
Swap:           3071           0        3071

Top 10 Processes by RSS Memory:
    PID    PPID CMD                           RSS
   1186     835 /var/lib/awx/venv/awx/bin/p 133264
   1188     835 /var/lib/awx/venv/awx/bin/p 131300
   1225     835 /var/lib/awx/venv/awx/bin/p 130880
   8069    1186 /var/lib/awx/venv/awx/bin/p 127236
   1212     835 /var/lib/awx/venv/awx/bin/p 127016
   8350    1186 /var/lib/awx/venv/awx/bin/p 126904
   8210    1186 /var/lib/awx/venv/awx/bin/p 126624
   8208    1186 /var/lib/awx/venv/awx/bin/p 125088
   8352    1186 /var/lib/awx/venv/awx/bin/p 124600
   8354    1186 /var/lib/awx/venv/awx/bin/p 124216

=== RECEPTOR PROCESS ANALYSIS ===
Receptor Main Processes:
    PID    PPID CMD                           RSS    VSZ %CPU %MEM     ELAPSED
    753       1 /usr/bin/receptor -c /etc/r 46800 1200184 0.0  0.5       18:15
Receptor Child Processes for PID 753:
  No child processes found
Receptor Threads for PID 753:
    PID    SPID %CPU %MEM   RSS COMMAND
    753     753  0.0  0.5 46800 receptor
    753     758  0.0  0.5 46800 receptor
    753     759  0.0  0.5 46800 receptor
    753     760  0.0  0.5 46800 receptor
    753     761  0.0  0.5 46800 receptor
    753     766  0.0  0.5 46800 receptor
    753     767  0.0  0.5 46800 receptor
Receptor Network Connections for PID 753:
COMMAND    PID          USER   FD      TYPE             DEVICE SIZE/OFF     NODE NAME
receptor   753           awx  cwd       DIR              253,0      235      128 /
receptor   753           awx  rtd       DIR              253,0      235      128 /
receptor   753           awx  txt       REG              253,0 54652712 33925292 /usr/bin/receptor
receptor   753           awx  mem       REG              253,0  5436640 50586900 /usr/lib64/libcrypto.so.3.2.2
receptor   753           awx  mem       REG              253,0  2544344 50586163 /usr/lib64/libc.so.6
receptor   753           awx  mem       REG              253,0   102552 50586185 /usr/lib64/libz.so.1.2.11
receptor   753           awx  mem       REG              253,0   897856 50586159 /usr/lib64/ld-linux-x86-64.so.2
receptor   753           awx    0r      CHR                1,3      0t0        4 /dev/null
receptor   753           awx    1w      REG              253,0     2565 33993089 /var/log/receptor/receptor.log
receptor   753           awx    2w      REG              253,0     2565 33993089 /var/log/receptor/receptor.log
receptor   753           awx    3rW     REG               0,24        0      969 /run/awx-receptor/receptor.sock.lock
receptor   753           awx    4u  a_inode               0,14        0       62 [eventpoll:5,7,8]
receptor   753           awx    5r     FIFO               0,13      0t0    21430 pipe
receptor   753           awx    6w     FIFO               0,13      0t0    21430 pipe
receptor   753           awx    7u     unix 0xffff8afa07ec8a00      0t0    16215 /var/run/awx-receptor/receptor.sock type=STREAM (LISTEN)
receptor   753           awx    8u     IPv4              26232      0t0      TCP aap24-control.aap-test.local:51094->aap24-execution.aap-test.local:27199 (ESTABLISHED)
chronyd    763        chrony    5u     IPv4              16184      0t0      UDP localhost:323 
chronyd    763        chrony    6u     IPv6              16185      0t0      UDP localhost:323 
NetworkMa  769          root   26u     IPv4              23280      0t0      UDP aap24-control.aap-test.local:bootpc->pi.hole:bootps 
sshd       802          root    3u     IPv4              16279      0t0      TCP *:ssh (LISTEN)
sshd       802          root    4u     IPv6              16281      0t0      TCP *:ssh (LISTEN)
node_expo 1111 node_exporter    3u     IPv6              25814      0t0      TCP *:jetdirect (LISTEN)
node_expo 1111 node_exporter    7u     IPv6              26405      0t0      TCP aap24-control.aap-test.local:jetdirect->monitoring-node.aap-test.local:49902 (ESTABLISHED)
pulpcore- 1116          pulp    6u     IPv4              26509      0t0      TCP aap24-control.aap-test.local:60002->aap24-database.aap-test.local:postgres (ESTABLISHED)
pulpcore- 1118          pulp    6u     IPv4              25307      0t0      TCP aap24-control.aap-test.local:59996->aap24-database.aap-test.local:postgres (ESTABLISHED)
nginx     1176          root   12u     IPv4              24386      0t0      TCP *:https (LISTEN)
nginx     1176          root   13u     IPv4              24387      0t0      TCP *:http (LISTEN)
nginx     1176          root   14u     IPv6              24388      0t0      TCP *:https (LISTEN)
nginx     1176          root   15u     IPv6              24389      0t0      TCP *:http (LISTEN)
nginx     1178         nginx   12u     IPv4              24386      0t0      TCP *:https (LISTEN)
nginx     1178         nginx   13u     IPv4              24387      0t0      TCP *:http (LISTEN)
nginx     1178         nginx   14u     IPv6              24388      0t0      TCP *:https (LISTEN)
nginx     1178         nginx   15u     IPv6              24389      0t0      TCP *:http (LISTEN)
nginx     1179         nginx   12u     IPv4              24386      0t0      TCP *:https (LISTEN)
nginx     1179         nginx   13u     IPv4              24387      0t0      TCP *:http (LISTEN)
nginx     1179         nginx   14u     IPv6              24388      0t0      TCP *:https (LISTEN)
nginx     1179         nginx   15u     IPv6              24389      0t0      TCP *:http (LISTEN)
nginx     1180         nginx   12u     IPv4              24386      0t0      TCP *:https (LISTEN)
nginx     1180         nginx   13u     IPv4              24387      0t0      TCP *:http (LISTEN)
nginx     1180         nginx   14u     IPv6              24388      0t0      TCP *:https (LISTEN)
nginx     1180         nginx   15u     IPv6              24389      0t0      TCP *:http (LISTEN)
nginx     1181         nginx   12u     IPv4              24386      0t0      TCP *:https (LISTEN)
nginx     1181         nginx   13u     IPv4              24387      0t0      TCP *:http (LISTEN)
nginx     1181         nginx   14u     IPv6              24388      0t0      TCP *:https (LISTEN)
nginx     1181         nginx   15u     IPv6              24389      0t0      TCP *:http (LISTEN)
awx-manag 1186           awx   38u     IPv4              27121      0t0      TCP aap24-control.aap-test.local:60162->aap24-database.aap-test.local:postgres (ESTABLISHED)
awx-manag 1188           awx   29u     IPv4              38928      0t0      TCP aap24-control.aap-test.local:59734->aap24-database.aap-test.local:postgres (ESTABLISHED)
daphne    1201           awx   13u     IPv4              28879      0t0      TCP aap24-control.aap-test.local:60106->aap24-database.aap-test.local:postgres (ESTABLISHED)
awx-manag 1212           awx   17u     IPv4              28973      0t0      TCP aap24-control.aap-test.local:60182->aap24-database.aap-test.local:postgres (ESTABLISHED)
awx-manag 1225          root    8u     IPv4              28965      0t0      TCP aap24-control.aap-test.local:60152->aap24-database.aap-test.local:postgres (ESTABLISHED)
awx-manag 1225          root   14u     IPv4              27893      0t0      TCP aap24-control.aap-test.local:60158->aap24-database.aap-test.local:postgres (ESTABLISHED)
awx-manag 1227           awx    8u     IPv4              27064      0t0      TCP aap24-control.aap-test.local:60098->aap24-database.aap-test.local:postgres (ESTABLISHED)
awx-manag 1227           awx   14u     IPv4              27886      0t0      TCP aap24-control.aap-test.local:60146->aap24-database.aap-test.local:postgres (ESTABLISHED)
gunicorn  1341          pulp   12u     IPv4              28148      0t0      TCP aap24-control.aap-test.local:60230->aap24-database.aap-test.local:postgres (ESTABLISHED)
gunicorn  1372          pulp   12u     IPv4              27288      0t0      TCP aap24-control.aap-test.local:60206->aap24-database.aap-test.local:postgres (ESTABLISHED)
gunicorn  1373          pulp   12u     IPv4              27206      0t0      TCP aap24-control.aap-test.local:60198->aap24-database.aap-test.local:postgres (ESTABLISHED)
gunicorn  1374          pulp   12u     IPv4              29207      0t0      TCP aap24-control.aap-test.local:60214->aap24-database.aap-test.local:postgres (ESTABLISHED)
gunicorn  1392          pulp   12u     IPv4              29210      0t0      TCP aap24-control.aap-test.local:60220->aap24-database.aap-test.local:postgres (ESTABLISHED)
gunicorn  1397          pulp   12u     IPv4              29213      0t0      TCP aap24-control.aap-test.local:60236->aap24-database.aap-test.local:postgres (ESTABLISHED)
gunicorn  1418          pulp   11u     IPv4              29088      0t0      TCP aap24-control.aap-test.local:60184->aap24-database.aap-test.local:postgres (ESTABLISHED)
gunicorn  1430          pulp   11u     IPv4              28105      0t0      TCP aap24-control.aap-test.local:60222->aap24-database.aap-test.local:postgres (ESTABLISHED)
awx-manag 8069           awx   38u     IPv4              27121      0t0      TCP aap24-control.aap-test.local:60162->aap24-database.aap-test.local:postgres (ESTABLISHED)
awx-manag 8069           awx   61u     IPv4              79105      0t0      TCP aap24-control.aap-test.local:36730->aap24-database.aap-test.local:postgres (ESTABLISHED)
awx-manag 8208           awx   38u     IPv4              27121      0t0      TCP aap24-control.aap-test.local:60162->aap24-database.aap-test.local:postgres (ESTABLISHED)
awx-manag 8208           awx   58u     IPv4              76489      0t0      TCP aap24-control.aap-test.local:56586->aap24-database.aap-test.local:postgres (ESTABLISHED)
awx-manag 8210           awx   38u     IPv4              27121      0t0      TCP aap24-control.aap-test.local:60162->aap24-database.aap-test.local:postgres (ESTABLISHED)
awx-manag 8210           awx   39u     IPv4              76534      0t0      TCP aap24-control.aap-test.local:60978->aap24-database.aap-test.local:postgres (ESTABLISHED)
awx-manag 8212           awx   38u     IPv4              27121      0t0      TCP aap24-control.aap-test.local:60162->aap24-database.aap-test.local:postgres (ESTABLISHED)
awx-manag 8350           awx   38u     IPv4              27121      0t0      TCP aap24-control.aap-test.local:60162->aap24-database.aap-test.local:postgres (ESTABLISHED)
awx-manag 8352           awx   38u     IPv4              27121      0t0      TCP aap24-control.aap-test.local:60162->aap24-database.aap-test.local:postgres (ESTABLISHED)
awx-manag 8352           awx   43u     IPv4              79140      0t0      TCP aap24-control.aap-test.local:60974->aap24-database.aap-test.local:postgres (ESTABLISHED)
awx-manag 8354           awx   38u     IPv4              27121      0t0      TCP aap24-control.aap-test.local:60162->aap24-database.aap-test.local:postgres (ESTABLISHED)
sshd      8470          root    4u     IPv4              77224      0t0      TCP aap24-control.aap-test.local:ssh->192.168.1.49:35216 (ESTABLISHED)
sshd      8490          root    4u     IPv4              77224      0t0      TCP aap24-control.aap-test.local:ssh->192.168.1.49:35216 (ESTABLISHED)

    PID    PPID CMD                           RSS    VSZ %CPU %MEM     ELAPSED
   8628       1 bash -c  log_file="/tmp/mem  3456   7260  0.0  0.0       00:00
Receptor Child Processes for PID 8628:
      PID    PPID CMD                           RSS    VSZ %CPU %MEM     ELAPSED
Receptor Threads for PID 8628:
    PID    SPID %CPU %MEM   RSS COMMAND
   8628    8628  0.0  0.0  3456 bash
Receptor Network Connections for PID 8628:
COMMAND    PID          USER   FD   TYPE DEVICE SIZE/OFF     NODE NAME
receptor   753           awx    8u  IPv4  26232      0t0      TCP aap24-control.aap-test.local:51094->aap24-execution.aap-test.local:27199 (ESTABLISHED)
chronyd    763        chrony    5u  IPv4  16184      0t0      UDP localhost:323 
chronyd    763        chrony    6u  IPv6  16185      0t0      UDP localhost:323 
NetworkMa  769          root   26u  IPv4  23280      0t0      UDP aap24-control.aap-test.local:bootpc->pi.hole:bootps 
sshd       802          root    3u  IPv4  16279      0t0      TCP *:ssh (LISTEN)
sshd       802          root    4u  IPv6  16281      0t0      TCP *:ssh (LISTEN)
node_expo 1111 node_exporter    3u  IPv6  25814      0t0      TCP *:jetdirect (LISTEN)
node_expo 1111 node_exporter    7u  IPv6  26405      0t0      TCP aap24-control.aap-test.local:jetdirect->monitoring-node.aap-test.local:49902 (ESTABLISHED)
pulpcore- 1116          pulp    6u  IPv4  26509      0t0      TCP aap24-control.aap-test.local:60002->aap24-database.aap-test.local:postgres (ESTABLISHED)
pulpcore- 1118          pulp    6u  IPv4  25307      0t0      TCP aap24-control.aap-test.local:59996->aap24-database.aap-test.local:postgres (ESTABLISHED)
nginx     1176          root   12u  IPv4  24386      0t0      TCP *:https (LISTEN)
nginx     1176          root   13u  IPv4  24387      0t0      TCP *:http (LISTEN)
nginx     1176          root   14u  IPv6  24388      0t0      TCP *:https (LISTEN)
nginx     1176          root   15u  IPv6  24389      0t0      TCP *:http (LISTEN)
nginx     1178         nginx   12u  IPv4  24386      0t0      TCP *:https (LISTEN)
nginx     1178         nginx   13u  IPv4  24387      0t0      TCP *:http (LISTEN)
nginx     1178         nginx   14u  IPv6  24388      0t0      TCP *:https (LISTEN)
nginx     1178         nginx   15u  IPv6  24389      0t0      TCP *:http (LISTEN)
nginx     1179         nginx   12u  IPv4  24386      0t0      TCP *:https (LISTEN)
nginx     1179         nginx   13u  IPv4  24387      0t0      TCP *:http (LISTEN)
nginx     1179         nginx   14u  IPv6  24388      0t0      TCP *:https (LISTEN)
nginx     1179         nginx   15u  IPv6  24389      0t0      TCP *:http (LISTEN)
nginx     1180         nginx   12u  IPv4  24386      0t0      TCP *:https (LISTEN)
nginx     1180         nginx   13u  IPv4  24387      0t0      TCP *:http (LISTEN)
nginx     1180         nginx   14u  IPv6  24388      0t0      TCP *:https (LISTEN)
nginx     1180         nginx   15u  IPv6  24389      0t0      TCP *:http (LISTEN)
nginx     1181         nginx   12u  IPv4  24386      0t0      TCP *:https (LISTEN)
nginx     1181         nginx   13u  IPv4  24387      0t0      TCP *:http (LISTEN)
nginx     1181         nginx   14u  IPv6  24388      0t0      TCP *:https (LISTEN)
nginx     1181         nginx   15u  IPv6  24389      0t0      TCP *:http (LISTEN)
awx-manag 1186           awx   38u  IPv4  27121      0t0      TCP aap24-control.aap-test.local:60162->aap24-database.aap-test.local:postgres (ESTABLISHED)
awx-manag 1188           awx   29u  IPv4  38928      0t0      TCP aap24-control.aap-test.local:59734->aap24-database.aap-test.local:postgres (ESTABLISHED)
daphne    1201           awx   13u  IPv4  28879      0t0      TCP aap24-control.aap-test.local:60106->aap24-database.aap-test.local:postgres (ESTABLISHED)
awx-manag 1212           awx   17u  IPv4  28973      0t0      TCP aap24-control.aap-test.local:60182->aap24-database.aap-test.local:postgres (ESTABLISHED)
awx-manag 1225          root    8u  IPv4  28965      0t0      TCP aap24-control.aap-test.local:60152->aap24-database.aap-test.local:postgres (ESTABLISHED)
awx-manag 1225          root   14u  IPv4  27893      0t0      TCP aap24-control.aap-test.local:60158->aap24-database.aap-test.local:postgres (ESTABLISHED)
awx-manag 1227           awx    8u  IPv4  27064      0t0      TCP aap24-control.aap-test.local:60098->aap24-database.aap-test.local:postgres (ESTABLISHED)
awx-manag 1227           awx   14u  IPv4  27886      0t0      TCP aap24-control.aap-test.local:60146->aap24-database.aap-test.local:postgres (ESTABLISHED)
gunicorn  1341          pulp   12u  IPv4  28148      0t0      TCP aap24-control.aap-test.local:60230->aap24-database.aap-test.local:postgres (ESTABLISHED)
gunicorn  1372          pulp   12u  IPv4  27288      0t0      TCP aap24-control.aap-test.local:60206->aap24-database.aap-test.local:postgres (ESTABLISHED)
gunicorn  1373          pulp   12u  IPv4  27206      0t0      TCP aap24-control.aap-test.local:60198->aap24-database.aap-test.local:postgres (ESTABLISHED)
gunicorn  1374          pulp   12u  IPv4  29207      0t0      TCP aap24-control.aap-test.local:60214->aap24-database.aap-test.local:postgres (ESTABLISHED)
gunicorn  1392          pulp   12u  IPv4  29210      0t0      TCP aap24-control.aap-test.local:60220->aap24-database.aap-test.local:postgres (ESTABLISHED)
gunicorn  1397          pulp   12u  IPv4  29213      0t0      TCP aap24-control.aap-test.local:60236->aap24-database.aap-test.local:postgres (ESTABLISHED)
gunicorn  1418          pulp   11u  IPv4  29088      0t0      TCP aap24-control.aap-test.local:60184->aap24-database.aap-test.local:postgres (ESTABLISHED)
gunicorn  1430          pulp   11u  IPv4  28105      0t0      TCP aap24-control.aap-test.local:60222->aap24-database.aap-test.local:postgres (ESTABLISHED)
awx-manag 8069           awx   38u  IPv4  27121      0t0      TCP aap24-control.aap-test.local:60162->aap24-database.aap-test.local:postgres (ESTABLISHED)
awx-manag 8069           awx   61u  IPv4  79105      0t0      TCP aap24-control.aap-test.local:36730->aap24-database.aap-test.local:postgres (ESTABLISHED)
awx-manag 8208           awx   38u  IPv4  27121      0t0      TCP aap24-control.aap-test.local:60162->aap24-database.aap-test.local:postgres (ESTABLISHED)
awx-manag 8208           awx   58u  IPv4  76489      0t0      TCP aap24-control.aap-test.local:56586->aap24-database.aap-test.local:postgres (ESTABLISHED)
awx-manag 8210           awx   38u  IPv4  27121      0t0      TCP aap24-control.aap-test.local:60162->aap24-database.aap-test.local:postgres (ESTABLISHED)
awx-manag 8210           awx   39u  IPv4  76534      0t0      TCP aap24-control.aap-test.local:60978->aap24-database.aap-test.local:postgres (ESTABLISHED)
awx-manag 8212           awx   38u  IPv4  27121      0t0      TCP aap24-control.aap-test.local:60162->aap24-database.aap-test.local:postgres (ESTABLISHED)
awx-manag 8350           awx   38u  IPv4  27121      0t0      TCP aap24-control.aap-test.local:60162->aap24-database.aap-test.local:postgres (ESTABLISHED)
awx-manag 8352           awx   38u  IPv4  27121      0t0      TCP aap24-control.aap-test.local:60162->aap24-database.aap-test.local:postgres (ESTABLISHED)
awx-manag 8352           awx   43u  IPv4  79140      0t0      TCP aap24-control.aap-test.local:60974->aap24-database.aap-test.local:postgres (ESTABLISHED)
awx-manag 8354           awx   38u  IPv4  27121      0t0      TCP aap24-control.aap-test.local:60162->aap24-database.aap-test.local:postgres (ESTABLISHED)
sshd      8470          root    4u  IPv4  77224      0t0      TCP aap24-control.aap-test.local:ssh->192.168.1.49:35216 (ESTABLISHED)
sshd      8490          root    4u  IPv4  77224      0t0      TCP aap24-control.aap-test.local:ssh->192.168.1.49:35216 (ESTABLISHED)
bash      8628          root  cwd    DIR  253,0      164 33685638 /root
bash      8628          root  rtd    DIR  253,0      235      128 /
bash      8628          root  txt    REG  253,0  1389072 33846112 /usr/bin/bash
bash      8628          root  mem    REG  253,0  2586930 50586136 /usr/lib/locale/en_US.utf8/LC_COLLATE
bash      8628          root  mem    REG  253,0  2544344 50586163 /usr/lib64/libc.so.6
bash      8628          root  mem    REG  253,0   346132 33846229 /usr/lib/locale/C.utf8/LC_CTYPE
bash      8628          root  mem    REG  253,0       54 50586139 /usr/lib/locale/en_US.utf8/LC_NUMERIC
bash      8628          root  mem    REG  253,0     3284   223295 /usr/lib/locale/en_US.utf8/LC_TIME
bash      8628          root  mem    REG  253,0      286   223293 /usr/lib/locale/en_US.utf8/LC_MONETARY
bash      8628          root  mem    REG  253,0       57   223370 /usr/lib/locale/en_US.utf8/LC_MESSAGES/SYS_LC_MESSAGES
bash      8628          root  mem    REG  253,0    26988 17218970 /usr/lib64/gconv/gconv-modules.cache
bash      8628          root  mem    REG  253,0   195080 50585814 /usr/lib64/libtinfo.so.6.2
bash      8628          root  mem    REG  253,0       34 33846531 /usr/lib/locale/en_US.utf8/LC_PAPER
bash      8628          root  mem    REG  253,0       77 50586138 /usr/lib/locale/en_US.utf8/LC_NAME
bash      8628          root  mem    REG  253,0      167   223289 /usr/lib/locale/en_US.utf8/LC_ADDRESS
bash      8628          root  mem    REG  253,0       59   223294 /usr/lib/locale/en_US.utf8/LC_TELEPHONE
bash      8628          root  mem    REG  253,0       23   223292 /usr/lib/locale/en_US.utf8/LC_MEASUREMENT
bash      8628          root  mem    REG  253,0      369   223291 /usr/lib/locale/en_US.utf8/LC_IDENTIFICATION
bash      8628          root  mem    REG  253,0   897856 50586159 /usr/lib64/ld-linux-x86-64.so.2
bash      8628          root    0r   CHR    1,3      0t0        4 /dev/null
bash      8628          root    1w   REG  253,0        0 16785749 /tmp/memory_monitor.log
bash      8628          root    2w   REG  253,0        0 16785749 /tmp/memory_monitor.log
bash      8628          root    3r  FIFO   0,13      0t0    77409 pipe

    PID    PPID CMD                           RSS    VSZ %CPU %MEM     ELAPSED
Receptor Child Processes for PID 8636:
  No child processes found
Receptor Threads for PID 8636:
    PID    SPID %CPU %MEM   RSS COMMAND
Receptor Network Connections for PID 8636:
COMMAND    PID          USER   FD   TYPE DEVICE SIZE/OFF NODE NAME
receptor   753           awx    8u  IPv4  26232      0t0  TCP aap24-control.aap-test.local:51094->aap24-execution.aap-test.local:27199 (ESTABLISHED)
chronyd    763        chrony    5u  IPv4  16184      0t0  UDP localhost:323 
chronyd    763        chrony    6u  IPv6  16185      0t0  UDP localhost:323 
NetworkMa  769          root   26u  IPv4  23280      0t0  UDP aap24-control.aap-test.local:bootpc->pi.hole:bootps 
sshd       802          root    3u  IPv4  16279      0t0  TCP *:ssh (LISTEN)
sshd       802          root    4u  IPv6  16281      0t0  TCP *:ssh (LISTEN)
node_expo 1111 node_exporter    3u  IPv6  25814      0t0  TCP *:jetdirect (LISTEN)
node_expo 1111 node_exporter    7u  IPv6  26405      0t0  TCP aap24-control.aap-test.local:jetdirect->monitoring-node.aap-test.local:49902 (ESTABLISHED)
pulpcore- 1116          pulp    6u  IPv4  26509      0t0  TCP aap24-control.aap-test.local:60002->aap24-database.aap-test.local:postgres (ESTABLISHED)
pulpcore- 1118          pulp    6u  IPv4  25307      0t0  TCP aap24-control.aap-test.local:59996->aap24-database.aap-test.local:postgres (ESTABLISHED)
nginx     1176          root   12u  IPv4  24386      0t0  TCP *:https (LISTEN)
nginx     1176          root   13u  IPv4  24387      0t0  TCP *:http (LISTEN)
nginx     1176          root   14u  IPv6  24388      0t0  TCP *:https (LISTEN)
nginx     1176          root   15u  IPv6  24389      0t0  TCP *:http (LISTEN)
nginx     1178         nginx   12u  IPv4  24386      0t0  TCP *:https (LISTEN)
nginx     1178         nginx   13u  IPv4  24387      0t0  TCP *:http (LISTEN)
nginx     1178         nginx   14u  IPv6  24388      0t0  TCP *:https (LISTEN)
nginx     1178         nginx   15u  IPv6  24389      0t0  TCP *:http (LISTEN)
nginx     1179         nginx   12u  IPv4  24386      0t0  TCP *:https (LISTEN)
nginx     1179         nginx   13u  IPv4  24387      0t0  TCP *:http (LISTEN)
nginx     1179         nginx   14u  IPv6  24388      0t0  TCP *:https (LISTEN)
nginx     1179         nginx   15u  IPv6  24389      0t0  TCP *:http (LISTEN)
nginx     1180         nginx   12u  IPv4  24386      0t0  TCP *:https (LISTEN)
nginx     1180         nginx   13u  IPv4  24387      0t0  TCP *:http (LISTEN)
nginx     1180         nginx   14u  IPv6  24388      0t0  TCP *:https (LISTEN)
nginx     1180         nginx   15u  IPv6  24389      0t0  TCP *:http (LISTEN)
nginx     1181         nginx   12u  IPv4  24386      0t0  TCP *:https (LISTEN)
nginx     1181         nginx   13u  IPv4  24387      0t0  TCP *:http (LISTEN)
nginx     1181         nginx   14u  IPv6  24388      0t0  TCP *:https (LISTEN)
nginx     1181         nginx   15u  IPv6  24389      0t0  TCP *:http (LISTEN)
awx-manag 1186           awx   38u  IPv4  27121      0t0  TCP aap24-control.aap-test.local:60162->aap24-database.aap-test.local:postgres (ESTABLISHED)
awx-manag 1188           awx   29u  IPv4  38928      0t0  TCP aap24-control.aap-test.local:59734->aap24-database.aap-test.local:postgres (ESTABLISHED)
daphne    1201           awx   13u  IPv4  28879      0t0  TCP aap24-control.aap-test.local:60106->aap24-database.aap-test.local:postgres (ESTABLISHED)
awx-manag 1212           awx   17u  IPv4  28973      0t0  TCP aap24-control.aap-test.local:60182->aap24-database.aap-test.local:postgres (ESTABLISHED)
awx-manag 1225          root    8u  IPv4  28965      0t0  TCP aap24-control.aap-test.local:60152->aap24-database.aap-test.local:postgres (ESTABLISHED)
awx-manag 1225          root   14u  IPv4  27893      0t0  TCP aap24-control.aap-test.local:60158->aap24-database.aap-test.local:postgres (ESTABLISHED)
awx-manag 1227           awx    8u  IPv4  27064      0t0  TCP aap24-control.aap-test.local:60098->aap24-database.aap-test.local:postgres (ESTABLISHED)
awx-manag 1227           awx   14u  IPv4  27886      0t0  TCP aap24-control.aap-test.local:60146->aap24-database.aap-test.local:postgres (ESTABLISHED)
gunicorn  1341          pulp   12u  IPv4  28148      0t0  TCP aap24-control.aap-test.local:60230->aap24-database.aap-test.local:postgres (ESTABLISHED)
gunicorn  1372          pulp   12u  IPv4  27288      0t0  TCP aap24-control.aap-test.local:60206->aap24-database.aap-test.local:postgres (ESTABLISHED)
gunicorn  1373          pulp   12u  IPv4  27206      0t0  TCP aap24-control.aap-test.local:60198->aap24-database.aap-test.local:postgres (ESTABLISHED)
gunicorn  1374          pulp   12u  IPv4  29207      0t0  TCP aap24-control.aap-test.local:60214->aap24-database.aap-test.local:postgres (ESTABLISHED)
gunicorn  1392          pulp   12u  IPv4  29210      0t0  TCP aap24-control.aap-test.local:60220->aap24-database.aap-test.local:postgres (ESTABLISHED)
gunicorn  1397          pulp   12u  IPv4  29213      0t0  TCP aap24-control.aap-test.local:60236->aap24-database.aap-test.local:postgres (ESTABLISHED)
gunicorn  1418          pulp   11u  IPv4  29088      0t0  TCP aap24-control.aap-test.local:60184->aap24-database.aap-test.local:postgres (ESTABLISHED)
gunicorn  1430          pulp   11u  IPv4  28105      0t0  TCP aap24-control.aap-test.local:60222->aap24-database.aap-test.local:postgres (ESTABLISHED)
awx-manag 8069           awx   38u  IPv4  27121      0t0  TCP aap24-control.aap-test.local:60162->aap24-database.aap-test.local:postgres (ESTABLISHED)
awx-manag 8069           awx   61u  IPv4  79105      0t0  TCP aap24-control.aap-test.local:36730->aap24-database.aap-test.local:postgres (ESTABLISHED)
awx-manag 8208           awx   38u  IPv4  27121      0t0  TCP aap24-control.aap-test.local:60162->aap24-database.aap-test.local:postgres (ESTABLISHED)
awx-manag 8208           awx   58u  IPv4  76489      0t0  TCP aap24-control.aap-test.local:56586->aap24-database.aap-test.local:postgres (ESTABLISHED)
awx-manag 8210           awx   38u  IPv4  27121      0t0  TCP aap24-control.aap-test.local:60162->aap24-database.aap-test.local:postgres (ESTABLISHED)
awx-manag 8210           awx   39u  IPv4  76534      0t0  TCP aap24-control.aap-test.local:60978->aap24-database.aap-test.local:postgres (ESTABLISHED)
awx-manag 8212           awx   38u  IPv4  27121      0t0  TCP aap24-control.aap-test.local:60162->aap24-database.aap-test.local:postgres (ESTABLISHED)
awx-manag 8350           awx   38u  IPv4  27121      0t0  TCP aap24-control.aap-test.local:60162->aap24-database.aap-test.local:postgres (ESTABLISHED)
awx-manag 8352           awx   38u  IPv4  27121      0t0  TCP aap24-control.aap-test.local:60162->aap24-database.aap-test.local:postgres (ESTABLISHED)
awx-manag 8352           awx   43u  IPv4  79140      0t0  TCP aap24-control.aap-test.local:60974->aap24-database.aap-test.local:postgres (ESTABLISHED)
awx-manag 8354           awx   38u  IPv4  27121      0t0  TCP aap24-control.aap-test.local:60162->aap24-database.aap-test.local:postgres (ESTABLISHED)
sshd      8470          root    4u  IPv4  77224      0t0  TCP aap24-control.aap-test.local:ssh->192.168.1.49:35216 (ESTABLISHED)
sshd      8490          root    4u  IPv4  77224      0t0  TCP aap24-control.aap-test.local:ssh->192.168.1.49:35216 (ESTABLISHED)
  No network connections found

=== RECEPTOR MEMORY SUMMARY ===
Total Receptor RSS Memory: 50256 KB (49 MB)
Total Receptor VSZ Memory: 1207444 KB (1179 MB)
Number of Receptor Processes: 3

AAP-related Processes and Children:
=== AAP Service Processes ===
Process: gunicorn (PID: 744)
    PID    PPID CMD                           RSS
    744       1 /usr/bin/python3 /bin/gunic 25740
  Children of PID 744:
    PID    PPID CMD                           RSS
    827     744 /usr/bin/python3 /bin/gunic 69436
    PID    PPID CMD                           RSS
    853     744 /usr/bin/python3 /bin/gunic 69060
    PID    PPID CMD                           RSS
    858     744 /usr/bin/python3 /bin/gunic 69536
    PID    PPID CMD                           RSS
    862     744 /usr/bin/python3 /bin/gunic 69224
    PID    PPID CMD                           RSS
    867     744 /usr/bin/python3 /bin/gunic 69368
    PID    PPID CMD                           RSS
    892     744 /usr/bin/python3 /bin/gunic 69324
    PID    PPID CMD                           RSS
    903     744 /usr/bin/python3 /bin/gunic 69388
    PID    PPID CMD                           RSS
    929     744 /usr/bin/python3 /bin/gunic 69296
    PID    PPID CMD                           RSS
    984     744 /usr/bin/python3 /bin/gunic 69340

Process: receptor (PID: 753)
    PID    PPID CMD                           RSS
    753       1 /usr/bin/receptor -c /etc/r 46800

Process: gunicorn (PID: 827)
    PID    PPID CMD                           RSS
    827     744 /usr/bin/python3 /bin/gunic 69436

Process: gunicorn (PID: 853)
    PID    PPID CMD                           RSS
    853     744 /usr/bin/python3 /bin/gunic 69060

Process: gunicorn (PID: 858)
    PID    PPID CMD                           RSS
    858     744 /usr/bin/python3 /bin/gunic 69536

Process: gunicorn (PID: 862)
    PID    PPID CMD                           RSS
    862     744 /usr/bin/python3 /bin/gunic 69224

Process: gunicorn (PID: 867)
    PID    PPID CMD                           RSS
    867     744 /usr/bin/python3 /bin/gunic 69368

Process: gunicorn (PID: 892)
    PID    PPID CMD                           RSS
    892     744 /usr/bin/python3 /bin/gunic 69324

Process: gunicorn (PID: 903)
    PID    PPID CMD                           RSS
    903     744 /usr/bin/python3 /bin/gunic 69388

Process: gunicorn (PID: 929)
    PID    PPID CMD                           RSS
    929     744 /usr/bin/python3 /bin/gunic 69296

Process: gunicorn (PID: 984)
    PID    PPID CMD                           RSS
    984     744 /usr/bin/python3 /bin/gunic 69340

Process: redis-server (PID: 1121)
    PID    PPID CMD                           RSS
   1121       1 /usr/bin/redis-server unixs 13436

Process: nginx (PID: 1176)
    PID    PPID CMD                           RSS
   1176       1 nginx: master process /usr/  2576
  Children of PID 1176:
    PID    PPID CMD                           RSS
   1178    1176 nginx: worker process        4112
    PID    PPID CMD                           RSS
   1179    1176 nginx: worker process        4112
    PID    PPID CMD                           RSS
   1180    1176 nginx: worker process        4112
    PID    PPID CMD                           RSS
   1181    1176 nginx: worker process        8336

Process: nginx (PID: 1178)
    PID    PPID CMD                           RSS
   1178    1176 nginx: worker process        4112

Process: nginx (PID: 1179)
    PID    PPID CMD                           RSS
   1179    1176 nginx: worker process        4112

Process: nginx (PID: 1180)
    PID    PPID CMD                           RSS
   1180    1176 nginx: worker process        4112

Process: nginx (PID: 1181)
    PID    PPID CMD                           RSS
   1181    1176 nginx: worker process        8336

Process: uwsgi (PID: 1191)
    PID    PPID CMD                           RSS
   1191     835 /var/lib/awx/venv/awx/bin/u 103248
  Children of PID 1191:
    PID    PPID CMD                           RSS
   1686    1191 /var/lib/awx/venv/awx/bin/u 87792
    PID    PPID CMD                           RSS
   1687    1191 /var/lib/awx/venv/awx/bin/u 108656
    PID    PPID CMD                           RSS
   1688    1191 /var/lib/awx/venv/awx/bin/u 87792
    PID    PPID CMD                           RSS
   1689    1191 /var/lib/awx/venv/awx/bin/u 87792

Process: uwsgi (PID: 1686)
    PID    PPID CMD                           RSS
   1686    1191 /var/lib/awx/venv/awx/bin/u 87792

Process: uwsgi (PID: 1687)
    PID    PPID CMD                           RSS
   1687    1191 /var/lib/awx/venv/awx/bin/u 108656

Process: uwsgi (PID: 1688)
    PID    PPID CMD                           RSS
   1688    1191 /var/lib/awx/venv/awx/bin/u 87792

Process: uwsgi (PID: 1689)
    PID    PPID CMD                           RSS
   1689    1191 /var/lib/awx/venv/awx/bin/u 87792

Process: bash (PID: 8628)
    PID    PPID CMD                           RSS
   8628       1 bash -c  log_file="/tmp/mem  3456
  Children of PID 8628:
    PID    PPID CMD                           RSS
   8716    8628 bash -c  log_file="/tmp/mem  2084

Process: bash (PID: 8716)
    PID    PPID CMD                           RSS
   8716    8628 bash -c  log_file="/tmp/mem  2084
  Children of PID 8716:
    PID    PPID CMD                           RSS


Process Tree for AAP Services:
=== automation-controller Process Tree ===
bash(8628)---pstree(8810)
=== receptor Process Tree ===
receptor(753)-+-{receptor}(758)
              |-{receptor}(759)
              |-{receptor}(760)
              |-{receptor}(761)
              |-{receptor}(766)
              `-{receptor}(767)
bash(8628)---pstree(8815)
=== nginx Process Tree ===
nginx(1176)-+-nginx(1178)
            |-nginx(1179)
            |-nginx(1180)
            `-nginx(1181)
nginx(1178)
nginx(1179)
nginx(1180)
nginx(1181)
bash(8628)---pstree(8824)
=== postgresql Process Tree ===
bash(8628)---pstree(8828)
=== redis Process Tree ===
redis-server(1121)-+-{redis-server}(1140)
                   |-{redis-server}(1141)
                   |-{redis-server}(1142)
                   `-{redis-server}(1143)
bash(8628)---pstree(8833)
=== uwsgi Process Tree ===
uwsgi(1191)-+-uwsgi(1686)
            |-uwsgi(1687)
            |-uwsgi(1688)
            `-uwsgi(1689)
uwsgi(1686)
uwsgi(1687)
uwsgi(1688)
uwsgi(1689)
bash(8628)---pstree(8842)
=== automation-hub Process Tree ===
bash(8628)---pstree(8846)
=== automation-eda Process Tree ===
gunicorn(744)-+-gunicorn(827)
              |-gunicorn(853)
              |-gunicorn(858)
              |-gunicorn(862)
              |-gunicorn(867)
              |-gunicorn(892)
              |-gunicorn(903)
              |-gunicorn(929)
              `-gunicorn(984)
gunicorn(827)
gunicorn(853)
gunicorn(858)
gunicorn(862)
gunicorn(867)
gunicorn(892)
gunicorn(903)
gunicorn(929)
gunicorn(984)
bash(8628)---pstree(8860)

=================================================================================
2025-06-27 14:22:02
Memory Usage Report:
               total        used        free      shared  buff/cache   available
Mem:            7681        4287        3250          11         403        3393
Swap:           3071           0        3071

Top 10 Processes by RSS Memory:
    PID    PPID CMD                           RSS
   1186     835 /var/lib/awx/venv/awx/bin/p 133264
   1188     835 /var/lib/awx/venv/awx/bin/p 131300
   1225     835 /var/lib/awx/venv/awx/bin/p 130880
   8350    1186 /var/lib/awx/venv/awx/bin/p 127416
   1212     835 /var/lib/awx/venv/awx/bin/p 127016
   8352    1186 /var/lib/awx/venv/awx/bin/p 126904
   8354    1186 /var/lib/awx/venv/awx/bin/p 126904
   8212    1186 /var/lib/awx/venv/awx/bin/p 126624
   8875    1186 /var/lib/awx/venv/awx/bin/p 124752
   8877    1186 /var/lib/awx/venv/awx/bin/p 124624

=== RECEPTOR PROCESS ANALYSIS ===
Receptor Main Processes:
    PID    PPID CMD                           RSS    VSZ %CPU %MEM     ELAPSED
    753       1 /usr/bin/receptor -c /etc/r 46800 1200184 0.0  0.5       18:47
Receptor Child Processes for PID 753:
  No child processes found
Receptor Threads for PID 753:
    PID    SPID %CPU %MEM   RSS COMMAND
    753     753  0.0  0.5 46800 receptor
    753     758  0.0  0.5 46800 receptor
    753     759  0.0  0.5 46800 receptor
    753     760  0.0  0.5 46800 receptor
    753     761  0.0  0.5 46800 receptor
    753     766  0.0  0.5 46800 receptor
    753     767  0.0  0.5 46800 receptor
Receptor Network Connections for PID 753:
COMMAND    PID          USER   FD      TYPE             DEVICE SIZE/OFF     NODE NAME
receptor   753           awx  cwd       DIR              253,0      235      128 /
receptor   753           awx  rtd       DIR              253,0      235      128 /
receptor   753           awx  txt       REG              253,0 54652712 33925292 /usr/bin/receptor
receptor   753           awx  mem       REG              253,0  5436640 50586900 /usr/lib64/libcrypto.so.3.2.2
receptor   753           awx  mem       REG              253,0  2544344 50586163 /usr/lib64/libc.so.6
receptor   753           awx  mem       REG              253,0   102552 50586185 /usr/lib64/libz.so.1.2.11
receptor   753           awx  mem       REG              253,0   897856 50586159 /usr/lib64/ld-linux-x86-64.so.2
receptor   753           awx    0r      CHR                1,3      0t0        4 /dev/null
receptor   753           awx    1w      REG              253,0     2565 33993089 /var/log/receptor/receptor.log
receptor   753           awx    2w      REG              253,0     2565 33993089 /var/log/receptor/receptor.log
receptor   753           awx    3rW     REG               0,24        0      969 /run/awx-receptor/receptor.sock.lock
receptor   753           awx    4u  a_inode               0,14        0       62 [eventpoll:5,7,8]
receptor   753           awx    5r     FIFO               0,13      0t0    21430 pipe
receptor   753           awx    6w     FIFO               0,13      0t0    21430 pipe
receptor   753           awx    7u     unix 0xffff8afa07ec8a00      0t0    16215 /var/run/awx-receptor/receptor.sock type=STREAM (LISTEN)
receptor   753           awx    8u     IPv4              26232      0t0      TCP aap24-control.aap-test.local:51094->aap24-execution.aap-test.local:27199 (ESTABLISHED)
chronyd    763        chrony    5u     IPv4              16184      0t0      UDP localhost:323 
chronyd    763        chrony    6u     IPv6              16185      0t0      UDP localhost:323 
NetworkMa  769          root   26u     IPv4              23280      0t0      UDP aap24-control.aap-test.local:bootpc->pi.hole:bootps 
sshd       802          root    3u     IPv4              16279      0t0      TCP *:ssh (LISTEN)
sshd       802          root    4u     IPv6              16281      0t0      TCP *:ssh (LISTEN)
node_expo 1111 node_exporter    3u     IPv6              25814      0t0      TCP *:jetdirect (LISTEN)
node_expo 1111 node_exporter    7u     IPv6              26405      0t0      TCP aap24-control.aap-test.local:jetdirect->monitoring-node.aap-test.local:49902 (ESTABLISHED)
pulpcore- 1116          pulp    6u     IPv4              26509      0t0      TCP aap24-control.aap-test.local:60002->aap24-database.aap-test.local:postgres (ESTABLISHED)
pulpcore- 1118          pulp    6u     IPv4              25307      0t0      TCP aap24-control.aap-test.local:59996->aap24-database.aap-test.local:postgres (ESTABLISHED)
nginx     1176          root   12u     IPv4              24386      0t0      TCP *:https (LISTEN)
nginx     1176          root   13u     IPv4              24387      0t0      TCP *:http (LISTEN)
nginx     1176          root   14u     IPv6              24388      0t0      TCP *:https (LISTEN)
nginx     1176          root   15u     IPv6              24389      0t0      TCP *:http (LISTEN)
nginx     1178         nginx   12u     IPv4              24386      0t0      TCP *:https (LISTEN)
nginx     1178         nginx   13u     IPv4              24387      0t0      TCP *:http (LISTEN)
nginx     1178         nginx   14u     IPv6              24388      0t0      TCP *:https (LISTEN)
nginx     1178         nginx   15u     IPv6              24389      0t0      TCP *:http (LISTEN)
nginx     1179         nginx   12u     IPv4              24386      0t0      TCP *:https (LISTEN)
nginx     1179         nginx   13u     IPv4              24387      0t0      TCP *:http (LISTEN)
nginx     1179         nginx   14u     IPv6              24388      0t0      TCP *:https (LISTEN)
nginx     1179         nginx   15u     IPv6              24389      0t0      TCP *:http (LISTEN)
nginx     1180         nginx   12u     IPv4              24386      0t0      TCP *:https (LISTEN)
nginx     1180         nginx   13u     IPv4              24387      0t0      TCP *:http (LISTEN)
nginx     1180         nginx   14u     IPv6              24388      0t0      TCP *:https (LISTEN)
nginx     1180         nginx   15u     IPv6              24389      0t0      TCP *:http (LISTEN)
nginx     1181         nginx   12u     IPv4              24386      0t0      TCP *:https (LISTEN)
nginx     1181         nginx   13u     IPv4              24387      0t0      TCP *:http (LISTEN)
nginx     1181         nginx   14u     IPv6              24388      0t0      TCP *:https (LISTEN)
nginx     1181         nginx   15u     IPv6              24389      0t0      TCP *:http (LISTEN)
awx-manag 1186           awx   38u     IPv4              27121      0t0      TCP aap24-control.aap-test.local:60162->aap24-database.aap-test.local:postgres (ESTABLISHED)
awx-manag 1188           awx   29u     IPv4              38928      0t0      TCP aap24-control.aap-test.local:59734->aap24-database.aap-test.local:postgres (ESTABLISHED)
daphne    1201           awx   13u     IPv4              28879      0t0      TCP aap24-control.aap-test.local:60106->aap24-database.aap-test.local:postgres (ESTABLISHED)
awx-manag 1212           awx   17u     IPv4              28973      0t0      TCP aap24-control.aap-test.local:60182->aap24-database.aap-test.local:postgres (ESTABLISHED)
awx-manag 1225          root    8u     IPv4              28965      0t0      TCP aap24-control.aap-test.local:60152->aap24-database.aap-test.local:postgres (ESTABLISHED)
awx-manag 1225          root   14u     IPv4              27893      0t0      TCP aap24-control.aap-test.local:60158->aap24-database.aap-test.local:postgres (ESTABLISHED)
awx-manag 1227           awx    8u     IPv4              27064      0t0      TCP aap24-control.aap-test.local:60098->aap24-database.aap-test.local:postgres (ESTABLISHED)
awx-manag 1227           awx   14u     IPv4              27886      0t0      TCP aap24-control.aap-test.local:60146->aap24-database.aap-test.local:postgres (ESTABLISHED)
gunicorn  1341          pulp   12u     IPv4              28148      0t0      TCP aap24-control.aap-test.local:60230->aap24-database.aap-test.local:postgres (ESTABLISHED)
gunicorn  1372          pulp   12u     IPv4              27288      0t0      TCP aap24-control.aap-test.local:60206->aap24-database.aap-test.local:postgres (ESTABLISHED)
gunicorn  1373          pulp   12u     IPv4              27206      0t0      TCP aap24-control.aap-test.local:60198->aap24-database.aap-test.local:postgres (ESTABLISHED)
gunicorn  1374          pulp   12u     IPv4              29207      0t0      TCP aap24-control.aap-test.local:60214->aap24-database.aap-test.local:postgres (ESTABLISHED)
gunicorn  1392          pulp   12u     IPv4              29210      0t0      TCP aap24-control.aap-test.local:60220->aap24-database.aap-test.local:postgres (ESTABLISHED)
gunicorn  1397          pulp   12u     IPv4              29213      0t0      TCP aap24-control.aap-test.local:60236->aap24-database.aap-test.local:postgres (ESTABLISHED)
gunicorn  1418          pulp   11u     IPv4              29088      0t0      TCP aap24-control.aap-test.local:60184->aap24-database.aap-test.local:postgres (ESTABLISHED)
gunicorn  1430          pulp   11u     IPv4              28105      0t0      TCP aap24-control.aap-test.local:60222->aap24-database.aap-test.local:postgres (ESTABLISHED)
awx-manag 1720           awx   16u     IPv4              81933      0t0      TCP aap24-control.aap-test.local:38934->aap24-database.aap-test.local:postgres (ESTABLISHED)
awx-manag 8212           awx   38u     IPv4              27121      0t0      TCP aap24-control.aap-test.local:60162->aap24-database.aap-test.local:postgres (ESTABLISHED)
awx-manag 8212           awx   61u     IPv4              80713      0t0      TCP aap24-control.aap-test.local:38956->aap24-database.aap-test.local:postgres (ESTABLISHED)
awx-manag 8350           awx   38u     IPv4              27121      0t0      TCP aap24-control.aap-test.local:60162->aap24-database.aap-test.local:postgres (ESTABLISHED)
awx-manag 8350           awx   55u     IPv4              81446      0t0      TCP aap24-control.aap-test.local:54308->aap24-database.aap-test.local:postgres (ESTABLISHED)
awx-manag 8352           awx   38u     IPv4              27121      0t0      TCP aap24-control.aap-test.local:60162->aap24-database.aap-test.local:postgres (ESTABLISHED)
awx-manag 8354           awx   38u     IPv4              27121      0t0      TCP aap24-control.aap-test.local:60162->aap24-database.aap-test.local:postgres (ESTABLISHED)
awx-manag 8354           awx   61u     IPv4              80711      0t0      TCP aap24-control.aap-test.local:38946->aap24-database.aap-test.local:postgres (ESTABLISHED)
sshd      8470          root    4u     IPv4              77224      0t0      TCP aap24-control.aap-test.local:ssh->192.168.1.49:35216 (ESTABLISHED)
sshd      8490          root    4u     IPv4              77224      0t0      TCP aap24-control.aap-test.local:ssh->192.168.1.49:35216 (ESTABLISHED)
awx-manag 8875           awx   29u     IPv4              81451      0t0      TCP aap24-control.aap-test.local:54310->aap24-database.aap-test.local:postgres (ESTABLISHED)
awx-manag 8875           awx   38u     IPv4              27121      0t0      TCP aap24-control.aap-test.local:60162->aap24-database.aap-test.local:postgres (ESTABLISHED)
awx-manag 8877           awx   38u     IPv4              27121      0t0      TCP aap24-control.aap-test.local:60162->aap24-database.aap-test.local:postgres (ESTABLISHED)
awx-manag 8877           awx   52u     IPv4              77660      0t0      TCP aap24-control.aap-test.local:54312->aap24-database.aap-test.local:postgres (ESTABLISHED)
awx-manag 8879           awx   38u     IPv4              27121      0t0      TCP aap24-control.aap-test.local:60162->aap24-database.aap-test.local:postgres (ESTABLISHED)

    PID    PPID CMD                           RSS    VSZ %CPU %MEM     ELAPSED
   8628       1 bash -c  log_file="/tmp/mem  3456   7260  0.0  0.0       00:32
Receptor Child Processes for PID 8628:
      PID    PPID CMD                           RSS    VSZ %CPU %MEM     ELAPSED
Receptor Threads for PID 8628:
    PID    SPID %CPU %MEM   RSS COMMAND
   8628    8628  0.0  0.0  3456 bash
Receptor Network Connections for PID 8628:
COMMAND    PID          USER   FD   TYPE DEVICE SIZE/OFF     NODE NAME
receptor   753           awx    8u  IPv4  26232      0t0      TCP aap24-control.aap-test.local:51094->aap24-execution.aap-test.local:27199 (ESTABLISHED)
chronyd    763        chrony    5u  IPv4  16184      0t0      UDP localhost:323 
chronyd    763        chrony    6u  IPv6  16185      0t0      UDP localhost:323 
NetworkMa  769          root   26u  IPv4  23280      0t0      UDP aap24-control.aap-test.local:bootpc->pi.hole:bootps 
sshd       802          root    3u  IPv4  16279      0t0      TCP *:ssh (LISTEN)
sshd       802          root    4u  IPv6  16281      0t0      TCP *:ssh (LISTEN)
node_expo 1111 node_exporter    3u  IPv6  25814      0t0      TCP *:jetdirect (LISTEN)
node_expo 1111 node_exporter    7u  IPv6  26405      0t0      TCP aap24-control.aap-test.local:jetdirect->monitoring-node.aap-test.local:49902 (ESTABLISHED)
pulpcore- 1116          pulp    6u  IPv4  26509      0t0      TCP aap24-control.aap-test.local:60002->aap24-database.aap-test.local:postgres (ESTABLISHED)
pulpcore- 1118          pulp    6u  IPv4  25307      0t0      TCP aap24-control.aap-test.local:59996->aap24-database.aap-test.local:postgres (ESTABLISHED)
nginx     1176          root   12u  IPv4  24386      0t0      TCP *:https (LISTEN)
nginx     1176          root   13u  IPv4  24387      0t0      TCP *:http (LISTEN)
nginx     1176          root   14u  IPv6  24388      0t0      TCP *:https (LISTEN)
nginx     1176          root   15u  IPv6  24389      0t0      TCP *:http (LISTEN)
nginx     1178         nginx   12u  IPv4  24386      0t0      TCP *:https (LISTEN)
nginx     1178         nginx   13u  IPv4  24387      0t0      TCP *:http (LISTEN)
nginx     1178         nginx   14u  IPv6  24388      0t0      TCP *:https (LISTEN)
nginx     1178         nginx   15u  IPv6  24389      0t0      TCP *:http (LISTEN)
nginx     1179         nginx   12u  IPv4  24386      0t0      TCP *:https (LISTEN)
nginx     1179         nginx   13u  IPv4  24387      0t0      TCP *:http (LISTEN)
nginx     1179         nginx   14u  IPv6  24388      0t0      TCP *:https (LISTEN)
nginx     1179         nginx   15u  IPv6  24389      0t0      TCP *:http (LISTEN)
nginx     1180         nginx   12u  IPv4  24386      0t0      TCP *:https (LISTEN)
nginx     1180         nginx   13u  IPv4  24387      0t0      TCP *:http (LISTEN)
nginx     1180         nginx   14u  IPv6  24388      0t0      TCP *:https (LISTEN)
nginx     1180         nginx   15u  IPv6  24389      0t0      TCP *:http (LISTEN)
nginx     1181         nginx   12u  IPv4  24386      0t0      TCP *:https (LISTEN)
nginx     1181         nginx   13u  IPv4  24387      0t0      TCP *:http (LISTEN)
nginx     1181         nginx   14u  IPv6  24388      0t0      TCP *:https (LISTEN)
nginx     1181         nginx   15u  IPv6  24389      0t0      TCP *:http (LISTEN)
awx-manag 1186           awx   38u  IPv4  27121      0t0      TCP aap24-control.aap-test.local:60162->aap24-database.aap-test.local:postgres (ESTABLISHED)
awx-manag 1188           awx   29u  IPv4  38928      0t0      TCP aap24-control.aap-test.local:59734->aap24-database.aap-test.local:postgres (ESTABLISHED)
daphne    1201           awx   13u  IPv4  28879      0t0      TCP aap24-control.aap-test.local:60106->aap24-database.aap-test.local:postgres (ESTABLISHED)
awx-manag 1212           awx   17u  IPv4  28973      0t0      TCP aap24-control.aap-test.local:60182->aap24-database.aap-test.local:postgres (ESTABLISHED)
awx-manag 1225          root    8u  IPv4  28965      0t0      TCP aap24-control.aap-test.local:60152->aap24-database.aap-test.local:postgres (ESTABLISHED)
awx-manag 1225          root   14u  IPv4  27893      0t0      TCP aap24-control.aap-test.local:60158->aap24-database.aap-test.local:postgres (ESTABLISHED)
awx-manag 1227           awx    8u  IPv4  27064      0t0      TCP aap24-control.aap-test.local:60098->aap24-database.aap-test.local:postgres (ESTABLISHED)
awx-manag 1227           awx   14u  IPv4  27886      0t0      TCP aap24-control.aap-test.local:60146->aap24-database.aap-test.local:postgres (ESTABLISHED)
gunicorn  1341          pulp   12u  IPv4  28148      0t0      TCP aap24-control.aap-test.local:60230->aap24-database.aap-test.local:postgres (ESTABLISHED)
gunicorn  1372          pulp   12u  IPv4  27288      0t0      TCP aap24-control.aap-test.local:60206->aap24-database.aap-test.local:postgres (ESTABLISHED)
gunicorn  1373          pulp   12u  IPv4  27206      0t0      TCP aap24-control.aap-test.local:60198->aap24-database.aap-test.local:postgres (ESTABLISHED)
gunicorn  1374          pulp   12u  IPv4  29207      0t0      TCP aap24-control.aap-test.local:60214->aap24-database.aap-test.local:postgres (ESTABLISHED)
gunicorn  1392          pulp   12u  IPv4  29210      0t0      TCP aap24-control.aap-test.local:60220->aap24-database.aap-test.local:postgres (ESTABLISHED)
gunicorn  1397          pulp   12u  IPv4  29213      0t0      TCP aap24-control.aap-test.local:60236->aap24-database.aap-test.local:postgres (ESTABLISHED)
gunicorn  1418          pulp   11u  IPv4  29088      0t0      TCP aap24-control.aap-test.local:60184->aap24-database.aap-test.local:postgres (ESTABLISHED)
gunicorn  1430          pulp   11u  IPv4  28105      0t0      TCP aap24-control.aap-test.local:60222->aap24-database.aap-test.local:postgres (ESTABLISHED)
awx-manag 1720           awx   16u  IPv4  81933      0t0      TCP aap24-control.aap-test.local:38934->aap24-database.aap-test.local:postgres (ESTABLISHED)
awx-manag 8212           awx   38u  IPv4  27121      0t0      TCP aap24-control.aap-test.local:60162->aap24-database.aap-test.local:postgres (ESTABLISHED)
awx-manag 8212           awx   61u  IPv4  80713      0t0      TCP aap24-control.aap-test.local:38956->aap24-database.aap-test.local:postgres (ESTABLISHED)
awx-manag 8350           awx   38u  IPv4  27121      0t0      TCP aap24-control.aap-test.local:60162->aap24-database.aap-test.local:postgres (ESTABLISHED)
awx-manag 8350           awx   55u  IPv4  81446      0t0      TCP aap24-control.aap-test.local:54308->aap24-database.aap-test.local:postgres (ESTABLISHED)
awx-manag 8352           awx   38u  IPv4  27121      0t0      TCP aap24-control.aap-test.local:60162->aap24-database.aap-test.local:postgres (ESTABLISHED)
awx-manag 8354           awx   38u  IPv4  27121      0t0      TCP aap24-control.aap-test.local:60162->aap24-database.aap-test.local:postgres (ESTABLISHED)
awx-manag 8354           awx   61u  IPv4  80711      0t0      TCP aap24-control.aap-test.local:38946->aap24-database.aap-test.local:postgres (ESTABLISHED)
sshd      8470          root    4u  IPv4  77224      0t0      TCP aap24-control.aap-test.local:ssh->192.168.1.49:35216 (ESTABLISHED)
sshd      8490          root    4u  IPv4  77224      0t0      TCP aap24-control.aap-test.local:ssh->192.168.1.49:35216 (ESTABLISHED)
bash      8628          root  cwd    DIR  253,0      164 33685638 /root
bash      8628          root  rtd    DIR  253,0      235      128 /
bash      8628          root  txt    REG  253,0  1389072 33846112 /usr/bin/bash
bash      8628          root  mem    REG  253,0  2586930 50586136 /usr/lib/locale/en_US.utf8/LC_COLLATE
bash      8628          root  mem    REG  253,0  2544344 50586163 /usr/lib64/libc.so.6
bash      8628          root  mem    REG  253,0   346132 33846229 /usr/lib/locale/C.utf8/LC_CTYPE
bash      8628          root  mem    REG  253,0       54 50586139 /usr/lib/locale/en_US.utf8/LC_NUMERIC
bash      8628          root  mem    REG  253,0     3284   223295 /usr/lib/locale/en_US.utf8/LC_TIME
bash      8628          root  mem    REG  253,0      286   223293 /usr/lib/locale/en_US.utf8/LC_MONETARY
bash      8628          root  mem    REG  253,0       57   223370 /usr/lib/locale/en_US.utf8/LC_MESSAGES/SYS_LC_MESSAGES
bash      8628          root  mem    REG  253,0    26988 17218970 /usr/lib64/gconv/gconv-modules.cache
bash      8628          root  mem    REG  253,0   195080 50585814 /usr/lib64/libtinfo.so.6.2
bash      8628          root  mem    REG  253,0       34 33846531 /usr/lib/locale/en_US.utf8/LC_PAPER
bash      8628          root  mem    REG  253,0       77 50586138 /usr/lib/locale/en_US.utf8/LC_NAME
bash      8628          root  mem    REG  253,0      167   223289 /usr/lib/locale/en_US.utf8/LC_ADDRESS
bash      8628          root  mem    REG  253,0       59   223294 /usr/lib/locale/en_US.utf8/LC_TELEPHONE
bash      8628          root  mem    REG  253,0       23   223292 /usr/lib/locale/en_US.utf8/LC_MEASUREMENT
bash      8628          root  mem    REG  253,0      369   223291 /usr/lib/locale/en_US.utf8/LC_IDENTIFICATION
bash      8628          root  mem    REG  253,0   897856 50586159 /usr/lib64/ld-linux-x86-64.so.2
bash      8628          root    0r   CHR    1,3      0t0        4 /dev/null
bash      8628          root    1w   REG  253,0        0 16785749 /tmp/memory_monitor.log
bash      8628          root    2w   REG  253,0        0 16785749 /tmp/memory_monitor.log
bash      8628          root    3r  FIFO   0,13      0t0    77765 pipe
awx-manag 8875           awx   29u  IPv4  81451      0t0      TCP aap24-control.aap-test.local:54310->aap24-database.aap-test.local:postgres (ESTABLISHED)
awx-manag 8875           awx   38u  IPv4  27121      0t0      TCP aap24-control.aap-test.local:60162->aap24-database.aap-test.local:postgres (ESTABLISHED)
awx-manag 8877           awx   38u  IPv4  27121      0t0      TCP aap24-control.aap-test.local:60162->aap24-database.aap-test.local:postgres (ESTABLISHED)
awx-manag 8877           awx   52u  IPv4  77660      0t0      TCP aap24-control.aap-test.local:54312->aap24-database.aap-test.local:postgres (ESTABLISHED)
awx-manag 8879           awx   38u  IPv4  27121      0t0      TCP aap24-control.aap-test.local:60162->aap24-database.aap-test.local:postgres (ESTABLISHED)

    PID    PPID CMD                           RSS    VSZ %CPU %MEM     ELAPSED
Receptor Child Processes for PID 8944:
  No child processes found
Receptor Threads for PID 8944:
    PID    SPID %CPU %MEM   RSS COMMAND
Receptor Network Connections for PID 8944:
COMMAND    PID          USER   FD   TYPE DEVICE SIZE/OFF NODE NAME
receptor   753           awx    8u  IPv4  26232      0t0  TCP aap24-control.aap-test.local:51094->aap24-execution.aap-test.local:27199 (ESTABLISHED)
chronyd    763        chrony    5u  IPv4  16184      0t0  UDP localhost:323 
chronyd    763        chrony    6u  IPv6  16185      0t0  UDP localhost:323 
NetworkMa  769          root   26u  IPv4  23280      0t0  UDP aap24-control.aap-test.local:bootpc->pi.hole:bootps 
sshd       802          root    3u  IPv4  16279      0t0  TCP *:ssh (LISTEN)
sshd       802          root    4u  IPv6  16281      0t0  TCP *:ssh (LISTEN)
node_expo 1111 node_exporter    3u  IPv6  25814      0t0  TCP *:jetdirect (LISTEN)
node_expo 1111 node_exporter    7u  IPv6  26405      0t0  TCP aap24-control.aap-test.local:jetdirect->monitoring-node.aap-test.local:49902 (ESTABLISHED)
pulpcore- 1116          pulp    6u  IPv4  26509      0t0  TCP aap24-control.aap-test.local:60002->aap24-database.aap-test.local:postgres (ESTABLISHED)
pulpcore- 1118          pulp    6u  IPv4  25307      0t0  TCP aap24-control.aap-test.local:59996->aap24-database.aap-test.local:postgres (ESTABLISHED)
nginx     1176          root   12u  IPv4  24386      0t0  TCP *:https (LISTEN)
nginx     1176          root   13u  IPv4  24387      0t0  TCP *:http (LISTEN)
nginx     1176          root   14u  IPv6  24388      0t0  TCP *:https (LISTEN)
nginx     1176          root   15u  IPv6  24389      0t0  TCP *:http (LISTEN)
nginx     1178         nginx   12u  IPv4  24386      0t0  TCP *:https (LISTEN)
nginx     1178         nginx   13u  IPv4  24387      0t0  TCP *:http (LISTEN)
nginx     1178         nginx   14u  IPv6  24388      0t0  TCP *:https (LISTEN)
nginx     1178         nginx   15u  IPv6  24389      0t0  TCP *:http (LISTEN)
nginx     1179         nginx   12u  IPv4  24386      0t0  TCP *:https (LISTEN)
nginx     1179         nginx   13u  IPv4  24387      0t0  TCP *:http (LISTEN)
nginx     1179         nginx   14u  IPv6  24388      0t0  TCP *:https (LISTEN)
nginx     1179         nginx   15u  IPv6  24389      0t0  TCP *:http (LISTEN)
nginx     1180         nginx   12u  IPv4  24386      0t0  TCP *:https (LISTEN)
nginx     1180         nginx   13u  IPv4  24387      0t0  TCP *:http (LISTEN)
nginx     1180         nginx   14u  IPv6  24388      0t0  TCP *:https (LISTEN)
nginx     1180         nginx   15u  IPv6  24389      0t0  TCP *:http (LISTEN)
nginx     1181         nginx   12u  IPv4  24386      0t0  TCP *:https (LISTEN)
nginx     1181         nginx   13u  IPv4  24387      0t0  TCP *:http (LISTEN)
nginx     1181         nginx   14u  IPv6  24388      0t0  TCP *:https (LISTEN)
nginx     1181         nginx   15u  IPv6  24389      0t0  TCP *:http (LISTEN)
awx-manag 1186           awx   38u  IPv4  27121      0t0  TCP aap24-control.aap-test.local:60162->aap24-database.aap-test.local:postgres (ESTABLISHED)
awx-manag 1188           awx   29u  IPv4  38928      0t0  TCP aap24-control.aap-test.local:59734->aap24-database.aap-test.local:postgres (ESTABLISHED)
daphne    1201           awx   13u  IPv4  28879      0t0  TCP aap24-control.aap-test.local:60106->aap24-database.aap-test.local:postgres (ESTABLISHED)
awx-manag 1212           awx   17u  IPv4  28973      0t0  TCP aap24-control.aap-test.local:60182->aap24-database.aap-test.local:postgres (ESTABLISHED)
awx-manag 1225          root    8u  IPv4  28965      0t0  TCP aap24-control.aap-test.local:60152->aap24-database.aap-test.local:postgres (ESTABLISHED)
awx-manag 1225          root   14u  IPv4  27893      0t0  TCP aap24-control.aap-test.local:60158->aap24-database.aap-test.local:postgres (ESTABLISHED)
awx-manag 1227           awx    8u  IPv4  27064      0t0  TCP aap24-control.aap-test.local:60098->aap24-database.aap-test.local:postgres (ESTABLISHED)
awx-manag 1227           awx   14u  IPv4  27886      0t0  TCP aap24-control.aap-test.local:60146->aap24-database.aap-test.local:postgres (ESTABLISHED)
gunicorn  1341          pulp   12u  IPv4  28148      0t0  TCP aap24-control.aap-test.local:60230->aap24-database.aap-test.local:postgres (ESTABLISHED)
gunicorn  1372          pulp   12u  IPv4  27288      0t0  TCP aap24-control.aap-test.local:60206->aap24-database.aap-test.local:postgres (ESTABLISHED)
gunicorn  1373          pulp   12u  IPv4  27206      0t0  TCP aap24-control.aap-test.local:60198->aap24-database.aap-test.local:postgres (ESTABLISHED)
gunicorn  1374          pulp   12u  IPv4  29207      0t0  TCP aap24-control.aap-test.local:60214->aap24-database.aap-test.local:postgres (ESTABLISHED)
gunicorn  1392          pulp   12u  IPv4  29210      0t0  TCP aap24-control.aap-test.local:60220->aap24-database.aap-test.local:postgres (ESTABLISHED)
gunicorn  1397          pulp   12u  IPv4  29213      0t0  TCP aap24-control.aap-test.local:60236->aap24-database.aap-test.local:postgres (ESTABLISHED)
gunicorn  1418          pulp   11u  IPv4  29088      0t0  TCP aap24-control.aap-test.local:60184->aap24-database.aap-test.local:postgres (ESTABLISHED)
gunicorn  1430          pulp   11u  IPv4  28105      0t0  TCP aap24-control.aap-test.local:60222->aap24-database.aap-test.local:postgres (ESTABLISHED)
awx-manag 1720           awx   16u  IPv4  81933      0t0  TCP aap24-control.aap-test.local:38934->aap24-database.aap-test.local:postgres (ESTABLISHED)
awx-manag 8212           awx   38u  IPv4  27121      0t0  TCP aap24-control.aap-test.local:60162->aap24-database.aap-test.local:postgres (ESTABLISHED)
awx-manag 8212           awx   61u  IPv4  80713      0t0  TCP aap24-control.aap-test.local:38956->aap24-database.aap-test.local:postgres (ESTABLISHED)
awx-manag 8350           awx   38u  IPv4  27121      0t0  TCP aap24-control.aap-test.local:60162->aap24-database.aap-test.local:postgres (ESTABLISHED)
awx-manag 8350           awx   55u  IPv4  81446      0t0  TCP aap24-control.aap-test.local:54308->aap24-database.aap-test.local:postgres (ESTABLISHED)
awx-manag 8352           awx   38u  IPv4  27121      0t0  TCP aap24-control.aap-test.local:60162->aap24-database.aap-test.local:postgres (ESTABLISHED)
awx-manag 8354           awx   38u  IPv4  27121      0t0  TCP aap24-control.aap-test.local:60162->aap24-database.aap-test.local:postgres (ESTABLISHED)
awx-manag 8354           awx   61u  IPv4  80711      0t0  TCP aap24-control.aap-test.local:38946->aap24-database.aap-test.local:postgres (ESTABLISHED)
sshd      8470          root    4u  IPv4  77224      0t0  TCP aap24-control.aap-test.local:ssh->192.168.1.49:35216 (ESTABLISHED)
sshd      8490          root    4u  IPv4  77224      0t0  TCP aap24-control.aap-test.local:ssh->192.168.1.49:35216 (ESTABLISHED)
awx-manag 8875           awx   29u  IPv4  81451      0t0  TCP aap24-control.aap-test.local:54310->aap24-database.aap-test.local:postgres (ESTABLISHED)
awx-manag 8875           awx   38u  IPv4  27121      0t0  TCP aap24-control.aap-test.local:60162->aap24-database.aap-test.local:postgres (ESTABLISHED)
awx-manag 8877           awx   38u  IPv4  27121      0t0  TCP aap24-control.aap-test.local:60162->aap24-database.aap-test.local:postgres (ESTABLISHED)
awx-manag 8877           awx   52u  IPv4  77660      0t0  TCP aap24-control.aap-test.local:54312->aap24-database.aap-test.local:postgres (ESTABLISHED)
awx-manag 8879           awx   38u  IPv4  27121      0t0  TCP aap24-control.aap-test.local:60162->aap24-database.aap-test.local:postgres (ESTABLISHED)
  No network connections found

=== RECEPTOR MEMORY SUMMARY ===
Total Receptor RSS Memory: 50256 KB (49 MB)
Total Receptor VSZ Memory: 1207444 KB (1179 MB)
Number of Receptor Processes: 3

AAP-related Processes and Children:
=== AAP Service Processes ===
Process: gunicorn (PID: 744)
    PID    PPID CMD                           RSS
    744       1 /usr/bin/python3 /bin/gunic 25740
  Children of PID 744:
    PID    PPID CMD                           RSS
    827     744 /usr/bin/python3 /bin/gunic 69436
    PID    PPID CMD                           RSS
    853     744 /usr/bin/python3 /bin/gunic 69060
    PID    PPID CMD                           RSS
    858     744 /usr/bin/python3 /bin/gunic 69536
    PID    PPID CMD                           RSS
    862     744 /usr/bin/python3 /bin/gunic 69224
    PID    PPID CMD                           RSS
    867     744 /usr/bin/python3 /bin/gunic 69368
    PID    PPID CMD                           RSS
    892     744 /usr/bin/python3 /bin/gunic 69324
    PID    PPID CMD                           RSS
    903     744 /usr/bin/python3 /bin/gunic 69388
    PID    PPID CMD                           RSS
    929     744 /usr/bin/python3 /bin/gunic 69296
    PID    PPID CMD                           RSS
    984     744 /usr/bin/python3 /bin/gunic 69340

Process: receptor (PID: 753)
    PID    PPID CMD                           RSS
    753       1 /usr/bin/receptor -c /etc/r 46800

Process: gunicorn (PID: 827)
    PID    PPID CMD                           RSS
    827     744 /usr/bin/python3 /bin/gunic 69436

Process: gunicorn (PID: 853)
    PID    PPID CMD                           RSS
    853     744 /usr/bin/python3 /bin/gunic 69060

Process: gunicorn (PID: 858)
    PID    PPID CMD                           RSS
    858     744 /usr/bin/python3 /bin/gunic 69536

Process: gunicorn (PID: 862)
    PID    PPID CMD                           RSS
    862     744 /usr/bin/python3 /bin/gunic 69224

Process: gunicorn (PID: 867)
    PID    PPID CMD                           RSS
    867     744 /usr/bin/python3 /bin/gunic 69368

Process: gunicorn (PID: 892)
    PID    PPID CMD                           RSS
    892     744 /usr/bin/python3 /bin/gunic 69324

Process: gunicorn (PID: 903)
    PID    PPID CMD                           RSS
    903     744 /usr/bin/python3 /bin/gunic 69388

Process: gunicorn (PID: 929)
    PID    PPID CMD                           RSS
    929     744 /usr/bin/python3 /bin/gunic 69296

Process: gunicorn (PID: 984)
    PID    PPID CMD                           RSS
    984     744 /usr/bin/python3 /bin/gunic 69340

Process: redis-server (PID: 1121)
    PID    PPID CMD                           RSS
   1121       1 /usr/bin/redis-server unixs 13308

Process: nginx (PID: 1176)
    PID    PPID CMD                           RSS
   1176       1 nginx: master process /usr/  2576
  Children of PID 1176:
    PID    PPID CMD                           RSS
   1178    1176 nginx: worker process        4112
    PID    PPID CMD                           RSS
   1179    1176 nginx: worker process        4112
    PID    PPID CMD                           RSS
   1180    1176 nginx: worker process        4112
    PID    PPID CMD                           RSS
   1181    1176 nginx: worker process        8336

Process: nginx (PID: 1178)
    PID    PPID CMD                           RSS
   1178    1176 nginx: worker process        4112

Process: nginx (PID: 1179)
    PID    PPID CMD                           RSS
   1179    1176 nginx: worker process        4112

Process: nginx (PID: 1180)
    PID    PPID CMD                           RSS
   1180    1176 nginx: worker process        4112

Process: nginx (PID: 1181)
    PID    PPID CMD                           RSS
   1181    1176 nginx: worker process        8336

Process: uwsgi (PID: 1191)
    PID    PPID CMD                           RSS
   1191     835 /var/lib/awx/venv/awx/bin/u 103248
  Children of PID 1191:
    PID    PPID CMD                           RSS
   1686    1191 /var/lib/awx/venv/awx/bin/u 87792
    PID    PPID CMD                           RSS
   1687    1191 /var/lib/awx/venv/awx/bin/u 108656
    PID    PPID CMD                           RSS
   1688    1191 /var/lib/awx/venv/awx/bin/u 87792
    PID    PPID CMD                           RSS
   1689    1191 /var/lib/awx/venv/awx/bin/u 87792

Process: uwsgi (PID: 1686)
    PID    PPID CMD                           RSS
   1686    1191 /var/lib/awx/venv/awx/bin/u 87792

Process: uwsgi (PID: 1687)
    PID    PPID CMD                           RSS
   1687    1191 /var/lib/awx/venv/awx/bin/u 108656

Process: uwsgi (PID: 1688)
    PID    PPID CMD                           RSS
   1688    1191 /var/lib/awx/venv/awx/bin/u 87792

Process: uwsgi (PID: 1689)
    PID    PPID CMD                           RSS
   1689    1191 /var/lib/awx/venv/awx/bin/u 87792

Process: bash (PID: 8628)
    PID    PPID CMD                           RSS
   8628       1 bash -c  log_file="/tmp/mem  3456
  Children of PID 8628:
    PID    PPID CMD                           RSS
   9024    8628 bash -c  log_file="/tmp/mem  2108

Process: bash (PID: 9024)
    PID    PPID CMD                           RSS
   9024    8628 bash -c  log_file="/tmp/mem  2108
  Children of PID 9024:
    PID    PPID CMD                           RSS


Process Tree for AAP Services:
=== automation-controller Process Tree ===
bash(8628)---pstree(9118)
=== receptor Process Tree ===
receptor(753)-+-{receptor}(758)
              |-{receptor}(759)
              |-{receptor}(760)
              |-{receptor}(761)
              |-{receptor}(766)
              `-{receptor}(767)
bash(8628)---pstree(9123)
=== nginx Process Tree ===
nginx(1176)-+-nginx(1178)
            |-nginx(1179)
            |-nginx(1180)
            `-nginx(1181)
nginx(1178)
nginx(1179)
nginx(1180)
nginx(1181)
bash(8628)---pstree(9132)
=== postgresql Process Tree ===
bash(8628)---pstree(9136)
=== redis Process Tree ===
redis-server(1121)-+-{redis-server}(1140)
                   |-{redis-server}(1141)
                   |-{redis-server}(1142)
                   `-{redis-server}(1143)
bash(8628)---pstree(9141)
=== uwsgi Process Tree ===
uwsgi(1191)-+-uwsgi(1686)
            |-uwsgi(1687)
            |-uwsgi(1688)
            `-uwsgi(1689)
uwsgi(1686)
uwsgi(1687)
uwsgi(1688)
uwsgi(1689)
bash(8628)---pstree(9150)
=== automation-hub Process Tree ===
bash(8628)---pstree(9154)
=== automation-eda Process Tree ===
gunicorn(744)-+-gunicorn(827)
              |-gunicorn(853)
              |-gunicorn(858)
              |-gunicorn(862)
              |-gunicorn(867)
              |-gunicorn(892)
              |-gunicorn(903)
              |-gunicorn(929)
              `-gunicorn(984)
gunicorn(827)
gunicorn(853)
gunicorn(858)
gunicorn(862)
gunicorn(867)
gunicorn(892)
gunicorn(903)
gunicorn(929)
gunicorn(984)
bash(8628)---pstree(9168)

=================================================================================
2025-06-27 14:22:33
Memory Usage Report:
               total        used        free      shared  buff/cache   available
Mem:            7681        4332        3186          11         423        3348
Swap:           3071           0        3071

Top 10 Processes by RSS Memory:
    PID    PPID CMD                           RSS
   1186     835 /var/lib/awx/venv/awx/bin/p 133264
   1188     835 /var/lib/awx/venv/awx/bin/p 131300
   1225     835 /var/lib/awx/venv/awx/bin/p 130880
   8350    1186 /var/lib/awx/venv/awx/bin/p 127416
   1212     835 /var/lib/awx/venv/awx/bin/p 127016
   8352    1186 /var/lib/awx/venv/awx/bin/p 126904
   8354    1186 /var/lib/awx/venv/awx/bin/p 126904
   8879    1186 /var/lib/awx/venv/awx/bin/p 126672
   8212    1186 /var/lib/awx/venv/awx/bin/p 126624
   8875    1186 /var/lib/awx/venv/awx/bin/p 124752

=== RECEPTOR PROCESS ANALYSIS ===
Receptor Main Processes:
    PID    PPID CMD                           RSS    VSZ %CPU %MEM     ELAPSED
    753       1 /usr/bin/receptor -c /etc/r 46800 1200184 0.0  0.5       19:18
Receptor Child Processes for PID 753:
  No child processes found
Receptor Threads for PID 753:
    PID    SPID %CPU %MEM   RSS COMMAND
    753     753  0.0  0.5 46800 receptor
    753     758  0.0  0.5 46800 receptor
    753     759  0.0  0.5 46800 receptor
    753     760  0.0  0.5 46800 receptor
    753     761  0.0  0.5 46800 receptor
    753     766  0.0  0.5 46800 receptor
    753     767  0.0  0.5 46800 receptor
Receptor Network Connections for PID 753:
COMMAND    PID          USER   FD      TYPE             DEVICE SIZE/OFF     NODE NAME
receptor   753           awx  cwd       DIR              253,0      235      128 /
receptor   753           awx  rtd       DIR              253,0      235      128 /
receptor   753           awx  txt       REG              253,0 54652712 33925292 /usr/bin/receptor
receptor   753           awx  mem       REG              253,0  5436640 50586900 /usr/lib64/libcrypto.so.3.2.2
receptor   753           awx  mem       REG              253,0  2544344 50586163 /usr/lib64/libc.so.6
receptor   753           awx  mem       REG              253,0   102552 50586185 /usr/lib64/libz.so.1.2.11
receptor   753           awx  mem       REG              253,0   897856 50586159 /usr/lib64/ld-linux-x86-64.so.2
receptor   753           awx    0r      CHR                1,3      0t0        4 /dev/null
receptor   753           awx    1w      REG              253,0     2565 33993089 /var/log/receptor/receptor.log
receptor   753           awx    2w      REG              253,0     2565 33993089 /var/log/receptor/receptor.log
receptor   753           awx    3rW     REG               0,24        0      969 /run/awx-receptor/receptor.sock.lock
receptor   753           awx    4u  a_inode               0,14        0       62 [eventpoll:5,7,8]
receptor   753           awx    5r     FIFO               0,13      0t0    21430 pipe
receptor   753           awx    6w     FIFO               0,13      0t0    21430 pipe
receptor   753           awx    7u     unix 0xffff8afa07ec8a00      0t0    16215 /var/run/awx-receptor/receptor.sock type=STREAM (LISTEN)
receptor   753           awx    8u     IPv4              26232      0t0      TCP aap24-control.aap-test.local:51094->aap24-execution.aap-test.local:27199 (ESTABLISHED)
chronyd    763        chrony    5u     IPv4              16184      0t0      UDP localhost:323 
chronyd    763        chrony    6u     IPv6              16185      0t0      UDP localhost:323 
NetworkMa  769          root   26u     IPv4              23280      0t0      UDP aap24-control.aap-test.local:bootpc->pi.hole:bootps 
sshd       802          root    3u     IPv4              16279      0t0      TCP *:ssh (LISTEN)
sshd       802          root    4u     IPv6              16281      0t0      TCP *:ssh (LISTEN)
node_expo 1111 node_exporter    3u     IPv6              25814      0t0      TCP *:jetdirect (LISTEN)
node_expo 1111 node_exporter    7u     IPv6              26405      0t0      TCP aap24-control.aap-test.local:jetdirect->monitoring-node.aap-test.local:49902 (ESTABLISHED)
pulpcore- 1116          pulp    6u     IPv4              26509      0t0      TCP aap24-control.aap-test.local:60002->aap24-database.aap-test.local:postgres (ESTABLISHED)
pulpcore- 1118          pulp    6u     IPv4              25307      0t0      TCP aap24-control.aap-test.local:59996->aap24-database.aap-test.local:postgres (ESTABLISHED)
nginx     1176          root   12u     IPv4              24386      0t0      TCP *:https (LISTEN)
nginx     1176          root   13u     IPv4              24387      0t0      TCP *:http (LISTEN)
nginx     1176          root   14u     IPv6              24388      0t0      TCP *:https (LISTEN)
nginx     1176          root   15u     IPv6              24389      0t0      TCP *:http (LISTEN)
nginx     1178         nginx   12u     IPv4              24386      0t0      TCP *:https (LISTEN)
nginx     1178         nginx   13u     IPv4              24387      0t0      TCP *:http (LISTEN)
nginx     1178         nginx   14u     IPv6              24388      0t0      TCP *:https (LISTEN)
nginx     1178         nginx   15u     IPv6              24389      0t0      TCP *:http (LISTEN)
nginx     1179         nginx   12u     IPv4              24386      0t0      TCP *:https (LISTEN)
nginx     1179         nginx   13u     IPv4              24387      0t0      TCP *:http (LISTEN)
nginx     1179         nginx   14u     IPv6              24388      0t0      TCP *:https (LISTEN)
nginx     1179         nginx   15u     IPv6              24389      0t0      TCP *:http (LISTEN)
nginx     1180         nginx   12u     IPv4              24386      0t0      TCP *:https (LISTEN)
nginx     1180         nginx   13u     IPv4              24387      0t0      TCP *:http (LISTEN)
nginx     1180         nginx   14u     IPv6              24388      0t0      TCP *:https (LISTEN)
nginx     1180         nginx   15u     IPv6              24389      0t0      TCP *:http (LISTEN)
nginx     1181         nginx   12u     IPv4              24386      0t0      TCP *:https (LISTEN)
nginx     1181         nginx   13u     IPv4              24387      0t0      TCP *:http (LISTEN)
nginx     1181         nginx   14u     IPv6              24388      0t0      TCP *:https (LISTEN)
nginx     1181         nginx   15u     IPv6              24389      0t0      TCP *:http (LISTEN)
awx-manag 1186           awx   38u     IPv4              27121      0t0      TCP aap24-control.aap-test.local:60162->aap24-database.aap-test.local:postgres (ESTABLISHED)
awx-manag 1188           awx   29u     IPv4              38928      0t0      TCP aap24-control.aap-test.local:59734->aap24-database.aap-test.local:postgres (ESTABLISHED)
daphne    1201           awx   13u     IPv4              28879      0t0      TCP aap24-control.aap-test.local:60106->aap24-database.aap-test.local:postgres (ESTABLISHED)
awx-manag 1212           awx   17u     IPv4              28973      0t0      TCP aap24-control.aap-test.local:60182->aap24-database.aap-test.local:postgres (ESTABLISHED)
awx-manag 1225          root    8u     IPv4              28965      0t0      TCP aap24-control.aap-test.local:60152->aap24-database.aap-test.local:postgres (ESTABLISHED)
awx-manag 1225          root   14u     IPv4              27893      0t0      TCP aap24-control.aap-test.local:60158->aap24-database.aap-test.local:postgres (ESTABLISHED)
awx-manag 1227           awx    8u     IPv4              27064      0t0      TCP aap24-control.aap-test.local:60098->aap24-database.aap-test.local:postgres (ESTABLISHED)
awx-manag 1227           awx   14u     IPv4              27886      0t0      TCP aap24-control.aap-test.local:60146->aap24-database.aap-test.local:postgres (ESTABLISHED)
gunicorn  1341          pulp   12u     IPv4              28148      0t0      TCP aap24-control.aap-test.local:60230->aap24-database.aap-test.local:postgres (ESTABLISHED)
gunicorn  1372          pulp   12u     IPv4              27288      0t0      TCP aap24-control.aap-test.local:60206->aap24-database.aap-test.local:postgres (ESTABLISHED)
gunicorn  1373          pulp   12u     IPv4              27206      0t0      TCP aap24-control.aap-test.local:60198->aap24-database.aap-test.local:postgres (ESTABLISHED)
gunicorn  1374          pulp   12u     IPv4              29207      0t0      TCP aap24-control.aap-test.local:60214->aap24-database.aap-test.local:postgres (ESTABLISHED)
gunicorn  1392          pulp   12u     IPv4              29210      0t0      TCP aap24-control.aap-test.local:60220->aap24-database.aap-test.local:postgres (ESTABLISHED)
gunicorn  1397          pulp   12u     IPv4              29213      0t0      TCP aap24-control.aap-test.local:60236->aap24-database.aap-test.local:postgres (ESTABLISHED)
gunicorn  1418          pulp   11u     IPv4              29088      0t0      TCP aap24-control.aap-test.local:60184->aap24-database.aap-test.local:postgres (ESTABLISHED)
gunicorn  1430          pulp   11u     IPv4              28105      0t0      TCP aap24-control.aap-test.local:60222->aap24-database.aap-test.local:postgres (ESTABLISHED)
awx-manag 8212           awx   38u     IPv4              27121      0t0      TCP aap24-control.aap-test.local:60162->aap24-database.aap-test.local:postgres (ESTABLISHED)
awx-manag 8212           awx   61u     IPv4              83471      0t0      TCP aap24-control.aap-test.local:54990->aap24-database.aap-test.local:postgres (ESTABLISHED)
awx-manag 8350           awx   38u     IPv4              27121      0t0      TCP aap24-control.aap-test.local:60162->aap24-database.aap-test.local:postgres (ESTABLISHED)
awx-manag 8350           awx   55u     IPv4              81446      0t0      TCP aap24-control.aap-test.local:54308->aap24-database.aap-test.local:postgres (ESTABLISHED)
awx-manag 8352           awx   38u     IPv4              27121      0t0      TCP aap24-control.aap-test.local:60162->aap24-database.aap-test.local:postgres (ESTABLISHED)
awx-manag 8354           awx   38u     IPv4              27121      0t0      TCP aap24-control.aap-test.local:60162->aap24-database.aap-test.local:postgres (ESTABLISHED)
awx-manag 8354           awx   61u     IPv4              80711      0t0      TCP aap24-control.aap-test.local:38946->aap24-database.aap-test.local:postgres (ESTABLISHED)
sshd      8470          root    4u     IPv4              77224      0t0      TCP aap24-control.aap-test.local:ssh->192.168.1.49:35216 (ESTABLISHED)
sshd      8490          root    4u     IPv4              77224      0t0      TCP aap24-control.aap-test.local:ssh->192.168.1.49:35216 (ESTABLISHED)
awx-manag 8875           awx   29u     IPv4              81451      0t0      TCP aap24-control.aap-test.local:54310->aap24-database.aap-test.local:postgres (ESTABLISHED)
awx-manag 8875           awx   38u     IPv4              27121      0t0      TCP aap24-control.aap-test.local:60162->aap24-database.aap-test.local:postgres (ESTABLISHED)
awx-manag 8877           awx   38u     IPv4              27121      0t0      TCP aap24-control.aap-test.local:60162->aap24-database.aap-test.local:postgres (ESTABLISHED)
awx-manag 8877           awx   52u     IPv4              85190      0t0      TCP aap24-control.aap-test.local:54988->aap24-database.aap-test.local:postgres (ESTABLISHED)
awx-manag 8879           awx   38u     IPv4              27121      0t0      TCP aap24-control.aap-test.local:60162->aap24-database.aap-test.local:postgres (ESTABLISHED)

    PID    PPID CMD                           RSS    VSZ %CPU %MEM     ELAPSED
   8628       1 bash -c  log_file="/tmp/mem  3456   7260  0.0  0.0       01:03
Receptor Child Processes for PID 8628:
      PID    PPID CMD                           RSS    VSZ %CPU %MEM     ELAPSED
Receptor Threads for PID 8628:
    PID    SPID %CPU %MEM   RSS COMMAND
   8628    8628  0.0  0.0  3456 bash
Receptor Network Connections for PID 8628:
COMMAND    PID          USER   FD   TYPE DEVICE SIZE/OFF     NODE NAME
receptor   753           awx    8u  IPv4  26232      0t0      TCP aap24-control.aap-test.local:51094->aap24-execution.aap-test.local:27199 (ESTABLISHED)
chronyd    763        chrony    5u  IPv4  16184      0t0      UDP localhost:323 
chronyd    763        chrony    6u  IPv6  16185      0t0      UDP localhost:323 
NetworkMa  769          root   26u  IPv4  23280      0t0      UDP aap24-control.aap-test.local:bootpc->pi.hole:bootps 
sshd       802          root    3u  IPv4  16279      0t0      TCP *:ssh (LISTEN)
sshd       802          root    4u  IPv6  16281      0t0      TCP *:ssh (LISTEN)
node_expo 1111 node_exporter    3u  IPv6  25814      0t0      TCP *:jetdirect (LISTEN)
node_expo 1111 node_exporter    7u  IPv6  26405      0t0      TCP aap24-control.aap-test.local:jetdirect->monitoring-node.aap-test.local:49902 (ESTABLISHED)
pulpcore- 1116          pulp    6u  IPv4  26509      0t0      TCP aap24-control.aap-test.local:60002->aap24-database.aap-test.local:postgres (ESTABLISHED)
pulpcore- 1118          pulp    6u  IPv4  25307      0t0      TCP aap24-control.aap-test.local:59996->aap24-database.aap-test.local:postgres (ESTABLISHED)
nginx     1176          root   12u  IPv4  24386      0t0      TCP *:https (LISTEN)
nginx     1176          root   13u  IPv4  24387      0t0      TCP *:http (LISTEN)
nginx     1176          root   14u  IPv6  24388      0t0      TCP *:https (LISTEN)
nginx     1176          root   15u  IPv6  24389      0t0      TCP *:http (LISTEN)
nginx     1178         nginx   12u  IPv4  24386      0t0      TCP *:https (LISTEN)
nginx     1178         nginx   13u  IPv4  24387      0t0      TCP *:http (LISTEN)
nginx     1178         nginx   14u  IPv6  24388      0t0      TCP *:https (LISTEN)
nginx     1178         nginx   15u  IPv6  24389      0t0      TCP *:http (LISTEN)
nginx     1179         nginx   12u  IPv4  24386      0t0      TCP *:https (LISTEN)
nginx     1179         nginx   13u  IPv4  24387      0t0      TCP *:http (LISTEN)
nginx     1179         nginx   14u  IPv6  24388      0t0      TCP *:https (LISTEN)
nginx     1179         nginx   15u  IPv6  24389      0t0      TCP *:http (LISTEN)
nginx     1180         nginx   12u  IPv4  24386      0t0      TCP *:https (LISTEN)
nginx     1180         nginx   13u  IPv4  24387      0t0      TCP *:http (LISTEN)
nginx     1180         nginx   14u  IPv6  24388      0t0      TCP *:https (LISTEN)
nginx     1180         nginx   15u  IPv6  24389      0t0      TCP *:http (LISTEN)
nginx     1181         nginx   12u  IPv4  24386      0t0      TCP *:https (LISTEN)
nginx     1181         nginx   13u  IPv4  24387      0t0      TCP *:http (LISTEN)
nginx     1181         nginx   14u  IPv6  24388      0t0      TCP *:https (LISTEN)
nginx     1181         nginx   15u  IPv6  24389      0t0      TCP *:http (LISTEN)
awx-manag 1186           awx   38u  IPv4  27121      0t0      TCP aap24-control.aap-test.local:60162->aap24-database.aap-test.local:postgres (ESTABLISHED)
awx-manag 1188           awx   29u  IPv4  38928      0t0      TCP aap24-control.aap-test.local:59734->aap24-database.aap-test.local:postgres (ESTABLISHED)
daphne    1201           awx   13u  IPv4  28879      0t0      TCP aap24-control.aap-test.local:60106->aap24-database.aap-test.local:postgres (ESTABLISHED)
awx-manag 1212           awx   17u  IPv4  28973      0t0      TCP aap24-control.aap-test.local:60182->aap24-database.aap-test.local:postgres (ESTABLISHED)
awx-manag 1225          root    8u  IPv4  28965      0t0      TCP aap24-control.aap-test.local:60152->aap24-database.aap-test.local:postgres (ESTABLISHED)
awx-manag 1225          root   14u  IPv4  27893      0t0      TCP aap24-control.aap-test.local:60158->aap24-database.aap-test.local:postgres (ESTABLISHED)
awx-manag 1227           awx    8u  IPv4  27064      0t0      TCP aap24-control.aap-test.local:60098->aap24-database.aap-test.local:postgres (ESTABLISHED)
awx-manag 1227           awx   14u  IPv4  27886      0t0      TCP aap24-control.aap-test.local:60146->aap24-database.aap-test.local:postgres (ESTABLISHED)
gunicorn  1341          pulp   12u  IPv4  28148      0t0      TCP aap24-control.aap-test.local:60230->aap24-database.aap-test.local:postgres (ESTABLISHED)
gunicorn  1372          pulp   12u  IPv4  27288      0t0      TCP aap24-control.aap-test.local:60206->aap24-database.aap-test.local:postgres (ESTABLISHED)
gunicorn  1373          pulp   12u  IPv4  27206      0t0      TCP aap24-control.aap-test.local:60198->aap24-database.aap-test.local:postgres (ESTABLISHED)
gunicorn  1374          pulp   12u  IPv4  29207      0t0      TCP aap24-control.aap-test.local:60214->aap24-database.aap-test.local:postgres (ESTABLISHED)
gunicorn  1392          pulp   12u  IPv4  29210      0t0      TCP aap24-control.aap-test.local:60220->aap24-database.aap-test.local:postgres (ESTABLISHED)
gunicorn  1397          pulp   12u  IPv4  29213      0t0      TCP aap24-control.aap-test.local:60236->aap24-database.aap-test.local:postgres (ESTABLISHED)
gunicorn  1418          pulp   11u  IPv4  29088      0t0      TCP aap24-control.aap-test.local:60184->aap24-database.aap-test.local:postgres (ESTABLISHED)
gunicorn  1430          pulp   11u  IPv4  28105      0t0      TCP aap24-control.aap-test.local:60222->aap24-database.aap-test.local:postgres (ESTABLISHED)
awx-manag 8212           awx   38u  IPv4  27121      0t0      TCP aap24-control.aap-test.local:60162->aap24-database.aap-test.local:postgres (ESTABLISHED)
awx-manag 8212           awx   61u  IPv4  83471      0t0      TCP aap24-control.aap-test.local:54990->aap24-database.aap-test.local:postgres (ESTABLISHED)
awx-manag 8350           awx   38u  IPv4  27121      0t0      TCP aap24-control.aap-test.local:60162->aap24-database.aap-test.local:postgres (ESTABLISHED)
awx-manag 8350           awx   55u  IPv4  81446      0t0      TCP aap24-control.aap-test.local:54308->aap24-database.aap-test.local:postgres (ESTABLISHED)
awx-manag 8352           awx   38u  IPv4  27121      0t0      TCP aap24-control.aap-test.local:60162->aap24-database.aap-test.local:postgres (ESTABLISHED)
awx-manag 8354           awx   38u  IPv4  27121      0t0      TCP aap24-control.aap-test.local:60162->aap24-database.aap-test.local:postgres (ESTABLISHED)
awx-manag 8354           awx   61u  IPv4  80711      0t0      TCP aap24-control.aap-test.local:38946->aap24-database.aap-test.local:postgres (ESTABLISHED)
sshd      8470          root    4u  IPv4  77224      0t0      TCP aap24-control.aap-test.local:ssh->192.168.1.49:35216 (ESTABLISHED)
sshd      8490          root    4u  IPv4  77224      0t0      TCP aap24-control.aap-test.local:ssh->192.168.1.49:35216 (ESTABLISHED)
bash      8628          root  cwd    DIR  253,0      164 33685638 /root
bash      8628          root  rtd    DIR  253,0      235      128 /
bash      8628          root  txt    REG  253,0  1389072 33846112 /usr/bin/bash
bash      8628          root  mem    REG  253,0  2586930 50586136 /usr/lib/locale/en_US.utf8/LC_COLLATE
bash      8628          root  mem    REG  253,0  2544344 50586163 /usr/lib64/libc.so.6
bash      8628          root  mem    REG  253,0   346132 33846229 /usr/lib/locale/C.utf8/LC_CTYPE
bash      8628          root  mem    REG  253,0       54 50586139 /usr/lib/locale/en_US.utf8/LC_NUMERIC
bash      8628          root  mem    REG  253,0     3284   223295 /usr/lib/locale/en_US.utf8/LC_TIME
bash      8628          root  mem    REG  253,0      286   223293 /usr/lib/locale/en_US.utf8/LC_MONETARY
bash      8628          root  mem    REG  253,0       57   223370 /usr/lib/locale/en_US.utf8/LC_MESSAGES/SYS_LC_MESSAGES
bash      8628          root  mem    REG  253,0    26988 17218970 /usr/lib64/gconv/gconv-modules.cache
bash      8628          root  mem    REG  253,0   195080 50585814 /usr/lib64/libtinfo.so.6.2
bash      8628          root  mem    REG  253,0       34 33846531 /usr/lib/locale/en_US.utf8/LC_PAPER
bash      8628          root  mem    REG  253,0       77 50586138 /usr/lib/locale/en_US.utf8/LC_NAME
bash      8628          root  mem    REG  253,0      167   223289 /usr/lib/locale/en_US.utf8/LC_ADDRESS
bash      8628          root  mem    REG  253,0       59   223294 /usr/lib/locale/en_US.utf8/LC_TELEPHONE
bash      8628          root  mem    REG  253,0       23   223292 /usr/lib/locale/en_US.utf8/LC_MEASUREMENT
bash      8628          root  mem    REG  253,0      369   223291 /usr/lib/locale/en_US.utf8/LC_IDENTIFICATION
bash      8628          root  mem    REG  253,0   897856 50586159 /usr/lib64/ld-linux-x86-64.so.2
bash      8628          root    0r   CHR    1,3      0t0        4 /dev/null
bash      8628          root    1w   REG  253,0        0 16785749 /tmp/memory_monitor.log
bash      8628          root    2w   REG  253,0        0 16785749 /tmp/memory_monitor.log
bash      8628          root    3r  FIFO   0,13      0t0    85299 pipe
awx-manag 8875           awx   29u  IPv4  81451      0t0      TCP aap24-control.aap-test.local:54310->aap24-database.aap-test.local:postgres (ESTABLISHED)
awx-manag 8875           awx   38u  IPv4  27121      0t0      TCP aap24-control.aap-test.local:60162->aap24-database.aap-test.local:postgres (ESTABLISHED)
awx-manag 8877           awx   38u  IPv4  27121      0t0      TCP aap24-control.aap-test.local:60162->aap24-database.aap-test.local:postgres (ESTABLISHED)
awx-manag 8877           awx   52u  IPv4  85190      0t0      TCP aap24-control.aap-test.local:54988->aap24-database.aap-test.local:postgres (ESTABLISHED)
awx-manag 8879           awx   38u  IPv4  27121      0t0      TCP aap24-control.aap-test.local:60162->aap24-database.aap-test.local:postgres (ESTABLISHED)

    PID    PPID CMD                           RSS    VSZ %CPU %MEM     ELAPSED
Receptor Child Processes for PID 9294:
  No child processes found
Receptor Threads for PID 9294:
    PID    SPID %CPU %MEM   RSS COMMAND
Receptor Network Connections for PID 9294:
COMMAND    PID          USER   FD   TYPE DEVICE SIZE/OFF NODE NAME
receptor   753           awx    8u  IPv4  26232      0t0  TCP aap24-control.aap-test.local:51094->aap24-execution.aap-test.local:27199 (ESTABLISHED)
chronyd    763        chrony    5u  IPv4  16184      0t0  UDP localhost:323 
chronyd    763        chrony    6u  IPv6  16185      0t0  UDP localhost:323 
NetworkMa  769          root   26u  IPv4  23280      0t0  UDP aap24-control.aap-test.local:bootpc->pi.hole:bootps 
sshd       802          root    3u  IPv4  16279      0t0  TCP *:ssh (LISTEN)
sshd       802          root    4u  IPv6  16281      0t0  TCP *:ssh (LISTEN)
node_expo 1111 node_exporter    3u  IPv6  25814      0t0  TCP *:jetdirect (LISTEN)
node_expo 1111 node_exporter    7u  IPv6  26405      0t0  TCP aap24-control.aap-test.local:jetdirect->monitoring-node.aap-test.local:49902 (ESTABLISHED)
pulpcore- 1116          pulp    6u  IPv4  26509      0t0  TCP aap24-control.aap-test.local:60002->aap24-database.aap-test.local:postgres (ESTABLISHED)
pulpcore- 1118          pulp    6u  IPv4  25307      0t0  TCP aap24-control.aap-test.local:59996->aap24-database.aap-test.local:postgres (ESTABLISHED)
nginx     1176          root   12u  IPv4  24386      0t0  TCP *:https (LISTEN)
nginx     1176          root   13u  IPv4  24387      0t0  TCP *:http (LISTEN)
nginx     1176          root   14u  IPv6  24388      0t0  TCP *:https (LISTEN)
nginx     1176          root   15u  IPv6  24389      0t0  TCP *:http (LISTEN)
nginx     1178         nginx   12u  IPv4  24386      0t0  TCP *:https (LISTEN)
nginx     1178         nginx   13u  IPv4  24387      0t0  TCP *:http (LISTEN)
nginx     1178         nginx   14u  IPv6  24388      0t0  TCP *:https (LISTEN)
nginx     1178         nginx   15u  IPv6  24389      0t0  TCP *:http (LISTEN)
nginx     1179         nginx   12u  IPv4  24386      0t0  TCP *:https (LISTEN)
nginx     1179         nginx   13u  IPv4  24387      0t0  TCP *:http (LISTEN)
nginx     1179         nginx   14u  IPv6  24388      0t0  TCP *:https (LISTEN)
nginx     1179         nginx   15u  IPv6  24389      0t0  TCP *:http (LISTEN)
nginx     1180         nginx   12u  IPv4  24386      0t0  TCP *:https (LISTEN)
nginx     1180         nginx   13u  IPv4  24387      0t0  TCP *:http (LISTEN)
nginx     1180         nginx   14u  IPv6  24388      0t0  TCP *:https (LISTEN)
nginx     1180         nginx   15u  IPv6  24389      0t0  TCP *:http (LISTEN)
nginx     1181         nginx   12u  IPv4  24386      0t0  TCP *:https (LISTEN)
nginx     1181         nginx   13u  IPv4  24387      0t0  TCP *:http (LISTEN)
nginx     1181         nginx   14u  IPv6  24388      0t0  TCP *:https (LISTEN)
nginx     1181         nginx   15u  IPv6  24389      0t0  TCP *:http (LISTEN)
awx-manag 1186           awx   38u  IPv4  27121      0t0  TCP aap24-control.aap-test.local:60162->aap24-database.aap-test.local:postgres (ESTABLISHED)
awx-manag 1188           awx   29u  IPv4  38928      0t0  TCP aap24-control.aap-test.local:59734->aap24-database.aap-test.local:postgres (ESTABLISHED)
daphne    1201           awx   13u  IPv4  28879      0t0  TCP aap24-control.aap-test.local:60106->aap24-database.aap-test.local:postgres (ESTABLISHED)
awx-manag 1212           awx   17u  IPv4  28973      0t0  TCP aap24-control.aap-test.local:60182->aap24-database.aap-test.local:postgres (ESTABLISHED)
awx-manag 1225          root    8u  IPv4  28965      0t0  TCP aap24-control.aap-test.local:60152->aap24-database.aap-test.local:postgres (ESTABLISHED)
awx-manag 1225          root   14u  IPv4  27893      0t0  TCP aap24-control.aap-test.local:60158->aap24-database.aap-test.local:postgres (ESTABLISHED)
awx-manag 1227           awx    8u  IPv4  27064      0t0  TCP aap24-control.aap-test.local:60098->aap24-database.aap-test.local:postgres (ESTABLISHED)
awx-manag 1227           awx   14u  IPv4  27886      0t0  TCP aap24-control.aap-test.local:60146->aap24-database.aap-test.local:postgres (ESTABLISHED)
gunicorn  1341          pulp   12u  IPv4  28148      0t0  TCP aap24-control.aap-test.local:60230->aap24-database.aap-test.local:postgres (ESTABLISHED)
gunicorn  1372          pulp   12u  IPv4  27288      0t0  TCP aap24-control.aap-test.local:60206->aap24-database.aap-test.local:postgres (ESTABLISHED)
gunicorn  1373          pulp   12u  IPv4  27206      0t0  TCP aap24-control.aap-test.local:60198->aap24-database.aap-test.local:postgres (ESTABLISHED)
gunicorn  1374          pulp   12u  IPv4  29207      0t0  TCP aap24-control.aap-test.local:60214->aap24-database.aap-test.local:postgres (ESTABLISHED)
gunicorn  1392          pulp   12u  IPv4  29210      0t0  TCP aap24-control.aap-test.local:60220->aap24-database.aap-test.local:postgres (ESTABLISHED)
gunicorn  1397          pulp   12u  IPv4  29213      0t0  TCP aap24-control.aap-test.local:60236->aap24-database.aap-test.local:postgres (ESTABLISHED)
gunicorn  1418          pulp   11u  IPv4  29088      0t0  TCP aap24-control.aap-test.local:60184->aap24-database.aap-test.local:postgres (ESTABLISHED)
gunicorn  1430          pulp   11u  IPv4  28105      0t0  TCP aap24-control.aap-test.local:60222->aap24-database.aap-test.local:postgres (ESTABLISHED)
awx-manag 8212           awx   38u  IPv4  27121      0t0  TCP aap24-control.aap-test.local:60162->aap24-database.aap-test.local:postgres (ESTABLISHED)
awx-manag 8212           awx   61u  IPv4  83471      0t0  TCP aap24-control.aap-test.local:54990->aap24-database.aap-test.local:postgres (ESTABLISHED)
awx-manag 8350           awx   38u  IPv4  27121      0t0  TCP aap24-control.aap-test.local:60162->aap24-database.aap-test.local:postgres (ESTABLISHED)
awx-manag 8350           awx   55u  IPv4  81446      0t0  TCP aap24-control.aap-test.local:54308->aap24-database.aap-test.local:postgres (ESTABLISHED)
awx-manag 8352           awx   38u  IPv4  27121      0t0  TCP aap24-control.aap-test.local:60162->aap24-database.aap-test.local:postgres (ESTABLISHED)
awx-manag 8354           awx   38u  IPv4  27121      0t0  TCP aap24-control.aap-test.local:60162->aap24-database.aap-test.local:postgres (ESTABLISHED)
awx-manag 8354           awx   61u  IPv4  80711      0t0  TCP aap24-control.aap-test.local:38946->aap24-database.aap-test.local:postgres (ESTABLISHED)
sshd      8470          root    4u  IPv4  77224      0t0  TCP aap24-control.aap-test.local:ssh->192.168.1.49:35216 (ESTABLISHED)
sshd      8490          root    4u  IPv4  77224      0t0  TCP aap24-control.aap-test.local:ssh->192.168.1.49:35216 (ESTABLISHED)
awx-manag 8875           awx   29u  IPv4  81451      0t0  TCP aap24-control.aap-test.local:54310->aap24-database.aap-test.local:postgres (ESTABLISHED)
awx-manag 8875           awx   38u  IPv4  27121      0t0  TCP aap24-control.aap-test.local:60162->aap24-database.aap-test.local:postgres (ESTABLISHED)
awx-manag 8877           awx   38u  IPv4  27121      0t0  TCP aap24-control.aap-test.local:60162->aap24-database.aap-test.local:postgres (ESTABLISHED)
awx-manag 8877           awx   52u  IPv4  85190      0t0  TCP aap24-control.aap-test.local:54988->aap24-database.aap-test.local:postgres (ESTABLISHED)
awx-manag 8879           awx   38u  IPv4  27121      0t0  TCP aap24-control.aap-test.local:60162->aap24-database.aap-test.local:postgres (ESTABLISHED)
  No network connections found

=== RECEPTOR MEMORY SUMMARY ===
Total Receptor RSS Memory: 50256 KB (49 MB)
Total Receptor VSZ Memory: 1207444 KB (1179 MB)
Number of Receptor Processes: 3

AAP-related Processes and Children:
=== AAP Service Processes ===
Process: gunicorn (PID: 744)
    PID    PPID CMD                           RSS
    744       1 /usr/bin/python3 /bin/gunic 25740
  Children of PID 744:
    PID    PPID CMD                           RSS
    827     744 /usr/bin/python3 /bin/gunic 69436
    PID    PPID CMD                           RSS
    853     744 /usr/bin/python3 /bin/gunic 69060
    PID    PPID CMD                           RSS
    858     744 /usr/bin/python3 /bin/gunic 69536
    PID    PPID CMD                           RSS
    862     744 /usr/bin/python3 /bin/gunic 69224
    PID    PPID CMD                           RSS
    867     744 /usr/bin/python3 /bin/gunic 69368
    PID    PPID CMD                           RSS
    892     744 /usr/bin/python3 /bin/gunic 69324
    PID    PPID CMD                           RSS
    903     744 /usr/bin/python3 /bin/gunic 69388
    PID    PPID CMD                           RSS
    929     744 /usr/bin/python3 /bin/gunic 69296
    PID    PPID CMD                           RSS
    984     744 /usr/bin/python3 /bin/gunic 69340

Process: receptor (PID: 753)
    PID    PPID CMD                           RSS
    753       1 /usr/bin/receptor -c /etc/r 46800

Process: gunicorn (PID: 827)
    PID    PPID CMD                           RSS
    827     744 /usr/bin/python3 /bin/gunic 69436

Process: gunicorn (PID: 853)
    PID    PPID CMD                           RSS
    853     744 /usr/bin/python3 /bin/gunic 69060

Process: gunicorn (PID: 858)
    PID    PPID CMD                           RSS
    858     744 /usr/bin/python3 /bin/gunic 69536

Process: gunicorn (PID: 862)
    PID    PPID CMD                           RSS
    862     744 /usr/bin/python3 /bin/gunic 69224

Process: gunicorn (PID: 867)
    PID    PPID CMD                           RSS
    867     744 /usr/bin/python3 /bin/gunic 69368

Process: gunicorn (PID: 892)
    PID    PPID CMD                           RSS
    892     744 /usr/bin/python3 /bin/gunic 69324

Process: gunicorn (PID: 903)
    PID    PPID CMD                           RSS
    903     744 /usr/bin/python3 /bin/gunic 69388

Process: gunicorn (PID: 929)
    PID    PPID CMD                           RSS
    929     744 /usr/bin/python3 /bin/gunic 69296

Process: gunicorn (PID: 984)
    PID    PPID CMD                           RSS
    984     744 /usr/bin/python3 /bin/gunic 69340

Process: redis-server (PID: 1121)
    PID    PPID CMD                           RSS
   1121       1 /usr/bin/redis-server unixs 13308

Process: nginx (PID: 1176)
    PID    PPID CMD                           RSS
   1176       1 nginx: master process /usr/  2576
  Children of PID 1176:
    PID    PPID CMD                           RSS
   1178    1176 nginx: worker process        4112
    PID    PPID CMD                           RSS
   1179    1176 nginx: worker process        4112
    PID    PPID CMD                           RSS
   1180    1176 nginx: worker process        4112
    PID    PPID CMD                           RSS
   1181    1176 nginx: worker process        8336

Process: nginx (PID: 1178)
    PID    PPID CMD                           RSS
   1178    1176 nginx: worker process        4112

Process: nginx (PID: 1179)
    PID    PPID CMD                           RSS
   1179    1176 nginx: worker process        4112

Process: nginx (PID: 1180)
    PID    PPID CMD                           RSS
   1180    1176 nginx: worker process        4112

Process: nginx (PID: 1181)
    PID    PPID CMD                           RSS
   1181    1176 nginx: worker process        8336

Process: uwsgi (PID: 1191)
    PID    PPID CMD                           RSS
   1191     835 /var/lib/awx/venv/awx/bin/u 103248
  Children of PID 1191:
    PID    PPID CMD                           RSS
   1686    1191 /var/lib/awx/venv/awx/bin/u 87792
    PID    PPID CMD                           RSS
   1687    1191 /var/lib/awx/venv/awx/bin/u 108656
    PID    PPID CMD                           RSS
   1688    1191 /var/lib/awx/venv/awx/bin/u 87792
    PID    PPID CMD                           RSS
   1689    1191 /var/lib/awx/venv/awx/bin/u 87792

Process: uwsgi (PID: 1686)
    PID    PPID CMD                           RSS
   1686    1191 /var/lib/awx/venv/awx/bin/u 87792

Process: uwsgi (PID: 1687)
    PID    PPID CMD                           RSS
   1687    1191 /var/lib/awx/venv/awx/bin/u 108656

Process: uwsgi (PID: 1688)
    PID    PPID CMD                           RSS
   1688    1191 /var/lib/awx/venv/awx/bin/u 87792

Process: uwsgi (PID: 1689)
    PID    PPID CMD                           RSS
   1689    1191 /var/lib/awx/venv/awx/bin/u 87792

Process: bash (PID: 8628)
    PID    PPID CMD                           RSS
   8628       1 bash -c  log_file="/tmp/mem  3456
  Children of PID 8628:
    PID    PPID CMD                           RSS
   9374    8628 bash -c  log_file="/tmp/mem  2116

Process: bash (PID: 9374)
    PID    PPID CMD                           RSS
   9374    8628 bash -c  log_file="/tmp/mem  2116
  Children of PID 9374:
    PID    PPID CMD                           RSS


Process Tree for AAP Services:
=== automation-controller Process Tree ===
bash(8628)---pstree(9468)
=== receptor Process Tree ===
receptor(753)-+-{receptor}(758)
              |-{receptor}(759)
              |-{receptor}(760)
              |-{receptor}(761)
              |-{receptor}(766)
              `-{receptor}(767)
bash(8628)---pstree(9473)
=== nginx Process Tree ===
nginx(1176)-+-nginx(1178)
            |-nginx(1179)
            |-nginx(1180)
            `-nginx(1181)
nginx(1178)
nginx(1179)
nginx(1180)
nginx(1181)
bash(8628)---pstree(9482)
=== postgresql Process Tree ===
bash(8628)---pstree(9486)
=== redis Process Tree ===
redis-server(1121)-+-{redis-server}(1140)
                   |-{redis-server}(1141)
                   |-{redis-server}(1142)
                   `-{redis-server}(1143)
bash(8628)---pstree(9491)
=== uwsgi Process Tree ===
uwsgi(1191)-+-uwsgi(1686)
            |-uwsgi(1687)
            |-uwsgi(1688)
            `-uwsgi(1689)
uwsgi(1686)
uwsgi(1687)
uwsgi(1688)
uwsgi(1689)
bash(8628)---pstree(9500)
=== automation-hub Process Tree ===
bash(8628)---pstree(9504)
=== automation-eda Process Tree ===
gunicorn(744)-+-gunicorn(827)
              |-gunicorn(853)
              |-gunicorn(858)
              |-gunicorn(862)
              |-gunicorn(867)
              |-gunicorn(892)
              |-gunicorn(903)
              |-gunicorn(929)
              `-gunicorn(984)
gunicorn(827)
gunicorn(853)
gunicorn(858)
gunicorn(862)
gunicorn(867)
gunicorn(892)
gunicorn(903)
gunicorn(929)
gunicorn(984)
bash(8628)---pstree(9538)

=================================================================================
2025-06-27 14:23:05
Memory Usage Report:
               total        used        free      shared  buff/cache   available
Mem:            7681        4336        3182          11         423        3344
Swap:           3071           0        3071

Top 10 Processes by RSS Memory:
    PID    PPID CMD                           RSS
   1186     835 /var/lib/awx/venv/awx/bin/p 133264
   1188     835 /var/lib/awx/venv/awx/bin/p 131300
   1225     835 /var/lib/awx/venv/awx/bin/p 130880
   1212     835 /var/lib/awx/venv/awx/bin/p 127016
   8212    1186 /var/lib/awx/venv/awx/bin/p 126880
   9509    1186 /var/lib/awx/venv/awx/bin/p 126816
   8879    1186 /var/lib/awx/venv/awx/bin/p 126672
   8875    1186 /var/lib/awx/venv/awx/bin/p 125136
   8877    1186 /var/lib/awx/venv/awx/bin/p 124880
   9505    1186 /var/lib/awx/venv/awx/bin/p 124768

=== RECEPTOR PROCESS ANALYSIS ===
Receptor Main Processes:
    PID    PPID CMD                           RSS    VSZ %CPU %MEM     ELAPSED
    753       1 /usr/bin/receptor -c /etc/r 46800 1200184 0.0  0.5       19:50
Receptor Child Processes for PID 753:
  No child processes found
Receptor Threads for PID 753:
    PID    SPID %CPU %MEM   RSS COMMAND
    753     753  0.0  0.5 46800 receptor
    753     758  0.0  0.5 46800 receptor
    753     759  0.0  0.5 46800 receptor
    753     760  0.0  0.5 46800 receptor
    753     761  0.0  0.5 46800 receptor
    753     766  0.0  0.5 46800 receptor
    753     767  0.0  0.5 46800 receptor
Receptor Network Connections for PID 753:
COMMAND    PID          USER   FD      TYPE             DEVICE SIZE/OFF     NODE NAME
receptor   753           awx  cwd       DIR              253,0      235      128 /
receptor   753           awx  rtd       DIR              253,0      235      128 /
receptor   753           awx  txt       REG              253,0 54652712 33925292 /usr/bin/receptor
receptor   753           awx  mem       REG              253,0  5436640 50586900 /usr/lib64/libcrypto.so.3.2.2
receptor   753           awx  mem       REG              253,0  2544344 50586163 /usr/lib64/libc.so.6
receptor   753           awx  mem       REG              253,0   102552 50586185 /usr/lib64/libz.so.1.2.11
receptor   753           awx  mem       REG              253,0   897856 50586159 /usr/lib64/ld-linux-x86-64.so.2
receptor   753           awx    0r      CHR                1,3      0t0        4 /dev/null
receptor   753           awx    1w      REG              253,0     2565 33993089 /var/log/receptor/receptor.log
receptor   753           awx    2w      REG              253,0     2565 33993089 /var/log/receptor/receptor.log
receptor   753           awx    3rW     REG               0,24        0      969 /run/awx-receptor/receptor.sock.lock
receptor   753           awx    4u  a_inode               0,14        0       62 [eventpoll:5,7,8]
receptor   753           awx    5r     FIFO               0,13      0t0    21430 pipe
receptor   753           awx    6w     FIFO               0,13      0t0    21430 pipe
receptor   753           awx    7u     unix 0xffff8afa07ec8a00      0t0    16215 /var/run/awx-receptor/receptor.sock type=STREAM (LISTEN)
receptor   753           awx    8u     IPv4              26232      0t0      TCP aap24-control.aap-test.local:51094->aap24-execution.aap-test.local:27199 (ESTABLISHED)
chronyd    763        chrony    5u     IPv4              16184      0t0      UDP localhost:323 
chronyd    763        chrony    6u     IPv6              16185      0t0      UDP localhost:323 
NetworkMa  769          root   26u     IPv4              23280      0t0      UDP aap24-control.aap-test.local:bootpc->pi.hole:bootps 
sshd       802          root    3u     IPv4              16279      0t0      TCP *:ssh (LISTEN)
sshd       802          root    4u     IPv6              16281      0t0      TCP *:ssh (LISTEN)
node_expo 1111 node_exporter    3u     IPv6              25814      0t0      TCP *:jetdirect (LISTEN)
node_expo 1111 node_exporter    7u     IPv6              26405      0t0      TCP aap24-control.aap-test.local:jetdirect->monitoring-node.aap-test.local:49902 (ESTABLISHED)
pulpcore- 1116          pulp    6u     IPv4              26509      0t0      TCP aap24-control.aap-test.local:60002->aap24-database.aap-test.local:postgres (ESTABLISHED)
pulpcore- 1118          pulp    6u     IPv4              25307      0t0      TCP aap24-control.aap-test.local:59996->aap24-database.aap-test.local:postgres (ESTABLISHED)
nginx     1176          root   12u     IPv4              24386      0t0      TCP *:https (LISTEN)
nginx     1176          root   13u     IPv4              24387      0t0      TCP *:http (LISTEN)
nginx     1176          root   14u     IPv6              24388      0t0      TCP *:https (LISTEN)
nginx     1176          root   15u     IPv6              24389      0t0      TCP *:http (LISTEN)
nginx     1178         nginx   12u     IPv4              24386      0t0      TCP *:https (LISTEN)
nginx     1178         nginx   13u     IPv4              24387      0t0      TCP *:http (LISTEN)
nginx     1178         nginx   14u     IPv6              24388      0t0      TCP *:https (LISTEN)
nginx     1178         nginx   15u     IPv6              24389      0t0      TCP *:http (LISTEN)
nginx     1179         nginx   12u     IPv4              24386      0t0      TCP *:https (LISTEN)
nginx     1179         nginx   13u     IPv4              24387      0t0      TCP *:http (LISTEN)
nginx     1179         nginx   14u     IPv6              24388      0t0      TCP *:https (LISTEN)
nginx     1179         nginx   15u     IPv6              24389      0t0      TCP *:http (LISTEN)
nginx     1180         nginx   12u     IPv4              24386      0t0      TCP *:https (LISTEN)
nginx     1180         nginx   13u     IPv4              24387      0t0      TCP *:http (LISTEN)
nginx     1180         nginx   14u     IPv6              24388      0t0      TCP *:https (LISTEN)
nginx     1180         nginx   15u     IPv6              24389      0t0      TCP *:http (LISTEN)
nginx     1181         nginx   12u     IPv4              24386      0t0      TCP *:https (LISTEN)
nginx     1181         nginx   13u     IPv4              24387      0t0      TCP *:http (LISTEN)
nginx     1181         nginx   14u     IPv6              24388      0t0      TCP *:https (LISTEN)
nginx     1181         nginx   15u     IPv6              24389      0t0      TCP *:http (LISTEN)
awx-manag 1186           awx   38u     IPv4              27121      0t0      TCP aap24-control.aap-test.local:60162->aap24-database.aap-test.local:postgres (ESTABLISHED)
awx-manag 1188           awx   29u     IPv4              38928      0t0      TCP aap24-control.aap-test.local:59734->aap24-database.aap-test.local:postgres (ESTABLISHED)
daphne    1201           awx   13u     IPv4              28879      0t0      TCP aap24-control.aap-test.local:60106->aap24-database.aap-test.local:postgres (ESTABLISHED)
awx-manag 1212           awx   17u     IPv4              28973      0t0      TCP aap24-control.aap-test.local:60182->aap24-database.aap-test.local:postgres (ESTABLISHED)
awx-manag 1225          root    8u     IPv4              28965      0t0      TCP aap24-control.aap-test.local:60152->aap24-database.aap-test.local:postgres (ESTABLISHED)
awx-manag 1225          root   14u     IPv4              27893      0t0      TCP aap24-control.aap-test.local:60158->aap24-database.aap-test.local:postgres (ESTABLISHED)
awx-manag 1227           awx    8u     IPv4              27064      0t0      TCP aap24-control.aap-test.local:60098->aap24-database.aap-test.local:postgres (ESTABLISHED)
awx-manag 1227           awx   14u     IPv4              27886      0t0      TCP aap24-control.aap-test.local:60146->aap24-database.aap-test.local:postgres (ESTABLISHED)
gunicorn  1341          pulp   12u     IPv4              28148      0t0      TCP aap24-control.aap-test.local:60230->aap24-database.aap-test.local:postgres (ESTABLISHED)
gunicorn  1372          pulp   12u     IPv4              27288      0t0      TCP aap24-control.aap-test.local:60206->aap24-database.aap-test.local:postgres (ESTABLISHED)
gunicorn  1373          pulp   12u     IPv4              27206      0t0      TCP aap24-control.aap-test.local:60198->aap24-database.aap-test.local:postgres (ESTABLISHED)
gunicorn  1374          pulp   12u     IPv4              29207      0t0      TCP aap24-control.aap-test.local:60214->aap24-database.aap-test.local:postgres (ESTABLISHED)
gunicorn  1392          pulp   12u     IPv4              29210      0t0      TCP aap24-control.aap-test.local:60220->aap24-database.aap-test.local:postgres (ESTABLISHED)
gunicorn  1397          pulp   12u     IPv4              29213      0t0      TCP aap24-control.aap-test.local:60236->aap24-database.aap-test.local:postgres (ESTABLISHED)
gunicorn  1418          pulp   11u     IPv4              29088      0t0      TCP aap24-control.aap-test.local:60184->aap24-database.aap-test.local:postgres (ESTABLISHED)
gunicorn  1430          pulp   11u     IPv4              28105      0t0      TCP aap24-control.aap-test.local:60222->aap24-database.aap-test.local:postgres (ESTABLISHED)
awx-manag 1720           awx   16u     IPv4              87062      0t0      TCP aap24-control.aap-test.local:43574->aap24-database.aap-test.local:postgres (ESTABLISHED)
awx-manag 8212           awx   38u     IPv4              27121      0t0      TCP aap24-control.aap-test.local:60162->aap24-database.aap-test.local:postgres (ESTABLISHED)
sshd      8470          root    4u     IPv4              77224      0t0      TCP aap24-control.aap-test.local:ssh->192.168.1.49:35216 (ESTABLISHED)
sshd      8490          root    4u     IPv4              77224      0t0      TCP aap24-control.aap-test.local:ssh->192.168.1.49:35216 (ESTABLISHED)
awx-manag 8875           awx   29u     IPv4              86021      0t0      TCP aap24-control.aap-test.local:46250->aap24-database.aap-test.local:postgres (ESTABLISHED)
awx-manag 8875           awx   38u     IPv4              27121      0t0      TCP aap24-control.aap-test.local:60162->aap24-database.aap-test.local:postgres (ESTABLISHED)
awx-manag 8877           awx   38u     IPv4              27121      0t0      TCP aap24-control.aap-test.local:60162->aap24-database.aap-test.local:postgres (ESTABLISHED)
awx-manag 8877           awx   52u     IPv4              85691      0t0      TCP aap24-control.aap-test.local:40708->aap24-database.aap-test.local:postgres (ESTABLISHED)
awx-manag 8879           awx   38u     IPv4              27121      0t0      TCP aap24-control.aap-test.local:60162->aap24-database.aap-test.local:postgres (ESTABLISHED)
awx-manag 8879           awx   61u     IPv4              84916      0t0      TCP aap24-control.aap-test.local:43586->aap24-database.aap-test.local:postgres (ESTABLISHED)
awx-manag 9505           awx   36u     IPv4              85517      0t0      TCP aap24-control.aap-test.local:46266->aap24-database.aap-test.local:postgres (ESTABLISHED)
awx-manag 9505           awx   38u     IPv4              27121      0t0      TCP aap24-control.aap-test.local:60162->aap24-database.aap-test.local:postgres (ESTABLISHED)
awx-manag 9507           awx   38u     IPv4              27121      0t0      TCP aap24-control.aap-test.local:60162->aap24-database.aap-test.local:postgres (ESTABLISHED)
awx-manag 9507           awx   54u     IPv4              86028      0t0      TCP aap24-control.aap-test.local:46278->aap24-database.aap-test.local:postgres (ESTABLISHED)
awx-manag 9509           awx   38u     IPv4              27121      0t0      TCP aap24-control.aap-test.local:60162->aap24-database.aap-test.local:postgres (ESTABLISHED)
awx-manag 9509           awx   61u     IPv4              86120      0t0      TCP aap24-control.aap-test.local:40722->aap24-database.aap-test.local:postgres (ESTABLISHED)

    PID    PPID CMD                           RSS    VSZ %CPU %MEM     ELAPSED
   8628       1 bash -c  log_file="/tmp/mem  3456   7260  0.0  0.0       01:35
Receptor Child Processes for PID 8628:
      PID    PPID CMD                           RSS    VSZ %CPU %MEM     ELAPSED
Receptor Threads for PID 8628:
    PID    SPID %CPU %MEM   RSS COMMAND
   8628    8628  0.0  0.0  3456 bash
Receptor Network Connections for PID 8628:
COMMAND    PID          USER   FD   TYPE DEVICE SIZE/OFF     NODE NAME
receptor   753           awx    8u  IPv4  26232      0t0      TCP aap24-control.aap-test.local:51094->aap24-execution.aap-test.local:27199 (ESTABLISHED)
chronyd    763        chrony    5u  IPv4  16184      0t0      UDP localhost:323 
chronyd    763        chrony    6u  IPv6  16185      0t0      UDP localhost:323 
NetworkMa  769          root   26u  IPv4  23280      0t0      UDP aap24-control.aap-test.local:bootpc->pi.hole:bootps 
sshd       802          root    3u  IPv4  16279      0t0      TCP *:ssh (LISTEN)
sshd       802          root    4u  IPv6  16281      0t0      TCP *:ssh (LISTEN)
node_expo 1111 node_exporter    3u  IPv6  25814      0t0      TCP *:jetdirect (LISTEN)
node_expo 1111 node_exporter    7u  IPv6  26405      0t0      TCP aap24-control.aap-test.local:jetdirect->monitoring-node.aap-test.local:49902 (ESTABLISHED)
pulpcore- 1116          pulp    6u  IPv4  26509      0t0      TCP aap24-control.aap-test.local:60002->aap24-database.aap-test.local:postgres (ESTABLISHED)
pulpcore- 1118          pulp    6u  IPv4  25307      0t0      TCP aap24-control.aap-test.local:59996->aap24-database.aap-test.local:postgres (ESTABLISHED)
nginx     1176          root   12u  IPv4  24386      0t0      TCP *:https (LISTEN)
nginx     1176          root   13u  IPv4  24387      0t0      TCP *:http (LISTEN)
nginx     1176          root   14u  IPv6  24388      0t0      TCP *:https (LISTEN)
nginx     1176          root   15u  IPv6  24389      0t0      TCP *:http (LISTEN)
nginx     1178         nginx   12u  IPv4  24386      0t0      TCP *:https (LISTEN)
nginx     1178         nginx   13u  IPv4  24387      0t0      TCP *:http (LISTEN)
nginx     1178         nginx   14u  IPv6  24388      0t0      TCP *:https (LISTEN)
nginx     1178         nginx   15u  IPv6  24389      0t0      TCP *:http (LISTEN)
nginx     1179         nginx   12u  IPv4  24386      0t0      TCP *:https (LISTEN)
nginx     1179         nginx   13u  IPv4  24387      0t0      TCP *:http (LISTEN)
nginx     1179         nginx   14u  IPv6  24388      0t0      TCP *:https (LISTEN)
nginx     1179         nginx   15u  IPv6  24389      0t0      TCP *:http (LISTEN)
nginx     1180         nginx   12u  IPv4  24386      0t0      TCP *:https (LISTEN)
nginx     1180         nginx   13u  IPv4  24387      0t0      TCP *:http (LISTEN)
nginx     1180         nginx   14u  IPv6  24388      0t0      TCP *:https (LISTEN)
nginx     1180         nginx   15u  IPv6  24389      0t0      TCP *:http (LISTEN)
nginx     1181         nginx   12u  IPv4  24386      0t0      TCP *:https (LISTEN)
nginx     1181         nginx   13u  IPv4  24387      0t0      TCP *:http (LISTEN)
nginx     1181         nginx   14u  IPv6  24388      0t0      TCP *:https (LISTEN)
nginx     1181         nginx   15u  IPv6  24389      0t0      TCP *:http (LISTEN)
awx-manag 1186           awx   38u  IPv4  27121      0t0      TCP aap24-control.aap-test.local:60162->aap24-database.aap-test.local:postgres (ESTABLISHED)
awx-manag 1188           awx   29u  IPv4  38928      0t0      TCP aap24-control.aap-test.local:59734->aap24-database.aap-test.local:postgres (ESTABLISHED)
daphne    1201           awx   13u  IPv4  28879      0t0      TCP aap24-control.aap-test.local:60106->aap24-database.aap-test.local:postgres (ESTABLISHED)
awx-manag 1212           awx   17u  IPv4  28973      0t0      TCP aap24-control.aap-test.local:60182->aap24-database.aap-test.local:postgres (ESTABLISHED)
awx-manag 1225          root    8u  IPv4  28965      0t0      TCP aap24-control.aap-test.local:60152->aap24-database.aap-test.local:postgres (ESTABLISHED)
awx-manag 1225          root   14u  IPv4  27893      0t0      TCP aap24-control.aap-test.local:60158->aap24-database.aap-test.local:postgres (ESTABLISHED)
awx-manag 1227           awx    8u  IPv4  27064      0t0      TCP aap24-control.aap-test.local:60098->aap24-database.aap-test.local:postgres (ESTABLISHED)
awx-manag 1227           awx   14u  IPv4  27886      0t0      TCP aap24-control.aap-test.local:60146->aap24-database.aap-test.local:postgres (ESTABLISHED)
gunicorn  1341          pulp   12u  IPv4  28148      0t0      TCP aap24-control.aap-test.local:60230->aap24-database.aap-test.local:postgres (ESTABLISHED)
gunicorn  1372          pulp   12u  IPv4  27288      0t0      TCP aap24-control.aap-test.local:60206->aap24-database.aap-test.local:postgres (ESTABLISHED)
gunicorn  1373          pulp   12u  IPv4  27206      0t0      TCP aap24-control.aap-test.local:60198->aap24-database.aap-test.local:postgres (ESTABLISHED)
gunicorn  1374          pulp   12u  IPv4  29207      0t0      TCP aap24-control.aap-test.local:60214->aap24-database.aap-test.local:postgres (ESTABLISHED)
gunicorn  1392          pulp   12u  IPv4  29210      0t0      TCP aap24-control.aap-test.local:60220->aap24-database.aap-test.local:postgres (ESTABLISHED)
gunicorn  1397          pulp   12u  IPv4  29213      0t0      TCP aap24-control.aap-test.local:60236->aap24-database.aap-test.local:postgres (ESTABLISHED)
gunicorn  1418          pulp   11u  IPv4  29088      0t0      TCP aap24-control.aap-test.local:60184->aap24-database.aap-test.local:postgres (ESTABLISHED)
gunicorn  1430          pulp   11u  IPv4  28105      0t0      TCP aap24-control.aap-test.local:60222->aap24-database.aap-test.local:postgres (ESTABLISHED)
awx-manag 1720           awx   16u  IPv4  87062      0t0      TCP aap24-control.aap-test.local:43574->aap24-database.aap-test.local:postgres (ESTABLISHED)
awx-manag 8212           awx   38u  IPv4  27121      0t0      TCP aap24-control.aap-test.local:60162->aap24-database.aap-test.local:postgres (ESTABLISHED)
sshd      8470          root    4u  IPv4  77224      0t0      TCP aap24-control.aap-test.local:ssh->192.168.1.49:35216 (ESTABLISHED)
sshd      8490          root    4u  IPv4  77224      0t0      TCP aap24-control.aap-test.local:ssh->192.168.1.49:35216 (ESTABLISHED)
bash      8628          root  cwd    DIR  253,0      164 33685638 /root
bash      8628          root  rtd    DIR  253,0      235      128 /
bash      8628          root  txt    REG  253,0  1389072 33846112 /usr/bin/bash
bash      8628          root  mem    REG  253,0  2586930 50586136 /usr/lib/locale/en_US.utf8/LC_COLLATE
bash      8628          root  mem    REG  253,0  2544344 50586163 /usr/lib64/libc.so.6
bash      8628          root  mem    REG  253,0   346132 33846229 /usr/lib/locale/C.utf8/LC_CTYPE
bash      8628          root  mem    REG  253,0       54 50586139 /usr/lib/locale/en_US.utf8/LC_NUMERIC
bash      8628          root  mem    REG  253,0     3284   223295 /usr/lib/locale/en_US.utf8/LC_TIME
bash      8628          root  mem    REG  253,0      286   223293 /usr/lib/locale/en_US.utf8/LC_MONETARY
bash      8628          root  mem    REG  253,0       57   223370 /usr/lib/locale/en_US.utf8/LC_MESSAGES/SYS_LC_MESSAGES
bash      8628          root  mem    REG  253,0    26988 17218970 /usr/lib64/gconv/gconv-modules.cache
bash      8628          root  mem    REG  253,0   195080 50585814 /usr/lib64/libtinfo.so.6.2
bash      8628          root  mem    REG  253,0       34 33846531 /usr/lib/locale/en_US.utf8/LC_PAPER
bash      8628          root  mem    REG  253,0       77 50586138 /usr/lib/locale/en_US.utf8/LC_NAME
bash      8628          root  mem    REG  253,0      167   223289 /usr/lib/locale/en_US.utf8/LC_ADDRESS
bash      8628          root  mem    REG  253,0       59   223294 /usr/lib/locale/en_US.utf8/LC_TELEPHONE
bash      8628          root  mem    REG  253,0       23   223292 /usr/lib/locale/en_US.utf8/LC_MEASUREMENT
bash      8628          root  mem    REG  253,0      369   223291 /usr/lib/locale/en_US.utf8/LC_IDENTIFICATION
bash      8628          root  mem    REG  253,0   897856 50586159 /usr/lib64/ld-linux-x86-64.so.2
bash      8628          root    0r   CHR    1,3      0t0        4 /dev/null
bash      8628          root    1w   REG  253,0        0 16785749 /tmp/memory_monitor.log
bash      8628          root    2w   REG  253,0        0 16785749 /tmp/memory_monitor.log
bash      8628          root    3r  FIFO   0,13      0t0    85809 pipe
awx-manag 8875           awx   29u  IPv4  86021      0t0      TCP aap24-control.aap-test.local:46250->aap24-database.aap-test.local:postgres (ESTABLISHED)
awx-manag 8875           awx   38u  IPv4  27121      0t0      TCP aap24-control.aap-test.local:60162->aap24-database.aap-test.local:postgres (ESTABLISHED)
awx-manag 8877           awx   38u  IPv4  27121      0t0      TCP aap24-control.aap-test.local:60162->aap24-database.aap-test.local:postgres (ESTABLISHED)
awx-manag 8877           awx   52u  IPv4  85691      0t0      TCP aap24-control.aap-test.local:40708->aap24-database.aap-test.local:postgres (ESTABLISHED)
awx-manag 8879           awx   38u  IPv4  27121      0t0      TCP aap24-control.aap-test.local:60162->aap24-database.aap-test.local:postgres (ESTABLISHED)
awx-manag 8879           awx   61u  IPv4  84916      0t0      TCP aap24-control.aap-test.local:43586->aap24-database.aap-test.local:postgres (ESTABLISHED)
awx-manag 9505           awx   36u  IPv4  85517      0t0      TCP aap24-control.aap-test.local:46266->aap24-database.aap-test.local:postgres (ESTABLISHED)
awx-manag 9505           awx   38u  IPv4  27121      0t0      TCP aap24-control.aap-test.local:60162->aap24-database.aap-test.local:postgres (ESTABLISHED)
awx-manag 9507           awx   38u  IPv4  27121      0t0      TCP aap24-control.aap-test.local:60162->aap24-database.aap-test.local:postgres (ESTABLISHED)
awx-manag 9507           awx   54u  IPv4  86028      0t0      TCP aap24-control.aap-test.local:46278->aap24-database.aap-test.local:postgres (ESTABLISHED)
awx-manag 9509           awx   38u  IPv4  27121      0t0      TCP aap24-control.aap-test.local:60162->aap24-database.aap-test.local:postgres (ESTABLISHED)
awx-manag 9509           awx   61u  IPv4  86120      0t0      TCP aap24-control.aap-test.local:40722->aap24-database.aap-test.local:postgres (ESTABLISHED)

    PID    PPID CMD                           RSS    VSZ %CPU %MEM     ELAPSED
Receptor Child Processes for PID 9601:
  No child processes found
Receptor Threads for PID 9601:
    PID    SPID %CPU %MEM   RSS COMMAND
Receptor Network Connections for PID 9601:
COMMAND    PID          USER   FD   TYPE DEVICE SIZE/OFF NODE NAME
receptor   753           awx    8u  IPv4  26232      0t0  TCP aap24-control.aap-test.local:51094->aap24-execution.aap-test.local:27199 (ESTABLISHED)
chronyd    763        chrony    5u  IPv4  16184      0t0  UDP localhost:323 
chronyd    763        chrony    6u  IPv6  16185      0t0  UDP localhost:323 
NetworkMa  769          root   26u  IPv4  23280      0t0  UDP aap24-control.aap-test.local:bootpc->pi.hole:bootps 
sshd       802          root    3u  IPv4  16279      0t0  TCP *:ssh (LISTEN)
sshd       802          root    4u  IPv6  16281      0t0  TCP *:ssh (LISTEN)
node_expo 1111 node_exporter    3u  IPv6  25814      0t0  TCP *:jetdirect (LISTEN)
node_expo 1111 node_exporter    7u  IPv6  26405      0t0  TCP aap24-control.aap-test.local:jetdirect->monitoring-node.aap-test.local:49902 (ESTABLISHED)
pulpcore- 1116          pulp    6u  IPv4  26509      0t0  TCP aap24-control.aap-test.local:60002->aap24-database.aap-test.local:postgres (ESTABLISHED)
pulpcore- 1118          pulp    6u  IPv4  25307      0t0  TCP aap24-control.aap-test.local:59996->aap24-database.aap-test.local:postgres (ESTABLISHED)
nginx     1176          root   12u  IPv4  24386      0t0  TCP *:https (LISTEN)
nginx     1176          root   13u  IPv4  24387      0t0  TCP *:http (LISTEN)
nginx     1176          root   14u  IPv6  24388      0t0  TCP *:https (LISTEN)
nginx     1176          root   15u  IPv6  24389      0t0  TCP *:http (LISTEN)
nginx     1178         nginx   12u  IPv4  24386      0t0  TCP *:https (LISTEN)
nginx     1178         nginx   13u  IPv4  24387      0t0  TCP *:http (LISTEN)
nginx     1178         nginx   14u  IPv6  24388      0t0  TCP *:https (LISTEN)
nginx     1178         nginx   15u  IPv6  24389      0t0  TCP *:http (LISTEN)
nginx     1179         nginx   12u  IPv4  24386      0t0  TCP *:https (LISTEN)
nginx     1179         nginx   13u  IPv4  24387      0t0  TCP *:http (LISTEN)
nginx     1179         nginx   14u  IPv6  24388      0t0  TCP *:https (LISTEN)
nginx     1179         nginx   15u  IPv6  24389      0t0  TCP *:http (LISTEN)
nginx     1180         nginx   12u  IPv4  24386      0t0  TCP *:https (LISTEN)
nginx     1180         nginx   13u  IPv4  24387      0t0  TCP *:http (LISTEN)
nginx     1180         nginx   14u  IPv6  24388      0t0  TCP *:https (LISTEN)
nginx     1180         nginx   15u  IPv6  24389      0t0  TCP *:http (LISTEN)
nginx     1181         nginx   12u  IPv4  24386      0t0  TCP *:https (LISTEN)
nginx     1181         nginx   13u  IPv4  24387      0t0  TCP *:http (LISTEN)
nginx     1181         nginx   14u  IPv6  24388      0t0  TCP *:https (LISTEN)
nginx     1181         nginx   15u  IPv6  24389      0t0  TCP *:http (LISTEN)
awx-manag 1186           awx   38u  IPv4  27121      0t0  TCP aap24-control.aap-test.local:60162->aap24-database.aap-test.local:postgres (ESTABLISHED)
awx-manag 1188           awx   29u  IPv4  38928      0t0  TCP aap24-control.aap-test.local:59734->aap24-database.aap-test.local:postgres (ESTABLISHED)
daphne    1201           awx   13u  IPv4  28879      0t0  TCP aap24-control.aap-test.local:60106->aap24-database.aap-test.local:postgres (ESTABLISHED)
awx-manag 1212           awx   17u  IPv4  28973      0t0  TCP aap24-control.aap-test.local:60182->aap24-database.aap-test.local:postgres (ESTABLISHED)
awx-manag 1225          root    8u  IPv4  28965      0t0  TCP aap24-control.aap-test.local:60152->aap24-database.aap-test.local:postgres (ESTABLISHED)
awx-manag 1225          root   14u  IPv4  27893      0t0  TCP aap24-control.aap-test.local:60158->aap24-database.aap-test.local:postgres (ESTABLISHED)
awx-manag 1227           awx    8u  IPv4  27064      0t0  TCP aap24-control.aap-test.local:60098->aap24-database.aap-test.local:postgres (ESTABLISHED)
awx-manag 1227           awx   14u  IPv4  27886      0t0  TCP aap24-control.aap-test.local:60146->aap24-database.aap-test.local:postgres (ESTABLISHED)
gunicorn  1341          pulp   12u  IPv4  28148      0t0  TCP aap24-control.aap-test.local:60230->aap24-database.aap-test.local:postgres (ESTABLISHED)
gunicorn  1372          pulp   12u  IPv4  27288      0t0  TCP aap24-control.aap-test.local:60206->aap24-database.aap-test.local:postgres (ESTABLISHED)
gunicorn  1373          pulp   12u  IPv4  27206      0t0  TCP aap24-control.aap-test.local:60198->aap24-database.aap-test.local:postgres (ESTABLISHED)
gunicorn  1374          pulp   12u  IPv4  29207      0t0  TCP aap24-control.aap-test.local:60214->aap24-database.aap-test.local:postgres (ESTABLISHED)
gunicorn  1392          pulp   12u  IPv4  29210      0t0  TCP aap24-control.aap-test.local:60220->aap24-database.aap-test.local:postgres (ESTABLISHED)
gunicorn  1397          pulp   12u  IPv4  29213      0t0  TCP aap24-control.aap-test.local:60236->aap24-database.aap-test.local:postgres (ESTABLISHED)
gunicorn  1418          pulp   11u  IPv4  29088      0t0  TCP aap24-control.aap-test.local:60184->aap24-database.aap-test.local:postgres (ESTABLISHED)
gunicorn  1430          pulp   11u  IPv4  28105      0t0  TCP aap24-control.aap-test.local:60222->aap24-database.aap-test.local:postgres (ESTABLISHED)
awx-manag 1720           awx   16u  IPv4  87062      0t0  TCP aap24-control.aap-test.local:43574->aap24-database.aap-test.local:postgres (ESTABLISHED)
awx-manag 8212           awx   38u  IPv4  27121      0t0  TCP aap24-control.aap-test.local:60162->aap24-database.aap-test.local:postgres (ESTABLISHED)
sshd      8470          root    4u  IPv4  77224      0t0  TCP aap24-control.aap-test.local:ssh->192.168.1.49:35216 (ESTABLISHED)
sshd      8490          root    4u  IPv4  77224      0t0  TCP aap24-control.aap-test.local:ssh->192.168.1.49:35216 (ESTABLISHED)
awx-manag 8875           awx   29u  IPv4  86021      0t0  TCP aap24-control.aap-test.local:46250->aap24-database.aap-test.local:postgres (ESTABLISHED)
awx-manag 8875           awx   38u  IPv4  27121      0t0  TCP aap24-control.aap-test.local:60162->aap24-database.aap-test.local:postgres (ESTABLISHED)
awx-manag 8877           awx   38u  IPv4  27121      0t0  TCP aap24-control.aap-test.local:60162->aap24-database.aap-test.local:postgres (ESTABLISHED)
awx-manag 8877           awx   52u  IPv4  85691      0t0  TCP aap24-control.aap-test.local:40708->aap24-database.aap-test.local:postgres (ESTABLISHED)
awx-manag 8879           awx   38u  IPv4  27121      0t0  TCP aap24-control.aap-test.local:60162->aap24-database.aap-test.local:postgres (ESTABLISHED)
awx-manag 8879           awx   61u  IPv4  84916      0t0  TCP aap24-control.aap-test.local:43586->aap24-database.aap-test.local:postgres (ESTABLISHED)
awx-manag 9505           awx   36u  IPv4  85517      0t0  TCP aap24-control.aap-test.local:46266->aap24-database.aap-test.local:postgres (ESTABLISHED)
awx-manag 9505           awx   38u  IPv4  27121      0t0  TCP aap24-control.aap-test.local:60162->aap24-database.aap-test.local:postgres (ESTABLISHED)
awx-manag 9507           awx   38u  IPv4  27121      0t0  TCP aap24-control.aap-test.local:60162->aap24-database.aap-test.local:postgres (ESTABLISHED)
awx-manag 9507           awx   54u  IPv4  86028      0t0  TCP aap24-control.aap-test.local:46278->aap24-database.aap-test.local:postgres (ESTABLISHED)
awx-manag 9509           awx   38u  IPv4  27121      0t0  TCP aap24-control.aap-test.local:60162->aap24-database.aap-test.local:postgres (ESTABLISHED)
awx-manag 9509           awx   61u  IPv4  86120      0t0  TCP aap24-control.aap-test.local:40722->aap24-database.aap-test.local:postgres (ESTABLISHED)
  No network connections found

=== RECEPTOR MEMORY SUMMARY ===
Total Receptor RSS Memory: 50256 KB (49 MB)
Total Receptor VSZ Memory: 1207444 KB (1179 MB)
Number of Receptor Processes: 3

AAP-related Processes and Children:
=== AAP Service Processes ===
Process: gunicorn (PID: 744)
    PID    PPID CMD                           RSS
    744       1 /usr/bin/python3 /bin/gunic 25740
  Children of PID 744:
    PID    PPID CMD                           RSS
    827     744 /usr/bin/python3 /bin/gunic 69436
    PID    PPID CMD                           RSS
    853     744 /usr/bin/python3 /bin/gunic 69060
    PID    PPID CMD                           RSS
    858     744 /usr/bin/python3 /bin/gunic 69536
    PID    PPID CMD                           RSS
    862     744 /usr/bin/python3 /bin/gunic 69224
    PID    PPID CMD                           RSS
    867     744 /usr/bin/python3 /bin/gunic 69368
    PID    PPID CMD                           RSS
    892     744 /usr/bin/python3 /bin/gunic 69324
    PID    PPID CMD                           RSS
    903     744 /usr/bin/python3 /bin/gunic 69388
    PID    PPID CMD                           RSS
    929     744 /usr/bin/python3 /bin/gunic 69296
    PID    PPID CMD                           RSS
    984     744 /usr/bin/python3 /bin/gunic 69340

Process: receptor (PID: 753)
    PID    PPID CMD                           RSS
    753       1 /usr/bin/receptor -c /etc/r 46800

Process: gunicorn (PID: 827)
    PID    PPID CMD                           RSS
    827     744 /usr/bin/python3 /bin/gunic 69436

Process: gunicorn (PID: 853)
    PID    PPID CMD                           RSS
    853     744 /usr/bin/python3 /bin/gunic 69060

Process: gunicorn (PID: 858)
    PID    PPID CMD                           RSS
    858     744 /usr/bin/python3 /bin/gunic 69536

Process: gunicorn (PID: 862)
    PID    PPID CMD                           RSS
    862     744 /usr/bin/python3 /bin/gunic 69224

Process: gunicorn (PID: 867)
    PID    PPID CMD                           RSS
    867     744 /usr/bin/python3 /bin/gunic 69368

Process: gunicorn (PID: 892)
    PID    PPID CMD                           RSS
    892     744 /usr/bin/python3 /bin/gunic 69324

Process: gunicorn (PID: 903)
    PID    PPID CMD                           RSS
    903     744 /usr/bin/python3 /bin/gunic 69388

Process: gunicorn (PID: 929)
    PID    PPID CMD                           RSS
    929     744 /usr/bin/python3 /bin/gunic 69296

Process: gunicorn (PID: 984)
    PID    PPID CMD                           RSS
    984     744 /usr/bin/python3 /bin/gunic 69340

Process: redis-server (PID: 1121)
    PID    PPID CMD                           RSS
   1121       1 /usr/bin/redis-server unixs 13308

Process: nginx (PID: 1176)
    PID    PPID CMD                           RSS
   1176       1 nginx: master process /usr/  2576
  Children of PID 1176:
    PID    PPID CMD                           RSS
   1178    1176 nginx: worker process        4112
    PID    PPID CMD                           RSS
   1179    1176 nginx: worker process        4112
    PID    PPID CMD                           RSS
   1180    1176 nginx: worker process        4112
    PID    PPID CMD                           RSS
   1181    1176 nginx: worker process        8336

Process: nginx (PID: 1178)
    PID    PPID CMD                           RSS
   1178    1176 nginx: worker process        4112

Process: nginx (PID: 1179)
    PID    PPID CMD                           RSS
   1179    1176 nginx: worker process        4112

Process: nginx (PID: 1180)
    PID    PPID CMD                           RSS
   1180    1176 nginx: worker process        4112

Process: nginx (PID: 1181)
    PID    PPID CMD                           RSS
   1181    1176 nginx: worker process        8336

Process: uwsgi (PID: 1191)
    PID    PPID CMD                           RSS
   1191     835 /var/lib/awx/venv/awx/bin/u 103248
  Children of PID 1191:
    PID    PPID CMD                           RSS
   1686    1191 /var/lib/awx/venv/awx/bin/u 87792
    PID    PPID CMD                           RSS
   1687    1191 /var/lib/awx/venv/awx/bin/u 108656
    PID    PPID CMD                           RSS
   1688    1191 /var/lib/awx/venv/awx/bin/u 87792
    PID    PPID CMD                           RSS
   1689    1191 /var/lib/awx/venv/awx/bin/u 87792

Process: uwsgi (PID: 1686)
    PID    PPID CMD                           RSS
   1686    1191 /var/lib/awx/venv/awx/bin/u 87792

Process: uwsgi (PID: 1687)
    PID    PPID CMD                           RSS
   1687    1191 /var/lib/awx/venv/awx/bin/u 108656

Process: uwsgi (PID: 1688)
    PID    PPID CMD                           RSS
   1688    1191 /var/lib/awx/venv/awx/bin/u 87792

Process: uwsgi (PID: 1689)
    PID    PPID CMD                           RSS
   1689    1191 /var/lib/awx/venv/awx/bin/u 87792

Process: bash (PID: 8628)
    PID    PPID CMD                           RSS
   8628       1 bash -c  log_file="/tmp/mem  3456
  Children of PID 8628:
    PID    PPID CMD                           RSS
   9692    8628 bash -c  log_file="/tmp/mem  2116

Process: bash (PID: 9692)
    PID    PPID CMD                           RSS
   9692    8628 bash -c  log_file="/tmp/mem  2116
  Children of PID 9692:
    PID    PPID CMD                           RSS


Process Tree for AAP Services:
=== automation-controller Process Tree ===
bash(8628)---pstree(9786)
=== receptor Process Tree ===
receptor(753)-+-{receptor}(758)
              |-{receptor}(759)
              |-{receptor}(760)
              |-{receptor}(761)
              |-{receptor}(766)
              `-{receptor}(767)
bash(8628)---pstree(9791)
=== nginx Process Tree ===
nginx(1176)-+-nginx(1178)
            |-nginx(1179)
            |-nginx(1180)
            `-nginx(1181)
nginx(1178)
nginx(1179)
nginx(1180)
nginx(1181)
bash(8628)---pstree(9800)
=== postgresql Process Tree ===
bash(8628)---pstree(9804)
=== redis Process Tree ===
redis-server(1121)-+-{redis-server}(1140)
                   |-{redis-server}(1141)
                   |-{redis-server}(1142)
                   `-{redis-server}(1143)
bash(8628)---pstree(9809)
=== uwsgi Process Tree ===
uwsgi(1191)-+-uwsgi(1686)
            |-uwsgi(1687)
            |-uwsgi(1688)
            `-uwsgi(1689)
uwsgi(1686)
uwsgi(1687)
uwsgi(1688)
uwsgi(1689)
bash(8628)---pstree(9818)
=== automation-hub Process Tree ===
bash(8628)---pstree(9822)
=== automation-eda Process Tree ===
gunicorn(744)-+-gunicorn(827)
              |-gunicorn(853)
              |-gunicorn(858)
              |-gunicorn(862)
              |-gunicorn(867)
              |-gunicorn(892)
              |-gunicorn(903)
              |-gunicorn(929)
              `-gunicorn(984)
gunicorn(827)
gunicorn(853)
gunicorn(858)
gunicorn(862)
gunicorn(867)
gunicorn(892)
gunicorn(903)
gunicorn(929)
gunicorn(984)
bash(8628)---pstree(9836)

=================================================================================
2025-06-27 14:23:36
Memory Usage Report:
               total        used        free      shared  buff/cache   available
Mem:            7681        4297        3225          11         423        3384
Swap:           3071           0        3071

Top 10 Processes by RSS Memory:
    PID    PPID CMD                           RSS
   1186     835 /var/lib/awx/venv/awx/bin/p 133392
   1188     835 /var/lib/awx/venv/awx/bin/p 131300
   1225     835 /var/lib/awx/venv/awx/bin/p 130880
   9509    1186 /var/lib/awx/venv/awx/bin/p 127584
   1212     835 /var/lib/awx/venv/awx/bin/p 127016
   8877    1186 /var/lib/awx/venv/awx/bin/p 125136
   9507    1186 /var/lib/awx/venv/awx/bin/p 125024
   9898    1186 /var/lib/awx/venv/awx/bin/p 124788
   9505    1186 /var/lib/awx/venv/awx/bin/p 124768
   9896    1186 /var/lib/awx/venv/awx/bin/p 124404

=== RECEPTOR PROCESS ANALYSIS ===
Receptor Main Processes:
    PID    PPID CMD                           RSS    VSZ %CPU %MEM     ELAPSED
    753       1 /usr/bin/receptor -c /etc/r 46800 1200184 0.0  0.5       20:21
Receptor Child Processes for PID 753:
  No child processes found
Receptor Threads for PID 753:
    PID    SPID %CPU %MEM   RSS COMMAND
    753     753  0.0  0.5 46800 receptor
    753     758  0.0  0.5 46800 receptor
    753     759  0.0  0.5 46800 receptor
    753     760  0.0  0.5 46800 receptor
    753     761  0.0  0.5 46800 receptor
    753     766  0.0  0.5 46800 receptor
    753     767  0.0  0.5 46800 receptor
Receptor Network Connections for PID 753:
COMMAND    PID          USER   FD      TYPE             DEVICE SIZE/OFF     NODE NAME
receptor   753           awx  cwd       DIR              253,0      235      128 /
receptor   753           awx  rtd       DIR              253,0      235      128 /
receptor   753           awx  txt       REG              253,0 54652712 33925292 /usr/bin/receptor
receptor   753           awx  mem       REG              253,0  5436640 50586900 /usr/lib64/libcrypto.so.3.2.2
receptor   753           awx  mem       REG              253,0  2544344 50586163 /usr/lib64/libc.so.6
receptor   753           awx  mem       REG              253,0   102552 50586185 /usr/lib64/libz.so.1.2.11
receptor   753           awx  mem       REG              253,0   897856 50586159 /usr/lib64/ld-linux-x86-64.so.2
receptor   753           awx    0r      CHR                1,3      0t0        4 /dev/null
receptor   753           awx    1w      REG              253,0     2565 33993089 /var/log/receptor/receptor.log
receptor   753           awx    2w      REG              253,0     2565 33993089 /var/log/receptor/receptor.log
receptor   753           awx    3rW     REG               0,24        0      969 /run/awx-receptor/receptor.sock.lock
receptor   753           awx    4u  a_inode               0,14        0       62 [eventpoll:5,7,8]
receptor   753           awx    5r     FIFO               0,13      0t0    21430 pipe
receptor   753           awx    6w     FIFO               0,13      0t0    21430 pipe
receptor   753           awx    7u     unix 0xffff8afa07ec8a00      0t0    16215 /var/run/awx-receptor/receptor.sock type=STREAM (LISTEN)
receptor   753           awx    8u     IPv4              26232      0t0      TCP aap24-control.aap-test.local:51094->aap24-execution.aap-test.local:27199 (ESTABLISHED)
chronyd    763        chrony    5u     IPv4              16184      0t0      UDP localhost:323 
chronyd    763        chrony    6u     IPv6              16185      0t0      UDP localhost:323 
NetworkMa  769          root   26u     IPv4              23280      0t0      UDP aap24-control.aap-test.local:bootpc->pi.hole:bootps 
sshd       802          root    3u     IPv4              16279      0t0      TCP *:ssh (LISTEN)
sshd       802          root    4u     IPv6              16281      0t0      TCP *:ssh (LISTEN)
node_expo 1111 node_exporter    3u     IPv6              25814      0t0      TCP *:jetdirect (LISTEN)
node_expo 1111 node_exporter    7u     IPv6              26405      0t0      TCP aap24-control.aap-test.local:jetdirect->monitoring-node.aap-test.local:49902 (ESTABLISHED)
pulpcore- 1116          pulp    6u     IPv4              26509      0t0      TCP aap24-control.aap-test.local:60002->aap24-database.aap-test.local:postgres (ESTABLISHED)
pulpcore- 1118          pulp    6u     IPv4              25307      0t0      TCP aap24-control.aap-test.local:59996->aap24-database.aap-test.local:postgres (ESTABLISHED)
nginx     1176          root   12u     IPv4              24386      0t0      TCP *:https (LISTEN)
nginx     1176          root   13u     IPv4              24387      0t0      TCP *:http (LISTEN)
nginx     1176          root   14u     IPv6              24388      0t0      TCP *:https (LISTEN)
nginx     1176          root   15u     IPv6              24389      0t0      TCP *:http (LISTEN)
nginx     1178         nginx   12u     IPv4              24386      0t0      TCP *:https (LISTEN)
nginx     1178         nginx   13u     IPv4              24387      0t0      TCP *:http (LISTEN)
nginx     1178         nginx   14u     IPv6              24388      0t0      TCP *:https (LISTEN)
nginx     1178         nginx   15u     IPv6              24389      0t0      TCP *:http (LISTEN)
nginx     1179         nginx   12u     IPv4              24386      0t0      TCP *:https (LISTEN)
nginx     1179         nginx   13u     IPv4              24387      0t0      TCP *:http (LISTEN)
nginx     1179         nginx   14u     IPv6              24388      0t0      TCP *:https (LISTEN)
nginx     1179         nginx   15u     IPv6              24389      0t0      TCP *:http (LISTEN)
nginx     1180         nginx   12u     IPv4              24386      0t0      TCP *:https (LISTEN)
nginx     1180         nginx   13u     IPv4              24387      0t0      TCP *:http (LISTEN)
nginx     1180         nginx   14u     IPv6              24388      0t0      TCP *:https (LISTEN)
nginx     1180         nginx   15u     IPv6              24389      0t0      TCP *:http (LISTEN)
nginx     1181         nginx   12u     IPv4              24386      0t0      TCP *:https (LISTEN)
nginx     1181         nginx   13u     IPv4              24387      0t0      TCP *:http (LISTEN)
nginx     1181         nginx   14u     IPv6              24388      0t0      TCP *:https (LISTEN)
nginx     1181         nginx   15u     IPv6              24389      0t0      TCP *:http (LISTEN)
awx-manag 1186           awx   38u     IPv4              27121      0t0      TCP aap24-control.aap-test.local:60162->aap24-database.aap-test.local:postgres (ESTABLISHED)
awx-manag 1188           awx   29u     IPv4              38928      0t0      TCP aap24-control.aap-test.local:59734->aap24-database.aap-test.local:postgres (ESTABLISHED)
daphne    1201           awx   13u     IPv4              28879      0t0      TCP aap24-control.aap-test.local:60106->aap24-database.aap-test.local:postgres (ESTABLISHED)
awx-manag 1212           awx   17u     IPv4              28973      0t0      TCP aap24-control.aap-test.local:60182->aap24-database.aap-test.local:postgres (ESTABLISHED)
awx-manag 1225          root    8u     IPv4              28965      0t0      TCP aap24-control.aap-test.local:60152->aap24-database.aap-test.local:postgres (ESTABLISHED)
awx-manag 1225          root   14u     IPv4              27893      0t0      TCP aap24-control.aap-test.local:60158->aap24-database.aap-test.local:postgres (ESTABLISHED)
awx-manag 1227           awx    8u     IPv4              27064      0t0      TCP aap24-control.aap-test.local:60098->aap24-database.aap-test.local:postgres (ESTABLISHED)
awx-manag 1227           awx   14u     IPv4              27886      0t0      TCP aap24-control.aap-test.local:60146->aap24-database.aap-test.local:postgres (ESTABLISHED)
gunicorn  1341          pulp   12u     IPv4              28148      0t0      TCP aap24-control.aap-test.local:60230->aap24-database.aap-test.local:postgres (ESTABLISHED)
gunicorn  1372          pulp   12u     IPv4              27288      0t0      TCP aap24-control.aap-test.local:60206->aap24-database.aap-test.local:postgres (ESTABLISHED)
gunicorn  1373          pulp   12u     IPv4              27206      0t0      TCP aap24-control.aap-test.local:60198->aap24-database.aap-test.local:postgres (ESTABLISHED)
gunicorn  1374          pulp   12u     IPv4              29207      0t0      TCP aap24-control.aap-test.local:60214->aap24-database.aap-test.local:postgres (ESTABLISHED)
gunicorn  1392          pulp   12u     IPv4              29210      0t0      TCP aap24-control.aap-test.local:60220->aap24-database.aap-test.local:postgres (ESTABLISHED)
gunicorn  1397          pulp   12u     IPv4              29213      0t0      TCP aap24-control.aap-test.local:60236->aap24-database.aap-test.local:postgres (ESTABLISHED)
gunicorn  1418          pulp   11u     IPv4              29088      0t0      TCP aap24-control.aap-test.local:60184->aap24-database.aap-test.local:postgres (ESTABLISHED)
gunicorn  1430          pulp   11u     IPv4              28105      0t0      TCP aap24-control.aap-test.local:60222->aap24-database.aap-test.local:postgres (ESTABLISHED)
awx-manag 1720           awx   16u     IPv4              87462      0t0      TCP aap24-control.aap-test.local:48550->aap24-database.aap-test.local:postgres (ESTABLISHED)
sshd      8470          root    4u     IPv4              77224      0t0      TCP aap24-control.aap-test.local:ssh->192.168.1.49:35216 (ESTABLISHED)
sshd      8490          root    4u     IPv4              77224      0t0      TCP aap24-control.aap-test.local:ssh->192.168.1.49:35216 (ESTABLISHED)
awx-manag 8877           awx   38u     IPv4              27121      0t0      TCP aap24-control.aap-test.local:60162->aap24-database.aap-test.local:postgres (ESTABLISHED)
awx-manag 8877           awx   52u     IPv4              89423      0t0      TCP aap24-control.aap-test.local:48604->aap24-database.aap-test.local:postgres (ESTABLISHED)
awx-manag 9505           awx   38u     IPv4              27121      0t0      TCP aap24-control.aap-test.local:60162->aap24-database.aap-test.local:postgres (ESTABLISHED)
awx-manag 9507           awx   38u     IPv4              27121      0t0      TCP aap24-control.aap-test.local:60162->aap24-database.aap-test.local:postgres (ESTABLISHED)
awx-manag 9507           awx   54u     IPv4              86633      0t0      TCP aap24-control.aap-test.local:48582->aap24-database.aap-test.local:postgres (ESTABLISHED)
awx-manag 9509           awx   38u     IPv4              27121      0t0      TCP aap24-control.aap-test.local:60162->aap24-database.aap-test.local:postgres (ESTABLISHED)
awx-manag 9509           awx   61u     IPv4              88644      0t0      TCP aap24-control.aap-test.local:48590->aap24-database.aap-test.local:postgres (ESTABLISHED)
awx-manag 9896           awx   38u     IPv4              27121      0t0      TCP aap24-control.aap-test.local:60162->aap24-database.aap-test.local:postgres (ESTABLISHED)
awx-manag 9896           awx   40u     IPv4              88649      0t0      TCP aap24-control.aap-test.local:48602->aap24-database.aap-test.local:postgres (ESTABLISHED)
awx-manag 9898           awx   38u     IPv4              27121      0t0      TCP aap24-control.aap-test.local:60162->aap24-database.aap-test.local:postgres (ESTABLISHED)
awx-manag 9898           awx   50u     IPv4              89424      0t0      TCP aap24-control.aap-test.local:48614->aap24-database.aap-test.local:postgres (ESTABLISHED)
awx-manag 9900           awx   38u     IPv4              27121      0t0      TCP aap24-control.aap-test.local:60162->aap24-database.aap-test.local:postgres (ESTABLISHED)

    PID    PPID CMD                           RSS    VSZ %CPU %MEM     ELAPSED
   8628       1 bash -c  log_file="/tmp/mem  3456   7260  0.0  0.0       02:06
Receptor Child Processes for PID 8628:
      PID    PPID CMD                           RSS    VSZ %CPU %MEM     ELAPSED
Receptor Threads for PID 8628:
    PID    SPID %CPU %MEM   RSS COMMAND
   8628    8628  0.0  0.0  3456 bash
Receptor Network Connections for PID 8628:
COMMAND    PID          USER   FD   TYPE DEVICE SIZE/OFF     NODE NAME
receptor   753           awx    8u  IPv4  26232      0t0      TCP aap24-control.aap-test.local:51094->aap24-execution.aap-test.local:27199 (ESTABLISHED)
chronyd    763        chrony    5u  IPv4  16184      0t0      UDP localhost:323 
chronyd    763        chrony    6u  IPv6  16185      0t0      UDP localhost:323 
NetworkMa  769          root   26u  IPv4  23280      0t0      UDP aap24-control.aap-test.local:bootpc->pi.hole:bootps 
sshd       802          root    3u  IPv4  16279      0t0      TCP *:ssh (LISTEN)
sshd       802          root    4u  IPv6  16281      0t0      TCP *:ssh (LISTEN)
node_expo 1111 node_exporter    3u  IPv6  25814      0t0      TCP *:jetdirect (LISTEN)
node_expo 1111 node_exporter    7u  IPv6  26405      0t0      TCP aap24-control.aap-test.local:jetdirect->monitoring-node.aap-test.local:49902 (ESTABLISHED)
pulpcore- 1116          pulp    6u  IPv4  26509      0t0      TCP aap24-control.aap-test.local:60002->aap24-database.aap-test.local:postgres (ESTABLISHED)
pulpcore- 1118          pulp    6u  IPv4  25307      0t0      TCP aap24-control.aap-test.local:59996->aap24-database.aap-test.local:postgres (ESTABLISHED)
nginx     1176          root   12u  IPv4  24386      0t0      TCP *:https (LISTEN)
nginx     1176          root   13u  IPv4  24387      0t0      TCP *:http (LISTEN)
nginx     1176          root   14u  IPv6  24388      0t0      TCP *:https (LISTEN)
nginx     1176          root   15u  IPv6  24389      0t0      TCP *:http (LISTEN)
nginx     1178         nginx   12u  IPv4  24386      0t0      TCP *:https (LISTEN)
nginx     1178         nginx   13u  IPv4  24387      0t0      TCP *:http (LISTEN)
nginx     1178         nginx   14u  IPv6  24388      0t0      TCP *:https (LISTEN)
nginx     1178         nginx   15u  IPv6  24389      0t0      TCP *:http (LISTEN)
nginx     1179         nginx   12u  IPv4  24386      0t0      TCP *:https (LISTEN)
nginx     1179         nginx   13u  IPv4  24387      0t0      TCP *:http (LISTEN)
nginx     1179         nginx   14u  IPv6  24388      0t0      TCP *:https (LISTEN)
nginx     1179         nginx   15u  IPv6  24389      0t0      TCP *:http (LISTEN)
nginx     1180         nginx   12u  IPv4  24386      0t0      TCP *:https (LISTEN)
nginx     1180         nginx   13u  IPv4  24387      0t0      TCP *:http (LISTEN)
nginx     1180         nginx   14u  IPv6  24388      0t0      TCP *:https (LISTEN)
nginx     1180         nginx   15u  IPv6  24389      0t0      TCP *:http (LISTEN)
nginx     1181         nginx   12u  IPv4  24386      0t0      TCP *:https (LISTEN)
nginx     1181         nginx   13u  IPv4  24387      0t0      TCP *:http (LISTEN)
nginx     1181         nginx   14u  IPv6  24388      0t0      TCP *:https (LISTEN)
nginx     1181         nginx   15u  IPv6  24389      0t0      TCP *:http (LISTEN)
awx-manag 1186           awx   38u  IPv4  27121      0t0      TCP aap24-control.aap-test.local:60162->aap24-database.aap-test.local:postgres (ESTABLISHED)
awx-manag 1188           awx   29u  IPv4  38928      0t0      TCP aap24-control.aap-test.local:59734->aap24-database.aap-test.local:postgres (ESTABLISHED)
daphne    1201           awx   13u  IPv4  28879      0t0      TCP aap24-control.aap-test.local:60106->aap24-database.aap-test.local:postgres (ESTABLISHED)
awx-manag 1212           awx   17u  IPv4  28973      0t0      TCP aap24-control.aap-test.local:60182->aap24-database.aap-test.local:postgres (ESTABLISHED)
awx-manag 1225          root    8u  IPv4  28965      0t0      TCP aap24-control.aap-test.local:60152->aap24-database.aap-test.local:postgres (ESTABLISHED)
awx-manag 1225          root   14u  IPv4  27893      0t0      TCP aap24-control.aap-test.local:60158->aap24-database.aap-test.local:postgres (ESTABLISHED)
awx-manag 1227           awx    8u  IPv4  27064      0t0      TCP aap24-control.aap-test.local:60098->aap24-database.aap-test.local:postgres (ESTABLISHED)
awx-manag 1227           awx   14u  IPv4  27886      0t0      TCP aap24-control.aap-test.local:60146->aap24-database.aap-test.local:postgres (ESTABLISHED)
gunicorn  1341          pulp   12u  IPv4  28148      0t0      TCP aap24-control.aap-test.local:60230->aap24-database.aap-test.local:postgres (ESTABLISHED)
gunicorn  1372          pulp   12u  IPv4  27288      0t0      TCP aap24-control.aap-test.local:60206->aap24-database.aap-test.local:postgres (ESTABLISHED)
gunicorn  1373          pulp   12u  IPv4  27206      0t0      TCP aap24-control.aap-test.local:60198->aap24-database.aap-test.local:postgres (ESTABLISHED)
gunicorn  1374          pulp   12u  IPv4  29207      0t0      TCP aap24-control.aap-test.local:60214->aap24-database.aap-test.local:postgres (ESTABLISHED)
gunicorn  1392          pulp   12u  IPv4  29210      0t0      TCP aap24-control.aap-test.local:60220->aap24-database.aap-test.local:postgres (ESTABLISHED)
gunicorn  1397          pulp   12u  IPv4  29213      0t0      TCP aap24-control.aap-test.local:60236->aap24-database.aap-test.local:postgres (ESTABLISHED)
gunicorn  1418          pulp   11u  IPv4  29088      0t0      TCP aap24-control.aap-test.local:60184->aap24-database.aap-test.local:postgres (ESTABLISHED)
gunicorn  1430          pulp   11u  IPv4  28105      0t0      TCP aap24-control.aap-test.local:60222->aap24-database.aap-test.local:postgres (ESTABLISHED)
awx-manag 1720           awx   16u  IPv4  87462      0t0      TCP aap24-control.aap-test.local:48550->aap24-database.aap-test.local:postgres (ESTABLISHED)
sshd      8470          root    4u  IPv4  77224      0t0      TCP aap24-control.aap-test.local:ssh->192.168.1.49:35216 (ESTABLISHED)
sshd      8490          root    4u  IPv4  77224      0t0      TCP aap24-control.aap-test.local:ssh->192.168.1.49:35216 (ESTABLISHED)
bash      8628          root  cwd    DIR  253,0      164 33685638 /root
bash      8628          root  rtd    DIR  253,0      235      128 /
bash      8628          root  txt    REG  253,0  1389072 33846112 /usr/bin/bash
bash      8628          root  mem    REG  253,0  2586930 50586136 /usr/lib/locale/en_US.utf8/LC_COLLATE
bash      8628          root  mem    REG  253,0  2544344 50586163 /usr/lib64/libc.so.6
bash      8628          root  mem    REG  253,0   346132 33846229 /usr/lib/locale/C.utf8/LC_CTYPE
bash      8628          root  mem    REG  253,0       54 50586139 /usr/lib/locale/en_US.utf8/LC_NUMERIC
bash      8628          root  mem    REG  253,0     3284   223295 /usr/lib/locale/en_US.utf8/LC_TIME
bash      8628          root  mem    REG  253,0      286   223293 /usr/lib/locale/en_US.utf8/LC_MONETARY
bash      8628          root  mem    REG  253,0       57   223370 /usr/lib/locale/en_US.utf8/LC_MESSAGES/SYS_LC_MESSAGES
bash      8628          root  mem    REG  253,0    26988 17218970 /usr/lib64/gconv/gconv-modules.cache
bash      8628          root  mem    REG  253,0   195080 50585814 /usr/lib64/libtinfo.so.6.2
bash      8628          root  mem    REG  253,0       34 33846531 /usr/lib/locale/en_US.utf8/LC_PAPER
bash      8628          root  mem    REG  253,0       77 50586138 /usr/lib/locale/en_US.utf8/LC_NAME
bash      8628          root  mem    REG  253,0      167   223289 /usr/lib/locale/en_US.utf8/LC_ADDRESS
bash      8628          root  mem    REG  253,0       59   223294 /usr/lib/locale/en_US.utf8/LC_TELEPHONE
bash      8628          root  mem    REG  253,0       23   223292 /usr/lib/locale/en_US.utf8/LC_MEASUREMENT
bash      8628          root  mem    REG  253,0      369   223291 /usr/lib/locale/en_US.utf8/LC_IDENTIFICATION
bash      8628          root  mem    REG  253,0   897856 50586159 /usr/lib64/ld-linux-x86-64.so.2
bash      8628          root    0r   CHR    1,3      0t0        4 /dev/null
bash      8628          root    1w   REG  253,0        0 16785749 /tmp/memory_monitor.log
bash      8628          root    2w   REG  253,0        0 16785749 /tmp/memory_monitor.log
bash      8628          root    3r  FIFO   0,13      0t0    87529 pipe
awx-manag 8877           awx   38u  IPv4  27121      0t0      TCP aap24-control.aap-test.local:60162->aap24-database.aap-test.local:postgres (ESTABLISHED)
awx-manag 8877           awx   52u  IPv4  89423      0t0      TCP aap24-control.aap-test.local:48604->aap24-database.aap-test.local:postgres (ESTABLISHED)
awx-manag 9505           awx   38u  IPv4  27121      0t0      TCP aap24-control.aap-test.local:60162->aap24-database.aap-test.local:postgres (ESTABLISHED)
awx-manag 9507           awx   38u  IPv4  27121      0t0      TCP aap24-control.aap-test.local:60162->aap24-database.aap-test.local:postgres (ESTABLISHED)
awx-manag 9507           awx   54u  IPv4  86633      0t0      TCP aap24-control.aap-test.local:48582->aap24-database.aap-test.local:postgres (ESTABLISHED)
awx-manag 9509           awx   38u  IPv4  27121      0t0      TCP aap24-control.aap-test.local:60162->aap24-database.aap-test.local:postgres (ESTABLISHED)
awx-manag 9509           awx   61u  IPv4  88644      0t0      TCP aap24-control.aap-test.local:48590->aap24-database.aap-test.local:postgres (ESTABLISHED)
awx-manag 9896           awx   38u  IPv4  27121      0t0      TCP aap24-control.aap-test.local:60162->aap24-database.aap-test.local:postgres (ESTABLISHED)
awx-manag 9896           awx   40u  IPv4  88649      0t0      TCP aap24-control.aap-test.local:48602->aap24-database.aap-test.local:postgres (ESTABLISHED)
awx-manag 9898           awx   38u  IPv4  27121      0t0      TCP aap24-control.aap-test.local:60162->aap24-database.aap-test.local:postgres (ESTABLISHED)
awx-manag 9898           awx   50u  IPv4  89424      0t0      TCP aap24-control.aap-test.local:48614->aap24-database.aap-test.local:postgres (ESTABLISHED)
awx-manag 9900           awx   38u  IPv4  27121      0t0      TCP aap24-control.aap-test.local:60162->aap24-database.aap-test.local:postgres (ESTABLISHED)

    PID    PPID CMD                           RSS    VSZ %CPU %MEM     ELAPSED
Receptor Child Processes for PID 9923:
  No child processes found
Receptor Threads for PID 9923:
    PID    SPID %CPU %MEM   RSS COMMAND
Receptor Network Connections for PID 9923:
COMMAND    PID          USER   FD   TYPE DEVICE SIZE/OFF NODE NAME
receptor   753           awx    8u  IPv4  26232      0t0  TCP aap24-control.aap-test.local:51094->aap24-execution.aap-test.local:27199 (ESTABLISHED)
chronyd    763        chrony    5u  IPv4  16184      0t0  UDP localhost:323 
chronyd    763        chrony    6u  IPv6  16185      0t0  UDP localhost:323 
NetworkMa  769          root   26u  IPv4  23280      0t0  UDP aap24-control.aap-test.local:bootpc->pi.hole:bootps 
sshd       802          root    3u  IPv4  16279      0t0  TCP *:ssh (LISTEN)
sshd       802          root    4u  IPv6  16281      0t0  TCP *:ssh (LISTEN)
node_expo 1111 node_exporter    3u  IPv6  25814      0t0  TCP *:jetdirect (LISTEN)
node_expo 1111 node_exporter    7u  IPv6  26405      0t0  TCP aap24-control.aap-test.local:jetdirect->monitoring-node.aap-test.local:49902 (ESTABLISHED)
pulpcore- 1116          pulp    6u  IPv4  26509      0t0  TCP aap24-control.aap-test.local:60002->aap24-database.aap-test.local:postgres (ESTABLISHED)
pulpcore- 1118          pulp    6u  IPv4  25307      0t0  TCP aap24-control.aap-test.local:59996->aap24-database.aap-test.local:postgres (ESTABLISHED)
nginx     1176          root   12u  IPv4  24386      0t0  TCP *:https (LISTEN)
nginx     1176          root   13u  IPv4  24387      0t0  TCP *:http (LISTEN)
nginx     1176          root   14u  IPv6  24388      0t0  TCP *:https (LISTEN)
nginx     1176          root   15u  IPv6  24389      0t0  TCP *:http (LISTEN)
nginx     1178         nginx   12u  IPv4  24386      0t0  TCP *:https (LISTEN)
nginx     1178         nginx   13u  IPv4  24387      0t0  TCP *:http (LISTEN)
nginx     1178         nginx   14u  IPv6  24388      0t0  TCP *:https (LISTEN)
nginx     1178         nginx   15u  IPv6  24389      0t0  TCP *:http (LISTEN)
nginx     1179         nginx   12u  IPv4  24386      0t0  TCP *:https (LISTEN)
nginx     1179         nginx   13u  IPv4  24387      0t0  TCP *:http (LISTEN)
nginx     1179         nginx   14u  IPv6  24388      0t0  TCP *:https (LISTEN)
nginx     1179         nginx   15u  IPv6  24389      0t0  TCP *:http (LISTEN)
nginx     1180         nginx   12u  IPv4  24386      0t0  TCP *:https (LISTEN)
nginx     1180         nginx   13u  IPv4  24387      0t0  TCP *:http (LISTEN)
nginx     1180         nginx   14u  IPv6  24388      0t0  TCP *:https (LISTEN)
nginx     1180         nginx   15u  IPv6  24389      0t0  TCP *:http (LISTEN)
nginx     1181         nginx   12u  IPv4  24386      0t0  TCP *:https (LISTEN)
nginx     1181         nginx   13u  IPv4  24387      0t0  TCP *:http (LISTEN)
nginx     1181         nginx   14u  IPv6  24388      0t0  TCP *:https (LISTEN)
nginx     1181         nginx   15u  IPv6  24389      0t0  TCP *:http (LISTEN)
awx-manag 1186           awx   38u  IPv4  27121      0t0  TCP aap24-control.aap-test.local:60162->aap24-database.aap-test.local:postgres (ESTABLISHED)
awx-manag 1188           awx   29u  IPv4  38928      0t0  TCP aap24-control.aap-test.local:59734->aap24-database.aap-test.local:postgres (ESTABLISHED)
daphne    1201           awx   13u  IPv4  28879      0t0  TCP aap24-control.aap-test.local:60106->aap24-database.aap-test.local:postgres (ESTABLISHED)
awx-manag 1212           awx   17u  IPv4  28973      0t0  TCP aap24-control.aap-test.local:60182->aap24-database.aap-test.local:postgres (ESTABLISHED)
awx-manag 1225          root    8u  IPv4  28965      0t0  TCP aap24-control.aap-test.local:60152->aap24-database.aap-test.local:postgres (ESTABLISHED)
awx-manag 1225          root   14u  IPv4  27893      0t0  TCP aap24-control.aap-test.local:60158->aap24-database.aap-test.local:postgres (ESTABLISHED)
awx-manag 1227           awx    8u  IPv4  27064      0t0  TCP aap24-control.aap-test.local:60098->aap24-database.aap-test.local:postgres (ESTABLISHED)
awx-manag 1227           awx   14u  IPv4  27886      0t0  TCP aap24-control.aap-test.local:60146->aap24-database.aap-test.local:postgres (ESTABLISHED)
gunicorn  1341          pulp   12u  IPv4  28148      0t0  TCP aap24-control.aap-test.local:60230->aap24-database.aap-test.local:postgres (ESTABLISHED)
gunicorn  1372          pulp   12u  IPv4  27288      0t0  TCP aap24-control.aap-test.local:60206->aap24-database.aap-test.local:postgres (ESTABLISHED)
gunicorn  1373          pulp   12u  IPv4  27206      0t0  TCP aap24-control.aap-test.local:60198->aap24-database.aap-test.local:postgres (ESTABLISHED)
gunicorn  1374          pulp   12u  IPv4  29207      0t0  TCP aap24-control.aap-test.local:60214->aap24-database.aap-test.local:postgres (ESTABLISHED)
gunicorn  1392          pulp   12u  IPv4  29210      0t0  TCP aap24-control.aap-test.local:60220->aap24-database.aap-test.local:postgres (ESTABLISHED)
gunicorn  1397          pulp   12u  IPv4  29213      0t0  TCP aap24-control.aap-test.local:60236->aap24-database.aap-test.local:postgres (ESTABLISHED)
gunicorn  1418          pulp   11u  IPv4  29088      0t0  TCP aap24-control.aap-test.local:60184->aap24-database.aap-test.local:postgres (ESTABLISHED)
gunicorn  1430          pulp   11u  IPv4  28105      0t0  TCP aap24-control.aap-test.local:60222->aap24-database.aap-test.local:postgres (ESTABLISHED)
awx-manag 1720           awx   16u  IPv4  87462      0t0  TCP aap24-control.aap-test.local:48550->aap24-database.aap-test.local:postgres (ESTABLISHED)
sshd      8470          root    4u  IPv4  77224      0t0  TCP aap24-control.aap-test.local:ssh->192.168.1.49:35216 (ESTABLISHED)
sshd      8490          root    4u  IPv4  77224      0t0  TCP aap24-control.aap-test.local:ssh->192.168.1.49:35216 (ESTABLISHED)
awx-manag 8877           awx   38u  IPv4  27121      0t0  TCP aap24-control.aap-test.local:60162->aap24-database.aap-test.local:postgres (ESTABLISHED)
awx-manag 8877           awx   52u  IPv4  89423      0t0  TCP aap24-control.aap-test.local:48604->aap24-database.aap-test.local:postgres (ESTABLISHED)
awx-manag 9505           awx   38u  IPv4  27121      0t0  TCP aap24-control.aap-test.local:60162->aap24-database.aap-test.local:postgres (ESTABLISHED)
awx-manag 9507           awx   38u  IPv4  27121      0t0  TCP aap24-control.aap-test.local:60162->aap24-database.aap-test.local:postgres (ESTABLISHED)
awx-manag 9507           awx   54u  IPv4  86633      0t0  TCP aap24-control.aap-test.local:48582->aap24-database.aap-test.local:postgres (ESTABLISHED)
awx-manag 9509           awx   38u  IPv4  27121      0t0  TCP aap24-control.aap-test.local:60162->aap24-database.aap-test.local:postgres (ESTABLISHED)
awx-manag 9509           awx   61u  IPv4  88644      0t0  TCP aap24-control.aap-test.local:48590->aap24-database.aap-test.local:postgres (ESTABLISHED)
awx-manag 9896           awx   38u  IPv4  27121      0t0  TCP aap24-control.aap-test.local:60162->aap24-database.aap-test.local:postgres (ESTABLISHED)
awx-manag 9896           awx   40u  IPv4  88649      0t0  TCP aap24-control.aap-test.local:48602->aap24-database.aap-test.local:postgres (ESTABLISHED)
awx-manag 9898           awx   38u  IPv4  27121      0t0  TCP aap24-control.aap-test.local:60162->aap24-database.aap-test.local:postgres (ESTABLISHED)
awx-manag 9898           awx   50u  IPv4  89424      0t0  TCP aap24-control.aap-test.local:48614->aap24-database.aap-test.local:postgres (ESTABLISHED)
awx-manag 9900           awx   38u  IPv4  27121      0t0  TCP aap24-control.aap-test.local:60162->aap24-database.aap-test.local:postgres (ESTABLISHED)
  No network connections found

=== RECEPTOR MEMORY SUMMARY ===
Total Receptor RSS Memory: 50256 KB (49 MB)
Total Receptor VSZ Memory: 1207444 KB (1179 MB)
Number of Receptor Processes: 3

AAP-related Processes and Children:
=== AAP Service Processes ===
Process: gunicorn (PID: 744)
    PID    PPID CMD                           RSS
    744       1 /usr/bin/python3 /bin/gunic 25740
  Children of PID 744:
    PID    PPID CMD                           RSS
    827     744 /usr/bin/python3 /bin/gunic 69436
    PID    PPID CMD                           RSS
    853     744 /usr/bin/python3 /bin/gunic 69060
    PID    PPID CMD                           RSS
    858     744 /usr/bin/python3 /bin/gunic 69536
    PID    PPID CMD                           RSS
    862     744 /usr/bin/python3 /bin/gunic 69224
    PID    PPID CMD                           RSS
    867     744 /usr/bin/python3 /bin/gunic 69368
    PID    PPID CMD                           RSS
    892     744 /usr/bin/python3 /bin/gunic 69324
    PID    PPID CMD                           RSS
    903     744 /usr/bin/python3 /bin/gunic 69388
    PID    PPID CMD                           RSS
    929     744 /usr/bin/python3 /bin/gunic 69296
    PID    PPID CMD                           RSS
    984     744 /usr/bin/python3 /bin/gunic 69340

Process: receptor (PID: 753)
    PID    PPID CMD                           RSS
    753       1 /usr/bin/receptor -c /etc/r 46800

Process: gunicorn (PID: 827)
    PID    PPID CMD                           RSS
    827     744 /usr/bin/python3 /bin/gunic 69436

Process: gunicorn (PID: 853)
    PID    PPID CMD                           RSS
    853     744 /usr/bin/python3 /bin/gunic 69060

Process: gunicorn (PID: 858)
    PID    PPID CMD                           RSS
    858     744 /usr/bin/python3 /bin/gunic 69536

Process: gunicorn (PID: 862)
    PID    PPID CMD                           RSS
    862     744 /usr/bin/python3 /bin/gunic 69224

Process: gunicorn (PID: 867)
    PID    PPID CMD                           RSS
    867     744 /usr/bin/python3 /bin/gunic 69368

Process: gunicorn (PID: 892)
    PID    PPID CMD                           RSS
    892     744 /usr/bin/python3 /bin/gunic 69324

Process: gunicorn (PID: 903)
    PID    PPID CMD                           RSS
    903     744 /usr/bin/python3 /bin/gunic 69388

Process: gunicorn (PID: 929)
    PID    PPID CMD                           RSS
    929     744 /usr/bin/python3 /bin/gunic 69296

Process: gunicorn (PID: 984)
    PID    PPID CMD                           RSS
    984     744 /usr/bin/python3 /bin/gunic 69340

Process: redis-server (PID: 1121)
    PID    PPID CMD                           RSS
   1121       1 /usr/bin/redis-server unixs 13436

Process: nginx (PID: 1176)
    PID    PPID CMD                           RSS
   1176       1 nginx: master process /usr/  2576
  Children of PID 1176:
    PID    PPID CMD                           RSS
   1178    1176 nginx: worker process        4112
    PID    PPID CMD                           RSS
   1179    1176 nginx: worker process        4112
    PID    PPID CMD                           RSS
   1180    1176 nginx: worker process        4112
    PID    PPID CMD                           RSS
   1181    1176 nginx: worker process        8336

Process: nginx (PID: 1178)
    PID    PPID CMD                           RSS
   1178    1176 nginx: worker process        4112

Process: nginx (PID: 1179)
    PID    PPID CMD                           RSS
   1179    1176 nginx: worker process        4112

Process: nginx (PID: 1180)
    PID    PPID CMD                           RSS
   1180    1176 nginx: worker process        4112

Process: nginx (PID: 1181)
    PID    PPID CMD                           RSS
   1181    1176 nginx: worker process        8336

Process: uwsgi (PID: 1191)
    PID    PPID CMD                           RSS
   1191     835 /var/lib/awx/venv/awx/bin/u 103248
  Children of PID 1191:
    PID    PPID CMD                           RSS
   1686    1191 /var/lib/awx/venv/awx/bin/u 87792
    PID    PPID CMD                           RSS
   1687    1191 /var/lib/awx/venv/awx/bin/u 108656
    PID    PPID CMD                           RSS
   1688    1191 /var/lib/awx/venv/awx/bin/u 87792
    PID    PPID CMD                           RSS
   1689    1191 /var/lib/awx/venv/awx/bin/u 87792

Process: uwsgi (PID: 1686)
    PID    PPID CMD                           RSS
   1686    1191 /var/lib/awx/venv/awx/bin/u 87792

Process: uwsgi (PID: 1687)
    PID    PPID CMD                           RSS
   1687    1191 /var/lib/awx/venv/awx/bin/u 108656

Process: uwsgi (PID: 1688)
    PID    PPID CMD                           RSS
   1688    1191 /var/lib/awx/venv/awx/bin/u 87792

Process: uwsgi (PID: 1689)
    PID    PPID CMD                           RSS
   1689    1191 /var/lib/awx/venv/awx/bin/u 87792

Process: bash (PID: 8628)
    PID    PPID CMD                           RSS
   8628       1 bash -c  log_file="/tmp/mem  3456
  Children of PID 8628:
    PID    PPID CMD                           RSS
  10003    8628 bash -c  log_file="/tmp/mem  2116

Process: bash (PID: 10003)
    PID    PPID CMD                           RSS
  10003    8628 bash -c  log_file="/tmp/mem  2116
  Children of PID 10003:
    PID    PPID CMD                           RSS


Process Tree for AAP Services:
=== automation-controller Process Tree ===
bash(8628)---pstree(10097)
=== receptor Process Tree ===
receptor(753)-+-{receptor}(758)
              |-{receptor}(759)
              |-{receptor}(760)
              |-{receptor}(761)
              |-{receptor}(766)
              `-{receptor}(767)
bash(8628)---pstree(10102)
=== nginx Process Tree ===
nginx(1176)-+-nginx(1178)
            |-nginx(1179)
            |-nginx(1180)
            `-nginx(1181)
nginx(1178)
nginx(1179)
nginx(1180)
nginx(1181)
bash(8628)---pstree(10111)
=== postgresql Process Tree ===
bash(8628)---pstree(10115)
=== redis Process Tree ===
redis-server(1121)-+-{redis-server}(1140)
                   |-{redis-server}(1141)
                   |-{redis-server}(1142)
                   `-{redis-server}(1143)
bash(8628)---pstree(10120)
=== uwsgi Process Tree ===
uwsgi(1191)-+-uwsgi(1686)
            |-uwsgi(1687)
            |-uwsgi(1688)
            `-uwsgi(1689)
uwsgi(1686)
uwsgi(1687)
uwsgi(1688)
uwsgi(1689)
bash(8628)---pstree(10129)
=== automation-hub Process Tree ===
bash(8628)---pstree(10133)
=== automation-eda Process Tree ===
gunicorn(744)-+-gunicorn(827)
              |-gunicorn(853)
              |-gunicorn(858)
              |-gunicorn(862)
              |-gunicorn(867)
              |-gunicorn(892)
              |-gunicorn(903)
              |-gunicorn(929)
              `-gunicorn(984)
gunicorn(827)
gunicorn(853)
gunicorn(858)
gunicorn(862)
gunicorn(867)
gunicorn(892)
gunicorn(903)
gunicorn(929)
gunicorn(984)
bash(8628)---pstree(10147)

=================================================================================
2025-06-27 14:24:08
Memory Usage Report:
               total        used        free      shared  buff/cache   available
Mem:            7681        4310        3212          11         423        3370
Swap:           3071           0        3071

Top 10 Processes by RSS Memory:
    PID    PPID CMD                           RSS
   1186     835 /var/lib/awx/venv/awx/bin/p 133392
   1188     835 /var/lib/awx/venv/awx/bin/p 131300
   1225     835 /var/lib/awx/venv/awx/bin/p 130880
   9509    1186 /var/lib/awx/venv/awx/bin/p 127584
   1212     835 /var/lib/awx/venv/awx/bin/p 127016
   9898    1186 /var/lib/awx/venv/awx/bin/p 126964
   9900    1186 /var/lib/awx/venv/awx/bin/p 126580
   8877    1186 /var/lib/awx/venv/awx/bin/p 125136
   9507    1186 /var/lib/awx/venv/awx/bin/p 125024
   9896    1186 /var/lib/awx/venv/awx/bin/p 124916

=== RECEPTOR PROCESS ANALYSIS ===
Receptor Main Processes:
    PID    PPID CMD                           RSS    VSZ %CPU %MEM     ELAPSED
    753       1 /usr/bin/receptor -c /etc/r 46800 1200184 0.0  0.5       20:53
Receptor Child Processes for PID 753:
  No child processes found
Receptor Threads for PID 753:
    PID    SPID %CPU %MEM   RSS COMMAND
    753     753  0.0  0.5 46800 receptor
    753     758  0.0  0.5 46800 receptor
    753     759  0.0  0.5 46800 receptor
    753     760  0.0  0.5 46800 receptor
    753     761  0.0  0.5 46800 receptor
    753     766  0.0  0.5 46800 receptor
    753     767  0.0  0.5 46800 receptor
Receptor Network Connections for PID 753:
COMMAND    PID          USER   FD      TYPE             DEVICE SIZE/OFF     NODE NAME
receptor   753           awx  cwd       DIR              253,0      235      128 /
receptor   753           awx  rtd       DIR              253,0      235      128 /
receptor   753           awx  txt       REG              253,0 54652712 33925292 /usr/bin/receptor
receptor   753           awx  mem       REG              253,0  5436640 50586900 /usr/lib64/libcrypto.so.3.2.2
receptor   753           awx  mem       REG              253,0  2544344 50586163 /usr/lib64/libc.so.6
receptor   753           awx  mem       REG              253,0   102552 50586185 /usr/lib64/libz.so.1.2.11
receptor   753           awx  mem       REG              253,0   897856 50586159 /usr/lib64/ld-linux-x86-64.so.2
receptor   753           awx    0r      CHR                1,3      0t0        4 /dev/null
receptor   753           awx    1w      REG              253,0     2565 33993089 /var/log/receptor/receptor.log
receptor   753           awx    2w      REG              253,0     2565 33993089 /var/log/receptor/receptor.log
receptor   753           awx    3rW     REG               0,24        0      969 /run/awx-receptor/receptor.sock.lock
receptor   753           awx    4u  a_inode               0,14        0       62 [eventpoll:5,7,8]
receptor   753           awx    5r     FIFO               0,13      0t0    21430 pipe
receptor   753           awx    6w     FIFO               0,13      0t0    21430 pipe
receptor   753           awx    7u     unix 0xffff8afa07ec8a00      0t0    16215 /var/run/awx-receptor/receptor.sock type=STREAM (LISTEN)
receptor   753           awx    8u     IPv4              26232      0t0      TCP aap24-control.aap-test.local:51094->aap24-execution.aap-test.local:27199 (ESTABLISHED)
chronyd    763        chrony    5u     IPv4              16184      0t0      UDP localhost:323 
chronyd    763        chrony    6u     IPv6              16185      0t0      UDP localhost:323 
NetworkMa  769          root   26u     IPv4              23280      0t0      UDP aap24-control.aap-test.local:bootpc->pi.hole:bootps 
sshd       802          root    3u     IPv4              16279      0t0      TCP *:ssh (LISTEN)
sshd       802          root    4u     IPv6              16281      0t0      TCP *:ssh (LISTEN)
node_expo 1111 node_exporter    3u     IPv6              25814      0t0      TCP *:jetdirect (LISTEN)
node_expo 1111 node_exporter    7u     IPv6              26405      0t0      TCP aap24-control.aap-test.local:jetdirect->monitoring-node.aap-test.local:49902 (ESTABLISHED)
pulpcore- 1116          pulp    6u     IPv4              26509      0t0      TCP aap24-control.aap-test.local:60002->aap24-database.aap-test.local:postgres (ESTABLISHED)
pulpcore- 1118          pulp    6u     IPv4              25307      0t0      TCP aap24-control.aap-test.local:59996->aap24-database.aap-test.local:postgres (ESTABLISHED)
nginx     1176          root   12u     IPv4              24386      0t0      TCP *:https (LISTEN)
nginx     1176          root   13u     IPv4              24387      0t0      TCP *:http (LISTEN)
nginx     1176          root   14u     IPv6              24388      0t0      TCP *:https (LISTEN)
nginx     1176          root   15u     IPv6              24389      0t0      TCP *:http (LISTEN)
nginx     1178         nginx   12u     IPv4              24386      0t0      TCP *:https (LISTEN)
nginx     1178         nginx   13u     IPv4              24387      0t0      TCP *:http (LISTEN)
nginx     1178         nginx   14u     IPv6              24388      0t0      TCP *:https (LISTEN)
nginx     1178         nginx   15u     IPv6              24389      0t0      TCP *:http (LISTEN)
nginx     1179         nginx   12u     IPv4              24386      0t0      TCP *:https (LISTEN)
nginx     1179         nginx   13u     IPv4              24387      0t0      TCP *:http (LISTEN)
nginx     1179         nginx   14u     IPv6              24388      0t0      TCP *:https (LISTEN)
nginx     1179         nginx   15u     IPv6              24389      0t0      TCP *:http (LISTEN)
nginx     1180         nginx   12u     IPv4              24386      0t0      TCP *:https (LISTEN)
nginx     1180         nginx   13u     IPv4              24387      0t0      TCP *:http (LISTEN)
nginx     1180         nginx   14u     IPv6              24388      0t0      TCP *:https (LISTEN)
nginx     1180         nginx   15u     IPv6              24389      0t0      TCP *:http (LISTEN)
nginx     1181         nginx   12u     IPv4              24386      0t0      TCP *:https (LISTEN)
nginx     1181         nginx   13u     IPv4              24387      0t0      TCP *:http (LISTEN)
nginx     1181         nginx   14u     IPv6              24388      0t0      TCP *:https (LISTEN)
nginx     1181         nginx   15u     IPv6              24389      0t0      TCP *:http (LISTEN)
awx-manag 1186           awx   38u     IPv4              27121      0t0      TCP aap24-control.aap-test.local:60162->aap24-database.aap-test.local:postgres (ESTABLISHED)
awx-manag 1188           awx   29u     IPv4              38928      0t0      TCP aap24-control.aap-test.local:59734->aap24-database.aap-test.local:postgres (ESTABLISHED)
daphne    1201           awx   13u     IPv4              28879      0t0      TCP aap24-control.aap-test.local:60106->aap24-database.aap-test.local:postgres (ESTABLISHED)
awx-manag 1212           awx   17u     IPv4              28973      0t0      TCP aap24-control.aap-test.local:60182->aap24-database.aap-test.local:postgres (ESTABLISHED)
awx-manag 1225          root    8u     IPv4              28965      0t0      TCP aap24-control.aap-test.local:60152->aap24-database.aap-test.local:postgres (ESTABLISHED)
awx-manag 1225          root   14u     IPv4              27893      0t0      TCP aap24-control.aap-test.local:60158->aap24-database.aap-test.local:postgres (ESTABLISHED)
awx-manag 1227           awx    8u     IPv4              27064      0t0      TCP aap24-control.aap-test.local:60098->aap24-database.aap-test.local:postgres (ESTABLISHED)
awx-manag 1227           awx   14u     IPv4              27886      0t0      TCP aap24-control.aap-test.local:60146->aap24-database.aap-test.local:postgres (ESTABLISHED)
gunicorn  1341          pulp   12u     IPv4              28148      0t0      TCP aap24-control.aap-test.local:60230->aap24-database.aap-test.local:postgres (ESTABLISHED)
gunicorn  1372          pulp   12u     IPv4              27288      0t0      TCP aap24-control.aap-test.local:60206->aap24-database.aap-test.local:postgres (ESTABLISHED)
gunicorn  1373          pulp   12u     IPv4              27206      0t0      TCP aap24-control.aap-test.local:60198->aap24-database.aap-test.local:postgres (ESTABLISHED)
gunicorn  1374          pulp   12u     IPv4              29207      0t0      TCP aap24-control.aap-test.local:60214->aap24-database.aap-test.local:postgres (ESTABLISHED)
gunicorn  1392          pulp   12u     IPv4              29210      0t0      TCP aap24-control.aap-test.local:60220->aap24-database.aap-test.local:postgres (ESTABLISHED)
gunicorn  1397          pulp   12u     IPv4              29213      0t0      TCP aap24-control.aap-test.local:60236->aap24-database.aap-test.local:postgres (ESTABLISHED)
gunicorn  1418          pulp   11u     IPv4              29088      0t0      TCP aap24-control.aap-test.local:60184->aap24-database.aap-test.local:postgres (ESTABLISHED)
gunicorn  1430          pulp   11u     IPv4              28105      0t0      TCP aap24-control.aap-test.local:60222->aap24-database.aap-test.local:postgres (ESTABLISHED)
awx-manag 1720           awx   16u     IPv4              90286      0t0      TCP aap24-control.aap-test.local:37980->aap24-database.aap-test.local:postgres (ESTABLISHED)
sshd      8470          root    4u     IPv4              77224      0t0      TCP aap24-control.aap-test.local:ssh->192.168.1.49:35216 (ESTABLISHED)
sshd      8490          root    4u     IPv4              77224      0t0      TCP aap24-control.aap-test.local:ssh->192.168.1.49:35216 (ESTABLISHED)
awx-manag 8877           awx   38u     IPv4              27121      0t0      TCP aap24-control.aap-test.local:60162->aap24-database.aap-test.local:postgres (ESTABLISHED)
awx-manag 8877           awx   52u     IPv4              91207      0t0      TCP aap24-control.aap-test.local:38274->aap24-database.aap-test.local:postgres (ESTABLISHED)
awx-manag 9505           awx   38u     IPv4              27121      0t0      TCP aap24-control.aap-test.local:60162->aap24-database.aap-test.local:postgres (ESTABLISHED)
awx-manag 9507           awx   38u     IPv4              27121      0t0      TCP aap24-control.aap-test.local:60162->aap24-database.aap-test.local:postgres (ESTABLISHED)
awx-manag 9507           awx   54u     IPv4              86633      0t0      TCP aap24-control.aap-test.local:48582->aap24-database.aap-test.local:postgres (ESTABLISHED)
awx-manag 9509           awx   38u     IPv4              27121      0t0      TCP aap24-control.aap-test.local:60162->aap24-database.aap-test.local:postgres (ESTABLISHED)
awx-manag 9509           awx   61u     IPv4              88644      0t0      TCP aap24-control.aap-test.local:48590->aap24-database.aap-test.local:postgres (ESTABLISHED)
awx-manag 9896           awx   38u     IPv4              27121      0t0      TCP aap24-control.aap-test.local:60162->aap24-database.aap-test.local:postgres (ESTABLISHED)
awx-manag 9896           awx   40u     IPv4              86928      0t0      TCP aap24-control.aap-test.local:38278->aap24-database.aap-test.local:postgres (ESTABLISHED)
awx-manag 9898           awx   38u     IPv4              27121      0t0      TCP aap24-control.aap-test.local:60162->aap24-database.aap-test.local:postgres (ESTABLISHED)
awx-manag 9900           awx   38u     IPv4              27121      0t0      TCP aap24-control.aap-test.local:60162->aap24-database.aap-test.local:postgres (ESTABLISHED)
awx-manag 9900           awx   61u     IPv4              86969      0t0      TCP aap24-control.aap-test.local:37984->aap24-database.aap-test.local:postgres (ESTABLISHED)

    PID    PPID CMD                           RSS    VSZ %CPU %MEM     ELAPSED
   8628       1 bash -c  log_file="/tmp/mem  3456   7260  0.0  0.0       02:38
Receptor Child Processes for PID 8628:
      PID    PPID CMD                           RSS    VSZ %CPU %MEM     ELAPSED
Receptor Threads for PID 8628:
    PID    SPID %CPU %MEM   RSS COMMAND
   8628    8628  0.0  0.0  3456 bash
Receptor Network Connections for PID 8628:
COMMAND    PID          USER   FD   TYPE DEVICE SIZE/OFF     NODE NAME
receptor   753           awx    8u  IPv4  26232      0t0      TCP aap24-control.aap-test.local:51094->aap24-execution.aap-test.local:27199 (ESTABLISHED)
chronyd    763        chrony    5u  IPv4  16184      0t0      UDP localhost:323 
chronyd    763        chrony    6u  IPv6  16185      0t0      UDP localhost:323 
NetworkMa  769          root   26u  IPv4  23280      0t0      UDP aap24-control.aap-test.local:bootpc->pi.hole:bootps 
sshd       802          root    3u  IPv4  16279      0t0      TCP *:ssh (LISTEN)
sshd       802          root    4u  IPv6  16281      0t0      TCP *:ssh (LISTEN)
node_expo 1111 node_exporter    3u  IPv6  25814      0t0      TCP *:jetdirect (LISTEN)
node_expo 1111 node_exporter    7u  IPv6  26405      0t0      TCP aap24-control.aap-test.local:jetdirect->monitoring-node.aap-test.local:49902 (ESTABLISHED)
pulpcore- 1116          pulp    6u  IPv4  26509      0t0      TCP aap24-control.aap-test.local:60002->aap24-database.aap-test.local:postgres (ESTABLISHED)
pulpcore- 1118          pulp    6u  IPv4  25307      0t0      TCP aap24-control.aap-test.local:59996->aap24-database.aap-test.local:postgres (ESTABLISHED)
nginx     1176          root   12u  IPv4  24386      0t0      TCP *:https (LISTEN)
nginx     1176          root   13u  IPv4  24387      0t0      TCP *:http (LISTEN)
nginx     1176          root   14u  IPv6  24388      0t0      TCP *:https (LISTEN)
nginx     1176          root   15u  IPv6  24389      0t0      TCP *:http (LISTEN)
nginx     1178         nginx   12u  IPv4  24386      0t0      TCP *:https (LISTEN)
nginx     1178         nginx   13u  IPv4  24387      0t0      TCP *:http (LISTEN)
nginx     1178         nginx   14u  IPv6  24388      0t0      TCP *:https (LISTEN)
nginx     1178         nginx   15u  IPv6  24389      0t0      TCP *:http (LISTEN)
nginx     1179         nginx   12u  IPv4  24386      0t0      TCP *:https (LISTEN)
nginx     1179         nginx   13u  IPv4  24387      0t0      TCP *:http (LISTEN)
nginx     1179         nginx   14u  IPv6  24388      0t0      TCP *:https (LISTEN)
nginx     1179         nginx   15u  IPv6  24389      0t0      TCP *:http (LISTEN)
nginx     1180         nginx   12u  IPv4  24386      0t0      TCP *:https (LISTEN)
nginx     1180         nginx   13u  IPv4  24387      0t0      TCP *:http (LISTEN)
nginx     1180         nginx   14u  IPv6  24388      0t0      TCP *:https (LISTEN)
nginx     1180         nginx   15u  IPv6  24389      0t0      TCP *:http (LISTEN)
nginx     1181         nginx   12u  IPv4  24386      0t0      TCP *:https (LISTEN)
nginx     1181         nginx   13u  IPv4  24387      0t0      TCP *:http (LISTEN)
nginx     1181         nginx   14u  IPv6  24388      0t0      TCP *:https (LISTEN)
nginx     1181         nginx   15u  IPv6  24389      0t0      TCP *:http (LISTEN)
awx-manag 1186           awx   38u  IPv4  27121      0t0      TCP aap24-control.aap-test.local:60162->aap24-database.aap-test.local:postgres (ESTABLISHED)
awx-manag 1188           awx   29u  IPv4  38928      0t0      TCP aap24-control.aap-test.local:59734->aap24-database.aap-test.local:postgres (ESTABLISHED)
daphne    1201           awx   13u  IPv4  28879      0t0      TCP aap24-control.aap-test.local:60106->aap24-database.aap-test.local:postgres (ESTABLISHED)
awx-manag 1212           awx   17u  IPv4  28973      0t0      TCP aap24-control.aap-test.local:60182->aap24-database.aap-test.local:postgres (ESTABLISHED)
awx-manag 1225          root    8u  IPv4  28965      0t0      TCP aap24-control.aap-test.local:60152->aap24-database.aap-test.local:postgres (ESTABLISHED)
awx-manag 1225          root   14u  IPv4  27893      0t0      TCP aap24-control.aap-test.local:60158->aap24-database.aap-test.local:postgres (ESTABLISHED)
awx-manag 1227           awx    8u  IPv4  27064      0t0      TCP aap24-control.aap-test.local:60098->aap24-database.aap-test.local:postgres (ESTABLISHED)
awx-manag 1227           awx   14u  IPv4  27886      0t0      TCP aap24-control.aap-test.local:60146->aap24-database.aap-test.local:postgres (ESTABLISHED)
gunicorn  1341          pulp   12u  IPv4  28148      0t0      TCP aap24-control.aap-test.local:60230->aap24-database.aap-test.local:postgres (ESTABLISHED)
gunicorn  1372          pulp   12u  IPv4  27288      0t0      TCP aap24-control.aap-test.local:60206->aap24-database.aap-test.local:postgres (ESTABLISHED)
gunicorn  1373          pulp   12u  IPv4  27206      0t0      TCP aap24-control.aap-test.local:60198->aap24-database.aap-test.local:postgres (ESTABLISHED)
gunicorn  1374          pulp   12u  IPv4  29207      0t0      TCP aap24-control.aap-test.local:60214->aap24-database.aap-test.local:postgres (ESTABLISHED)
gunicorn  1392          pulp   12u  IPv4  29210      0t0      TCP aap24-control.aap-test.local:60220->aap24-database.aap-test.local:postgres (ESTABLISHED)
gunicorn  1397          pulp   12u  IPv4  29213      0t0      TCP aap24-control.aap-test.local:60236->aap24-database.aap-test.local:postgres (ESTABLISHED)
gunicorn  1418          pulp   11u  IPv4  29088      0t0      TCP aap24-control.aap-test.local:60184->aap24-database.aap-test.local:postgres (ESTABLISHED)
gunicorn  1430          pulp   11u  IPv4  28105      0t0      TCP aap24-control.aap-test.local:60222->aap24-database.aap-test.local:postgres (ESTABLISHED)
awx-manag 1720           awx   16u  IPv4  90286      0t0      TCP aap24-control.aap-test.local:37980->aap24-database.aap-test.local:postgres (ESTABLISHED)
sshd      8470          root    4u  IPv4  77224      0t0      TCP aap24-control.aap-test.local:ssh->192.168.1.49:35216 (ESTABLISHED)
sshd      8490          root    4u  IPv4  77224      0t0      TCP aap24-control.aap-test.local:ssh->192.168.1.49:35216 (ESTABLISHED)
bash      8628          root  cwd    DIR  253,0      164 33685638 /root
bash      8628          root  rtd    DIR  253,0      235      128 /
bash      8628          root  txt    REG  253,0  1389072 33846112 /usr/bin/bash
bash      8628          root  mem    REG  253,0  2586930 50586136 /usr/lib/locale/en_US.utf8/LC_COLLATE
bash      8628          root  mem    REG  253,0  2544344 50586163 /usr/lib64/libc.so.6
bash      8628          root  mem    REG  253,0   346132 33846229 /usr/lib/locale/C.utf8/LC_CTYPE
bash      8628          root  mem    REG  253,0       54 50586139 /usr/lib/locale/en_US.utf8/LC_NUMERIC
bash      8628          root  mem    REG  253,0     3284   223295 /usr/lib/locale/en_US.utf8/LC_TIME
bash      8628          root  mem    REG  253,0      286   223293 /usr/lib/locale/en_US.utf8/LC_MONETARY
bash      8628          root  mem    REG  253,0       57   223370 /usr/lib/locale/en_US.utf8/LC_MESSAGES/SYS_LC_MESSAGES
bash      8628          root  mem    REG  253,0    26988 17218970 /usr/lib64/gconv/gconv-modules.cache
bash      8628          root  mem    REG  253,0   195080 50585814 /usr/lib64/libtinfo.so.6.2
bash      8628          root  mem    REG  253,0       34 33846531 /usr/lib/locale/en_US.utf8/LC_PAPER
bash      8628          root  mem    REG  253,0       77 50586138 /usr/lib/locale/en_US.utf8/LC_NAME
bash      8628          root  mem    REG  253,0      167   223289 /usr/lib/locale/en_US.utf8/LC_ADDRESS
bash      8628          root  mem    REG  253,0       59   223294 /usr/lib/locale/en_US.utf8/LC_TELEPHONE
bash      8628          root  mem    REG  253,0       23   223292 /usr/lib/locale/en_US.utf8/LC_MEASUREMENT
bash      8628          root  mem    REG  253,0      369   223291 /usr/lib/locale/en_US.utf8/LC_IDENTIFICATION
bash      8628          root  mem    REG  253,0   897856 50586159 /usr/lib64/ld-linux-x86-64.so.2
bash      8628          root    0r   CHR    1,3      0t0        4 /dev/null
bash      8628          root    1w   REG  253,0        0 16785749 /tmp/memory_monitor.log
bash      8628          root    2w   REG  253,0        0 16785749 /tmp/memory_monitor.log
bash      8628          root    3r  FIFO   0,13      0t0    87031 pipe
awx-manag 8877           awx   38u  IPv4  27121      0t0      TCP aap24-control.aap-test.local:60162->aap24-database.aap-test.local:postgres (ESTABLISHED)
awx-manag 8877           awx   52u  IPv4  91207      0t0      TCP aap24-control.aap-test.local:38274->aap24-database.aap-test.local:postgres (ESTABLISHED)
awx-manag 9505           awx   38u  IPv4  27121      0t0      TCP aap24-control.aap-test.local:60162->aap24-database.aap-test.local:postgres (ESTABLISHED)
awx-manag 9507           awx   38u  IPv4  27121      0t0      TCP aap24-control.aap-test.local:60162->aap24-database.aap-test.local:postgres (ESTABLISHED)
awx-manag 9507           awx   54u  IPv4  86633      0t0      TCP aap24-control.aap-test.local:48582->aap24-database.aap-test.local:postgres (ESTABLISHED)
awx-manag 9509           awx   38u  IPv4  27121      0t0      TCP aap24-control.aap-test.local:60162->aap24-database.aap-test.local:postgres (ESTABLISHED)
awx-manag 9509           awx   61u  IPv4  88644      0t0      TCP aap24-control.aap-test.local:48590->aap24-database.aap-test.local:postgres (ESTABLISHED)
awx-manag 9896           awx   38u  IPv4  27121      0t0      TCP aap24-control.aap-test.local:60162->aap24-database.aap-test.local:postgres (ESTABLISHED)
awx-manag 9896           awx   40u  IPv4  86928      0t0      TCP aap24-control.aap-test.local:38278->aap24-database.aap-test.local:postgres (ESTABLISHED)
awx-manag 9898           awx   38u  IPv4  27121      0t0      TCP aap24-control.aap-test.local:60162->aap24-database.aap-test.local:postgres (ESTABLISHED)
awx-manag 9900           awx   38u  IPv4  27121      0t0      TCP aap24-control.aap-test.local:60162->aap24-database.aap-test.local:postgres (ESTABLISHED)
awx-manag 9900           awx   61u  IPv4  86969      0t0      TCP aap24-control.aap-test.local:37984->aap24-database.aap-test.local:postgres (ESTABLISHED)

    PID    PPID CMD                           RSS    VSZ %CPU %MEM     ELAPSED
Receptor Child Processes for PID 10222:
  No child processes found
Receptor Threads for PID 10222:
    PID    SPID %CPU %MEM   RSS COMMAND
Receptor Network Connections for PID 10222:
COMMAND    PID          USER   FD   TYPE DEVICE SIZE/OFF NODE NAME
receptor   753           awx    8u  IPv4  26232      0t0  TCP aap24-control.aap-test.local:51094->aap24-execution.aap-test.local:27199 (ESTABLISHED)
chronyd    763        chrony    5u  IPv4  16184      0t0  UDP localhost:323 
chronyd    763        chrony    6u  IPv6  16185      0t0  UDP localhost:323 
NetworkMa  769          root   26u  IPv4  23280      0t0  UDP aap24-control.aap-test.local:bootpc->pi.hole:bootps 
sshd       802          root    3u  IPv4  16279      0t0  TCP *:ssh (LISTEN)
sshd       802          root    4u  IPv6  16281      0t0  TCP *:ssh (LISTEN)
node_expo 1111 node_exporter    3u  IPv6  25814      0t0  TCP *:jetdirect (LISTEN)
node_expo 1111 node_exporter    7u  IPv6  26405      0t0  TCP aap24-control.aap-test.local:jetdirect->monitoring-node.aap-test.local:49902 (ESTABLISHED)
pulpcore- 1116          pulp    6u  IPv4  26509      0t0  TCP aap24-control.aap-test.local:60002->aap24-database.aap-test.local:postgres (ESTABLISHED)
pulpcore- 1118          pulp    6u  IPv4  25307      0t0  TCP aap24-control.aap-test.local:59996->aap24-database.aap-test.local:postgres (ESTABLISHED)
nginx     1176          root   12u  IPv4  24386      0t0  TCP *:https (LISTEN)
nginx     1176          root   13u  IPv4  24387      0t0  TCP *:http (LISTEN)
nginx     1176          root   14u  IPv6  24388      0t0  TCP *:https (LISTEN)
nginx     1176          root   15u  IPv6  24389      0t0  TCP *:http (LISTEN)
nginx     1178         nginx   12u  IPv4  24386      0t0  TCP *:https (LISTEN)
nginx     1178         nginx   13u  IPv4  24387      0t0  TCP *:http (LISTEN)
nginx     1178         nginx   14u  IPv6  24388      0t0  TCP *:https (LISTEN)
nginx     1178         nginx   15u  IPv6  24389      0t0  TCP *:http (LISTEN)
nginx     1179         nginx   12u  IPv4  24386      0t0  TCP *:https (LISTEN)
nginx     1179         nginx   13u  IPv4  24387      0t0  TCP *:http (LISTEN)
nginx     1179         nginx   14u  IPv6  24388      0t0  TCP *:https (LISTEN)
nginx     1179         nginx   15u  IPv6  24389      0t0  TCP *:http (LISTEN)
nginx     1180         nginx   12u  IPv4  24386      0t0  TCP *:https (LISTEN)
nginx     1180         nginx   13u  IPv4  24387      0t0  TCP *:http (LISTEN)
nginx     1180         nginx   14u  IPv6  24388      0t0  TCP *:https (LISTEN)
nginx     1180         nginx   15u  IPv6  24389      0t0  TCP *:http (LISTEN)
nginx     1181         nginx   12u  IPv4  24386      0t0  TCP *:https (LISTEN)
nginx     1181         nginx   13u  IPv4  24387      0t0  TCP *:http (LISTEN)
nginx     1181         nginx   14u  IPv6  24388      0t0  TCP *:https (LISTEN)
nginx     1181         nginx   15u  IPv6  24389      0t0  TCP *:http (LISTEN)
awx-manag 1186           awx   38u  IPv4  27121      0t0  TCP aap24-control.aap-test.local:60162->aap24-database.aap-test.local:postgres (ESTABLISHED)
awx-manag 1188           awx   29u  IPv4  38928      0t0  TCP aap24-control.aap-test.local:59734->aap24-database.aap-test.local:postgres (ESTABLISHED)
daphne    1201           awx   13u  IPv4  28879      0t0  TCP aap24-control.aap-test.local:60106->aap24-database.aap-test.local:postgres (ESTABLISHED)
awx-manag 1212           awx   17u  IPv4  28973      0t0  TCP aap24-control.aap-test.local:60182->aap24-database.aap-test.local:postgres (ESTABLISHED)
awx-manag 1225          root    8u  IPv4  28965      0t0  TCP aap24-control.aap-test.local:60152->aap24-database.aap-test.local:postgres (ESTABLISHED)
awx-manag 1225          root   14u  IPv4  27893      0t0  TCP aap24-control.aap-test.local:60158->aap24-database.aap-test.local:postgres (ESTABLISHED)
awx-manag 1227           awx    8u  IPv4  27064      0t0  TCP aap24-control.aap-test.local:60098->aap24-database.aap-test.local:postgres (ESTABLISHED)
awx-manag 1227           awx   14u  IPv4  27886      0t0  TCP aap24-control.aap-test.local:60146->aap24-database.aap-test.local:postgres (ESTABLISHED)
gunicorn  1341          pulp   12u  IPv4  28148      0t0  TCP aap24-control.aap-test.local:60230->aap24-database.aap-test.local:postgres (ESTABLISHED)
gunicorn  1372          pulp   12u  IPv4  27288      0t0  TCP aap24-control.aap-test.local:60206->aap24-database.aap-test.local:postgres (ESTABLISHED)
gunicorn  1373          pulp   12u  IPv4  27206      0t0  TCP aap24-control.aap-test.local:60198->aap24-database.aap-test.local:postgres (ESTABLISHED)
gunicorn  1374          pulp   12u  IPv4  29207      0t0  TCP aap24-control.aap-test.local:60214->aap24-database.aap-test.local:postgres (ESTABLISHED)
gunicorn  1392          pulp   12u  IPv4  29210      0t0  TCP aap24-control.aap-test.local:60220->aap24-database.aap-test.local:postgres (ESTABLISHED)
gunicorn  1397          pulp   12u  IPv4  29213      0t0  TCP aap24-control.aap-test.local:60236->aap24-database.aap-test.local:postgres (ESTABLISHED)
gunicorn  1418          pulp   11u  IPv4  29088      0t0  TCP aap24-control.aap-test.local:60184->aap24-database.aap-test.local:postgres (ESTABLISHED)
gunicorn  1430          pulp   11u  IPv4  28105      0t0  TCP aap24-control.aap-test.local:60222->aap24-database.aap-test.local:postgres (ESTABLISHED)
awx-manag 1720           awx   16u  IPv4  90286      0t0  TCP aap24-control.aap-test.local:37980->aap24-database.aap-test.local:postgres (ESTABLISHED)
sshd      8470          root    4u  IPv4  77224      0t0  TCP aap24-control.aap-test.local:ssh->192.168.1.49:35216 (ESTABLISHED)
sshd      8490          root    4u  IPv4  77224      0t0  TCP aap24-control.aap-test.local:ssh->192.168.1.49:35216 (ESTABLISHED)
awx-manag 8877           awx   38u  IPv4  27121      0t0  TCP aap24-control.aap-test.local:60162->aap24-database.aap-test.local:postgres (ESTABLISHED)
awx-manag 8877           awx   52u  IPv4  91207      0t0  TCP aap24-control.aap-test.local:38274->aap24-database.aap-test.local:postgres (ESTABLISHED)
awx-manag 9505           awx   38u  IPv4  27121      0t0  TCP aap24-control.aap-test.local:60162->aap24-database.aap-test.local:postgres (ESTABLISHED)
awx-manag 9507           awx   38u  IPv4  27121      0t0  TCP aap24-control.aap-test.local:60162->aap24-database.aap-test.local:postgres (ESTABLISHED)
awx-manag 9507           awx   54u  IPv4  86633      0t0  TCP aap24-control.aap-test.local:48582->aap24-database.aap-test.local:postgres (ESTABLISHED)
awx-manag 9509           awx   38u  IPv4  27121      0t0  TCP aap24-control.aap-test.local:60162->aap24-database.aap-test.local:postgres (ESTABLISHED)
awx-manag 9509           awx   61u  IPv4  88644      0t0  TCP aap24-control.aap-test.local:48590->aap24-database.aap-test.local:postgres (ESTABLISHED)
awx-manag 9896           awx   38u  IPv4  27121      0t0  TCP aap24-control.aap-test.local:60162->aap24-database.aap-test.local:postgres (ESTABLISHED)
awx-manag 9896           awx   40u  IPv4  86928      0t0  TCP aap24-control.aap-test.local:38278->aap24-database.aap-test.local:postgres (ESTABLISHED)
awx-manag 9898           awx   38u  IPv4  27121      0t0  TCP aap24-control.aap-test.local:60162->aap24-database.aap-test.local:postgres (ESTABLISHED)
awx-manag 9900           awx   38u  IPv4  27121      0t0  TCP aap24-control.aap-test.local:60162->aap24-database.aap-test.local:postgres (ESTABLISHED)
awx-manag 9900           awx   61u  IPv4  86969      0t0  TCP aap24-control.aap-test.local:37984->aap24-database.aap-test.local:postgres (ESTABLISHED)
  No network connections found

=== RECEPTOR MEMORY SUMMARY ===
Total Receptor RSS Memory: 50256 KB (49 MB)
Total Receptor VSZ Memory: 1207444 KB (1179 MB)
Number of Receptor Processes: 3

AAP-related Processes and Children:
=== AAP Service Processes ===
Process: gunicorn (PID: 744)
    PID    PPID CMD                           RSS
    744       1 /usr/bin/python3 /bin/gunic 25740
  Children of PID 744:
    PID    PPID CMD                           RSS
    827     744 /usr/bin/python3 /bin/gunic 69436
    PID    PPID CMD                           RSS
    853     744 /usr/bin/python3 /bin/gunic 69060
    PID    PPID CMD                           RSS
    858     744 /usr/bin/python3 /bin/gunic 69536
    PID    PPID CMD                           RSS
    862     744 /usr/bin/python3 /bin/gunic 69224
    PID    PPID CMD                           RSS
    867     744 /usr/bin/python3 /bin/gunic 69368
    PID    PPID CMD                           RSS
    892     744 /usr/bin/python3 /bin/gunic 69324
    PID    PPID CMD                           RSS
    903     744 /usr/bin/python3 /bin/gunic 69388
    PID    PPID CMD                           RSS
    929     744 /usr/bin/python3 /bin/gunic 69296
    PID    PPID CMD                           RSS
    984     744 /usr/bin/python3 /bin/gunic 69340

Process: receptor (PID: 753)
    PID    PPID CMD                           RSS
    753       1 /usr/bin/receptor -c /etc/r 46800

Process: gunicorn (PID: 827)
    PID    PPID CMD                           RSS
    827     744 /usr/bin/python3 /bin/gunic 69436

Process: gunicorn (PID: 853)
    PID    PPID CMD                           RSS
    853     744 /usr/bin/python3 /bin/gunic 69060

Process: gunicorn (PID: 858)
    PID    PPID CMD                           RSS
    858     744 /usr/bin/python3 /bin/gunic 69536

Process: gunicorn (PID: 862)
    PID    PPID CMD                           RSS
    862     744 /usr/bin/python3 /bin/gunic 69224

Process: gunicorn (PID: 867)
    PID    PPID CMD                           RSS
    867     744 /usr/bin/python3 /bin/gunic 69368

Process: gunicorn (PID: 892)
    PID    PPID CMD                           RSS
    892     744 /usr/bin/python3 /bin/gunic 69324

Process: gunicorn (PID: 903)
    PID    PPID CMD                           RSS
    903     744 /usr/bin/python3 /bin/gunic 69388

Process: gunicorn (PID: 929)
    PID    PPID CMD                           RSS
    929     744 /usr/bin/python3 /bin/gunic 69296

Process: gunicorn (PID: 984)
    PID    PPID CMD                           RSS
    984     744 /usr/bin/python3 /bin/gunic 69340

Process: redis-server (PID: 1121)
    PID    PPID CMD                           RSS
   1121       1 /usr/bin/redis-server unixs 13436

Process: nginx (PID: 1176)
    PID    PPID CMD                           RSS
   1176       1 nginx: master process /usr/  2576
  Children of PID 1176:
    PID    PPID CMD                           RSS
   1178    1176 nginx: worker process        4112
    PID    PPID CMD                           RSS
   1179    1176 nginx: worker process        4112
    PID    PPID CMD                           RSS
   1180    1176 nginx: worker process        4112
    PID    PPID CMD                           RSS
   1181    1176 nginx: worker process        8336

Process: nginx (PID: 1178)
    PID    PPID CMD                           RSS
   1178    1176 nginx: worker process        4112

Process: nginx (PID: 1179)
    PID    PPID CMD                           RSS
   1179    1176 nginx: worker process        4112

Process: nginx (PID: 1180)
    PID    PPID CMD                           RSS
   1180    1176 nginx: worker process        4112

Process: nginx (PID: 1181)
    PID    PPID CMD                           RSS
   1181    1176 nginx: worker process        8336

Process: uwsgi (PID: 1191)
    PID    PPID CMD                           RSS
   1191     835 /var/lib/awx/venv/awx/bin/u 103248
  Children of PID 1191:
    PID    PPID CMD                           RSS
   1686    1191 /var/lib/awx/venv/awx/bin/u 87792
    PID    PPID CMD                           RSS
   1687    1191 /var/lib/awx/venv/awx/bin/u 108656
    PID    PPID CMD                           RSS
   1688    1191 /var/lib/awx/venv/awx/bin/u 87792
    PID    PPID CMD                           RSS
   1689    1191 /var/lib/awx/venv/awx/bin/u 87792

Process: uwsgi (PID: 1686)
    PID    PPID CMD                           RSS
   1686    1191 /var/lib/awx/venv/awx/bin/u 87792

Process: uwsgi (PID: 1687)
    PID    PPID CMD                           RSS
   1687    1191 /var/lib/awx/venv/awx/bin/u 108656

Process: uwsgi (PID: 1688)
    PID    PPID CMD                           RSS
   1688    1191 /var/lib/awx/venv/awx/bin/u 87792

Process: uwsgi (PID: 1689)
    PID    PPID CMD                           RSS
   1689    1191 /var/lib/awx/venv/awx/bin/u 87792

Process: bash (PID: 8628)
    PID    PPID CMD                           RSS
   8628       1 bash -c  log_file="/tmp/mem  3456
  Children of PID 8628:
    PID    PPID CMD                           RSS
  10302    8628 bash -c  log_file="/tmp/mem  2116

Process: bash (PID: 10302)
    PID    PPID CMD                           RSS
  10302    8628 bash -c  log_file="/tmp/mem  2116
  Children of PID 10302:
    PID    PPID CMD                           RSS


Process Tree for AAP Services:
=== automation-controller Process Tree ===
bash(8628)---pstree(10396)
=== receptor Process Tree ===
receptor(753)-+-{receptor}(758)
              |-{receptor}(759)
              |-{receptor}(760)
              |-{receptor}(761)
              |-{receptor}(766)
              `-{receptor}(767)
bash(8628)---pstree(10401)
=== nginx Process Tree ===
nginx(1176)-+-nginx(1178)
            |-nginx(1179)
            |-nginx(1180)
            `-nginx(1181)
nginx(1178)
nginx(1179)
nginx(1180)
nginx(1181)
bash(8628)---pstree(10410)
=== postgresql Process Tree ===
bash(8628)---pstree(10414)
=== redis Process Tree ===
redis-server(1121)-+-{redis-server}(1140)
                   |-{redis-server}(1141)
                   |-{redis-server}(1142)
                   `-{redis-server}(1143)
bash(8628)---pstree(10419)
=== uwsgi Process Tree ===
uwsgi(1191)-+-uwsgi(1686)
            |-uwsgi(1687)
            |-uwsgi(1688)
            `-uwsgi(1689)
uwsgi(1686)
uwsgi(1687)
uwsgi(1688)
uwsgi(1689)
bash(8628)---pstree(10428)
=== automation-hub Process Tree ===
bash(8628)---pstree(10432)
=== automation-eda Process Tree ===
gunicorn(744)-+-gunicorn(827)
              |-gunicorn(853)
              |-gunicorn(858)
              |-gunicorn(862)
              |-gunicorn(867)
              |-gunicorn(892)
              |-gunicorn(903)
              |-gunicorn(929)
              `-gunicorn(984)
gunicorn(827)
gunicorn(853)
gunicorn(858)
gunicorn(862)
gunicorn(867)
gunicorn(892)
gunicorn(903)
gunicorn(929)
gunicorn(984)
bash(8628)---pstree(10446)

=================================================================================
2025-06-27 14:24:39
Memory Usage Report:
               total        used        free      shared  buff/cache   available
Mem:            7681        4269        3253          11         423        3411
Swap:           3071           0        3071

Top 10 Processes by RSS Memory:
    PID    PPID CMD                           RSS
   1186     835 /var/lib/awx/venv/awx/bin/p 133520
   1188     835 /var/lib/awx/venv/awx/bin/p 131300
   1225     835 /var/lib/awx/venv/awx/bin/p 130880
   1212     835 /var/lib/awx/venv/awx/bin/p 127016
   9898    1186 /var/lib/awx/venv/awx/bin/p 126964
   9900    1186 /var/lib/awx/venv/awx/bin/p 126580
   9896    1186 /var/lib/awx/venv/awx/bin/p 125300
   9507    1186 /var/lib/awx/venv/awx/bin/p 125024
  10504    1186 /var/lib/awx/venv/awx/bin/p 124700
  10506    1186 /var/lib/awx/venv/awx/bin/p 124700

=== RECEPTOR PROCESS ANALYSIS ===
Receptor Main Processes:
    PID    PPID CMD                           RSS    VSZ %CPU %MEM     ELAPSED
    753       1 /usr/bin/receptor -c /etc/r 46800 1200184 0.0  0.5       21:24
Receptor Child Processes for PID 753:
  No child processes found
Receptor Threads for PID 753:
    PID    SPID %CPU %MEM   RSS COMMAND
    753     753  0.0  0.5 46800 receptor
    753     758  0.0  0.5 46800 receptor
    753     759  0.0  0.5 46800 receptor
    753     760  0.0  0.5 46800 receptor
    753     761  0.0  0.5 46800 receptor
    753     766  0.0  0.5 46800 receptor
    753     767  0.0  0.5 46800 receptor
Receptor Network Connections for PID 753:
COMMAND     PID          USER   FD      TYPE             DEVICE SIZE/OFF     NODE NAME
receptor    753           awx  cwd       DIR              253,0      235      128 /
receptor    753           awx  rtd       DIR              253,0      235      128 /
receptor    753           awx  txt       REG              253,0 54652712 33925292 /usr/bin/receptor
receptor    753           awx  mem       REG              253,0  5436640 50586900 /usr/lib64/libcrypto.so.3.2.2
receptor    753           awx  mem       REG              253,0  2544344 50586163 /usr/lib64/libc.so.6
receptor    753           awx  mem       REG              253,0   102552 50586185 /usr/lib64/libz.so.1.2.11
receptor    753           awx  mem       REG              253,0   897856 50586159 /usr/lib64/ld-linux-x86-64.so.2
receptor    753           awx    0r      CHR                1,3      0t0        4 /dev/null
receptor    753           awx    1w      REG              253,0     2565 33993089 /var/log/receptor/receptor.log
receptor    753           awx    2w      REG              253,0     2565 33993089 /var/log/receptor/receptor.log
receptor    753           awx    3rW     REG               0,24        0      969 /run/awx-receptor/receptor.sock.lock
receptor    753           awx    4u  a_inode               0,14        0       62 [eventpoll:5,7,8]
receptor    753           awx    5r     FIFO               0,13      0t0    21430 pipe
receptor    753           awx    6w     FIFO               0,13      0t0    21430 pipe
receptor    753           awx    7u     unix 0xffff8afa07ec8a00      0t0    16215 /var/run/awx-receptor/receptor.sock type=STREAM (LISTEN)
receptor    753           awx    8u     IPv4              26232      0t0      TCP aap24-control.aap-test.local:51094->aap24-execution.aap-test.local:27199 (ESTABLISHED)
chronyd     763        chrony    5u     IPv4              16184      0t0      UDP localhost:323 
chronyd     763        chrony    6u     IPv6              16185      0t0      UDP localhost:323 
NetworkMa   769          root   26u     IPv4              23280      0t0      UDP aap24-control.aap-test.local:bootpc->pi.hole:bootps 
sshd        802          root    3u     IPv4              16279      0t0      TCP *:ssh (LISTEN)
sshd        802          root    4u     IPv6              16281      0t0      TCP *:ssh (LISTEN)
node_expo  1111 node_exporter    3u     IPv6              25814      0t0      TCP *:jetdirect (LISTEN)
node_expo  1111 node_exporter    7u     IPv6              26405      0t0      TCP aap24-control.aap-test.local:jetdirect->monitoring-node.aap-test.local:49902 (ESTABLISHED)
pulpcore-  1116          pulp    6u     IPv4              26509      0t0      TCP aap24-control.aap-test.local:60002->aap24-database.aap-test.local:postgres (ESTABLISHED)
pulpcore-  1118          pulp    6u     IPv4              25307      0t0      TCP aap24-control.aap-test.local:59996->aap24-database.aap-test.local:postgres (ESTABLISHED)
nginx      1176          root   12u     IPv4              24386      0t0      TCP *:https (LISTEN)
nginx      1176          root   13u     IPv4              24387      0t0      TCP *:http (LISTEN)
nginx      1176          root   14u     IPv6              24388      0t0      TCP *:https (LISTEN)
nginx      1176          root   15u     IPv6              24389      0t0      TCP *:http (LISTEN)
nginx      1178         nginx   12u     IPv4              24386      0t0      TCP *:https (LISTEN)
nginx      1178         nginx   13u     IPv4              24387      0t0      TCP *:http (LISTEN)
nginx      1178         nginx   14u     IPv6              24388      0t0      TCP *:https (LISTEN)
nginx      1178         nginx   15u     IPv6              24389      0t0      TCP *:http (LISTEN)
nginx      1179         nginx   12u     IPv4              24386      0t0      TCP *:https (LISTEN)
nginx      1179         nginx   13u     IPv4              24387      0t0      TCP *:http (LISTEN)
nginx      1179         nginx   14u     IPv6              24388      0t0      TCP *:https (LISTEN)
nginx      1179         nginx   15u     IPv6              24389      0t0      TCP *:http (LISTEN)
nginx      1180         nginx   12u     IPv4              24386      0t0      TCP *:https (LISTEN)
nginx      1180         nginx   13u     IPv4              24387      0t0      TCP *:http (LISTEN)
nginx      1180         nginx   14u     IPv6              24388      0t0      TCP *:https (LISTEN)
nginx      1180         nginx   15u     IPv6              24389      0t0      TCP *:http (LISTEN)
nginx      1181         nginx   12u     IPv4              24386      0t0      TCP *:https (LISTEN)
nginx      1181         nginx   13u     IPv4              24387      0t0      TCP *:http (LISTEN)
nginx      1181         nginx   14u     IPv6              24388      0t0      TCP *:https (LISTEN)
nginx      1181         nginx   15u     IPv6              24389      0t0      TCP *:http (LISTEN)
awx-manag  1186           awx   38u     IPv4              27121      0t0      TCP aap24-control.aap-test.local:60162->aap24-database.aap-test.local:postgres (ESTABLISHED)
awx-manag  1188           awx   29u     IPv4              38928      0t0      TCP aap24-control.aap-test.local:59734->aap24-database.aap-test.local:postgres (ESTABLISHED)
daphne     1201           awx   13u     IPv4              28879      0t0      TCP aap24-control.aap-test.local:60106->aap24-database.aap-test.local:postgres (ESTABLISHED)
awx-manag  1212           awx   17u     IPv4              28973      0t0      TCP aap24-control.aap-test.local:60182->aap24-database.aap-test.local:postgres (ESTABLISHED)
awx-manag  1225          root    8u     IPv4              28965      0t0      TCP aap24-control.aap-test.local:60152->aap24-database.aap-test.local:postgres (ESTABLISHED)
awx-manag  1225          root   14u     IPv4              27893      0t0      TCP aap24-control.aap-test.local:60158->aap24-database.aap-test.local:postgres (ESTABLISHED)
awx-manag  1227           awx    8u     IPv4              27064      0t0      TCP aap24-control.aap-test.local:60098->aap24-database.aap-test.local:postgres (ESTABLISHED)
awx-manag  1227           awx   14u     IPv4              27886      0t0      TCP aap24-control.aap-test.local:60146->aap24-database.aap-test.local:postgres (ESTABLISHED)
gunicorn   1341          pulp   12u     IPv4              28148      0t0      TCP aap24-control.aap-test.local:60230->aap24-database.aap-test.local:postgres (ESTABLISHED)
gunicorn   1372          pulp   12u     IPv4              27288      0t0      TCP aap24-control.aap-test.local:60206->aap24-database.aap-test.local:postgres (ESTABLISHED)
gunicorn   1373          pulp   12u     IPv4              27206      0t0      TCP aap24-control.aap-test.local:60198->aap24-database.aap-test.local:postgres (ESTABLISHED)
gunicorn   1374          pulp   12u     IPv4              29207      0t0      TCP aap24-control.aap-test.local:60214->aap24-database.aap-test.local:postgres (ESTABLISHED)
gunicorn   1392          pulp   12u     IPv4              29210      0t0      TCP aap24-control.aap-test.local:60220->aap24-database.aap-test.local:postgres (ESTABLISHED)
gunicorn   1397          pulp   12u     IPv4              29213      0t0      TCP aap24-control.aap-test.local:60236->aap24-database.aap-test.local:postgres (ESTABLISHED)
gunicorn   1418          pulp   11u     IPv4              29088      0t0      TCP aap24-control.aap-test.local:60184->aap24-database.aap-test.local:postgres (ESTABLISHED)
gunicorn   1430          pulp   11u     IPv4              28105      0t0      TCP aap24-control.aap-test.local:60222->aap24-database.aap-test.local:postgres (ESTABLISHED)
awx-manag  1720           awx   16u     IPv4              90822      0t0      TCP aap24-control.aap-test.local:52820->aap24-database.aap-test.local:postgres (ESTABLISHED)
sshd       8470          root    4u     IPv4              77224      0t0      TCP aap24-control.aap-test.local:ssh->192.168.1.49:35216 (ESTABLISHED)
sshd       8490          root    4u     IPv4              77224      0t0      TCP aap24-control.aap-test.local:ssh->192.168.1.49:35216 (ESTABLISHED)
awx-manag  9507           awx   38u     IPv4              27121      0t0      TCP aap24-control.aap-test.local:60162->aap24-database.aap-test.local:postgres (ESTABLISHED)
awx-manag  9507           awx   54u     IPv4              90825      0t0      TCP aap24-control.aap-test.local:52824->aap24-database.aap-test.local:postgres (ESTABLISHED)
awx-manag  9896           awx   38u     IPv4              27121      0t0      TCP aap24-control.aap-test.local:60162->aap24-database.aap-test.local:postgres (ESTABLISHED)
awx-manag  9896           awx   40u     IPv4              90836      0t0      TCP aap24-control.aap-test.local:52846->aap24-database.aap-test.local:postgres (ESTABLISHED)
awx-manag  9898           awx   38u     IPv4              27121      0t0      TCP aap24-control.aap-test.local:60162->aap24-database.aap-test.local:postgres (ESTABLISHED)
awx-manag  9898           awx   50u     IPv4              91756      0t0      TCP aap24-control.aap-test.local:52830->aap24-database.aap-test.local:postgres (ESTABLISHED)
awx-manag  9900           awx   38u     IPv4              27121      0t0      TCP aap24-control.aap-test.local:60162->aap24-database.aap-test.local:postgres (ESTABLISHED)
awx-manag 10504           awx   34u     IPv4              90837      0t0      TCP aap24-control.aap-test.local:52848->aap24-database.aap-test.local:postgres (ESTABLISHED)
awx-manag 10504           awx   38u     IPv4              27121      0t0      TCP aap24-control.aap-test.local:60162->aap24-database.aap-test.local:postgres (ESTABLISHED)
awx-manag 10506           awx   38u     IPv4              27121      0t0      TCP aap24-control.aap-test.local:60162->aap24-database.aap-test.local:postgres (ESTABLISHED)
awx-manag 10506           awx   57u     IPv4              90838      0t0      TCP aap24-control.aap-test.local:52858->aap24-database.aap-test.local:postgres (ESTABLISHED)
awx-manag 10508           awx   38u     IPv4              27121      0t0      TCP aap24-control.aap-test.local:60162->aap24-database.aap-test.local:postgres (ESTABLISHED)

    PID    PPID CMD                           RSS    VSZ %CPU %MEM     ELAPSED
   8628       1 bash -c  log_file="/tmp/mem  3456   7260  0.0  0.0       03:09
Receptor Child Processes for PID 8628:
      PID    PPID CMD                           RSS    VSZ %CPU %MEM     ELAPSED
Receptor Threads for PID 8628:
    PID    SPID %CPU %MEM   RSS COMMAND
   8628    8628  0.0  0.0  3456 bash
Receptor Network Connections for PID 8628:
COMMAND     PID          USER   FD   TYPE DEVICE SIZE/OFF     NODE NAME
receptor    753           awx    8u  IPv4  26232      0t0      TCP aap24-control.aap-test.local:51094->aap24-execution.aap-test.local:27199 (ESTABLISHED)
chronyd     763        chrony    5u  IPv4  16184      0t0      UDP localhost:323 
chronyd     763        chrony    6u  IPv6  16185      0t0      UDP localhost:323 
NetworkMa   769          root   26u  IPv4  23280      0t0      UDP aap24-control.aap-test.local:bootpc->pi.hole:bootps 
sshd        802          root    3u  IPv4  16279      0t0      TCP *:ssh (LISTEN)
sshd        802          root    4u  IPv6  16281      0t0      TCP *:ssh (LISTEN)
node_expo  1111 node_exporter    3u  IPv6  25814      0t0      TCP *:jetdirect (LISTEN)
node_expo  1111 node_exporter    7u  IPv6  26405      0t0      TCP aap24-control.aap-test.local:jetdirect->monitoring-node.aap-test.local:49902 (ESTABLISHED)
pulpcore-  1116          pulp    6u  IPv4  26509      0t0      TCP aap24-control.aap-test.local:60002->aap24-database.aap-test.local:postgres (ESTABLISHED)
pulpcore-  1118          pulp    6u  IPv4  25307      0t0      TCP aap24-control.aap-test.local:59996->aap24-database.aap-test.local:postgres (ESTABLISHED)
nginx      1176          root   12u  IPv4  24386      0t0      TCP *:https (LISTEN)
nginx      1176          root   13u  IPv4  24387      0t0      TCP *:http (LISTEN)
nginx      1176          root   14u  IPv6  24388      0t0      TCP *:https (LISTEN)
nginx      1176          root   15u  IPv6  24389      0t0      TCP *:http (LISTEN)
nginx      1178         nginx   12u  IPv4  24386      0t0      TCP *:https (LISTEN)
nginx      1178         nginx   13u  IPv4  24387      0t0      TCP *:http (LISTEN)
nginx      1178         nginx   14u  IPv6  24388      0t0      TCP *:https (LISTEN)
nginx      1178         nginx   15u  IPv6  24389      0t0      TCP *:http (LISTEN)
nginx      1179         nginx   12u  IPv4  24386      0t0      TCP *:https (LISTEN)
nginx      1179         nginx   13u  IPv4  24387      0t0      TCP *:http (LISTEN)
nginx      1179         nginx   14u  IPv6  24388      0t0      TCP *:https (LISTEN)
nginx      1179         nginx   15u  IPv6  24389      0t0      TCP *:http (LISTEN)
nginx      1180         nginx   12u  IPv4  24386      0t0      TCP *:https (LISTEN)
nginx      1180         nginx   13u  IPv4  24387      0t0      TCP *:http (LISTEN)
nginx      1180         nginx   14u  IPv6  24388      0t0      TCP *:https (LISTEN)
nginx      1180         nginx   15u  IPv6  24389      0t0      TCP *:http (LISTEN)
nginx      1181         nginx   12u  IPv4  24386      0t0      TCP *:https (LISTEN)
nginx      1181         nginx   13u  IPv4  24387      0t0      TCP *:http (LISTEN)
nginx      1181         nginx   14u  IPv6  24388      0t0      TCP *:https (LISTEN)
nginx      1181         nginx   15u  IPv6  24389      0t0      TCP *:http (LISTEN)
awx-manag  1186           awx   38u  IPv4  27121      0t0      TCP aap24-control.aap-test.local:60162->aap24-database.aap-test.local:postgres (ESTABLISHED)
awx-manag  1188           awx   29u  IPv4  38928      0t0      TCP aap24-control.aap-test.local:59734->aap24-database.aap-test.local:postgres (ESTABLISHED)
daphne     1201           awx   13u  IPv4  28879      0t0      TCP aap24-control.aap-test.local:60106->aap24-database.aap-test.local:postgres (ESTABLISHED)
awx-manag  1212           awx   17u  IPv4  28973      0t0      TCP aap24-control.aap-test.local:60182->aap24-database.aap-test.local:postgres (ESTABLISHED)
awx-manag  1225          root    8u  IPv4  28965      0t0      TCP aap24-control.aap-test.local:60152->aap24-database.aap-test.local:postgres (ESTABLISHED)
awx-manag  1225          root   14u  IPv4  27893      0t0      TCP aap24-control.aap-test.local:60158->aap24-database.aap-test.local:postgres (ESTABLISHED)
awx-manag  1227           awx    8u  IPv4  27064      0t0      TCP aap24-control.aap-test.local:60098->aap24-database.aap-test.local:postgres (ESTABLISHED)
awx-manag  1227           awx   14u  IPv4  27886      0t0      TCP aap24-control.aap-test.local:60146->aap24-database.aap-test.local:postgres (ESTABLISHED)
gunicorn   1341          pulp   12u  IPv4  28148      0t0      TCP aap24-control.aap-test.local:60230->aap24-database.aap-test.local:postgres (ESTABLISHED)
gunicorn   1372          pulp   12u  IPv4  27288      0t0      TCP aap24-control.aap-test.local:60206->aap24-database.aap-test.local:postgres (ESTABLISHED)
gunicorn   1373          pulp   12u  IPv4  27206      0t0      TCP aap24-control.aap-test.local:60198->aap24-database.aap-test.local:postgres (ESTABLISHED)
gunicorn   1374          pulp   12u  IPv4  29207      0t0      TCP aap24-control.aap-test.local:60214->aap24-database.aap-test.local:postgres (ESTABLISHED)
gunicorn   1392          pulp   12u  IPv4  29210      0t0      TCP aap24-control.aap-test.local:60220->aap24-database.aap-test.local:postgres (ESTABLISHED)
gunicorn   1397          pulp   12u  IPv4  29213      0t0      TCP aap24-control.aap-test.local:60236->aap24-database.aap-test.local:postgres (ESTABLISHED)
gunicorn   1418          pulp   11u  IPv4  29088      0t0      TCP aap24-control.aap-test.local:60184->aap24-database.aap-test.local:postgres (ESTABLISHED)
gunicorn   1430          pulp   11u  IPv4  28105      0t0      TCP aap24-control.aap-test.local:60222->aap24-database.aap-test.local:postgres (ESTABLISHED)
awx-manag  1720           awx   16u  IPv4  90822      0t0      TCP aap24-control.aap-test.local:52820->aap24-database.aap-test.local:postgres (ESTABLISHED)
sshd       8470          root    4u  IPv4  77224      0t0      TCP aap24-control.aap-test.local:ssh->192.168.1.49:35216 (ESTABLISHED)
sshd       8490          root    4u  IPv4  77224      0t0      TCP aap24-control.aap-test.local:ssh->192.168.1.49:35216 (ESTABLISHED)
bash       8628          root  cwd    DIR  253,0      164 33685638 /root
bash       8628          root  rtd    DIR  253,0      235      128 /
bash       8628          root  txt    REG  253,0  1389072 33846112 /usr/bin/bash
bash       8628          root  mem    REG  253,0  2586930 50586136 /usr/lib/locale/en_US.utf8/LC_COLLATE
bash       8628          root  mem    REG  253,0  2544344 50586163 /usr/lib64/libc.so.6
bash       8628          root  mem    REG  253,0   346132 33846229 /usr/lib/locale/C.utf8/LC_CTYPE
bash       8628          root  mem    REG  253,0       54 50586139 /usr/lib/locale/en_US.utf8/LC_NUMERIC
bash       8628          root  mem    REG  253,0     3284   223295 /usr/lib/locale/en_US.utf8/LC_TIME
bash       8628          root  mem    REG  253,0      286   223293 /usr/lib/locale/en_US.utf8/LC_MONETARY
bash       8628          root  mem    REG  253,0       57   223370 /usr/lib/locale/en_US.utf8/LC_MESSAGES/SYS_LC_MESSAGES
bash       8628          root  mem    REG  253,0    26988 17218970 /usr/lib64/gconv/gconv-modules.cache
bash       8628          root  mem    REG  253,0   195080 50585814 /usr/lib64/libtinfo.so.6.2
bash       8628          root  mem    REG  253,0       34 33846531 /usr/lib/locale/en_US.utf8/LC_PAPER
bash       8628          root  mem    REG  253,0       77 50586138 /usr/lib/locale/en_US.utf8/LC_NAME
bash       8628          root  mem    REG  253,0      167   223289 /usr/lib/locale/en_US.utf8/LC_ADDRESS
bash       8628          root  mem    REG  253,0       59   223294 /usr/lib/locale/en_US.utf8/LC_TELEPHONE
bash       8628          root  mem    REG  253,0       23   223292 /usr/lib/locale/en_US.utf8/LC_MEASUREMENT
bash       8628          root  mem    REG  253,0      369   223291 /usr/lib/locale/en_US.utf8/LC_IDENTIFICATION
bash       8628          root  mem    REG  253,0   897856 50586159 /usr/lib64/ld-linux-x86-64.so.2
bash       8628          root    0r   CHR    1,3      0t0        4 /dev/null
bash       8628          root    1w   REG  253,0        0 16785749 /tmp/memory_monitor.log
bash       8628          root    2w   REG  253,0        0 16785749 /tmp/memory_monitor.log
bash       8628          root    3r  FIFO   0,13      0t0    91100 pipe
awx-manag  9507           awx   38u  IPv4  27121      0t0      TCP aap24-control.aap-test.local:60162->aap24-database.aap-test.local:postgres (ESTABLISHED)
awx-manag  9507           awx   54u  IPv4  90825      0t0      TCP aap24-control.aap-test.local:52824->aap24-database.aap-test.local:postgres (ESTABLISHED)
awx-manag  9896           awx   38u  IPv4  27121      0t0      TCP aap24-control.aap-test.local:60162->aap24-database.aap-test.local:postgres (ESTABLISHED)
awx-manag  9896           awx   40u  IPv4  90836      0t0      TCP aap24-control.aap-test.local:52846->aap24-database.aap-test.local:postgres (ESTABLISHED)
awx-manag  9898           awx   38u  IPv4  27121      0t0      TCP aap24-control.aap-test.local:60162->aap24-database.aap-test.local:postgres (ESTABLISHED)
awx-manag  9898           awx   50u  IPv4  91756      0t0      TCP aap24-control.aap-test.local:52830->aap24-database.aap-test.local:postgres (ESTABLISHED)
awx-manag  9900           awx   38u  IPv4  27121      0t0      TCP aap24-control.aap-test.local:60162->aap24-database.aap-test.local:postgres (ESTABLISHED)
awx-manag 10504           awx   34u  IPv4  90837      0t0      TCP aap24-control.aap-test.local:52848->aap24-database.aap-test.local:postgres (ESTABLISHED)
awx-manag 10504           awx   38u  IPv4  27121      0t0      TCP aap24-control.aap-test.local:60162->aap24-database.aap-test.local:postgres (ESTABLISHED)
awx-manag 10506           awx   38u  IPv4  27121      0t0      TCP aap24-control.aap-test.local:60162->aap24-database.aap-test.local:postgres (ESTABLISHED)
awx-manag 10506           awx   57u  IPv4  90838      0t0      TCP aap24-control.aap-test.local:52858->aap24-database.aap-test.local:postgres (ESTABLISHED)
awx-manag 10508           awx   38u  IPv4  27121      0t0      TCP aap24-control.aap-test.local:60162->aap24-database.aap-test.local:postgres (ESTABLISHED)

    PID    PPID CMD                           RSS    VSZ %CPU %MEM     ELAPSED
Receptor Child Processes for PID 10529:
  No child processes found
Receptor Threads for PID 10529:
    PID    SPID %CPU %MEM   RSS COMMAND
Receptor Network Connections for PID 10529:
COMMAND     PID          USER   FD   TYPE DEVICE SIZE/OFF NODE NAME
receptor    753           awx    8u  IPv4  26232      0t0  TCP aap24-control.aap-test.local:51094->aap24-execution.aap-test.local:27199 (ESTABLISHED)
chronyd     763        chrony    5u  IPv4  16184      0t0  UDP localhost:323 
chronyd     763        chrony    6u  IPv6  16185      0t0  UDP localhost:323 
NetworkMa   769          root   26u  IPv4  23280      0t0  UDP aap24-control.aap-test.local:bootpc->pi.hole:bootps 
sshd        802          root    3u  IPv4  16279      0t0  TCP *:ssh (LISTEN)
sshd        802          root    4u  IPv6  16281      0t0  TCP *:ssh (LISTEN)
node_expo  1111 node_exporter    3u  IPv6  25814      0t0  TCP *:jetdirect (LISTEN)
node_expo  1111 node_exporter    7u  IPv6  26405      0t0  TCP aap24-control.aap-test.local:jetdirect->monitoring-node.aap-test.local:49902 (ESTABLISHED)
pulpcore-  1116          pulp    6u  IPv4  26509      0t0  TCP aap24-control.aap-test.local:60002->aap24-database.aap-test.local:postgres (ESTABLISHED)
pulpcore-  1118          pulp    6u  IPv4  25307      0t0  TCP aap24-control.aap-test.local:59996->aap24-database.aap-test.local:postgres (ESTABLISHED)
nginx      1176          root   12u  IPv4  24386      0t0  TCP *:https (LISTEN)
nginx      1176          root   13u  IPv4  24387      0t0  TCP *:http (LISTEN)
nginx      1176          root   14u  IPv6  24388      0t0  TCP *:https (LISTEN)
nginx      1176          root   15u  IPv6  24389      0t0  TCP *:http (LISTEN)
nginx      1178         nginx   12u  IPv4  24386      0t0  TCP *:https (LISTEN)
nginx      1178         nginx   13u  IPv4  24387      0t0  TCP *:http (LISTEN)
nginx      1178         nginx   14u  IPv6  24388      0t0  TCP *:https (LISTEN)
nginx      1178         nginx   15u  IPv6  24389      0t0  TCP *:http (LISTEN)
nginx      1179         nginx   12u  IPv4  24386      0t0  TCP *:https (LISTEN)
nginx      1179         nginx   13u  IPv4  24387      0t0  TCP *:http (LISTEN)
nginx      1179         nginx   14u  IPv6  24388      0t0  TCP *:https (LISTEN)
nginx      1179         nginx   15u  IPv6  24389      0t0  TCP *:http (LISTEN)
nginx      1180         nginx   12u  IPv4  24386      0t0  TCP *:https (LISTEN)
nginx      1180         nginx   13u  IPv4  24387      0t0  TCP *:http (LISTEN)
nginx      1180         nginx   14u  IPv6  24388      0t0  TCP *:https (LISTEN)
nginx      1180         nginx   15u  IPv6  24389      0t0  TCP *:http (LISTEN)
nginx      1181         nginx   12u  IPv4  24386      0t0  TCP *:https (LISTEN)
nginx      1181         nginx   13u  IPv4  24387      0t0  TCP *:http (LISTEN)
nginx      1181         nginx   14u  IPv6  24388      0t0  TCP *:https (LISTEN)
nginx      1181         nginx   15u  IPv6  24389      0t0  TCP *:http (LISTEN)
awx-manag  1186           awx   38u  IPv4  27121      0t0  TCP aap24-control.aap-test.local:60162->aap24-database.aap-test.local:postgres (ESTABLISHED)
awx-manag  1188           awx   29u  IPv4  38928      0t0  TCP aap24-control.aap-test.local:59734->aap24-database.aap-test.local:postgres (ESTABLISHED)
daphne     1201           awx   13u  IPv4  28879      0t0  TCP aap24-control.aap-test.local:60106->aap24-database.aap-test.local:postgres (ESTABLISHED)
awx-manag  1212           awx   17u  IPv4  28973      0t0  TCP aap24-control.aap-test.local:60182->aap24-database.aap-test.local:postgres (ESTABLISHED)
awx-manag  1225          root    8u  IPv4  28965      0t0  TCP aap24-control.aap-test.local:60152->aap24-database.aap-test.local:postgres (ESTABLISHED)
awx-manag  1225          root   14u  IPv4  27893      0t0  TCP aap24-control.aap-test.local:60158->aap24-database.aap-test.local:postgres (ESTABLISHED)
awx-manag  1227           awx    8u  IPv4  27064      0t0  TCP aap24-control.aap-test.local:60098->aap24-database.aap-test.local:postgres (ESTABLISHED)
awx-manag  1227           awx   14u  IPv4  27886      0t0  TCP aap24-control.aap-test.local:60146->aap24-database.aap-test.local:postgres (ESTABLISHED)
gunicorn   1341          pulp   12u  IPv4  28148      0t0  TCP aap24-control.aap-test.local:60230->aap24-database.aap-test.local:postgres (ESTABLISHED)
gunicorn   1372          pulp   12u  IPv4  27288      0t0  TCP aap24-control.aap-test.local:60206->aap24-database.aap-test.local:postgres (ESTABLISHED)
gunicorn   1373          pulp   12u  IPv4  27206      0t0  TCP aap24-control.aap-test.local:60198->aap24-database.aap-test.local:postgres (ESTABLISHED)
gunicorn   1374          pulp   12u  IPv4  29207      0t0  TCP aap24-control.aap-test.local:60214->aap24-database.aap-test.local:postgres (ESTABLISHED)
gunicorn   1392          pulp   12u  IPv4  29210      0t0  TCP aap24-control.aap-test.local:60220->aap24-database.aap-test.local:postgres (ESTABLISHED)
gunicorn   1397          pulp   12u  IPv4  29213      0t0  TCP aap24-control.aap-test.local:60236->aap24-database.aap-test.local:postgres (ESTABLISHED)
gunicorn   1418          pulp   11u  IPv4  29088      0t0  TCP aap24-control.aap-test.local:60184->aap24-database.aap-test.local:postgres (ESTABLISHED)
gunicorn   1430          pulp   11u  IPv4  28105      0t0  TCP aap24-control.aap-test.local:60222->aap24-database.aap-test.local:postgres (ESTABLISHED)
awx-manag  1720           awx   16u  IPv4  90822      0t0  TCP aap24-control.aap-test.local:52820->aap24-database.aap-test.local:postgres (ESTABLISHED)
sshd       8470          root    4u  IPv4  77224      0t0  TCP aap24-control.aap-test.local:ssh->192.168.1.49:35216 (ESTABLISHED)
sshd       8490          root    4u  IPv4  77224      0t0  TCP aap24-control.aap-test.local:ssh->192.168.1.49:35216 (ESTABLISHED)
awx-manag  9507           awx   38u  IPv4  27121      0t0  TCP aap24-control.aap-test.local:60162->aap24-database.aap-test.local:postgres (ESTABLISHED)
awx-manag  9507           awx   54u  IPv4  90825      0t0  TCP aap24-control.aap-test.local:52824->aap24-database.aap-test.local:postgres (ESTABLISHED)
awx-manag  9896           awx   38u  IPv4  27121      0t0  TCP aap24-control.aap-test.local:60162->aap24-database.aap-test.local:postgres (ESTABLISHED)
awx-manag  9896           awx   40u  IPv4  90836      0t0  TCP aap24-control.aap-test.local:52846->aap24-database.aap-test.local:postgres (ESTABLISHED)
awx-manag  9898           awx   38u  IPv4  27121      0t0  TCP aap24-control.aap-test.local:60162->aap24-database.aap-test.local:postgres (ESTABLISHED)
awx-manag  9898           awx   50u  IPv4  91756      0t0  TCP aap24-control.aap-test.local:52830->aap24-database.aap-test.local:postgres (ESTABLISHED)
awx-manag  9900           awx   38u  IPv4  27121      0t0  TCP aap24-control.aap-test.local:60162->aap24-database.aap-test.local:postgres (ESTABLISHED)
awx-manag 10504           awx   34u  IPv4  90837      0t0  TCP aap24-control.aap-test.local:52848->aap24-database.aap-test.local:postgres (ESTABLISHED)
awx-manag 10504           awx   38u  IPv4  27121      0t0  TCP aap24-control.aap-test.local:60162->aap24-database.aap-test.local:postgres (ESTABLISHED)
awx-manag 10506           awx   38u  IPv4  27121      0t0  TCP aap24-control.aap-test.local:60162->aap24-database.aap-test.local:postgres (ESTABLISHED)
awx-manag 10506           awx   57u  IPv4  90838      0t0  TCP aap24-control.aap-test.local:52858->aap24-database.aap-test.local:postgres (ESTABLISHED)
awx-manag 10508           awx   38u  IPv4  27121      0t0  TCP aap24-control.aap-test.local:60162->aap24-database.aap-test.local:postgres (ESTABLISHED)
  No network connections found

=== RECEPTOR MEMORY SUMMARY ===
Total Receptor RSS Memory: 50256 KB (49 MB)
Total Receptor VSZ Memory: 1207444 KB (1179 MB)
Number of Receptor Processes: 3

AAP-related Processes and Children:
=== AAP Service Processes ===
Process: gunicorn (PID: 744)
    PID    PPID CMD                           RSS
    744       1 /usr/bin/python3 /bin/gunic 25740
  Children of PID 744:
    PID    PPID CMD                           RSS
    827     744 /usr/bin/python3 /bin/gunic 69436
    PID    PPID CMD                           RSS
    853     744 /usr/bin/python3 /bin/gunic 69060
    PID    PPID CMD                           RSS
    858     744 /usr/bin/python3 /bin/gunic 69536
    PID    PPID CMD                           RSS
    862     744 /usr/bin/python3 /bin/gunic 69224
    PID    PPID CMD                           RSS
    867     744 /usr/bin/python3 /bin/gunic 69368
    PID    PPID CMD                           RSS
    892     744 /usr/bin/python3 /bin/gunic 69324
    PID    PPID CMD                           RSS
    903     744 /usr/bin/python3 /bin/gunic 69388
    PID    PPID CMD                           RSS
    929     744 /usr/bin/python3 /bin/gunic 69296
    PID    PPID CMD                           RSS
    984     744 /usr/bin/python3 /bin/gunic 69340

Process: receptor (PID: 753)
    PID    PPID CMD                           RSS
    753       1 /usr/bin/receptor -c /etc/r 46800

Process: gunicorn (PID: 827)
    PID    PPID CMD                           RSS
    827     744 /usr/bin/python3 /bin/gunic 69436

Process: gunicorn (PID: 853)
    PID    PPID CMD                           RSS
    853     744 /usr/bin/python3 /bin/gunic 69060

Process: gunicorn (PID: 858)
    PID    PPID CMD                           RSS
    858     744 /usr/bin/python3 /bin/gunic 69536

Process: gunicorn (PID: 862)
    PID    PPID CMD                           RSS
    862     744 /usr/bin/python3 /bin/gunic 69224

Process: gunicorn (PID: 867)
    PID    PPID CMD                           RSS
    867     744 /usr/bin/python3 /bin/gunic 69368

Process: gunicorn (PID: 892)
    PID    PPID CMD                           RSS
    892     744 /usr/bin/python3 /bin/gunic 69324

Process: gunicorn (PID: 903)
    PID    PPID CMD                           RSS
    903     744 /usr/bin/python3 /bin/gunic 69388

Process: gunicorn (PID: 929)
    PID    PPID CMD                           RSS
    929     744 /usr/bin/python3 /bin/gunic 69296

Process: gunicorn (PID: 984)
    PID    PPID CMD                           RSS
    984     744 /usr/bin/python3 /bin/gunic 69340

Process: redis-server (PID: 1121)
    PID    PPID CMD                           RSS
   1121       1 /usr/bin/redis-server unixs 13436

Process: nginx (PID: 1176)
    PID    PPID CMD                           RSS
   1176       1 nginx: master process /usr/  2576
  Children of PID 1176:
    PID    PPID CMD                           RSS
   1178    1176 nginx: worker process        4112
    PID    PPID CMD                           RSS
   1179    1176 nginx: worker process        4112
    PID    PPID CMD                           RSS
   1180    1176 nginx: worker process        4112
    PID    PPID CMD                           RSS
   1181    1176 nginx: worker process        8336

Process: nginx (PID: 1178)
    PID    PPID CMD                           RSS
   1178    1176 nginx: worker process        4112

Process: nginx (PID: 1179)
    PID    PPID CMD                           RSS
   1179    1176 nginx: worker process        4112

Process: nginx (PID: 1180)
    PID    PPID CMD                           RSS
   1180    1176 nginx: worker process        4112

Process: nginx (PID: 1181)
    PID    PPID CMD                           RSS
   1181    1176 nginx: worker process        8336

Process: uwsgi (PID: 1191)
    PID    PPID CMD                           RSS
   1191     835 /var/lib/awx/venv/awx/bin/u 103248
  Children of PID 1191:
    PID    PPID CMD                           RSS
   1686    1191 /var/lib/awx/venv/awx/bin/u 87792
    PID    PPID CMD                           RSS
   1687    1191 /var/lib/awx/venv/awx/bin/u 108656
    PID    PPID CMD                           RSS
   1688    1191 /var/lib/awx/venv/awx/bin/u 87792
    PID    PPID CMD                           RSS
   1689    1191 /var/lib/awx/venv/awx/bin/u 87792

Process: uwsgi (PID: 1686)
    PID    PPID CMD                           RSS
   1686    1191 /var/lib/awx/venv/awx/bin/u 87792

Process: uwsgi (PID: 1687)
    PID    PPID CMD                           RSS
   1687    1191 /var/lib/awx/venv/awx/bin/u 108656

Process: uwsgi (PID: 1688)
    PID    PPID CMD                           RSS
   1688    1191 /var/lib/awx/venv/awx/bin/u 87792

Process: uwsgi (PID: 1689)
    PID    PPID CMD                           RSS
   1689    1191 /var/lib/awx/venv/awx/bin/u 87792

Process: bash (PID: 8628)
    PID    PPID CMD                           RSS
   8628       1 bash -c  log_file="/tmp/mem  3456
  Children of PID 8628:
    PID    PPID CMD                           RSS
  10609    8628 bash -c  log_file="/tmp/mem  2116

Process: bash (PID: 10609)
    PID    PPID CMD                           RSS
  10609    8628 bash -c  log_file="/tmp/mem  2116
  Children of PID 10609:
    PID    PPID CMD                           RSS


Process Tree for AAP Services:
=== automation-controller Process Tree ===
bash(8628)---pstree(10703)
=== receptor Process Tree ===
receptor(753)-+-{receptor}(758)
              |-{receptor}(759)
              |-{receptor}(760)
              |-{receptor}(761)
              |-{receptor}(766)
              `-{receptor}(767)
bash(8628)---pstree(10708)
=== nginx Process Tree ===
nginx(1176)-+-nginx(1178)
            |-nginx(1179)
            |-nginx(1180)
            `-nginx(1181)
nginx(1178)
nginx(1179)
nginx(1180)
nginx(1181)
bash(8628)---pstree(10717)
=== postgresql Process Tree ===
bash(8628)---pstree(10721)
=== redis Process Tree ===
redis-server(1121)-+-{redis-server}(1140)
                   |-{redis-server}(1141)
                   |-{redis-server}(1142)
                   `-{redis-server}(1143)
bash(8628)---pstree(10726)
=== uwsgi Process Tree ===
uwsgi(1191)-+-uwsgi(1686)
            |-uwsgi(1687)
            |-uwsgi(1688)
            `-uwsgi(1689)
uwsgi(1686)
uwsgi(1687)
uwsgi(1688)
uwsgi(1689)
bash(8628)---pstree(10735)
=== automation-hub Process Tree ===
bash(8628)---pstree(10747)
=== automation-eda Process Tree ===
gunicorn(744)-+-gunicorn(827)
              |-gunicorn(853)
              |-gunicorn(858)
              |-gunicorn(862)
              |-gunicorn(867)
              |-gunicorn(892)
              |-gunicorn(903)
              |-gunicorn(929)
              `-gunicorn(984)
gunicorn(827)
gunicorn(853)
gunicorn(858)
gunicorn(862)
gunicorn(867)
gunicorn(892)
gunicorn(903)
gunicorn(929)
gunicorn(984)
bash(8628)---pstree(10764)

=================================================================================
2025-06-27 14:25:11
Memory Usage Report:
               total        used        free      shared  buff/cache   available
Mem:            7681        4264        3258          11         424        3417
Swap:           3071           0        3071

Top 10 Processes by RSS Memory:
    PID    PPID CMD                           RSS
   1186     835 /var/lib/awx/venv/awx/bin/p 133520
   1188     835 /var/lib/awx/venv/awx/bin/p 131300
   1225     835 /var/lib/awx/venv/awx/bin/p 130880
   1212     835 /var/lib/awx/venv/awx/bin/p 127016
   9898    1186 /var/lib/awx/venv/awx/bin/p 126964
   9900    1186 /var/lib/awx/venv/awx/bin/p 126836
   9896    1186 /var/lib/awx/venv/awx/bin/p 125300
   9507    1186 /var/lib/awx/venv/awx/bin/p 125024
  10504    1186 /var/lib/awx/venv/awx/bin/p 124700
  10506    1186 /var/lib/awx/venv/awx/bin/p 124700

=== RECEPTOR PROCESS ANALYSIS ===
Receptor Main Processes:
    PID    PPID CMD                           RSS    VSZ %CPU %MEM     ELAPSED
    753       1 /usr/bin/receptor -c /etc/r 46800 1200184 0.0  0.5       21:56
Receptor Child Processes for PID 753:
  No child processes found
Receptor Threads for PID 753:
    PID    SPID %CPU %MEM   RSS COMMAND
    753     753  0.0  0.5 46800 receptor
    753     758  0.0  0.5 46800 receptor
    753     759  0.0  0.5 46800 receptor
    753     760  0.0  0.5 46800 receptor
    753     761  0.0  0.5 46800 receptor
    753     766  0.0  0.5 46800 receptor
    753     767  0.0  0.5 46800 receptor
Receptor Network Connections for PID 753:
COMMAND     PID          USER   FD      TYPE             DEVICE SIZE/OFF     NODE NAME
receptor    753           awx  cwd       DIR              253,0      235      128 /
receptor    753           awx  rtd       DIR              253,0      235      128 /
receptor    753           awx  txt       REG              253,0 54652712 33925292 /usr/bin/receptor
receptor    753           awx  mem       REG              253,0  5436640 50586900 /usr/lib64/libcrypto.so.3.2.2
receptor    753           awx  mem       REG              253,0  2544344 50586163 /usr/lib64/libc.so.6
receptor    753           awx  mem       REG              253,0   102552 50586185 /usr/lib64/libz.so.1.2.11
receptor    753           awx  mem       REG              253,0   897856 50586159 /usr/lib64/ld-linux-x86-64.so.2
receptor    753           awx    0r      CHR                1,3      0t0        4 /dev/null
receptor    753           awx    1w      REG              253,0     2565 33993089 /var/log/receptor/receptor.log
receptor    753           awx    2w      REG              253,0     2565 33993089 /var/log/receptor/receptor.log
receptor    753           awx    3rW     REG               0,24        0      969 /run/awx-receptor/receptor.sock.lock
receptor    753           awx    4u  a_inode               0,14        0       62 [eventpoll:5,7,8]
receptor    753           awx    5r     FIFO               0,13      0t0    21430 pipe
receptor    753           awx    6w     FIFO               0,13      0t0    21430 pipe
receptor    753           awx    7u     unix 0xffff8afa07ec8a00      0t0    16215 /var/run/awx-receptor/receptor.sock type=STREAM (LISTEN)
receptor    753           awx    8u     IPv4              26232      0t0      TCP aap24-control.aap-test.local:51094->aap24-execution.aap-test.local:27199 (ESTABLISHED)
chronyd     763        chrony    5u     IPv4              16184      0t0      UDP localhost:323 
chronyd     763        chrony    6u     IPv6              16185      0t0      UDP localhost:323 
NetworkMa   769          root   26u     IPv4              23280      0t0      UDP aap24-control.aap-test.local:bootpc->pi.hole:bootps 
sshd        802          root    3u     IPv4              16279      0t0      TCP *:ssh (LISTEN)
sshd        802          root    4u     IPv6              16281      0t0      TCP *:ssh (LISTEN)
node_expo  1111 node_exporter    3u     IPv6              25814      0t0      TCP *:jetdirect (LISTEN)
node_expo  1111 node_exporter    7u     IPv6              26405      0t0      TCP aap24-control.aap-test.local:jetdirect->monitoring-node.aap-test.local:49902 (ESTABLISHED)
pulpcore-  1116          pulp    6u     IPv4              26509      0t0      TCP aap24-control.aap-test.local:60002->aap24-database.aap-test.local:postgres (ESTABLISHED)
pulpcore-  1118          pulp    6u     IPv4              25307      0t0      TCP aap24-control.aap-test.local:59996->aap24-database.aap-test.local:postgres (ESTABLISHED)
nginx      1176          root   12u     IPv4              24386      0t0      TCP *:https (LISTEN)
nginx      1176          root   13u     IPv4              24387      0t0      TCP *:http (LISTEN)
nginx      1176          root   14u     IPv6              24388      0t0      TCP *:https (LISTEN)
nginx      1176          root   15u     IPv6              24389      0t0      TCP *:http (LISTEN)
nginx      1178         nginx   12u     IPv4              24386      0t0      TCP *:https (LISTEN)
nginx      1178         nginx   13u     IPv4              24387      0t0      TCP *:http (LISTEN)
nginx      1178         nginx   14u     IPv6              24388      0t0      TCP *:https (LISTEN)
nginx      1178         nginx   15u     IPv6              24389      0t0      TCP *:http (LISTEN)
nginx      1179         nginx   12u     IPv4              24386      0t0      TCP *:https (LISTEN)
nginx      1179         nginx   13u     IPv4              24387      0t0      TCP *:http (LISTEN)
nginx      1179         nginx   14u     IPv6              24388      0t0      TCP *:https (LISTEN)
nginx      1179         nginx   15u     IPv6              24389      0t0      TCP *:http (LISTEN)
nginx      1180         nginx   12u     IPv4              24386      0t0      TCP *:https (LISTEN)
nginx      1180         nginx   13u     IPv4              24387      0t0      TCP *:http (LISTEN)
nginx      1180         nginx   14u     IPv6              24388      0t0      TCP *:https (LISTEN)
nginx      1180         nginx   15u     IPv6              24389      0t0      TCP *:http (LISTEN)
nginx      1181         nginx   12u     IPv4              24386      0t0      TCP *:https (LISTEN)
nginx      1181         nginx   13u     IPv4              24387      0t0      TCP *:http (LISTEN)
nginx      1181         nginx   14u     IPv6              24388      0t0      TCP *:https (LISTEN)
nginx      1181         nginx   15u     IPv6              24389      0t0      TCP *:http (LISTEN)
awx-manag  1186           awx   38u     IPv4              27121      0t0      TCP aap24-control.aap-test.local:60162->aap24-database.aap-test.local:postgres (ESTABLISHED)
awx-manag  1188           awx   29u     IPv4              38928      0t0      TCP aap24-control.aap-test.local:59734->aap24-database.aap-test.local:postgres (ESTABLISHED)
daphne     1201           awx   13u     IPv4              28879      0t0      TCP aap24-control.aap-test.local:60106->aap24-database.aap-test.local:postgres (ESTABLISHED)
awx-manag  1212           awx   17u     IPv4              28973      0t0      TCP aap24-control.aap-test.local:60182->aap24-database.aap-test.local:postgres (ESTABLISHED)
awx-manag  1225          root    8u     IPv4              28965      0t0      TCP aap24-control.aap-test.local:60152->aap24-database.aap-test.local:postgres (ESTABLISHED)
awx-manag  1225          root   14u     IPv4              27893      0t0      TCP aap24-control.aap-test.local:60158->aap24-database.aap-test.local:postgres (ESTABLISHED)
awx-manag  1227           awx    8u     IPv4              27064      0t0      TCP aap24-control.aap-test.local:60098->aap24-database.aap-test.local:postgres (ESTABLISHED)
awx-manag  1227           awx   14u     IPv4              27886      0t0      TCP aap24-control.aap-test.local:60146->aap24-database.aap-test.local:postgres (ESTABLISHED)
gunicorn   1341          pulp   12u     IPv4              28148      0t0      TCP aap24-control.aap-test.local:60230->aap24-database.aap-test.local:postgres (ESTABLISHED)
gunicorn   1372          pulp   12u     IPv4              27288      0t0      TCP aap24-control.aap-test.local:60206->aap24-database.aap-test.local:postgres (ESTABLISHED)
gunicorn   1373          pulp   12u     IPv4              27206      0t0      TCP aap24-control.aap-test.local:60198->aap24-database.aap-test.local:postgres (ESTABLISHED)
gunicorn   1374          pulp   12u     IPv4              29207      0t0      TCP aap24-control.aap-test.local:60214->aap24-database.aap-test.local:postgres (ESTABLISHED)
gunicorn   1392          pulp   12u     IPv4              29210      0t0      TCP aap24-control.aap-test.local:60220->aap24-database.aap-test.local:postgres (ESTABLISHED)
gunicorn   1397          pulp   12u     IPv4              29213      0t0      TCP aap24-control.aap-test.local:60236->aap24-database.aap-test.local:postgres (ESTABLISHED)
gunicorn   1418          pulp   11u     IPv4              29088      0t0      TCP aap24-control.aap-test.local:60184->aap24-database.aap-test.local:postgres (ESTABLISHED)
gunicorn   1430          pulp   11u     IPv4              28105      0t0      TCP aap24-control.aap-test.local:60222->aap24-database.aap-test.local:postgres (ESTABLISHED)
awx-manag  1720           awx   16u     IPv4              94507      0t0      TCP aap24-control.aap-test.local:37272->aap24-database.aap-test.local:postgres (ESTABLISHED)
sshd       8470          root    4u     IPv4              77224      0t0      TCP aap24-control.aap-test.local:ssh->192.168.1.49:35216 (ESTABLISHED)
sshd       8490          root    4u     IPv4              77224      0t0      TCP aap24-control.aap-test.local:ssh->192.168.1.49:35216 (ESTABLISHED)
awx-manag  9507           awx   38u     IPv4              27121      0t0      TCP aap24-control.aap-test.local:60162->aap24-database.aap-test.local:postgres (ESTABLISHED)
awx-manag  9507           awx   54u     IPv4              95240      0t0      TCP aap24-control.aap-test.local:52826->aap24-database.aap-test.local:postgres (ESTABLISHED)
awx-manag  9896           awx   38u     IPv4              27121      0t0      TCP aap24-control.aap-test.local:60162->aap24-database.aap-test.local:postgres (ESTABLISHED)
awx-manag  9896           awx   40u     IPv4              90836      0t0      TCP aap24-control.aap-test.local:52846->aap24-database.aap-test.local:postgres (ESTABLISHED)
awx-manag  9898           awx   38u     IPv4              27121      0t0      TCP aap24-control.aap-test.local:60162->aap24-database.aap-test.local:postgres (ESTABLISHED)
awx-manag  9898           awx   50u     IPv4              93129      0t0      TCP aap24-control.aap-test.local:37284->aap24-database.aap-test.local:postgres (ESTABLISHED)
awx-manag  9900           awx   38u     IPv4              27121      0t0      TCP aap24-control.aap-test.local:60162->aap24-database.aap-test.local:postgres (ESTABLISHED)
awx-manag  9900           awx   61u     IPv4              94470      0t0      TCP aap24-control.aap-test.local:52810->aap24-database.aap-test.local:postgres (ESTABLISHED)
awx-manag 10504           awx   34u     IPv4              90837      0t0      TCP aap24-control.aap-test.local:52848->aap24-database.aap-test.local:postgres (ESTABLISHED)
awx-manag 10504           awx   38u     IPv4              27121      0t0      TCP aap24-control.aap-test.local:60162->aap24-database.aap-test.local:postgres (ESTABLISHED)
awx-manag 10506           awx   38u     IPv4              27121      0t0      TCP aap24-control.aap-test.local:60162->aap24-database.aap-test.local:postgres (ESTABLISHED)
awx-manag 10506           awx   57u     IPv4              90838      0t0      TCP aap24-control.aap-test.local:52858->aap24-database.aap-test.local:postgres (ESTABLISHED)
awx-manag 10508           awx   38u     IPv4              27121      0t0      TCP aap24-control.aap-test.local:60162->aap24-database.aap-test.local:postgres (ESTABLISHED)

    PID    PPID CMD                           RSS    VSZ %CPU %MEM     ELAPSED
   8628       1 bash -c  log_file="/tmp/mem  3456   7260  0.0  0.0       03:41
Receptor Child Processes for PID 8628:
      PID    PPID CMD                           RSS    VSZ %CPU %MEM     ELAPSED
Receptor Threads for PID 8628:
    PID    SPID %CPU %MEM   RSS COMMAND
   8628    8628  0.0  0.0  3456 bash
Receptor Network Connections for PID 8628:
COMMAND     PID          USER   FD   TYPE DEVICE SIZE/OFF     NODE NAME
receptor    753           awx    8u  IPv4  26232      0t0      TCP aap24-control.aap-test.local:51094->aap24-execution.aap-test.local:27199 (ESTABLISHED)
chronyd     763        chrony    5u  IPv4  16184      0t0      UDP localhost:323 
chronyd     763        chrony    6u  IPv6  16185      0t0      UDP localhost:323 
NetworkMa   769          root   26u  IPv4  23280      0t0      UDP aap24-control.aap-test.local:bootpc->pi.hole:bootps 
sshd        802          root    3u  IPv4  16279      0t0      TCP *:ssh (LISTEN)
sshd        802          root    4u  IPv6  16281      0t0      TCP *:ssh (LISTEN)
node_expo  1111 node_exporter    3u  IPv6  25814      0t0      TCP *:jetdirect (LISTEN)
node_expo  1111 node_exporter    7u  IPv6  26405      0t0      TCP aap24-control.aap-test.local:jetdirect->monitoring-node.aap-test.local:49902 (ESTABLISHED)
pulpcore-  1116          pulp    6u  IPv4  26509      0t0      TCP aap24-control.aap-test.local:60002->aap24-database.aap-test.local:postgres (ESTABLISHED)
pulpcore-  1118          pulp    6u  IPv4  25307      0t0      TCP aap24-control.aap-test.local:59996->aap24-database.aap-test.local:postgres (ESTABLISHED)
nginx      1176          root   12u  IPv4  24386      0t0      TCP *:https (LISTEN)
nginx      1176          root   13u  IPv4  24387      0t0      TCP *:http (LISTEN)
nginx      1176          root   14u  IPv6  24388      0t0      TCP *:https (LISTEN)
nginx      1176          root   15u  IPv6  24389      0t0      TCP *:http (LISTEN)
nginx      1178         nginx   12u  IPv4  24386      0t0      TCP *:https (LISTEN)
nginx      1178         nginx   13u  IPv4  24387      0t0      TCP *:http (LISTEN)
nginx      1178         nginx   14u  IPv6  24388      0t0      TCP *:https (LISTEN)
nginx      1178         nginx   15u  IPv6  24389      0t0      TCP *:http (LISTEN)
nginx      1179         nginx   12u  IPv4  24386      0t0      TCP *:https (LISTEN)
nginx      1179         nginx   13u  IPv4  24387      0t0      TCP *:http (LISTEN)
nginx      1179         nginx   14u  IPv6  24388      0t0      TCP *:https (LISTEN)
nginx      1179         nginx   15u  IPv6  24389      0t0      TCP *:http (LISTEN)
nginx      1180         nginx   12u  IPv4  24386      0t0      TCP *:https (LISTEN)
nginx      1180         nginx   13u  IPv4  24387      0t0      TCP *:http (LISTEN)
nginx      1180         nginx   14u  IPv6  24388      0t0      TCP *:https (LISTEN)
nginx      1180         nginx   15u  IPv6  24389      0t0      TCP *:http (LISTEN)
nginx      1181         nginx   12u  IPv4  24386      0t0      TCP *:https (LISTEN)
nginx      1181         nginx   13u  IPv4  24387      0t0      TCP *:http (LISTEN)
nginx      1181         nginx   14u  IPv6  24388      0t0      TCP *:https (LISTEN)
nginx      1181         nginx   15u  IPv6  24389      0t0      TCP *:http (LISTEN)
awx-manag  1186           awx   38u  IPv4  27121      0t0      TCP aap24-control.aap-test.local:60162->aap24-database.aap-test.local:postgres (ESTABLISHED)
awx-manag  1188           awx   29u  IPv4  38928      0t0      TCP aap24-control.aap-test.local:59734->aap24-database.aap-test.local:postgres (ESTABLISHED)
daphne     1201           awx   13u  IPv4  28879      0t0      TCP aap24-control.aap-test.local:60106->aap24-database.aap-test.local:postgres (ESTABLISHED)
awx-manag  1212           awx   17u  IPv4  28973      0t0      TCP aap24-control.aap-test.local:60182->aap24-database.aap-test.local:postgres (ESTABLISHED)
awx-manag  1225          root    8u  IPv4  28965      0t0      TCP aap24-control.aap-test.local:60152->aap24-database.aap-test.local:postgres (ESTABLISHED)
awx-manag  1225          root   14u  IPv4  27893      0t0      TCP aap24-control.aap-test.local:60158->aap24-database.aap-test.local:postgres (ESTABLISHED)
awx-manag  1227           awx    8u  IPv4  27064      0t0      TCP aap24-control.aap-test.local:60098->aap24-database.aap-test.local:postgres (ESTABLISHED)
awx-manag  1227           awx   14u  IPv4  27886      0t0      TCP aap24-control.aap-test.local:60146->aap24-database.aap-test.local:postgres (ESTABLISHED)
gunicorn   1341          pulp   12u  IPv4  28148      0t0      TCP aap24-control.aap-test.local:60230->aap24-database.aap-test.local:postgres (ESTABLISHED)
gunicorn   1372          pulp   12u  IPv4  27288      0t0      TCP aap24-control.aap-test.local:60206->aap24-database.aap-test.local:postgres (ESTABLISHED)
gunicorn   1373          pulp   12u  IPv4  27206      0t0      TCP aap24-control.aap-test.local:60198->aap24-database.aap-test.local:postgres (ESTABLISHED)
gunicorn   1374          pulp   12u  IPv4  29207      0t0      TCP aap24-control.aap-test.local:60214->aap24-database.aap-test.local:postgres (ESTABLISHED)
gunicorn   1392          pulp   12u  IPv4  29210      0t0      TCP aap24-control.aap-test.local:60220->aap24-database.aap-test.local:postgres (ESTABLISHED)
gunicorn   1397          pulp   12u  IPv4  29213      0t0      TCP aap24-control.aap-test.local:60236->aap24-database.aap-test.local:postgres (ESTABLISHED)
gunicorn   1418          pulp   11u  IPv4  29088      0t0      TCP aap24-control.aap-test.local:60184->aap24-database.aap-test.local:postgres (ESTABLISHED)
gunicorn   1430          pulp   11u  IPv4  28105      0t0      TCP aap24-control.aap-test.local:60222->aap24-database.aap-test.local:postgres (ESTABLISHED)
awx-manag  1720           awx   16u  IPv4  94507      0t0      TCP aap24-control.aap-test.local:37272->aap24-database.aap-test.local:postgres (ESTABLISHED)
sshd       8470          root    4u  IPv4  77224      0t0      TCP aap24-control.aap-test.local:ssh->192.168.1.49:35216 (ESTABLISHED)
sshd       8490          root    4u  IPv4  77224      0t0      TCP aap24-control.aap-test.local:ssh->192.168.1.49:35216 (ESTABLISHED)
bash       8628          root  cwd    DIR  253,0      164 33685638 /root
bash       8628          root  rtd    DIR  253,0      235      128 /
bash       8628          root  txt    REG  253,0  1389072 33846112 /usr/bin/bash
bash       8628          root  mem    REG  253,0  2586930 50586136 /usr/lib/locale/en_US.utf8/LC_COLLATE
bash       8628          root  mem    REG  253,0  2544344 50586163 /usr/lib64/libc.so.6
bash       8628          root  mem    REG  253,0   346132 33846229 /usr/lib/locale/C.utf8/LC_CTYPE
bash       8628          root  mem    REG  253,0       54 50586139 /usr/lib/locale/en_US.utf8/LC_NUMERIC
bash       8628          root  mem    REG  253,0     3284   223295 /usr/lib/locale/en_US.utf8/LC_TIME
bash       8628          root  mem    REG  253,0      286   223293 /usr/lib/locale/en_US.utf8/LC_MONETARY
bash       8628          root  mem    REG  253,0       57   223370 /usr/lib/locale/en_US.utf8/LC_MESSAGES/SYS_LC_MESSAGES
bash       8628          root  mem    REG  253,0    26988 17218970 /usr/lib64/gconv/gconv-modules.cache
bash       8628          root  mem    REG  253,0   195080 50585814 /usr/lib64/libtinfo.so.6.2
bash       8628          root  mem    REG  253,0       34 33846531 /usr/lib/locale/en_US.utf8/LC_PAPER
bash       8628          root  mem    REG  253,0       77 50586138 /usr/lib/locale/en_US.utf8/LC_NAME
bash       8628          root  mem    REG  253,0      167   223289 /usr/lib/locale/en_US.utf8/LC_ADDRESS
bash       8628          root  mem    REG  253,0       59   223294 /usr/lib/locale/en_US.utf8/LC_TELEPHONE
bash       8628          root  mem    REG  253,0       23   223292 /usr/lib/locale/en_US.utf8/LC_MEASUREMENT
bash       8628          root  mem    REG  253,0      369   223291 /usr/lib/locale/en_US.utf8/LC_IDENTIFICATION
bash       8628          root  mem    REG  253,0   897856 50586159 /usr/lib64/ld-linux-x86-64.so.2
bash       8628          root    0r   CHR    1,3      0t0        4 /dev/null
bash       8628          root    1w   REG  253,0        0 16785749 /tmp/memory_monitor.log
bash       8628          root    2w   REG  253,0        0 16785749 /tmp/memory_monitor.log
bash       8628          root    3r  FIFO   0,13      0t0    95381 pipe
awx-manag  9507           awx   38u  IPv4  27121      0t0      TCP aap24-control.aap-test.local:60162->aap24-database.aap-test.local:postgres (ESTABLISHED)
awx-manag  9507           awx   54u  IPv4  95240      0t0      TCP aap24-control.aap-test.local:52826->aap24-database.aap-test.local:postgres (ESTABLISHED)
awx-manag  9896           awx   38u  IPv4  27121      0t0      TCP aap24-control.aap-test.local:60162->aap24-database.aap-test.local:postgres (ESTABLISHED)
awx-manag  9896           awx   40u  IPv4  90836      0t0      TCP aap24-control.aap-test.local:52846->aap24-database.aap-test.local:postgres (ESTABLISHED)
awx-manag  9898           awx   38u  IPv4  27121      0t0      TCP aap24-control.aap-test.local:60162->aap24-database.aap-test.local:postgres (ESTABLISHED)
awx-manag  9898           awx   50u  IPv4  93129      0t0      TCP aap24-control.aap-test.local:37284->aap24-database.aap-test.local:postgres (ESTABLISHED)
awx-manag  9900           awx   38u  IPv4  27121      0t0      TCP aap24-control.aap-test.local:60162->aap24-database.aap-test.local:postgres (ESTABLISHED)
awx-manag  9900           awx   61u  IPv4  94470      0t0      TCP aap24-control.aap-test.local:52810->aap24-database.aap-test.local:postgres (ESTABLISHED)
awx-manag 10504           awx   34u  IPv4  90837      0t0      TCP aap24-control.aap-test.local:52848->aap24-database.aap-test.local:postgres (ESTABLISHED)
awx-manag 10504           awx   38u  IPv4  27121      0t0      TCP aap24-control.aap-test.local:60162->aap24-database.aap-test.local:postgres (ESTABLISHED)
awx-manag 10506           awx   38u  IPv4  27121      0t0      TCP aap24-control.aap-test.local:60162->aap24-database.aap-test.local:postgres (ESTABLISHED)
awx-manag 10506           awx   57u  IPv4  90838      0t0      TCP aap24-control.aap-test.local:52858->aap24-database.aap-test.local:postgres (ESTABLISHED)
awx-manag 10508           awx   38u  IPv4  27121      0t0      TCP aap24-control.aap-test.local:60162->aap24-database.aap-test.local:postgres (ESTABLISHED)

    PID    PPID CMD                           RSS    VSZ %CPU %MEM     ELAPSED
Receptor Child Processes for PID 10841:
  No child processes found
Receptor Threads for PID 10841:
    PID    SPID %CPU %MEM   RSS COMMAND
Receptor Network Connections for PID 10841:
COMMAND     PID          USER   FD   TYPE DEVICE SIZE/OFF NODE NAME
receptor    753           awx    8u  IPv4  26232      0t0  TCP aap24-control.aap-test.local:51094->aap24-execution.aap-test.local:27199 (ESTABLISHED)
chronyd     763        chrony    5u  IPv4  16184      0t0  UDP localhost:323 
chronyd     763        chrony    6u  IPv6  16185      0t0  UDP localhost:323 
NetworkMa   769          root   26u  IPv4  23280      0t0  UDP aap24-control.aap-test.local:bootpc->pi.hole:bootps 
sshd        802          root    3u  IPv4  16279      0t0  TCP *:ssh (LISTEN)
sshd        802          root    4u  IPv6  16281      0t0  TCP *:ssh (LISTEN)
node_expo  1111 node_exporter    3u  IPv6  25814      0t0  TCP *:jetdirect (LISTEN)
node_expo  1111 node_exporter    7u  IPv6  26405      0t0  TCP aap24-control.aap-test.local:jetdirect->monitoring-node.aap-test.local:49902 (ESTABLISHED)
pulpcore-  1116          pulp    6u  IPv4  26509      0t0  TCP aap24-control.aap-test.local:60002->aap24-database.aap-test.local:postgres (ESTABLISHED)
pulpcore-  1118          pulp    6u  IPv4  25307      0t0  TCP aap24-control.aap-test.local:59996->aap24-database.aap-test.local:postgres (ESTABLISHED)
nginx      1176          root   12u  IPv4  24386      0t0  TCP *:https (LISTEN)
nginx      1176          root   13u  IPv4  24387      0t0  TCP *:http (LISTEN)
nginx      1176          root   14u  IPv6  24388      0t0  TCP *:https (LISTEN)
nginx      1176          root   15u  IPv6  24389      0t0  TCP *:http (LISTEN)
nginx      1178         nginx   12u  IPv4  24386      0t0  TCP *:https (LISTEN)
nginx      1178         nginx   13u  IPv4  24387      0t0  TCP *:http (LISTEN)
nginx      1178         nginx   14u  IPv6  24388      0t0  TCP *:https (LISTEN)
nginx      1178         nginx   15u  IPv6  24389      0t0  TCP *:http (LISTEN)
nginx      1179         nginx   12u  IPv4  24386      0t0  TCP *:https (LISTEN)
nginx      1179         nginx   13u  IPv4  24387      0t0  TCP *:http (LISTEN)
nginx      1179         nginx   14u  IPv6  24388      0t0  TCP *:https (LISTEN)
nginx      1179         nginx   15u  IPv6  24389      0t0  TCP *:http (LISTEN)
nginx      1180         nginx   12u  IPv4  24386      0t0  TCP *:https (LISTEN)
nginx      1180         nginx   13u  IPv4  24387      0t0  TCP *:http (LISTEN)
nginx      1180         nginx   14u  IPv6  24388      0t0  TCP *:https (LISTEN)
nginx      1180         nginx   15u  IPv6  24389      0t0  TCP *:http (LISTEN)
nginx      1181         nginx   12u  IPv4  24386      0t0  TCP *:https (LISTEN)
nginx      1181         nginx   13u  IPv4  24387      0t0  TCP *:http (LISTEN)
nginx      1181         nginx   14u  IPv6  24388      0t0  TCP *:https (LISTEN)
nginx      1181         nginx   15u  IPv6  24389      0t0  TCP *:http (LISTEN)
awx-manag  1186           awx   38u  IPv4  27121      0t0  TCP aap24-control.aap-test.local:60162->aap24-database.aap-test.local:postgres (ESTABLISHED)
awx-manag  1188           awx   29u  IPv4  38928      0t0  TCP aap24-control.aap-test.local:59734->aap24-database.aap-test.local:postgres (ESTABLISHED)
daphne     1201           awx   13u  IPv4  28879      0t0  TCP aap24-control.aap-test.local:60106->aap24-database.aap-test.local:postgres (ESTABLISHED)
awx-manag  1212           awx   17u  IPv4  28973      0t0  TCP aap24-control.aap-test.local:60182->aap24-database.aap-test.local:postgres (ESTABLISHED)
awx-manag  1225          root    8u  IPv4  28965      0t0  TCP aap24-control.aap-test.local:60152->aap24-database.aap-test.local:postgres (ESTABLISHED)
awx-manag  1225          root   14u  IPv4  27893      0t0  TCP aap24-control.aap-test.local:60158->aap24-database.aap-test.local:postgres (ESTABLISHED)
awx-manag  1227           awx    8u  IPv4  27064      0t0  TCP aap24-control.aap-test.local:60098->aap24-database.aap-test.local:postgres (ESTABLISHED)
awx-manag  1227           awx   14u  IPv4  27886      0t0  TCP aap24-control.aap-test.local:60146->aap24-database.aap-test.local:postgres (ESTABLISHED)
gunicorn   1341          pulp   12u  IPv4  28148      0t0  TCP aap24-control.aap-test.local:60230->aap24-database.aap-test.local:postgres (ESTABLISHED)
gunicorn   1372          pulp   12u  IPv4  27288      0t0  TCP aap24-control.aap-test.local:60206->aap24-database.aap-test.local:postgres (ESTABLISHED)
gunicorn   1373          pulp   12u  IPv4  27206      0t0  TCP aap24-control.aap-test.local:60198->aap24-database.aap-test.local:postgres (ESTABLISHED)
gunicorn   1374          pulp   12u  IPv4  29207      0t0  TCP aap24-control.aap-test.local:60214->aap24-database.aap-test.local:postgres (ESTABLISHED)
gunicorn   1392          pulp   12u  IPv4  29210      0t0  TCP aap24-control.aap-test.local:60220->aap24-database.aap-test.local:postgres (ESTABLISHED)
gunicorn   1397          pulp   12u  IPv4  29213      0t0  TCP aap24-control.aap-test.local:60236->aap24-database.aap-test.local:postgres (ESTABLISHED)
gunicorn   1418          pulp   11u  IPv4  29088      0t0  TCP aap24-control.aap-test.local:60184->aap24-database.aap-test.local:postgres (ESTABLISHED)
gunicorn   1430          pulp   11u  IPv4  28105      0t0  TCP aap24-control.aap-test.local:60222->aap24-database.aap-test.local:postgres (ESTABLISHED)
awx-manag  1720           awx   16u  IPv4  94507      0t0  TCP aap24-control.aap-test.local:37272->aap24-database.aap-test.local:postgres (ESTABLISHED)
sshd       8470          root    4u  IPv4  77224      0t0  TCP aap24-control.aap-test.local:ssh->192.168.1.49:35216 (ESTABLISHED)
sshd       8490          root    4u  IPv4  77224      0t0  TCP aap24-control.aap-test.local:ssh->192.168.1.49:35216 (ESTABLISHED)
awx-manag  9507           awx   38u  IPv4  27121      0t0  TCP aap24-control.aap-test.local:60162->aap24-database.aap-test.local:postgres (ESTABLISHED)
awx-manag  9507           awx   54u  IPv4  95240      0t0  TCP aap24-control.aap-test.local:52826->aap24-database.aap-test.local:postgres (ESTABLISHED)
awx-manag  9896           awx   38u  IPv4  27121      0t0  TCP aap24-control.aap-test.local:60162->aap24-database.aap-test.local:postgres (ESTABLISHED)
awx-manag  9896           awx   40u  IPv4  90836      0t0  TCP aap24-control.aap-test.local:52846->aap24-database.aap-test.local:postgres (ESTABLISHED)
awx-manag  9898           awx   38u  IPv4  27121      0t0  TCP aap24-control.aap-test.local:60162->aap24-database.aap-test.local:postgres (ESTABLISHED)
awx-manag  9898           awx   50u  IPv4  93129      0t0  TCP aap24-control.aap-test.local:37284->aap24-database.aap-test.local:postgres (ESTABLISHED)
awx-manag  9900           awx   38u  IPv4  27121      0t0  TCP aap24-control.aap-test.local:60162->aap24-database.aap-test.local:postgres (ESTABLISHED)
awx-manag  9900           awx   61u  IPv4  94470      0t0  TCP aap24-control.aap-test.local:52810->aap24-database.aap-test.local:postgres (ESTABLISHED)
awx-manag 10504           awx   34u  IPv4  90837      0t0  TCP aap24-control.aap-test.local:52848->aap24-database.aap-test.local:postgres (ESTABLISHED)
awx-manag 10504           awx   38u  IPv4  27121      0t0  TCP aap24-control.aap-test.local:60162->aap24-database.aap-test.local:postgres (ESTABLISHED)
awx-manag 10506           awx   38u  IPv4  27121      0t0  TCP aap24-control.aap-test.local:60162->aap24-database.aap-test.local:postgres (ESTABLISHED)
awx-manag 10506           awx   57u  IPv4  90838      0t0  TCP aap24-control.aap-test.local:52858->aap24-database.aap-test.local:postgres (ESTABLISHED)
awx-manag 10508           awx   38u  IPv4  27121      0t0  TCP aap24-control.aap-test.local:60162->aap24-database.aap-test.local:postgres (ESTABLISHED)
  No network connections found

=== RECEPTOR MEMORY SUMMARY ===
Total Receptor RSS Memory: 50256 KB (49 MB)
Total Receptor VSZ Memory: 1207444 KB (1179 MB)
Number of Receptor Processes: 3

AAP-related Processes and Children:
=== AAP Service Processes ===
Process: gunicorn (PID: 744)
    PID    PPID CMD                           RSS
    744       1 /usr/bin/python3 /bin/gunic 25740
  Children of PID 744:
    PID    PPID CMD                           RSS
    827     744 /usr/bin/python3 /bin/gunic 69436
    PID    PPID CMD                           RSS
    853     744 /usr/bin/python3 /bin/gunic 69060
    PID    PPID CMD                           RSS
    858     744 /usr/bin/python3 /bin/gunic 69536
    PID    PPID CMD                           RSS
    862     744 /usr/bin/python3 /bin/gunic 69224
    PID    PPID CMD                           RSS
    867     744 /usr/bin/python3 /bin/gunic 69368
    PID    PPID CMD                           RSS
    892     744 /usr/bin/python3 /bin/gunic 69324
    PID    PPID CMD                           RSS
    903     744 /usr/bin/python3 /bin/gunic 69388
    PID    PPID CMD                           RSS
    929     744 /usr/bin/python3 /bin/gunic 69296
    PID    PPID CMD                           RSS
    984     744 /usr/bin/python3 /bin/gunic 69340

Process: receptor (PID: 753)
    PID    PPID CMD                           RSS
    753       1 /usr/bin/receptor -c /etc/r 46800

Process: gunicorn (PID: 827)
    PID    PPID CMD                           RSS
    827     744 /usr/bin/python3 /bin/gunic 69436

Process: gunicorn (PID: 853)
    PID    PPID CMD                           RSS
    853     744 /usr/bin/python3 /bin/gunic 69060

Process: gunicorn (PID: 858)
    PID    PPID CMD                           RSS
    858     744 /usr/bin/python3 /bin/gunic 69536

Process: gunicorn (PID: 862)
    PID    PPID CMD                           RSS
    862     744 /usr/bin/python3 /bin/gunic 69224

Process: gunicorn (PID: 867)
    PID    PPID CMD                           RSS
    867     744 /usr/bin/python3 /bin/gunic 69368

Process: gunicorn (PID: 892)
    PID    PPID CMD                           RSS
    892     744 /usr/bin/python3 /bin/gunic 69324

Process: gunicorn (PID: 903)
    PID    PPID CMD                           RSS
    903     744 /usr/bin/python3 /bin/gunic 69388

Process: gunicorn (PID: 929)
    PID    PPID CMD                           RSS
    929     744 /usr/bin/python3 /bin/gunic 69296

Process: gunicorn (PID: 984)
    PID    PPID CMD                           RSS
    984     744 /usr/bin/python3 /bin/gunic 69340

Process: redis-server (PID: 1121)
    PID    PPID CMD                           RSS
   1121       1 /usr/bin/redis-server unixs 13436

Process: nginx (PID: 1176)
    PID    PPID CMD                           RSS
   1176       1 nginx: master process /usr/  2576
  Children of PID 1176:
    PID    PPID CMD                           RSS
   1178    1176 nginx: worker process        4112
    PID    PPID CMD                           RSS
   1179    1176 nginx: worker process        4112
    PID    PPID CMD                           RSS
   1180    1176 nginx: worker process        4112
    PID    PPID CMD                           RSS
   1181    1176 nginx: worker process        8336

Process: nginx (PID: 1178)
    PID    PPID CMD                           RSS
   1178    1176 nginx: worker process        4112

Process: nginx (PID: 1179)
    PID    PPID CMD                           RSS
   1179    1176 nginx: worker process        4112

Process: nginx (PID: 1180)
    PID    PPID CMD                           RSS
   1180    1176 nginx: worker process        4112

Process: nginx (PID: 1181)
    PID    PPID CMD                           RSS
   1181    1176 nginx: worker process        8336

Process: uwsgi (PID: 1191)
    PID    PPID CMD                           RSS
   1191     835 /var/lib/awx/venv/awx/bin/u 103248
  Children of PID 1191:
    PID    PPID CMD                           RSS
   1686    1191 /var/lib/awx/venv/awx/bin/u 87792
    PID    PPID CMD                           RSS
   1687    1191 /var/lib/awx/venv/awx/bin/u 108656
    PID    PPID CMD                           RSS
   1688    1191 /var/lib/awx/venv/awx/bin/u 87792
    PID    PPID CMD                           RSS
   1689    1191 /var/lib/awx/venv/awx/bin/u 87792

Process: uwsgi (PID: 1686)
    PID    PPID CMD                           RSS
   1686    1191 /var/lib/awx/venv/awx/bin/u 87792

Process: uwsgi (PID: 1687)
    PID    PPID CMD                           RSS
   1687    1191 /var/lib/awx/venv/awx/bin/u 108656

Process: uwsgi (PID: 1688)
    PID    PPID CMD                           RSS
   1688    1191 /var/lib/awx/venv/awx/bin/u 87792

Process: uwsgi (PID: 1689)
    PID    PPID CMD                           RSS
   1689    1191 /var/lib/awx/venv/awx/bin/u 87792

Process: bash (PID: 8628)
    PID    PPID CMD                           RSS
   8628       1 bash -c  log_file="/tmp/mem  3456
  Children of PID 8628:
    PID    PPID CMD                           RSS
  10921    8628 bash -c  log_file="/tmp/mem  2116

Process: bash (PID: 10921)
    PID    PPID CMD                           RSS
  10921    8628 bash -c  log_file="/tmp/mem  2116
  Children of PID 10921:
    PID    PPID CMD                           RSS


Process Tree for AAP Services:
=== automation-controller Process Tree ===
bash(8628)---pstree(11015)
=== receptor Process Tree ===
receptor(753)-+-{receptor}(758)
              |-{receptor}(759)
              |-{receptor}(760)
              |-{receptor}(761)
              |-{receptor}(766)
              `-{receptor}(767)
bash(8628)---pstree(11020)
=== nginx Process Tree ===
nginx(1176)-+-nginx(1178)
            |-nginx(1179)
            |-nginx(1180)
            `-nginx(1181)
nginx(1178)
nginx(1179)
nginx(1180)
nginx(1181)
bash(8628)---pstree(11029)
=== postgresql Process Tree ===
bash(8628)---pstree(11033)
=== redis Process Tree ===
redis-server(1121)-+-{redis-server}(1140)
                   |-{redis-server}(1141)
                   |-{redis-server}(1142)
                   `-{redis-server}(1143)
bash(8628)---pstree(11038)
=== uwsgi Process Tree ===
uwsgi(1191)-+-uwsgi(1686)
            |-uwsgi(1687)
            |-uwsgi(1688)
            `-uwsgi(1689)
uwsgi(1686)
uwsgi(1687)
uwsgi(1688)
uwsgi(1689)
bash(8628)---pstree(11047)
=== automation-hub Process Tree ===
bash(8628)---pstree(11051)
=== automation-eda Process Tree ===
gunicorn(744)-+-gunicorn(827)
              |-gunicorn(853)
              |-gunicorn(858)
              |-gunicorn(862)
              |-gunicorn(867)
              |-gunicorn(892)
              |-gunicorn(903)
              |-gunicorn(929)
              `-gunicorn(984)
gunicorn(827)
gunicorn(853)
gunicorn(858)
gunicorn(862)
gunicorn(867)
gunicorn(892)
gunicorn(903)
gunicorn(929)
gunicorn(984)
bash(8628)---pstree(11065)

=================================================================================
2025-06-27 14:25:42
Memory Usage Report:
               total        used        free      shared  buff/cache   available
Mem:            7681        4259        3262          11         424        3421
Swap:           3071           0        3071

Top 10 Processes by RSS Memory:
    PID    PPID CMD                           RSS
   1186     835 /var/lib/awx/venv/awx/bin/p 133520
   1188     835 /var/lib/awx/venv/awx/bin/p 131300
   1225     835 /var/lib/awx/venv/awx/bin/p 130880
  10508    1186 /var/lib/awx/venv/awx/bin/p 127516
   1212     835 /var/lib/awx/venv/awx/bin/p 127016
   9507    1186 /var/lib/awx/venv/awx/bin/p 125024
  10504    1186 /var/lib/awx/venv/awx/bin/p 124828
  11112    1186 /var/lib/awx/venv/awx/bin/p 124716
  10506    1186 /var/lib/awx/venv/awx/bin/p 124700
  11114    1186 /var/lib/awx/venv/awx/bin/p 124588

=== RECEPTOR PROCESS ANALYSIS ===
Receptor Main Processes:
    PID    PPID CMD                           RSS    VSZ %CPU %MEM     ELAPSED
    753       1 /usr/bin/receptor -c /etc/r 46800 1200184 0.0  0.5       22:27
Receptor Child Processes for PID 753:
  No child processes found
Receptor Threads for PID 753:
    PID    SPID %CPU %MEM   RSS COMMAND
    753     753  0.0  0.5 46800 receptor
    753     758  0.0  0.5 46800 receptor
    753     759  0.0  0.5 46800 receptor
    753     760  0.0  0.5 46800 receptor
    753     761  0.0  0.5 46800 receptor
    753     766  0.0  0.5 46800 receptor
    753     767  0.0  0.5 46800 receptor
Receptor Network Connections for PID 753:
COMMAND     PID          USER   FD      TYPE             DEVICE SIZE/OFF     NODE NAME
receptor    753           awx  cwd       DIR              253,0      235      128 /
receptor    753           awx  rtd       DIR              253,0      235      128 /
receptor    753           awx  txt       REG              253,0 54652712 33925292 /usr/bin/receptor
receptor    753           awx  mem       REG              253,0  5436640 50586900 /usr/lib64/libcrypto.so.3.2.2
receptor    753           awx  mem       REG              253,0  2544344 50586163 /usr/lib64/libc.so.6
receptor    753           awx  mem       REG              253,0   102552 50586185 /usr/lib64/libz.so.1.2.11
receptor    753           awx  mem       REG              253,0   897856 50586159 /usr/lib64/ld-linux-x86-64.so.2
receptor    753           awx    0r      CHR                1,3      0t0        4 /dev/null
receptor    753           awx    1w      REG              253,0     2565 33993089 /var/log/receptor/receptor.log
receptor    753           awx    2w      REG              253,0     2565 33993089 /var/log/receptor/receptor.log
receptor    753           awx    3rW     REG               0,24        0      969 /run/awx-receptor/receptor.sock.lock
receptor    753           awx    4u  a_inode               0,14        0       62 [eventpoll:5,7,8]
receptor    753           awx    5r     FIFO               0,13      0t0    21430 pipe
receptor    753           awx    6w     FIFO               0,13      0t0    21430 pipe
receptor    753           awx    7u     unix 0xffff8afa07ec8a00      0t0    16215 /var/run/awx-receptor/receptor.sock type=STREAM (LISTEN)
receptor    753           awx    8u     IPv4              26232      0t0      TCP aap24-control.aap-test.local:51094->aap24-execution.aap-test.local:27199 (ESTABLISHED)
chronyd     763        chrony    5u     IPv4              16184      0t0      UDP localhost:323 
chronyd     763        chrony    6u     IPv6              16185      0t0      UDP localhost:323 
NetworkMa   769          root   26u     IPv4              23280      0t0      UDP aap24-control.aap-test.local:bootpc->pi.hole:bootps 
sshd        802          root    3u     IPv4              16279      0t0      TCP *:ssh (LISTEN)
sshd        802          root    4u     IPv6              16281      0t0      TCP *:ssh (LISTEN)
node_expo  1111 node_exporter    3u     IPv6              25814      0t0      TCP *:jetdirect (LISTEN)
node_expo  1111 node_exporter    7u     IPv6              26405      0t0      TCP aap24-control.aap-test.local:jetdirect->monitoring-node.aap-test.local:49902 (ESTABLISHED)
pulpcore-  1116          pulp    6u     IPv4              26509      0t0      TCP aap24-control.aap-test.local:60002->aap24-database.aap-test.local:postgres (ESTABLISHED)
pulpcore-  1118          pulp    6u     IPv4              25307      0t0      TCP aap24-control.aap-test.local:59996->aap24-database.aap-test.local:postgres (ESTABLISHED)
nginx      1176          root   12u     IPv4              24386      0t0      TCP *:https (LISTEN)
nginx      1176          root   13u     IPv4              24387      0t0      TCP *:http (LISTEN)
nginx      1176          root   14u     IPv6              24388      0t0      TCP *:https (LISTEN)
nginx      1176          root   15u     IPv6              24389      0t0      TCP *:http (LISTEN)
nginx      1178         nginx   12u     IPv4              24386      0t0      TCP *:https (LISTEN)
nginx      1178         nginx   13u     IPv4              24387      0t0      TCP *:http (LISTEN)
nginx      1178         nginx   14u     IPv6              24388      0t0      TCP *:https (LISTEN)
nginx      1178         nginx   15u     IPv6              24389      0t0      TCP *:http (LISTEN)
nginx      1179         nginx   12u     IPv4              24386      0t0      TCP *:https (LISTEN)
nginx      1179         nginx   13u     IPv4              24387      0t0      TCP *:http (LISTEN)
nginx      1179         nginx   14u     IPv6              24388      0t0      TCP *:https (LISTEN)
nginx      1179         nginx   15u     IPv6              24389      0t0      TCP *:http (LISTEN)
nginx      1180         nginx   12u     IPv4              24386      0t0      TCP *:https (LISTEN)
nginx      1180         nginx   13u     IPv4              24387      0t0      TCP *:http (LISTEN)
nginx      1180         nginx   14u     IPv6              24388      0t0      TCP *:https (LISTEN)
nginx      1180         nginx   15u     IPv6              24389      0t0      TCP *:http (LISTEN)
nginx      1181         nginx   12u     IPv4              24386      0t0      TCP *:https (LISTEN)
nginx      1181         nginx   13u     IPv4              24387      0t0      TCP *:http (LISTEN)
nginx      1181         nginx   14u     IPv6              24388      0t0      TCP *:https (LISTEN)
nginx      1181         nginx   15u     IPv6              24389      0t0      TCP *:http (LISTEN)
awx-manag  1186           awx   38u     IPv4              27121      0t0      TCP aap24-control.aap-test.local:60162->aap24-database.aap-test.local:postgres (ESTABLISHED)
awx-manag  1188           awx   29u     IPv4              38928      0t0      TCP aap24-control.aap-test.local:59734->aap24-database.aap-test.local:postgres (ESTABLISHED)
daphne     1201           awx   13u     IPv4              28879      0t0      TCP aap24-control.aap-test.local:60106->aap24-database.aap-test.local:postgres (ESTABLISHED)
awx-manag  1212           awx   17u     IPv4              28973      0t0      TCP aap24-control.aap-test.local:60182->aap24-database.aap-test.local:postgres (ESTABLISHED)
awx-manag  1225          root    8u     IPv4              28965      0t0      TCP aap24-control.aap-test.local:60152->aap24-database.aap-test.local:postgres (ESTABLISHED)
awx-manag  1225          root   14u     IPv4              27893      0t0      TCP aap24-control.aap-test.local:60158->aap24-database.aap-test.local:postgres (ESTABLISHED)
awx-manag  1227           awx    8u     IPv4              27064      0t0      TCP aap24-control.aap-test.local:60098->aap24-database.aap-test.local:postgres (ESTABLISHED)
awx-manag  1227           awx   14u     IPv4              27886      0t0      TCP aap24-control.aap-test.local:60146->aap24-database.aap-test.local:postgres (ESTABLISHED)
gunicorn   1341          pulp   12u     IPv4              28148      0t0      TCP aap24-control.aap-test.local:60230->aap24-database.aap-test.local:postgres (ESTABLISHED)
gunicorn   1372          pulp   12u     IPv4              27288      0t0      TCP aap24-control.aap-test.local:60206->aap24-database.aap-test.local:postgres (ESTABLISHED)
gunicorn   1373          pulp   12u     IPv4              27206      0t0      TCP aap24-control.aap-test.local:60198->aap24-database.aap-test.local:postgres (ESTABLISHED)
gunicorn   1374          pulp   12u     IPv4              29207      0t0      TCP aap24-control.aap-test.local:60214->aap24-database.aap-test.local:postgres (ESTABLISHED)
gunicorn   1392          pulp   12u     IPv4              29210      0t0      TCP aap24-control.aap-test.local:60220->aap24-database.aap-test.local:postgres (ESTABLISHED)
gunicorn   1397          pulp   12u     IPv4              29213      0t0      TCP aap24-control.aap-test.local:60236->aap24-database.aap-test.local:postgres (ESTABLISHED)
gunicorn   1418          pulp   11u     IPv4              29088      0t0      TCP aap24-control.aap-test.local:60184->aap24-database.aap-test.local:postgres (ESTABLISHED)
gunicorn   1430          pulp   11u     IPv4              28105      0t0      TCP aap24-control.aap-test.local:60222->aap24-database.aap-test.local:postgres (ESTABLISHED)
awx-manag  1720           awx   16u     IPv4              95008      0t0      TCP aap24-control.aap-test.local:59868->aap24-database.aap-test.local:postgres (ESTABLISHED)
sshd       8470          root    4u     IPv4              77224      0t0      TCP aap24-control.aap-test.local:ssh->192.168.1.49:35216 (ESTABLISHED)
sshd       8490          root    4u     IPv4              77224      0t0      TCP aap24-control.aap-test.local:ssh->192.168.1.49:35216 (ESTABLISHED)
awx-manag  9507           awx   38u     IPv4              27121      0t0      TCP aap24-control.aap-test.local:60162->aap24-database.aap-test.local:postgres (ESTABLISHED)
awx-manag  9507           awx   54u     IPv4              95011      0t0      TCP aap24-control.aap-test.local:59870->aap24-database.aap-test.local:postgres (ESTABLISHED)
awx-manag 10504           awx   38u     IPv4              27121      0t0      TCP aap24-control.aap-test.local:60162->aap24-database.aap-test.local:postgres (ESTABLISHED)
awx-manag 10506           awx   38u     IPv4              27121      0t0      TCP aap24-control.aap-test.local:60162->aap24-database.aap-test.local:postgres (ESTABLISHED)
awx-manag 10506           awx   57u     IPv4              96776      0t0      TCP aap24-control.aap-test.local:59872->aap24-database.aap-test.local:postgres (ESTABLISHED)
awx-manag 10508           awx   38u     IPv4              27121      0t0      TCP aap24-control.aap-test.local:60162->aap24-database.aap-test.local:postgres (ESTABLISHED)
awx-manag 10508           awx   61u     IPv4              97674      0t0      TCP aap24-control.aap-test.local:59876->aap24-database.aap-test.local:postgres (ESTABLISHED)
awx-manag 11112           awx   37u     IPv4              96781      0t0      TCP aap24-control.aap-test.local:59882->aap24-database.aap-test.local:postgres (ESTABLISHED)
awx-manag 11112           awx   38u     IPv4              27121      0t0      TCP aap24-control.aap-test.local:60162->aap24-database.aap-test.local:postgres (ESTABLISHED)
awx-manag 11114           awx   38u     IPv4              27121      0t0      TCP aap24-control.aap-test.local:60162->aap24-database.aap-test.local:postgres (ESTABLISHED)
awx-manag 11114           awx   40u     IPv4              97691      0t0      TCP aap24-control.aap-test.local:59898->aap24-database.aap-test.local:postgres (ESTABLISHED)
awx-manag 11116           awx   38u     IPv4              27121      0t0      TCP aap24-control.aap-test.local:60162->aap24-database.aap-test.local:postgres (ESTABLISHED)

    PID    PPID CMD                           RSS    VSZ %CPU %MEM     ELAPSED
   8628       1 bash -c  log_file="/tmp/mem  3456   7260  0.0  0.0       04:12
Receptor Child Processes for PID 8628:
      PID    PPID CMD                           RSS    VSZ %CPU %MEM     ELAPSED
Receptor Threads for PID 8628:
    PID    SPID %CPU %MEM   RSS COMMAND
   8628    8628  0.0  0.0  3456 bash
Receptor Network Connections for PID 8628:
COMMAND     PID          USER   FD   TYPE DEVICE SIZE/OFF     NODE NAME
receptor    753           awx    8u  IPv4  26232      0t0      TCP aap24-control.aap-test.local:51094->aap24-execution.aap-test.local:27199 (ESTABLISHED)
chronyd     763        chrony    5u  IPv4  16184      0t0      UDP localhost:323 
chronyd     763        chrony    6u  IPv6  16185      0t0      UDP localhost:323 
NetworkMa   769          root   26u  IPv4  23280      0t0      UDP aap24-control.aap-test.local:bootpc->pi.hole:bootps 
sshd        802          root    3u  IPv4  16279      0t0      TCP *:ssh (LISTEN)
sshd        802          root    4u  IPv6  16281      0t0      TCP *:ssh (LISTEN)
node_expo  1111 node_exporter    3u  IPv6  25814      0t0      TCP *:jetdirect (LISTEN)
node_expo  1111 node_exporter    7u  IPv6  26405      0t0      TCP aap24-control.aap-test.local:jetdirect->monitoring-node.aap-test.local:49902 (ESTABLISHED)
pulpcore-  1116          pulp    6u  IPv4  26509      0t0      TCP aap24-control.aap-test.local:60002->aap24-database.aap-test.local:postgres (ESTABLISHED)
pulpcore-  1118          pulp    6u  IPv4  25307      0t0      TCP aap24-control.aap-test.local:59996->aap24-database.aap-test.local:postgres (ESTABLISHED)
nginx      1176          root   12u  IPv4  24386      0t0      TCP *:https (LISTEN)
nginx      1176          root   13u  IPv4  24387      0t0      TCP *:http (LISTEN)
nginx      1176          root   14u  IPv6  24388      0t0      TCP *:https (LISTEN)
nginx      1176          root   15u  IPv6  24389      0t0      TCP *:http (LISTEN)
nginx      1178         nginx   12u  IPv4  24386      0t0      TCP *:https (LISTEN)
nginx      1178         nginx   13u  IPv4  24387      0t0      TCP *:http (LISTEN)
nginx      1178         nginx   14u  IPv6  24388      0t0      TCP *:https (LISTEN)
nginx      1178         nginx   15u  IPv6  24389      0t0      TCP *:http (LISTEN)
nginx      1179         nginx   12u  IPv4  24386      0t0      TCP *:https (LISTEN)
nginx      1179         nginx   13u  IPv4  24387      0t0      TCP *:http (LISTEN)
nginx      1179         nginx   14u  IPv6  24388      0t0      TCP *:https (LISTEN)
nginx      1179         nginx   15u  IPv6  24389      0t0      TCP *:http (LISTEN)
nginx      1180         nginx   12u  IPv4  24386      0t0      TCP *:https (LISTEN)
nginx      1180         nginx   13u  IPv4  24387      0t0      TCP *:http (LISTEN)
nginx      1180         nginx   14u  IPv6  24388      0t0      TCP *:https (LISTEN)
nginx      1180         nginx   15u  IPv6  24389      0t0      TCP *:http (LISTEN)
nginx      1181         nginx   12u  IPv4  24386      0t0      TCP *:https (LISTEN)
nginx      1181         nginx   13u  IPv4  24387      0t0      TCP *:http (LISTEN)
nginx      1181         nginx   14u  IPv6  24388      0t0      TCP *:https (LISTEN)
nginx      1181         nginx   15u  IPv6  24389      0t0      TCP *:http (LISTEN)
awx-manag  1186           awx   38u  IPv4  27121      0t0      TCP aap24-control.aap-test.local:60162->aap24-database.aap-test.local:postgres (ESTABLISHED)
awx-manag  1188           awx   29u  IPv4  38928      0t0      TCP aap24-control.aap-test.local:59734->aap24-database.aap-test.local:postgres (ESTABLISHED)
daphne     1201           awx   13u  IPv4  28879      0t0      TCP aap24-control.aap-test.local:60106->aap24-database.aap-test.local:postgres (ESTABLISHED)
awx-manag  1212           awx   17u  IPv4  28973      0t0      TCP aap24-control.aap-test.local:60182->aap24-database.aap-test.local:postgres (ESTABLISHED)
awx-manag  1225          root    8u  IPv4  28965      0t0      TCP aap24-control.aap-test.local:60152->aap24-database.aap-test.local:postgres (ESTABLISHED)
awx-manag  1225          root   14u  IPv4  27893      0t0      TCP aap24-control.aap-test.local:60158->aap24-database.aap-test.local:postgres (ESTABLISHED)
awx-manag  1227           awx    8u  IPv4  27064      0t0      TCP aap24-control.aap-test.local:60098->aap24-database.aap-test.local:postgres (ESTABLISHED)
awx-manag  1227           awx   14u  IPv4  27886      0t0      TCP aap24-control.aap-test.local:60146->aap24-database.aap-test.local:postgres (ESTABLISHED)
gunicorn   1341          pulp   12u  IPv4  28148      0t0      TCP aap24-control.aap-test.local:60230->aap24-database.aap-test.local:postgres (ESTABLISHED)
gunicorn   1372          pulp   12u  IPv4  27288      0t0      TCP aap24-control.aap-test.local:60206->aap24-database.aap-test.local:postgres (ESTABLISHED)
gunicorn   1373          pulp   12u  IPv4  27206      0t0      TCP aap24-control.aap-test.local:60198->aap24-database.aap-test.local:postgres (ESTABLISHED)
gunicorn   1374          pulp   12u  IPv4  29207      0t0      TCP aap24-control.aap-test.local:60214->aap24-database.aap-test.local:postgres (ESTABLISHED)
gunicorn   1392          pulp   12u  IPv4  29210      0t0      TCP aap24-control.aap-test.local:60220->aap24-database.aap-test.local:postgres (ESTABLISHED)
gunicorn   1397          pulp   12u  IPv4  29213      0t0      TCP aap24-control.aap-test.local:60236->aap24-database.aap-test.local:postgres (ESTABLISHED)
gunicorn   1418          pulp   11u  IPv4  29088      0t0      TCP aap24-control.aap-test.local:60184->aap24-database.aap-test.local:postgres (ESTABLISHED)
gunicorn   1430          pulp   11u  IPv4  28105      0t0      TCP aap24-control.aap-test.local:60222->aap24-database.aap-test.local:postgres (ESTABLISHED)
awx-manag  1720           awx   16u  IPv4  95008      0t0      TCP aap24-control.aap-test.local:59868->aap24-database.aap-test.local:postgres (ESTABLISHED)
sshd       8470          root    4u  IPv4  77224      0t0      TCP aap24-control.aap-test.local:ssh->192.168.1.49:35216 (ESTABLISHED)
sshd       8490          root    4u  IPv4  77224      0t0      TCP aap24-control.aap-test.local:ssh->192.168.1.49:35216 (ESTABLISHED)
bash       8628          root  cwd    DIR  253,0      164 33685638 /root
bash       8628          root  rtd    DIR  253,0      235      128 /
bash       8628          root  txt    REG  253,0  1389072 33846112 /usr/bin/bash
bash       8628          root  mem    REG  253,0  2586930 50586136 /usr/lib/locale/en_US.utf8/LC_COLLATE
bash       8628          root  mem    REG  253,0  2544344 50586163 /usr/lib64/libc.so.6
bash       8628          root  mem    REG  253,0   346132 33846229 /usr/lib/locale/C.utf8/LC_CTYPE
bash       8628          root  mem    REG  253,0       54 50586139 /usr/lib/locale/en_US.utf8/LC_NUMERIC
bash       8628          root  mem    REG  253,0     3284   223295 /usr/lib/locale/en_US.utf8/LC_TIME
bash       8628          root  mem    REG  253,0      286   223293 /usr/lib/locale/en_US.utf8/LC_MONETARY
bash       8628          root  mem    REG  253,0       57   223370 /usr/lib/locale/en_US.utf8/LC_MESSAGES/SYS_LC_MESSAGES
bash       8628          root  mem    REG  253,0    26988 17218970 /usr/lib64/gconv/gconv-modules.cache
bash       8628          root  mem    REG  253,0   195080 50585814 /usr/lib64/libtinfo.so.6.2
bash       8628          root  mem    REG  253,0       34 33846531 /usr/lib/locale/en_US.utf8/LC_PAPER
bash       8628          root  mem    REG  253,0       77 50586138 /usr/lib/locale/en_US.utf8/LC_NAME
bash       8628          root  mem    REG  253,0      167   223289 /usr/lib/locale/en_US.utf8/LC_ADDRESS
bash       8628          root  mem    REG  253,0       59   223294 /usr/lib/locale/en_US.utf8/LC_TELEPHONE
bash       8628          root  mem    REG  253,0       23   223292 /usr/lib/locale/en_US.utf8/LC_MEASUREMENT
bash       8628          root  mem    REG  253,0      369   223291 /usr/lib/locale/en_US.utf8/LC_IDENTIFICATION
bash       8628          root  mem    REG  253,0   897856 50586159 /usr/lib64/ld-linux-x86-64.so.2
bash       8628          root    0r   CHR    1,3      0t0        4 /dev/null
bash       8628          root    1w   REG  253,0        0 16785749 /tmp/memory_monitor.log
bash       8628          root    2w   REG  253,0        0 16785749 /tmp/memory_monitor.log
bash       8628          root    3r  FIFO   0,13      0t0    95743 pipe
awx-manag  9507           awx   38u  IPv4  27121      0t0      TCP aap24-control.aap-test.local:60162->aap24-database.aap-test.local:postgres (ESTABLISHED)
awx-manag  9507           awx   54u  IPv4  95011      0t0      TCP aap24-control.aap-test.local:59870->aap24-database.aap-test.local:postgres (ESTABLISHED)
awx-manag 10504           awx   38u  IPv4  27121      0t0      TCP aap24-control.aap-test.local:60162->aap24-database.aap-test.local:postgres (ESTABLISHED)
awx-manag 10506           awx   38u  IPv4  27121      0t0      TCP aap24-control.aap-test.local:60162->aap24-database.aap-test.local:postgres (ESTABLISHED)
awx-manag 10506           awx   57u  IPv4  96776      0t0      TCP aap24-control.aap-test.local:59872->aap24-database.aap-test.local:postgres (ESTABLISHED)
awx-manag 10508           awx   38u  IPv4  27121      0t0      TCP aap24-control.aap-test.local:60162->aap24-database.aap-test.local:postgres (ESTABLISHED)
awx-manag 10508           awx   61u  IPv4  97674      0t0      TCP aap24-control.aap-test.local:59876->aap24-database.aap-test.local:postgres (ESTABLISHED)
awx-manag 11112           awx   37u  IPv4  96781      0t0      TCP aap24-control.aap-test.local:59882->aap24-database.aap-test.local:postgres (ESTABLISHED)
awx-manag 11112           awx   38u  IPv4  27121      0t0      TCP aap24-control.aap-test.local:60162->aap24-database.aap-test.local:postgres (ESTABLISHED)
awx-manag 11114           awx   38u  IPv4  27121      0t0      TCP aap24-control.aap-test.local:60162->aap24-database.aap-test.local:postgres (ESTABLISHED)
awx-manag 11114           awx   40u  IPv4  97691      0t0      TCP aap24-control.aap-test.local:59898->aap24-database.aap-test.local:postgres (ESTABLISHED)
awx-manag 11116           awx   38u  IPv4  27121      0t0      TCP aap24-control.aap-test.local:60162->aap24-database.aap-test.local:postgres (ESTABLISHED)

    PID    PPID CMD                           RSS    VSZ %CPU %MEM     ELAPSED
Receptor Child Processes for PID 11149:
  No child processes found
Receptor Threads for PID 11149:
    PID    SPID %CPU %MEM   RSS COMMAND
Receptor Network Connections for PID 11149:
COMMAND     PID          USER   FD   TYPE DEVICE SIZE/OFF NODE NAME
receptor    753           awx    8u  IPv4  26232      0t0  TCP aap24-control.aap-test.local:51094->aap24-execution.aap-test.local:27199 (ESTABLISHED)
chronyd     763        chrony    5u  IPv4  16184      0t0  UDP localhost:323 
chronyd     763        chrony    6u  IPv6  16185      0t0  UDP localhost:323 
NetworkMa   769          root   26u  IPv4  23280      0t0  UDP aap24-control.aap-test.local:bootpc->pi.hole:bootps 
sshd        802          root    3u  IPv4  16279      0t0  TCP *:ssh (LISTEN)
sshd        802          root    4u  IPv6  16281      0t0  TCP *:ssh (LISTEN)
node_expo  1111 node_exporter    3u  IPv6  25814      0t0  TCP *:jetdirect (LISTEN)
node_expo  1111 node_exporter    7u  IPv6  26405      0t0  TCP aap24-control.aap-test.local:jetdirect->monitoring-node.aap-test.local:49902 (ESTABLISHED)
pulpcore-  1116          pulp    6u  IPv4  26509      0t0  TCP aap24-control.aap-test.local:60002->aap24-database.aap-test.local:postgres (ESTABLISHED)
pulpcore-  1118          pulp    6u  IPv4  25307      0t0  TCP aap24-control.aap-test.local:59996->aap24-database.aap-test.local:postgres (ESTABLISHED)
nginx      1176          root   12u  IPv4  24386      0t0  TCP *:https (LISTEN)
nginx      1176          root   13u  IPv4  24387      0t0  TCP *:http (LISTEN)
nginx      1176          root   14u  IPv6  24388      0t0  TCP *:https (LISTEN)
nginx      1176          root   15u  IPv6  24389      0t0  TCP *:http (LISTEN)
nginx      1178         nginx   12u  IPv4  24386      0t0  TCP *:https (LISTEN)
nginx      1178         nginx   13u  IPv4  24387      0t0  TCP *:http (LISTEN)
nginx      1178         nginx   14u  IPv6  24388      0t0  TCP *:https (LISTEN)
nginx      1178         nginx   15u  IPv6  24389      0t0  TCP *:http (LISTEN)
nginx      1179         nginx   12u  IPv4  24386      0t0  TCP *:https (LISTEN)
nginx      1179         nginx   13u  IPv4  24387      0t0  TCP *:http (LISTEN)
nginx      1179         nginx   14u  IPv6  24388      0t0  TCP *:https (LISTEN)
nginx      1179         nginx   15u  IPv6  24389      0t0  TCP *:http (LISTEN)
nginx      1180         nginx   12u  IPv4  24386      0t0  TCP *:https (LISTEN)
nginx      1180         nginx   13u  IPv4  24387      0t0  TCP *:http (LISTEN)
nginx      1180         nginx   14u  IPv6  24388      0t0  TCP *:https (LISTEN)
nginx      1180         nginx   15u  IPv6  24389      0t0  TCP *:http (LISTEN)
nginx      1181         nginx   12u  IPv4  24386      0t0  TCP *:https (LISTEN)
nginx      1181         nginx   13u  IPv4  24387      0t0  TCP *:http (LISTEN)
nginx      1181         nginx   14u  IPv6  24388      0t0  TCP *:https (LISTEN)
nginx      1181         nginx   15u  IPv6  24389      0t0  TCP *:http (LISTEN)
awx-manag  1186           awx   38u  IPv4  27121      0t0  TCP aap24-control.aap-test.local:60162->aap24-database.aap-test.local:postgres (ESTABLISHED)
awx-manag  1188           awx   29u  IPv4  38928      0t0  TCP aap24-control.aap-test.local:59734->aap24-database.aap-test.local:postgres (ESTABLISHED)
daphne     1201           awx   13u  IPv4  28879      0t0  TCP aap24-control.aap-test.local:60106->aap24-database.aap-test.local:postgres (ESTABLISHED)
awx-manag  1212           awx   17u  IPv4  28973      0t0  TCP aap24-control.aap-test.local:60182->aap24-database.aap-test.local:postgres (ESTABLISHED)
awx-manag  1225          root    8u  IPv4  28965      0t0  TCP aap24-control.aap-test.local:60152->aap24-database.aap-test.local:postgres (ESTABLISHED)
awx-manag  1225          root   14u  IPv4  27893      0t0  TCP aap24-control.aap-test.local:60158->aap24-database.aap-test.local:postgres (ESTABLISHED)
awx-manag  1227           awx    8u  IPv4  27064      0t0  TCP aap24-control.aap-test.local:60098->aap24-database.aap-test.local:postgres (ESTABLISHED)
awx-manag  1227           awx   14u  IPv4  27886      0t0  TCP aap24-control.aap-test.local:60146->aap24-database.aap-test.local:postgres (ESTABLISHED)
gunicorn   1341          pulp   12u  IPv4  28148      0t0  TCP aap24-control.aap-test.local:60230->aap24-database.aap-test.local:postgres (ESTABLISHED)
gunicorn   1372          pulp   12u  IPv4  27288      0t0  TCP aap24-control.aap-test.local:60206->aap24-database.aap-test.local:postgres (ESTABLISHED)
gunicorn   1373          pulp   12u  IPv4  27206      0t0  TCP aap24-control.aap-test.local:60198->aap24-database.aap-test.local:postgres (ESTABLISHED)
gunicorn   1374          pulp   12u  IPv4  29207      0t0  TCP aap24-control.aap-test.local:60214->aap24-database.aap-test.local:postgres (ESTABLISHED)
gunicorn   1392          pulp   12u  IPv4  29210      0t0  TCP aap24-control.aap-test.local:60220->aap24-database.aap-test.local:postgres (ESTABLISHED)
gunicorn   1397          pulp   12u  IPv4  29213      0t0  TCP aap24-control.aap-test.local:60236->aap24-database.aap-test.local:postgres (ESTABLISHED)
gunicorn   1418          pulp   11u  IPv4  29088      0t0  TCP aap24-control.aap-test.local:60184->aap24-database.aap-test.local:postgres (ESTABLISHED)
gunicorn   1430          pulp   11u  IPv4  28105      0t0  TCP aap24-control.aap-test.local:60222->aap24-database.aap-test.local:postgres (ESTABLISHED)
awx-manag  1720           awx   16u  IPv4  95008      0t0  TCP aap24-control.aap-test.local:59868->aap24-database.aap-test.local:postgres (ESTABLISHED)
sshd       8470          root    4u  IPv4  77224      0t0  TCP aap24-control.aap-test.local:ssh->192.168.1.49:35216 (ESTABLISHED)
sshd       8490          root    4u  IPv4  77224      0t0  TCP aap24-control.aap-test.local:ssh->192.168.1.49:35216 (ESTABLISHED)
awx-manag  9507           awx   38u  IPv4  27121      0t0  TCP aap24-control.aap-test.local:60162->aap24-database.aap-test.local:postgres (ESTABLISHED)
awx-manag  9507           awx   54u  IPv4  95011      0t0  TCP aap24-control.aap-test.local:59870->aap24-database.aap-test.local:postgres (ESTABLISHED)
awx-manag 10504           awx   38u  IPv4  27121      0t0  TCP aap24-control.aap-test.local:60162->aap24-database.aap-test.local:postgres (ESTABLISHED)
awx-manag 10506           awx   38u  IPv4  27121      0t0  TCP aap24-control.aap-test.local:60162->aap24-database.aap-test.local:postgres (ESTABLISHED)
awx-manag 10506           awx   57u  IPv4  96776      0t0  TCP aap24-control.aap-test.local:59872->aap24-database.aap-test.local:postgres (ESTABLISHED)
awx-manag 10508           awx   38u  IPv4  27121      0t0  TCP aap24-control.aap-test.local:60162->aap24-database.aap-test.local:postgres (ESTABLISHED)
awx-manag 10508           awx   61u  IPv4  97674      0t0  TCP aap24-control.aap-test.local:59876->aap24-database.aap-test.local:postgres (ESTABLISHED)
awx-manag 11112           awx   37u  IPv4  96781      0t0  TCP aap24-control.aap-test.local:59882->aap24-database.aap-test.local:postgres (ESTABLISHED)
awx-manag 11112           awx   38u  IPv4  27121      0t0  TCP aap24-control.aap-test.local:60162->aap24-database.aap-test.local:postgres (ESTABLISHED)
awx-manag 11114           awx   38u  IPv4  27121      0t0  TCP aap24-control.aap-test.local:60162->aap24-database.aap-test.local:postgres (ESTABLISHED)
awx-manag 11114           awx   40u  IPv4  97691      0t0  TCP aap24-control.aap-test.local:59898->aap24-database.aap-test.local:postgres (ESTABLISHED)
awx-manag 11116           awx   38u  IPv4  27121      0t0  TCP aap24-control.aap-test.local:60162->aap24-database.aap-test.local:postgres (ESTABLISHED)
  No network connections found

=== RECEPTOR MEMORY SUMMARY ===
Total Receptor RSS Memory: 50256 KB (49 MB)
Total Receptor VSZ Memory: 1207444 KB (1179 MB)
Number of Receptor Processes: 3

AAP-related Processes and Children:
=== AAP Service Processes ===
Process: gunicorn (PID: 744)
    PID    PPID CMD                           RSS
    744       1 /usr/bin/python3 /bin/gunic 25740
  Children of PID 744:
    PID    PPID CMD                           RSS
    827     744 /usr/bin/python3 /bin/gunic 69436
    PID    PPID CMD                           RSS
    853     744 /usr/bin/python3 /bin/gunic 69060
    PID    PPID CMD                           RSS
    858     744 /usr/bin/python3 /bin/gunic 69536
    PID    PPID CMD                           RSS
    862     744 /usr/bin/python3 /bin/gunic 69224
    PID    PPID CMD                           RSS
    867     744 /usr/bin/python3 /bin/gunic 69368
    PID    PPID CMD                           RSS
    892     744 /usr/bin/python3 /bin/gunic 69324
    PID    PPID CMD                           RSS
    903     744 /usr/bin/python3 /bin/gunic 69388
    PID    PPID CMD                           RSS
    929     744 /usr/bin/python3 /bin/gunic 69296
    PID    PPID CMD                           RSS
    984     744 /usr/bin/python3 /bin/gunic 69340

Process: receptor (PID: 753)
    PID    PPID CMD                           RSS
    753       1 /usr/bin/receptor -c /etc/r 46800

Process: gunicorn (PID: 827)
    PID    PPID CMD                           RSS
    827     744 /usr/bin/python3 /bin/gunic 69436

Process: gunicorn (PID: 853)
    PID    PPID CMD                           RSS
    853     744 /usr/bin/python3 /bin/gunic 69060

Process: gunicorn (PID: 858)
    PID    PPID CMD                           RSS
    858     744 /usr/bin/python3 /bin/gunic 69536

Process: gunicorn (PID: 862)
    PID    PPID CMD                           RSS
    862     744 /usr/bin/python3 /bin/gunic 69224

Process: gunicorn (PID: 867)
    PID    PPID CMD                           RSS
    867     744 /usr/bin/python3 /bin/gunic 69368

Process: gunicorn (PID: 892)
    PID    PPID CMD                           RSS
    892     744 /usr/bin/python3 /bin/gunic 69324

Process: gunicorn (PID: 903)
    PID    PPID CMD                           RSS
    903     744 /usr/bin/python3 /bin/gunic 69388

Process: gunicorn (PID: 929)
    PID    PPID CMD                           RSS
    929     744 /usr/bin/python3 /bin/gunic 69296

Process: gunicorn (PID: 984)
    PID    PPID CMD                           RSS
    984     744 /usr/bin/python3 /bin/gunic 69340

Process: redis-server (PID: 1121)
    PID    PPID CMD                           RSS
   1121       1 /usr/bin/redis-server unixs 13436

Process: nginx (PID: 1176)
    PID    PPID CMD                           RSS
   1176       1 nginx: master process /usr/  2576
  Children of PID 1176:
    PID    PPID CMD                           RSS
   1178    1176 nginx: worker process        4112
    PID    PPID CMD                           RSS
   1179    1176 nginx: worker process        4112
    PID    PPID CMD                           RSS
   1180    1176 nginx: worker process        4112
    PID    PPID CMD                           RSS
   1181    1176 nginx: worker process        8336

Process: nginx (PID: 1178)
    PID    PPID CMD                           RSS
   1178    1176 nginx: worker process        4112

Process: nginx (PID: 1179)
    PID    PPID CMD                           RSS
   1179    1176 nginx: worker process        4112

Process: nginx (PID: 1180)
    PID    PPID CMD                           RSS
   1180    1176 nginx: worker process        4112

Process: nginx (PID: 1181)
    PID    PPID CMD                           RSS
   1181    1176 nginx: worker process        8336

Process: uwsgi (PID: 1191)
    PID    PPID CMD                           RSS
   1191     835 /var/lib/awx/venv/awx/bin/u 103248
  Children of PID 1191:
    PID    PPID CMD                           RSS
   1686    1191 /var/lib/awx/venv/awx/bin/u 87792
    PID    PPID CMD                           RSS
   1687    1191 /var/lib/awx/venv/awx/bin/u 108656
    PID    PPID CMD                           RSS
   1688    1191 /var/lib/awx/venv/awx/bin/u 87792
    PID    PPID CMD                           RSS
   1689    1191 /var/lib/awx/venv/awx/bin/u 87792

Process: uwsgi (PID: 1686)
    PID    PPID CMD                           RSS
   1686    1191 /var/lib/awx/venv/awx/bin/u 87792

Process: uwsgi (PID: 1687)
    PID    PPID CMD                           RSS
   1687    1191 /var/lib/awx/venv/awx/bin/u 108656

Process: uwsgi (PID: 1688)
    PID    PPID CMD                           RSS
   1688    1191 /var/lib/awx/venv/awx/bin/u 87792

Process: uwsgi (PID: 1689)
    PID    PPID CMD                           RSS
   1689    1191 /var/lib/awx/venv/awx/bin/u 87792

Process: bash (PID: 8628)
    PID    PPID CMD                           RSS
   8628       1 bash -c  log_file="/tmp/mem  3456
  Children of PID 8628:
    PID    PPID CMD                           RSS
  11229    8628 bash -c  log_file="/tmp/mem  2116

Process: bash (PID: 11229)
    PID    PPID CMD                           RSS
  11229    8628 bash -c  log_file="/tmp/mem  2116
  Children of PID 11229:
    PID    PPID CMD                           RSS


Process Tree for AAP Services:
=== automation-controller Process Tree ===
bash(8628)---pstree(11323)
=== receptor Process Tree ===
receptor(753)-+-{receptor}(758)
              |-{receptor}(759)
              |-{receptor}(760)
              |-{receptor}(761)
              |-{receptor}(766)
              `-{receptor}(767)
bash(8628)---pstree(11328)
=== nginx Process Tree ===
nginx(1176)-+-nginx(1178)
            |-nginx(1179)
            |-nginx(1180)
            `-nginx(1181)
nginx(1178)
nginx(1179)
nginx(1180)
nginx(1181)
bash(8628)---pstree(11337)
=== postgresql Process Tree ===
bash(8628)---pstree(11341)
=== redis Process Tree ===
redis-server(1121)-+-{redis-server}(1140)
                   |-{redis-server}(1141)
                   |-{redis-server}(1142)
                   `-{redis-server}(1143)
bash(8628)---pstree(11346)
=== uwsgi Process Tree ===
uwsgi(1191)-+-uwsgi(1686)
            |-uwsgi(1687)
            |-uwsgi(1688)
            `-uwsgi(1689)
uwsgi(1686)
uwsgi(1687)
uwsgi(1688)
uwsgi(1689)
bash(8628)---pstree(11355)
=== automation-hub Process Tree ===
bash(8628)---pstree(11359)
=== automation-eda Process Tree ===
gunicorn(744)-+-gunicorn(827)
              |-gunicorn(853)
              |-gunicorn(858)
              |-gunicorn(862)
              |-gunicorn(867)
              |-gunicorn(892)
              |-gunicorn(903)
              |-gunicorn(929)
              `-gunicorn(984)
gunicorn(827)
gunicorn(853)
gunicorn(858)
gunicorn(862)
gunicorn(867)
gunicorn(892)
gunicorn(903)
gunicorn(929)
gunicorn(984)
bash(8628)---pstree(11373)

=================================================================================
2025-06-27 14:26:14
Memory Usage Report:
               total        used        free      shared  buff/cache   available
Mem:            7681        4272        3250          11         424        3408
Swap:           3071           0        3071

Top 10 Processes by RSS Memory:
    PID    PPID CMD                           RSS
   1186     835 /var/lib/awx/venv/awx/bin/p 133520
   1188     835 /var/lib/awx/venv/awx/bin/p 131300
   1225     835 /var/lib/awx/venv/awx/bin/p 130880
  10508    1186 /var/lib/awx/venv/awx/bin/p 127516
   1212     835 /var/lib/awx/venv/awx/bin/p 127016
  11114    1186 /var/lib/awx/venv/awx/bin/p 126764
  11116    1186 /var/lib/awx/venv/awx/bin/p 126764
   9507    1186 /var/lib/awx/venv/awx/bin/p 125024
  10504    1186 /var/lib/awx/venv/awx/bin/p 124828
  11112    1186 /var/lib/awx/venv/awx/bin/p 124716

=== RECEPTOR PROCESS ANALYSIS ===
Receptor Main Processes:
    PID    PPID CMD                           RSS    VSZ %CPU %MEM     ELAPSED
    753       1 /usr/bin/receptor -c /etc/r 46800 1200184 0.0  0.5       22:59
Receptor Child Processes for PID 753:
  No child processes found
Receptor Threads for PID 753:
    PID    SPID %CPU %MEM   RSS COMMAND
    753     753  0.0  0.5 46800 receptor
    753     758  0.0  0.5 46800 receptor
    753     759  0.0  0.5 46800 receptor
    753     760  0.0  0.5 46800 receptor
    753     761  0.0  0.5 46800 receptor
    753     766  0.0  0.5 46800 receptor
    753     767  0.0  0.5 46800 receptor
Receptor Network Connections for PID 753:
COMMAND     PID          USER   FD      TYPE             DEVICE SIZE/OFF     NODE NAME
receptor    753           awx  cwd       DIR              253,0      235      128 /
receptor    753           awx  rtd       DIR              253,0      235      128 /
receptor    753           awx  txt       REG              253,0 54652712 33925292 /usr/bin/receptor
receptor    753           awx  mem       REG              253,0  5436640 50586900 /usr/lib64/libcrypto.so.3.2.2
receptor    753           awx  mem       REG              253,0  2544344 50586163 /usr/lib64/libc.so.6
receptor    753           awx  mem       REG              253,0   102552 50586185 /usr/lib64/libz.so.1.2.11
receptor    753           awx  mem       REG              253,0   897856 50586159 /usr/lib64/ld-linux-x86-64.so.2
receptor    753           awx    0r      CHR                1,3      0t0        4 /dev/null
receptor    753           awx    1w      REG              253,0     2565 33993089 /var/log/receptor/receptor.log
receptor    753           awx    2w      REG              253,0     2565 33993089 /var/log/receptor/receptor.log
receptor    753           awx    3rW     REG               0,24        0      969 /run/awx-receptor/receptor.sock.lock
receptor    753           awx    4u  a_inode               0,14        0       62 [eventpoll:5,7,8]
receptor    753           awx    5r     FIFO               0,13      0t0    21430 pipe
receptor    753           awx    6w     FIFO               0,13      0t0    21430 pipe
receptor    753           awx    7u     unix 0xffff8afa07ec8a00      0t0    16215 /var/run/awx-receptor/receptor.sock type=STREAM (LISTEN)
receptor    753           awx    8u     IPv4              26232      0t0      TCP aap24-control.aap-test.local:51094->aap24-execution.aap-test.local:27199 (ESTABLISHED)
chronyd     763        chrony    5u     IPv4              16184      0t0      UDP localhost:323 
chronyd     763        chrony    6u     IPv6              16185      0t0      UDP localhost:323 
NetworkMa   769          root   26u     IPv4              23280      0t0      UDP aap24-control.aap-test.local:bootpc->pi.hole:bootps 
sshd        802          root    3u     IPv4              16279      0t0      TCP *:ssh (LISTEN)
sshd        802          root    4u     IPv6              16281      0t0      TCP *:ssh (LISTEN)
node_expo  1111 node_exporter    3u     IPv6              25814      0t0      TCP *:jetdirect (LISTEN)
node_expo  1111 node_exporter    7u     IPv6              26405      0t0      TCP aap24-control.aap-test.local:jetdirect->monitoring-node.aap-test.local:49902 (ESTABLISHED)
pulpcore-  1116          pulp    6u     IPv4              26509      0t0      TCP aap24-control.aap-test.local:60002->aap24-database.aap-test.local:postgres (ESTABLISHED)
pulpcore-  1118          pulp    6u     IPv4              25307      0t0      TCP aap24-control.aap-test.local:59996->aap24-database.aap-test.local:postgres (ESTABLISHED)
nginx      1176          root   12u     IPv4              24386      0t0      TCP *:https (LISTEN)
nginx      1176          root   13u     IPv4              24387      0t0      TCP *:http (LISTEN)
nginx      1176          root   14u     IPv6              24388      0t0      TCP *:https (LISTEN)
nginx      1176          root   15u     IPv6              24389      0t0      TCP *:http (LISTEN)
nginx      1178         nginx   12u     IPv4              24386      0t0      TCP *:https (LISTEN)
nginx      1178         nginx   13u     IPv4              24387      0t0      TCP *:http (LISTEN)
nginx      1178         nginx   14u     IPv6              24388      0t0      TCP *:https (LISTEN)
nginx      1178         nginx   15u     IPv6              24389      0t0      TCP *:http (LISTEN)
nginx      1179         nginx   12u     IPv4              24386      0t0      TCP *:https (LISTEN)
nginx      1179         nginx   13u     IPv4              24387      0t0      TCP *:http (LISTEN)
nginx      1179         nginx   14u     IPv6              24388      0t0      TCP *:https (LISTEN)
nginx      1179         nginx   15u     IPv6              24389      0t0      TCP *:http (LISTEN)
nginx      1180         nginx   12u     IPv4              24386      0t0      TCP *:https (LISTEN)
nginx      1180         nginx   13u     IPv4              24387      0t0      TCP *:http (LISTEN)
nginx      1180         nginx   14u     IPv6              24388      0t0      TCP *:https (LISTEN)
nginx      1180         nginx   15u     IPv6              24389      0t0      TCP *:http (LISTEN)
nginx      1181         nginx   12u     IPv4              24386      0t0      TCP *:https (LISTEN)
nginx      1181         nginx   13u     IPv4              24387      0t0      TCP *:http (LISTEN)
nginx      1181         nginx   14u     IPv6              24388      0t0      TCP *:https (LISTEN)
nginx      1181         nginx   15u     IPv6              24389      0t0      TCP *:http (LISTEN)
awx-manag  1186           awx   38u     IPv4              27121      0t0      TCP aap24-control.aap-test.local:60162->aap24-database.aap-test.local:postgres (ESTABLISHED)
awx-manag  1188           awx   29u     IPv4              38928      0t0      TCP aap24-control.aap-test.local:59734->aap24-database.aap-test.local:postgres (ESTABLISHED)
daphne     1201           awx   13u     IPv4              28879      0t0      TCP aap24-control.aap-test.local:60106->aap24-database.aap-test.local:postgres (ESTABLISHED)
awx-manag  1212           awx   17u     IPv4              28973      0t0      TCP aap24-control.aap-test.local:60182->aap24-database.aap-test.local:postgres (ESTABLISHED)
awx-manag  1225          root    8u     IPv4              28965      0t0      TCP aap24-control.aap-test.local:60152->aap24-database.aap-test.local:postgres (ESTABLISHED)
awx-manag  1225          root   14u     IPv4              27893      0t0      TCP aap24-control.aap-test.local:60158->aap24-database.aap-test.local:postgres (ESTABLISHED)
awx-manag  1227           awx    8u     IPv4              27064      0t0      TCP aap24-control.aap-test.local:60098->aap24-database.aap-test.local:postgres (ESTABLISHED)
awx-manag  1227           awx   14u     IPv4              27886      0t0      TCP aap24-control.aap-test.local:60146->aap24-database.aap-test.local:postgres (ESTABLISHED)
gunicorn   1341          pulp   12u     IPv4              28148      0t0      TCP aap24-control.aap-test.local:60230->aap24-database.aap-test.local:postgres (ESTABLISHED)
gunicorn   1372          pulp   12u     IPv4              27288      0t0      TCP aap24-control.aap-test.local:60206->aap24-database.aap-test.local:postgres (ESTABLISHED)
gunicorn   1373          pulp   12u     IPv4              27206      0t0      TCP aap24-control.aap-test.local:60198->aap24-database.aap-test.local:postgres (ESTABLISHED)
gunicorn   1374          pulp   12u     IPv4              29207      0t0      TCP aap24-control.aap-test.local:60214->aap24-database.aap-test.local:postgres (ESTABLISHED)
gunicorn   1392          pulp   12u     IPv4              29210      0t0      TCP aap24-control.aap-test.local:60220->aap24-database.aap-test.local:postgres (ESTABLISHED)
gunicorn   1397          pulp   12u     IPv4              29213      0t0      TCP aap24-control.aap-test.local:60236->aap24-database.aap-test.local:postgres (ESTABLISHED)
gunicorn   1418          pulp   11u     IPv4              29088      0t0      TCP aap24-control.aap-test.local:60184->aap24-database.aap-test.local:postgres (ESTABLISHED)
gunicorn   1430          pulp   11u     IPv4              28105      0t0      TCP aap24-control.aap-test.local:60222->aap24-database.aap-test.local:postgres (ESTABLISHED)
awx-manag  1720           awx   16u     IPv4              98573      0t0      TCP aap24-control.aap-test.local:60026->aap24-database.aap-test.local:postgres (ESTABLISHED)
sshd       8470          root    4u     IPv4              77224      0t0      TCP aap24-control.aap-test.local:ssh->192.168.1.49:35216 (ESTABLISHED)
sshd       8490          root    4u     IPv4              77224      0t0      TCP aap24-control.aap-test.local:ssh->192.168.1.49:35216 (ESTABLISHED)
awx-manag  9507           awx   38u     IPv4              27121      0t0      TCP aap24-control.aap-test.local:60162->aap24-database.aap-test.local:postgres (ESTABLISHED)
awx-manag  9507           awx   54u     IPv4              96031      0t0      TCP aap24-control.aap-test.local:60030->aap24-database.aap-test.local:postgres (ESTABLISHED)
awx-manag 10504           awx   38u     IPv4              27121      0t0      TCP aap24-control.aap-test.local:60162->aap24-database.aap-test.local:postgres (ESTABLISHED)
awx-manag 10506           awx   38u     IPv4              27121      0t0      TCP aap24-control.aap-test.local:60162->aap24-database.aap-test.local:postgres (ESTABLISHED)
awx-manag 10506           awx   57u     IPv4              96776      0t0      TCP aap24-control.aap-test.local:59872->aap24-database.aap-test.local:postgres (ESTABLISHED)
awx-manag 10508           awx   38u     IPv4              27121      0t0      TCP aap24-control.aap-test.local:60162->aap24-database.aap-test.local:postgres (ESTABLISHED)
awx-manag 10508           awx   61u     IPv4              97674      0t0      TCP aap24-control.aap-test.local:59876->aap24-database.aap-test.local:postgres (ESTABLISHED)
awx-manag 11112           awx   37u     IPv4              99611      0t0      TCP aap24-control.aap-test.local:33586->aap24-database.aap-test.local:postgres (ESTABLISHED)
awx-manag 11112           awx   38u     IPv4              27121      0t0      TCP aap24-control.aap-test.local:60162->aap24-database.aap-test.local:postgres (ESTABLISHED)
awx-manag 11114           awx   38u     IPv4              27121      0t0      TCP aap24-control.aap-test.local:60162->aap24-database.aap-test.local:postgres (ESTABLISHED)
awx-manag 11116           awx   38u     IPv4              27121      0t0      TCP aap24-control.aap-test.local:60162->aap24-database.aap-test.local:postgres (ESTABLISHED)
awx-manag 11116           awx   61u     IPv4              98540      0t0      TCP aap24-control.aap-test.local:33594->aap24-database.aap-test.local:postgres (ESTABLISHED)

    PID    PPID CMD                           RSS    VSZ %CPU %MEM     ELAPSED
   8628       1 bash -c  log_file="/tmp/mem  3456   7260  0.0  0.0       04:44
Receptor Child Processes for PID 8628:
      PID    PPID CMD                           RSS    VSZ %CPU %MEM     ELAPSED
Receptor Threads for PID 8628:
    PID    SPID %CPU %MEM   RSS COMMAND
   8628    8628  0.0  0.0  3456 bash
Receptor Network Connections for PID 8628:
COMMAND     PID          USER   FD   TYPE DEVICE SIZE/OFF     NODE NAME
receptor    753           awx    8u  IPv4  26232      0t0      TCP aap24-control.aap-test.local:51094->aap24-execution.aap-test.local:27199 (ESTABLISHED)
chronyd     763        chrony    5u  IPv4  16184      0t0      UDP localhost:323 
chronyd     763        chrony    6u  IPv6  16185      0t0      UDP localhost:323 
NetworkMa   769          root   26u  IPv4  23280      0t0      UDP aap24-control.aap-test.local:bootpc->pi.hole:bootps 
sshd        802          root    3u  IPv4  16279      0t0      TCP *:ssh (LISTEN)
sshd        802          root    4u  IPv6  16281      0t0      TCP *:ssh (LISTEN)
node_expo  1111 node_exporter    3u  IPv6  25814      0t0      TCP *:jetdirect (LISTEN)
node_expo  1111 node_exporter    7u  IPv6  26405      0t0      TCP aap24-control.aap-test.local:jetdirect->monitoring-node.aap-test.local:49902 (ESTABLISHED)
pulpcore-  1116          pulp    6u  IPv4  26509      0t0      TCP aap24-control.aap-test.local:60002->aap24-database.aap-test.local:postgres (ESTABLISHED)
pulpcore-  1118          pulp    6u  IPv4  25307      0t0      TCP aap24-control.aap-test.local:59996->aap24-database.aap-test.local:postgres (ESTABLISHED)
nginx      1176          root   12u  IPv4  24386      0t0      TCP *:https (LISTEN)
nginx      1176          root   13u  IPv4  24387      0t0      TCP *:http (LISTEN)
nginx      1176          root   14u  IPv6  24388      0t0      TCP *:https (LISTEN)
nginx      1176          root   15u  IPv6  24389      0t0      TCP *:http (LISTEN)
nginx      1178         nginx   12u  IPv4  24386      0t0      TCP *:https (LISTEN)
nginx      1178         nginx   13u  IPv4  24387      0t0      TCP *:http (LISTEN)
nginx      1178         nginx   14u  IPv6  24388      0t0      TCP *:https (LISTEN)
nginx      1178         nginx   15u  IPv6  24389      0t0      TCP *:http (LISTEN)
nginx      1179         nginx   12u  IPv4  24386      0t0      TCP *:https (LISTEN)
nginx      1179         nginx   13u  IPv4  24387      0t0      TCP *:http (LISTEN)
nginx      1179         nginx   14u  IPv6  24388      0t0      TCP *:https (LISTEN)
nginx      1179         nginx   15u  IPv6  24389      0t0      TCP *:http (LISTEN)
nginx      1180         nginx   12u  IPv4  24386      0t0      TCP *:https (LISTEN)
nginx      1180         nginx   13u  IPv4  24387      0t0      TCP *:http (LISTEN)
nginx      1180         nginx   14u  IPv6  24388      0t0      TCP *:https (LISTEN)
nginx      1180         nginx   15u  IPv6  24389      0t0      TCP *:http (LISTEN)
nginx      1181         nginx   12u  IPv4  24386      0t0      TCP *:https (LISTEN)
nginx      1181         nginx   13u  IPv4  24387      0t0      TCP *:http (LISTEN)
nginx      1181         nginx   14u  IPv6  24388      0t0      TCP *:https (LISTEN)
nginx      1181         nginx   15u  IPv6  24389      0t0      TCP *:http (LISTEN)
awx-manag  1186           awx   38u  IPv4  27121      0t0      TCP aap24-control.aap-test.local:60162->aap24-database.aap-test.local:postgres (ESTABLISHED)
awx-manag  1188           awx   29u  IPv4  38928      0t0      TCP aap24-control.aap-test.local:59734->aap24-database.aap-test.local:postgres (ESTABLISHED)
daphne     1201           awx   13u  IPv4  28879      0t0      TCP aap24-control.aap-test.local:60106->aap24-database.aap-test.local:postgres (ESTABLISHED)
awx-manag  1212           awx   17u  IPv4  28973      0t0      TCP aap24-control.aap-test.local:60182->aap24-database.aap-test.local:postgres (ESTABLISHED)
awx-manag  1225          root    8u  IPv4  28965      0t0      TCP aap24-control.aap-test.local:60152->aap24-database.aap-test.local:postgres (ESTABLISHED)
awx-manag  1225          root   14u  IPv4  27893      0t0      TCP aap24-control.aap-test.local:60158->aap24-database.aap-test.local:postgres (ESTABLISHED)
awx-manag  1227           awx    8u  IPv4  27064      0t0      TCP aap24-control.aap-test.local:60098->aap24-database.aap-test.local:postgres (ESTABLISHED)
awx-manag  1227           awx   14u  IPv4  27886      0t0      TCP aap24-control.aap-test.local:60146->aap24-database.aap-test.local:postgres (ESTABLISHED)
gunicorn   1341          pulp   12u  IPv4  28148      0t0      TCP aap24-control.aap-test.local:60230->aap24-database.aap-test.local:postgres (ESTABLISHED)
gunicorn   1372          pulp   12u  IPv4  27288      0t0      TCP aap24-control.aap-test.local:60206->aap24-database.aap-test.local:postgres (ESTABLISHED)
gunicorn   1373          pulp   12u  IPv4  27206      0t0      TCP aap24-control.aap-test.local:60198->aap24-database.aap-test.local:postgres (ESTABLISHED)
gunicorn   1374          pulp   12u  IPv4  29207      0t0      TCP aap24-control.aap-test.local:60214->aap24-database.aap-test.local:postgres (ESTABLISHED)
gunicorn   1392          pulp   12u  IPv4  29210      0t0      TCP aap24-control.aap-test.local:60220->aap24-database.aap-test.local:postgres (ESTABLISHED)
gunicorn   1397          pulp   12u  IPv4  29213      0t0      TCP aap24-control.aap-test.local:60236->aap24-database.aap-test.local:postgres (ESTABLISHED)
gunicorn   1418          pulp   11u  IPv4  29088      0t0      TCP aap24-control.aap-test.local:60184->aap24-database.aap-test.local:postgres (ESTABLISHED)
gunicorn   1430          pulp   11u  IPv4  28105      0t0      TCP aap24-control.aap-test.local:60222->aap24-database.aap-test.local:postgres (ESTABLISHED)
awx-manag  1720           awx   16u  IPv4  98573      0t0      TCP aap24-control.aap-test.local:60026->aap24-database.aap-test.local:postgres (ESTABLISHED)
sshd       8470          root    4u  IPv4  77224      0t0      TCP aap24-control.aap-test.local:ssh->192.168.1.49:35216 (ESTABLISHED)
sshd       8490          root    4u  IPv4  77224      0t0      TCP aap24-control.aap-test.local:ssh->192.168.1.49:35216 (ESTABLISHED)
bash       8628          root  cwd    DIR  253,0      164 33685638 /root
bash       8628          root  rtd    DIR  253,0      235      128 /
bash       8628          root  txt    REG  253,0  1389072 33846112 /usr/bin/bash
bash       8628          root  mem    REG  253,0  2586930 50586136 /usr/lib/locale/en_US.utf8/LC_COLLATE
bash       8628          root  mem    REG  253,0  2544344 50586163 /usr/lib64/libc.so.6
bash       8628          root  mem    REG  253,0   346132 33846229 /usr/lib/locale/C.utf8/LC_CTYPE
bash       8628          root  mem    REG  253,0       54 50586139 /usr/lib/locale/en_US.utf8/LC_NUMERIC
bash       8628          root  mem    REG  253,0     3284   223295 /usr/lib/locale/en_US.utf8/LC_TIME
bash       8628          root  mem    REG  253,0      286   223293 /usr/lib/locale/en_US.utf8/LC_MONETARY
bash       8628          root  mem    REG  253,0       57   223370 /usr/lib/locale/en_US.utf8/LC_MESSAGES/SYS_LC_MESSAGES
bash       8628          root  mem    REG  253,0    26988 17218970 /usr/lib64/gconv/gconv-modules.cache
bash       8628          root  mem    REG  253,0   195080 50585814 /usr/lib64/libtinfo.so.6.2
bash       8628          root  mem    REG  253,0       34 33846531 /usr/lib/locale/en_US.utf8/LC_PAPER
bash       8628          root  mem    REG  253,0       77 50586138 /usr/lib/locale/en_US.utf8/LC_NAME
bash       8628          root  mem    REG  253,0      167   223289 /usr/lib/locale/en_US.utf8/LC_ADDRESS
bash       8628          root  mem    REG  253,0       59   223294 /usr/lib/locale/en_US.utf8/LC_TELEPHONE
bash       8628          root  mem    REG  253,0       23   223292 /usr/lib/locale/en_US.utf8/LC_MEASUREMENT
bash       8628          root  mem    REG  253,0      369   223291 /usr/lib/locale/en_US.utf8/LC_IDENTIFICATION
bash       8628          root  mem    REG  253,0   897856 50586159 /usr/lib64/ld-linux-x86-64.so.2
bash       8628          root    0r   CHR    1,3      0t0        4 /dev/null
bash       8628          root    1w   REG  253,0        0 16785749 /tmp/memory_monitor.log
bash       8628          root    2w   REG  253,0        0 16785749 /tmp/memory_monitor.log
bash       8628          root    3r  FIFO   0,13      0t0    96081 pipe
awx-manag  9507           awx   38u  IPv4  27121      0t0      TCP aap24-control.aap-test.local:60162->aap24-database.aap-test.local:postgres (ESTABLISHED)
awx-manag  9507           awx   54u  IPv4  96031      0t0      TCP aap24-control.aap-test.local:60030->aap24-database.aap-test.local:postgres (ESTABLISHED)
awx-manag 10504           awx   38u  IPv4  27121      0t0      TCP aap24-control.aap-test.local:60162->aap24-database.aap-test.local:postgres (ESTABLISHED)
awx-manag 10506           awx   38u  IPv4  27121      0t0      TCP aap24-control.aap-test.local:60162->aap24-database.aap-test.local:postgres (ESTABLISHED)
awx-manag 10506           awx   57u  IPv4  96776      0t0      TCP aap24-control.aap-test.local:59872->aap24-database.aap-test.local:postgres (ESTABLISHED)
awx-manag 10508           awx   38u  IPv4  27121      0t0      TCP aap24-control.aap-test.local:60162->aap24-database.aap-test.local:postgres (ESTABLISHED)
awx-manag 10508           awx   61u  IPv4  97674      0t0      TCP aap24-control.aap-test.local:59876->aap24-database.aap-test.local:postgres (ESTABLISHED)
awx-manag 11112           awx   37u  IPv4  99611      0t0      TCP aap24-control.aap-test.local:33586->aap24-database.aap-test.local:postgres (ESTABLISHED)
awx-manag 11112           awx   38u  IPv4  27121      0t0      TCP aap24-control.aap-test.local:60162->aap24-database.aap-test.local:postgres (ESTABLISHED)
awx-manag 11114           awx   38u  IPv4  27121      0t0      TCP aap24-control.aap-test.local:60162->aap24-database.aap-test.local:postgres (ESTABLISHED)
awx-manag 11116           awx   38u  IPv4  27121      0t0      TCP aap24-control.aap-test.local:60162->aap24-database.aap-test.local:postgres (ESTABLISHED)
awx-manag 11116           awx   61u  IPv4  98540      0t0      TCP aap24-control.aap-test.local:33594->aap24-database.aap-test.local:postgres (ESTABLISHED)

    PID    PPID CMD                           RSS    VSZ %CPU %MEM     ELAPSED
Receptor Child Processes for PID 11447:
  No child processes found
Receptor Threads for PID 11447:
    PID    SPID %CPU %MEM   RSS COMMAND
Receptor Network Connections for PID 11447:
COMMAND     PID          USER   FD   TYPE DEVICE SIZE/OFF NODE NAME
receptor    753           awx    8u  IPv4  26232      0t0  TCP aap24-control.aap-test.local:51094->aap24-execution.aap-test.local:27199 (ESTABLISHED)
chronyd     763        chrony    5u  IPv4  16184      0t0  UDP localhost:323 
chronyd     763        chrony    6u  IPv6  16185      0t0  UDP localhost:323 
NetworkMa   769          root   26u  IPv4  23280      0t0  UDP aap24-control.aap-test.local:bootpc->pi.hole:bootps 
sshd        802          root    3u  IPv4  16279      0t0  TCP *:ssh (LISTEN)
sshd        802          root    4u  IPv6  16281      0t0  TCP *:ssh (LISTEN)
node_expo  1111 node_exporter    3u  IPv6  25814      0t0  TCP *:jetdirect (LISTEN)
node_expo  1111 node_exporter    7u  IPv6  26405      0t0  TCP aap24-control.aap-test.local:jetdirect->monitoring-node.aap-test.local:49902 (ESTABLISHED)
pulpcore-  1116          pulp    6u  IPv4  26509      0t0  TCP aap24-control.aap-test.local:60002->aap24-database.aap-test.local:postgres (ESTABLISHED)
pulpcore-  1118          pulp    6u  IPv4  25307      0t0  TCP aap24-control.aap-test.local:59996->aap24-database.aap-test.local:postgres (ESTABLISHED)
nginx      1176          root   12u  IPv4  24386      0t0  TCP *:https (LISTEN)
nginx      1176          root   13u  IPv4  24387      0t0  TCP *:http (LISTEN)
nginx      1176          root   14u  IPv6  24388      0t0  TCP *:https (LISTEN)
nginx      1176          root   15u  IPv6  24389      0t0  TCP *:http (LISTEN)
nginx      1178         nginx   12u  IPv4  24386      0t0  TCP *:https (LISTEN)
nginx      1178         nginx   13u  IPv4  24387      0t0  TCP *:http (LISTEN)
nginx      1178         nginx   14u  IPv6  24388      0t0  TCP *:https (LISTEN)
nginx      1178         nginx   15u  IPv6  24389      0t0  TCP *:http (LISTEN)
nginx      1179         nginx   12u  IPv4  24386      0t0  TCP *:https (LISTEN)
nginx      1179         nginx   13u  IPv4  24387      0t0  TCP *:http (LISTEN)
nginx      1179         nginx   14u  IPv6  24388      0t0  TCP *:https (LISTEN)
nginx      1179         nginx   15u  IPv6  24389      0t0  TCP *:http (LISTEN)
nginx      1180         nginx   12u  IPv4  24386      0t0  TCP *:https (LISTEN)
nginx      1180         nginx   13u  IPv4  24387      0t0  TCP *:http (LISTEN)
nginx      1180         nginx   14u  IPv6  24388      0t0  TCP *:https (LISTEN)
nginx      1180         nginx   15u  IPv6  24389      0t0  TCP *:http (LISTEN)
nginx      1181         nginx   12u  IPv4  24386      0t0  TCP *:https (LISTEN)
nginx      1181         nginx   13u  IPv4  24387      0t0  TCP *:http (LISTEN)
nginx      1181         nginx   14u  IPv6  24388      0t0  TCP *:https (LISTEN)
nginx      1181         nginx   15u  IPv6  24389      0t0  TCP *:http (LISTEN)
awx-manag  1186           awx   38u  IPv4  27121      0t0  TCP aap24-control.aap-test.local:60162->aap24-database.aap-test.local:postgres (ESTABLISHED)
awx-manag  1188           awx   29u  IPv4  38928      0t0  TCP aap24-control.aap-test.local:59734->aap24-database.aap-test.local:postgres (ESTABLISHED)
daphne     1201           awx   13u  IPv4  28879      0t0  TCP aap24-control.aap-test.local:60106->aap24-database.aap-test.local:postgres (ESTABLISHED)
awx-manag  1212           awx   17u  IPv4  28973      0t0  TCP aap24-control.aap-test.local:60182->aap24-database.aap-test.local:postgres (ESTABLISHED)
awx-manag  1225          root    8u  IPv4  28965      0t0  TCP aap24-control.aap-test.local:60152->aap24-database.aap-test.local:postgres (ESTABLISHED)
awx-manag  1225          root   14u  IPv4  27893      0t0  TCP aap24-control.aap-test.local:60158->aap24-database.aap-test.local:postgres (ESTABLISHED)
awx-manag  1227           awx    8u  IPv4  27064      0t0  TCP aap24-control.aap-test.local:60098->aap24-database.aap-test.local:postgres (ESTABLISHED)
awx-manag  1227           awx   14u  IPv4  27886      0t0  TCP aap24-control.aap-test.local:60146->aap24-database.aap-test.local:postgres (ESTABLISHED)
gunicorn   1341          pulp   12u  IPv4  28148      0t0  TCP aap24-control.aap-test.local:60230->aap24-database.aap-test.local:postgres (ESTABLISHED)
gunicorn   1372          pulp   12u  IPv4  27288      0t0  TCP aap24-control.aap-test.local:60206->aap24-database.aap-test.local:postgres (ESTABLISHED)
gunicorn   1373          pulp   12u  IPv4  27206      0t0  TCP aap24-control.aap-test.local:60198->aap24-database.aap-test.local:postgres (ESTABLISHED)
gunicorn   1374          pulp   12u  IPv4  29207      0t0  TCP aap24-control.aap-test.local:60214->aap24-database.aap-test.local:postgres (ESTABLISHED)
gunicorn   1392          pulp   12u  IPv4  29210      0t0  TCP aap24-control.aap-test.local:60220->aap24-database.aap-test.local:postgres (ESTABLISHED)
gunicorn   1397          pulp   12u  IPv4  29213      0t0  TCP aap24-control.aap-test.local:60236->aap24-database.aap-test.local:postgres (ESTABLISHED)
gunicorn   1418          pulp   11u  IPv4  29088      0t0  TCP aap24-control.aap-test.local:60184->aap24-database.aap-test.local:postgres (ESTABLISHED)
gunicorn   1430          pulp   11u  IPv4  28105      0t0  TCP aap24-control.aap-test.local:60222->aap24-database.aap-test.local:postgres (ESTABLISHED)
awx-manag  1720           awx   16u  IPv4  98573      0t0  TCP aap24-control.aap-test.local:60026->aap24-database.aap-test.local:postgres (ESTABLISHED)
sshd       8470          root    4u  IPv4  77224      0t0  TCP aap24-control.aap-test.local:ssh->192.168.1.49:35216 (ESTABLISHED)
sshd       8490          root    4u  IPv4  77224      0t0  TCP aap24-control.aap-test.local:ssh->192.168.1.49:35216 (ESTABLISHED)
awx-manag  9507           awx   38u  IPv4  27121      0t0  TCP aap24-control.aap-test.local:60162->aap24-database.aap-test.local:postgres (ESTABLISHED)
awx-manag  9507           awx   54u  IPv4  96031      0t0  TCP aap24-control.aap-test.local:60030->aap24-database.aap-test.local:postgres (ESTABLISHED)
awx-manag 10504           awx   38u  IPv4  27121      0t0  TCP aap24-control.aap-test.local:60162->aap24-database.aap-test.local:postgres (ESTABLISHED)
awx-manag 10506           awx   38u  IPv4  27121      0t0  TCP aap24-control.aap-test.local:60162->aap24-database.aap-test.local:postgres (ESTABLISHED)
awx-manag 10506           awx   57u  IPv4  96776      0t0  TCP aap24-control.aap-test.local:59872->aap24-database.aap-test.local:postgres (ESTABLISHED)
awx-manag 10508           awx   38u  IPv4  27121      0t0  TCP aap24-control.aap-test.local:60162->aap24-database.aap-test.local:postgres (ESTABLISHED)
awx-manag 10508           awx   61u  IPv4  97674      0t0  TCP aap24-control.aap-test.local:59876->aap24-database.aap-test.local:postgres (ESTABLISHED)
awx-manag 11112           awx   37u  IPv4  99611      0t0  TCP aap24-control.aap-test.local:33586->aap24-database.aap-test.local:postgres (ESTABLISHED)
awx-manag 11112           awx   38u  IPv4  27121      0t0  TCP aap24-control.aap-test.local:60162->aap24-database.aap-test.local:postgres (ESTABLISHED)
awx-manag 11114           awx   38u  IPv4  27121      0t0  TCP aap24-control.aap-test.local:60162->aap24-database.aap-test.local:postgres (ESTABLISHED)
awx-manag 11116           awx   38u  IPv4  27121      0t0  TCP aap24-control.aap-test.local:60162->aap24-database.aap-test.local:postgres (ESTABLISHED)
awx-manag 11116           awx   61u  IPv4  98540      0t0  TCP aap24-control.aap-test.local:33594->aap24-database.aap-test.local:postgres (ESTABLISHED)
  No network connections found

=== RECEPTOR MEMORY SUMMARY ===
Total Receptor RSS Memory: 50256 KB (49 MB)
Total Receptor VSZ Memory: 1207444 KB (1179 MB)
Number of Receptor Processes: 3

AAP-related Processes and Children:
=== AAP Service Processes ===
Process: gunicorn (PID: 744)
    PID    PPID CMD                           RSS
    744       1 /usr/bin/python3 /bin/gunic 25740
  Children of PID 744:
    PID    PPID CMD                           RSS
    827     744 /usr/bin/python3 /bin/gunic 69436
    PID    PPID CMD                           RSS
    853     744 /usr/bin/python3 /bin/gunic 69060
    PID    PPID CMD                           RSS
    858     744 /usr/bin/python3 /bin/gunic 69536
    PID    PPID CMD                           RSS
    862     744 /usr/bin/python3 /bin/gunic 69224
    PID    PPID CMD                           RSS
    867     744 /usr/bin/python3 /bin/gunic 69368
    PID    PPID CMD                           RSS
    892     744 /usr/bin/python3 /bin/gunic 69324
    PID    PPID CMD                           RSS
    903     744 /usr/bin/python3 /bin/gunic 69388
    PID    PPID CMD                           RSS
    929     744 /usr/bin/python3 /bin/gunic 69296
    PID    PPID CMD                           RSS
    984     744 /usr/bin/python3 /bin/gunic 69340

Process: receptor (PID: 753)
    PID    PPID CMD                           RSS
    753       1 /usr/bin/receptor -c /etc/r 46800

Process: gunicorn (PID: 827)
    PID    PPID CMD                           RSS
    827     744 /usr/bin/python3 /bin/gunic 69436

Process: gunicorn (PID: 853)
    PID    PPID CMD                           RSS
    853     744 /usr/bin/python3 /bin/gunic 69060

Process: gunicorn (PID: 858)
    PID    PPID CMD                           RSS
    858     744 /usr/bin/python3 /bin/gunic 69536

Process: gunicorn (PID: 862)
    PID    PPID CMD                           RSS
    862     744 /usr/bin/python3 /bin/gunic 69224

Process: gunicorn (PID: 867)
    PID    PPID CMD                           RSS
    867     744 /usr/bin/python3 /bin/gunic 69368

Process: gunicorn (PID: 892)
    PID    PPID CMD                           RSS
    892     744 /usr/bin/python3 /bin/gunic 69324

Process: gunicorn (PID: 903)
    PID    PPID CMD                           RSS
    903     744 /usr/bin/python3 /bin/gunic 69388

Process: gunicorn (PID: 929)
    PID    PPID CMD                           RSS
    929     744 /usr/bin/python3 /bin/gunic 69296

Process: gunicorn (PID: 984)
    PID    PPID CMD                           RSS
    984     744 /usr/bin/python3 /bin/gunic 69340

Process: redis-server (PID: 1121)
    PID    PPID CMD                           RSS
   1121       1 /usr/bin/redis-server unixs 13436

Process: nginx (PID: 1176)
    PID    PPID CMD                           RSS
   1176       1 nginx: master process /usr/  2576
  Children of PID 1176:
    PID    PPID CMD                           RSS
   1178    1176 nginx: worker process        4112
    PID    PPID CMD                           RSS
   1179    1176 nginx: worker process        4112
    PID    PPID CMD                           RSS
   1180    1176 nginx: worker process        4112
    PID    PPID CMD                           RSS
   1181    1176 nginx: worker process        8336

Process: nginx (PID: 1178)
    PID    PPID CMD                           RSS
   1178    1176 nginx: worker process        4112

Process: nginx (PID: 1179)
    PID    PPID CMD                           RSS
   1179    1176 nginx: worker process        4112

Process: nginx (PID: 1180)
    PID    PPID CMD                           RSS
   1180    1176 nginx: worker process        4112

Process: nginx (PID: 1181)
    PID    PPID CMD                           RSS
   1181    1176 nginx: worker process        8336

Process: uwsgi (PID: 1191)
    PID    PPID CMD                           RSS
   1191     835 /var/lib/awx/venv/awx/bin/u 103248
  Children of PID 1191:
    PID    PPID CMD                           RSS
   1686    1191 /var/lib/awx/venv/awx/bin/u 87792
    PID    PPID CMD                           RSS
   1687    1191 /var/lib/awx/venv/awx/bin/u 108656
    PID    PPID CMD                           RSS
   1688    1191 /var/lib/awx/venv/awx/bin/u 87792
    PID    PPID CMD                           RSS
   1689    1191 /var/lib/awx/venv/awx/bin/u 87792

Process: uwsgi (PID: 1686)
    PID    PPID CMD                           RSS
   1686    1191 /var/lib/awx/venv/awx/bin/u 87792

Process: uwsgi (PID: 1687)
    PID    PPID CMD                           RSS
   1687    1191 /var/lib/awx/venv/awx/bin/u 108656

Process: uwsgi (PID: 1688)
    PID    PPID CMD                           RSS
   1688    1191 /var/lib/awx/venv/awx/bin/u 87792

Process: uwsgi (PID: 1689)
    PID    PPID CMD                           RSS
   1689    1191 /var/lib/awx/venv/awx/bin/u 87792

Process: bash (PID: 8628)
    PID    PPID CMD                           RSS
   8628       1 bash -c  log_file="/tmp/mem  3456
  Children of PID 8628:
    PID    PPID CMD                           RSS
  11527    8628 bash -c  log_file="/tmp/mem  2116

Process: bash (PID: 11527)
    PID    PPID CMD                           RSS
  11527    8628 bash -c  log_file="/tmp/mem  2116
  Children of PID 11527:
    PID    PPID CMD                           RSS


Process Tree for AAP Services:
=== automation-controller Process Tree ===
bash(8628)---pstree(11621)
=== receptor Process Tree ===
receptor(753)-+-{receptor}(758)
              |-{receptor}(759)
              |-{receptor}(760)
              |-{receptor}(761)
              |-{receptor}(766)
              `-{receptor}(767)
bash(8628)---pstree(11626)
=== nginx Process Tree ===
nginx(1176)-+-nginx(1178)
            |-nginx(1179)
            |-nginx(1180)
            `-nginx(1181)
nginx(1178)
nginx(1179)
nginx(1180)
nginx(1181)
bash(8628)---pstree(11635)
=== postgresql Process Tree ===
bash(8628)---pstree(11639)
=== redis Process Tree ===
redis-server(1121)-+-{redis-server}(1140)
                   |-{redis-server}(1141)
                   |-{redis-server}(1142)
                   `-{redis-server}(1143)
bash(8628)---pstree(11644)
=== uwsgi Process Tree ===
uwsgi(1191)-+-uwsgi(1686)
            |-uwsgi(1687)
            |-uwsgi(1688)
            `-uwsgi(1689)
uwsgi(1686)
uwsgi(1687)
uwsgi(1688)
uwsgi(1689)
bash(8628)---pstree(11653)
=== automation-hub Process Tree ===
bash(8628)---pstree(11657)
=== automation-eda Process Tree ===
gunicorn(744)-+-gunicorn(827)
              |-gunicorn(853)
              |-gunicorn(858)
              |-gunicorn(862)
              |-gunicorn(867)
              |-gunicorn(892)
              |-gunicorn(903)
              |-gunicorn(929)
              `-gunicorn(984)
gunicorn(827)
gunicorn(853)
gunicorn(858)
gunicorn(862)
gunicorn(867)
gunicorn(892)
gunicorn(903)
gunicorn(929)
gunicorn(984)
bash(8628)---pstree(11671)

=================================================================================
2025-06-27 14:26:45
Memory Usage Report:
               total        used        free      shared  buff/cache   available
Mem:            7681        4280        3242          11         424        3400
Swap:           3071           0        3071

Top 10 Processes by RSS Memory:
    PID    PPID CMD                           RSS
   1186     835 /var/lib/awx/venv/awx/bin/p 133520
   1188     835 /var/lib/awx/venv/awx/bin/p 131300
   1225     835 /var/lib/awx/venv/awx/bin/p 130880
  10508    1186 /var/lib/awx/venv/awx/bin/p 127516
  11112    1186 /var/lib/awx/venv/awx/bin/p 127276
  11114    1186 /var/lib/awx/venv/awx/bin/p 127148
   1212     835 /var/lib/awx/venv/awx/bin/p 127016
  11116    1186 /var/lib/awx/venv/awx/bin/p 126764
  11719    1186 /var/lib/awx/venv/awx/bin/p 124732
  11721    1186 /var/lib/awx/venv/awx/bin/p 124604

=== RECEPTOR PROCESS ANALYSIS ===
Receptor Main Processes:
    PID    PPID CMD                           RSS    VSZ %CPU %MEM     ELAPSED
    753       1 /usr/bin/receptor -c /etc/r 46800 1200184 0.0  0.5       23:30
Receptor Child Processes for PID 753:
  No child processes found
Receptor Threads for PID 753:
    PID    SPID %CPU %MEM   RSS COMMAND
    753     753  0.0  0.5 46800 receptor
    753     758  0.0  0.5 46800 receptor
    753     759  0.0  0.5 46800 receptor
    753     760  0.0  0.5 46800 receptor
    753     761  0.0  0.5 46800 receptor
    753     766  0.0  0.5 46800 receptor
    753     767  0.0  0.5 46800 receptor
Receptor Network Connections for PID 753:
COMMAND     PID          USER   FD      TYPE             DEVICE SIZE/OFF     NODE NAME
receptor    753           awx  cwd       DIR              253,0      235      128 /
receptor    753           awx  rtd       DIR              253,0      235      128 /
receptor    753           awx  txt       REG              253,0 54652712 33925292 /usr/bin/receptor
receptor    753           awx  mem       REG              253,0  5436640 50586900 /usr/lib64/libcrypto.so.3.2.2
receptor    753           awx  mem       REG              253,0  2544344 50586163 /usr/lib64/libc.so.6
receptor    753           awx  mem       REG              253,0   102552 50586185 /usr/lib64/libz.so.1.2.11
receptor    753           awx  mem       REG              253,0   897856 50586159 /usr/lib64/ld-linux-x86-64.so.2
receptor    753           awx    0r      CHR                1,3      0t0        4 /dev/null
receptor    753           awx    1w      REG              253,0     2565 33993089 /var/log/receptor/receptor.log
receptor    753           awx    2w      REG              253,0     2565 33993089 /var/log/receptor/receptor.log
receptor    753           awx    3rW     REG               0,24        0      969 /run/awx-receptor/receptor.sock.lock
receptor    753           awx    4u  a_inode               0,14        0       62 [eventpoll:5,7,8]
receptor    753           awx    5r     FIFO               0,13      0t0    21430 pipe
receptor    753           awx    6w     FIFO               0,13      0t0    21430 pipe
receptor    753           awx    7u     unix 0xffff8afa07ec8a00      0t0    16215 /var/run/awx-receptor/receptor.sock type=STREAM (LISTEN)
receptor    753           awx    8u     IPv4              26232      0t0      TCP aap24-control.aap-test.local:51094->aap24-execution.aap-test.local:27199 (ESTABLISHED)
chronyd     763        chrony    5u     IPv4              16184      0t0      UDP localhost:323 
chronyd     763        chrony    6u     IPv6              16185      0t0      UDP localhost:323 
NetworkMa   769          root   26u     IPv4              23280      0t0      UDP aap24-control.aap-test.local:bootpc->pi.hole:bootps 
sshd        802          root    3u     IPv4              16279      0t0      TCP *:ssh (LISTEN)
sshd        802          root    4u     IPv6              16281      0t0      TCP *:ssh (LISTEN)
node_expo  1111 node_exporter    3u     IPv6              25814      0t0      TCP *:jetdirect (LISTEN)
node_expo  1111 node_exporter    7u     IPv6              26405      0t0      TCP aap24-control.aap-test.local:jetdirect->monitoring-node.aap-test.local:49902 (ESTABLISHED)
pulpcore-  1116          pulp    6u     IPv4              26509      0t0      TCP aap24-control.aap-test.local:60002->aap24-database.aap-test.local:postgres (ESTABLISHED)
pulpcore-  1118          pulp    6u     IPv4              25307      0t0      TCP aap24-control.aap-test.local:59996->aap24-database.aap-test.local:postgres (ESTABLISHED)
nginx      1176          root   12u     IPv4              24386      0t0      TCP *:https (LISTEN)
nginx      1176          root   13u     IPv4              24387      0t0      TCP *:http (LISTEN)
nginx      1176          root   14u     IPv6              24388      0t0      TCP *:https (LISTEN)
nginx      1176          root   15u     IPv6              24389      0t0      TCP *:http (LISTEN)
nginx      1178         nginx   12u     IPv4              24386      0t0      TCP *:https (LISTEN)
nginx      1178         nginx   13u     IPv4              24387      0t0      TCP *:http (LISTEN)
nginx      1178         nginx   14u     IPv6              24388      0t0      TCP *:https (LISTEN)
nginx      1178         nginx   15u     IPv6              24389      0t0      TCP *:http (LISTEN)
nginx      1179         nginx   12u     IPv4              24386      0t0      TCP *:https (LISTEN)
nginx      1179         nginx   13u     IPv4              24387      0t0      TCP *:http (LISTEN)
nginx      1179         nginx   14u     IPv6              24388      0t0      TCP *:https (LISTEN)
nginx      1179         nginx   15u     IPv6              24389      0t0      TCP *:http (LISTEN)
nginx      1180         nginx   12u     IPv4              24386      0t0      TCP *:https (LISTEN)
nginx      1180         nginx   13u     IPv4              24387      0t0      TCP *:http (LISTEN)
nginx      1180         nginx   14u     IPv6              24388      0t0      TCP *:https (LISTEN)
nginx      1180         nginx   15u     IPv6              24389      0t0      TCP *:http (LISTEN)
nginx      1181         nginx   12u     IPv4              24386      0t0      TCP *:https (LISTEN)
nginx      1181         nginx   13u     IPv4              24387      0t0      TCP *:http (LISTEN)
nginx      1181         nginx   14u     IPv6              24388      0t0      TCP *:https (LISTEN)
nginx      1181         nginx   15u     IPv6              24389      0t0      TCP *:http (LISTEN)
awx-manag  1186           awx   38u     IPv4              27121      0t0      TCP aap24-control.aap-test.local:60162->aap24-database.aap-test.local:postgres (ESTABLISHED)
awx-manag  1188           awx   29u     IPv4              38928      0t0      TCP aap24-control.aap-test.local:59734->aap24-database.aap-test.local:postgres (ESTABLISHED)
daphne     1201           awx   13u     IPv4              28879      0t0      TCP aap24-control.aap-test.local:60106->aap24-database.aap-test.local:postgres (ESTABLISHED)
awx-manag  1212           awx   17u     IPv4              28973      0t0      TCP aap24-control.aap-test.local:60182->aap24-database.aap-test.local:postgres (ESTABLISHED)
awx-manag  1225          root    8u     IPv4              28965      0t0      TCP aap24-control.aap-test.local:60152->aap24-database.aap-test.local:postgres (ESTABLISHED)
awx-manag  1225          root   14u     IPv4              27893      0t0      TCP aap24-control.aap-test.local:60158->aap24-database.aap-test.local:postgres (ESTABLISHED)
awx-manag  1227           awx    8u     IPv4              27064      0t0      TCP aap24-control.aap-test.local:60098->aap24-database.aap-test.local:postgres (ESTABLISHED)
awx-manag  1227           awx   14u     IPv4              27886      0t0      TCP aap24-control.aap-test.local:60146->aap24-database.aap-test.local:postgres (ESTABLISHED)
gunicorn   1341          pulp   12u     IPv4              28148      0t0      TCP aap24-control.aap-test.local:60230->aap24-database.aap-test.local:postgres (ESTABLISHED)
gunicorn   1372          pulp   12u     IPv4              27288      0t0      TCP aap24-control.aap-test.local:60206->aap24-database.aap-test.local:postgres (ESTABLISHED)
gunicorn   1373          pulp   12u     IPv4              27206      0t0      TCP aap24-control.aap-test.local:60198->aap24-database.aap-test.local:postgres (ESTABLISHED)
gunicorn   1374          pulp   12u     IPv4              29207      0t0      TCP aap24-control.aap-test.local:60214->aap24-database.aap-test.local:postgres (ESTABLISHED)
gunicorn   1392          pulp   12u     IPv4              29210      0t0      TCP aap24-control.aap-test.local:60220->aap24-database.aap-test.local:postgres (ESTABLISHED)
gunicorn   1397          pulp   12u     IPv4              29213      0t0      TCP aap24-control.aap-test.local:60236->aap24-database.aap-test.local:postgres (ESTABLISHED)
gunicorn   1418          pulp   11u     IPv4              29088      0t0      TCP aap24-control.aap-test.local:60184->aap24-database.aap-test.local:postgres (ESTABLISHED)
gunicorn   1430          pulp   11u     IPv4              28105      0t0      TCP aap24-control.aap-test.local:60222->aap24-database.aap-test.local:postgres (ESTABLISHED)
sshd       8470          root    4u     IPv4              77224      0t0      TCP aap24-control.aap-test.local:ssh->192.168.1.49:35216 (ESTABLISHED)
sshd       8490          root    4u     IPv4              77224      0t0      TCP aap24-control.aap-test.local:ssh->192.168.1.49:35216 (ESTABLISHED)
awx-manag 10508           awx   38u     IPv4              27121      0t0      TCP aap24-control.aap-test.local:60162->aap24-database.aap-test.local:postgres (ESTABLISHED)
awx-manag 11112           awx   37u     IPv4              99009      0t0      TCP aap24-control.aap-test.local:50818->aap24-database.aap-test.local:postgres (ESTABLISHED)
awx-manag 11112           awx   38u     IPv4              27121      0t0      TCP aap24-control.aap-test.local:60162->aap24-database.aap-test.local:postgres (ESTABLISHED)
awx-manag 11114           awx   38u     IPv4              27121      0t0      TCP aap24-control.aap-test.local:60162->aap24-database.aap-test.local:postgres (ESTABLISHED)
awx-manag 11114           awx   40u     IPv4             100222      0t0      TCP aap24-control.aap-test.local:50794->aap24-database.aap-test.local:postgres (ESTABLISHED)
awx-manag 11116           awx   38u     IPv4              27121      0t0      TCP aap24-control.aap-test.local:60162->aap24-database.aap-test.local:postgres (ESTABLISHED)
awx-manag 11116           awx   61u     IPv4             101625      0t0      TCP aap24-control.aap-test.local:50810->aap24-database.aap-test.local:postgres (ESTABLISHED)
awx-manag 11719           awx   35u     IPv4             100226      0t0      TCP aap24-control.aap-test.local:50824->aap24-database.aap-test.local:postgres (ESTABLISHED)
awx-manag 11719           awx   38u     IPv4              27121      0t0      TCP aap24-control.aap-test.local:60162->aap24-database.aap-test.local:postgres (ESTABLISHED)
awx-manag 11721           awx   38u     IPv4              27121      0t0      TCP aap24-control.aap-test.local:60162->aap24-database.aap-test.local:postgres (ESTABLISHED)
awx-manag 11721           awx   45u     IPv4             100233      0t0      TCP aap24-control.aap-test.local:50830->aap24-database.aap-test.local:postgres (ESTABLISHED)
awx-manag 11723           awx   38u     IPv4              27121      0t0      TCP aap24-control.aap-test.local:60162->aap24-database.aap-test.local:postgres (ESTABLISHED)

    PID    PPID CMD                           RSS    VSZ %CPU %MEM     ELAPSED
   8628       1 bash -c  log_file="/tmp/mem  3456   7260  0.0  0.0       05:15
Receptor Child Processes for PID 8628:
      PID    PPID CMD                           RSS    VSZ %CPU %MEM     ELAPSED
Receptor Threads for PID 8628:
    PID    SPID %CPU %MEM   RSS COMMAND
   8628    8628  0.0  0.0  3456 bash
Receptor Network Connections for PID 8628:
COMMAND     PID          USER   FD   TYPE DEVICE SIZE/OFF     NODE NAME
receptor    753           awx    8u  IPv4  26232      0t0      TCP aap24-control.aap-test.local:51094->aap24-execution.aap-test.local:27199 (ESTABLISHED)
chronyd     763        chrony    5u  IPv4  16184      0t0      UDP localhost:323 
chronyd     763        chrony    6u  IPv6  16185      0t0      UDP localhost:323 
NetworkMa   769          root   26u  IPv4  23280      0t0      UDP aap24-control.aap-test.local:bootpc->pi.hole:bootps 
sshd        802          root    3u  IPv4  16279      0t0      TCP *:ssh (LISTEN)
sshd        802          root    4u  IPv6  16281      0t0      TCP *:ssh (LISTEN)
node_expo  1111 node_exporter    3u  IPv6  25814      0t0      TCP *:jetdirect (LISTEN)
node_expo  1111 node_exporter    7u  IPv6  26405      0t0      TCP aap24-control.aap-test.local:jetdirect->monitoring-node.aap-test.local:49902 (ESTABLISHED)
pulpcore-  1116          pulp    6u  IPv4  26509      0t0      TCP aap24-control.aap-test.local:60002->aap24-database.aap-test.local:postgres (ESTABLISHED)
pulpcore-  1118          pulp    6u  IPv4  25307      0t0      TCP aap24-control.aap-test.local:59996->aap24-database.aap-test.local:postgres (ESTABLISHED)
nginx      1176          root   12u  IPv4  24386      0t0      TCP *:https (LISTEN)
nginx      1176          root   13u  IPv4  24387      0t0      TCP *:http (LISTEN)
nginx      1176          root   14u  IPv6  24388      0t0      TCP *:https (LISTEN)
nginx      1176          root   15u  IPv6  24389      0t0      TCP *:http (LISTEN)
nginx      1178         nginx   12u  IPv4  24386      0t0      TCP *:https (LISTEN)
nginx      1178         nginx   13u  IPv4  24387      0t0      TCP *:http (LISTEN)
nginx      1178         nginx   14u  IPv6  24388      0t0      TCP *:https (LISTEN)
nginx      1178         nginx   15u  IPv6  24389      0t0      TCP *:http (LISTEN)
nginx      1179         nginx   12u  IPv4  24386      0t0      TCP *:https (LISTEN)
nginx      1179         nginx   13u  IPv4  24387      0t0      TCP *:http (LISTEN)
nginx      1179         nginx   14u  IPv6  24388      0t0      TCP *:https (LISTEN)
nginx      1179         nginx   15u  IPv6  24389      0t0      TCP *:http (LISTEN)
nginx      1180         nginx   12u  IPv4  24386      0t0      TCP *:https (LISTEN)
nginx      1180         nginx   13u  IPv4  24387      0t0      TCP *:http (LISTEN)
nginx      1180         nginx   14u  IPv6  24388      0t0      TCP *:https (LISTEN)
nginx      1180         nginx   15u  IPv6  24389      0t0      TCP *:http (LISTEN)
nginx      1181         nginx   12u  IPv4  24386      0t0      TCP *:https (LISTEN)
nginx      1181         nginx   13u  IPv4  24387      0t0      TCP *:http (LISTEN)
nginx      1181         nginx   14u  IPv6  24388      0t0      TCP *:https (LISTEN)
nginx      1181         nginx   15u  IPv6  24389      0t0      TCP *:http (LISTEN)
awx-manag  1186           awx   38u  IPv4  27121      0t0      TCP aap24-control.aap-test.local:60162->aap24-database.aap-test.local:postgres (ESTABLISHED)
awx-manag  1188           awx   29u  IPv4  38928      0t0      TCP aap24-control.aap-test.local:59734->aap24-database.aap-test.local:postgres (ESTABLISHED)
daphne     1201           awx   13u  IPv4  28879      0t0      TCP aap24-control.aap-test.local:60106->aap24-database.aap-test.local:postgres (ESTABLISHED)
awx-manag  1212           awx   17u  IPv4  28973      0t0      TCP aap24-control.aap-test.local:60182->aap24-database.aap-test.local:postgres (ESTABLISHED)
awx-manag  1225          root    8u  IPv4  28965      0t0      TCP aap24-control.aap-test.local:60152->aap24-database.aap-test.local:postgres (ESTABLISHED)
awx-manag  1225          root   14u  IPv4  27893      0t0      TCP aap24-control.aap-test.local:60158->aap24-database.aap-test.local:postgres (ESTABLISHED)
awx-manag  1227           awx    8u  IPv4  27064      0t0      TCP aap24-control.aap-test.local:60098->aap24-database.aap-test.local:postgres (ESTABLISHED)
awx-manag  1227           awx   14u  IPv4  27886      0t0      TCP aap24-control.aap-test.local:60146->aap24-database.aap-test.local:postgres (ESTABLISHED)
gunicorn   1341          pulp   12u  IPv4  28148      0t0      TCP aap24-control.aap-test.local:60230->aap24-database.aap-test.local:postgres (ESTABLISHED)
gunicorn   1372          pulp   12u  IPv4  27288      0t0      TCP aap24-control.aap-test.local:60206->aap24-database.aap-test.local:postgres (ESTABLISHED)
gunicorn   1373          pulp   12u  IPv4  27206      0t0      TCP aap24-control.aap-test.local:60198->aap24-database.aap-test.local:postgres (ESTABLISHED)
gunicorn   1374          pulp   12u  IPv4  29207      0t0      TCP aap24-control.aap-test.local:60214->aap24-database.aap-test.local:postgres (ESTABLISHED)
gunicorn   1392          pulp   12u  IPv4  29210      0t0      TCP aap24-control.aap-test.local:60220->aap24-database.aap-test.local:postgres (ESTABLISHED)
gunicorn   1397          pulp   12u  IPv4  29213      0t0      TCP aap24-control.aap-test.local:60236->aap24-database.aap-test.local:postgres (ESTABLISHED)
gunicorn   1418          pulp   11u  IPv4  29088      0t0      TCP aap24-control.aap-test.local:60184->aap24-database.aap-test.local:postgres (ESTABLISHED)
gunicorn   1430          pulp   11u  IPv4  28105      0t0      TCP aap24-control.aap-test.local:60222->aap24-database.aap-test.local:postgres (ESTABLISHED)
sshd       8470          root    4u  IPv4  77224      0t0      TCP aap24-control.aap-test.local:ssh->192.168.1.49:35216 (ESTABLISHED)
sshd       8490          root    4u  IPv4  77224      0t0      TCP aap24-control.aap-test.local:ssh->192.168.1.49:35216 (ESTABLISHED)
bash       8628          root  cwd    DIR  253,0      164 33685638 /root
bash       8628          root  rtd    DIR  253,0      235      128 /
bash       8628          root  txt    REG  253,0  1389072 33846112 /usr/bin/bash
bash       8628          root  mem    REG  253,0  2586930 50586136 /usr/lib/locale/en_US.utf8/LC_COLLATE
bash       8628          root  mem    REG  253,0  2544344 50586163 /usr/lib64/libc.so.6
bash       8628          root  mem    REG  253,0   346132 33846229 /usr/lib/locale/C.utf8/LC_CTYPE
bash       8628          root  mem    REG  253,0       54 50586139 /usr/lib/locale/en_US.utf8/LC_NUMERIC
bash       8628          root  mem    REG  253,0     3284   223295 /usr/lib/locale/en_US.utf8/LC_TIME
bash       8628          root  mem    REG  253,0      286   223293 /usr/lib/locale/en_US.utf8/LC_MONETARY
bash       8628          root  mem    REG  253,0       57   223370 /usr/lib/locale/en_US.utf8/LC_MESSAGES/SYS_LC_MESSAGES
bash       8628          root  mem    REG  253,0    26988 17218970 /usr/lib64/gconv/gconv-modules.cache
bash       8628          root  mem    REG  253,0   195080 50585814 /usr/lib64/libtinfo.so.6.2
bash       8628          root  mem    REG  253,0       34 33846531 /usr/lib/locale/en_US.utf8/LC_PAPER
bash       8628          root  mem    REG  253,0       77 50586138 /usr/lib/locale/en_US.utf8/LC_NAME
bash       8628          root  mem    REG  253,0      167   223289 /usr/lib/locale/en_US.utf8/LC_ADDRESS
bash       8628          root  mem    REG  253,0       59   223294 /usr/lib/locale/en_US.utf8/LC_TELEPHONE
bash       8628          root  mem    REG  253,0       23   223292 /usr/lib/locale/en_US.utf8/LC_MEASUREMENT
bash       8628          root  mem    REG  253,0      369   223291 /usr/lib/locale/en_US.utf8/LC_IDENTIFICATION
bash       8628          root  mem    REG  253,0   897856 50586159 /usr/lib64/ld-linux-x86-64.so.2
bash       8628          root    0r   CHR    1,3      0t0        4 /dev/null
bash       8628          root    1w   REG  253,0        0 16785749 /tmp/memory_monitor.log
bash       8628          root    2w   REG  253,0        0 16785749 /tmp/memory_monitor.log
bash       8628          root    3r  FIFO   0,13      0t0    99163 pipe
awx-manag 10508           awx   38u  IPv4  27121      0t0      TCP aap24-control.aap-test.local:60162->aap24-database.aap-test.local:postgres (ESTABLISHED)
awx-manag 11112           awx   37u  IPv4  99009      0t0      TCP aap24-control.aap-test.local:50818->aap24-database.aap-test.local:postgres (ESTABLISHED)
awx-manag 11112           awx   38u  IPv4  27121      0t0      TCP aap24-control.aap-test.local:60162->aap24-database.aap-test.local:postgres (ESTABLISHED)
awx-manag 11114           awx   38u  IPv4  27121      0t0      TCP aap24-control.aap-test.local:60162->aap24-database.aap-test.local:postgres (ESTABLISHED)
awx-manag 11114           awx   40u  IPv4 100222      0t0      TCP aap24-control.aap-test.local:50794->aap24-database.aap-test.local:postgres (ESTABLISHED)
awx-manag 11116           awx   38u  IPv4  27121      0t0      TCP aap24-control.aap-test.local:60162->aap24-database.aap-test.local:postgres (ESTABLISHED)
awx-manag 11116           awx   61u  IPv4 101625      0t0      TCP aap24-control.aap-test.local:50810->aap24-database.aap-test.local:postgres (ESTABLISHED)
awx-manag 11719           awx   35u  IPv4 100226      0t0      TCP aap24-control.aap-test.local:50824->aap24-database.aap-test.local:postgres (ESTABLISHED)
awx-manag 11719           awx   38u  IPv4  27121      0t0      TCP aap24-control.aap-test.local:60162->aap24-database.aap-test.local:postgres (ESTABLISHED)
awx-manag 11721           awx   38u  IPv4  27121      0t0      TCP aap24-control.aap-test.local:60162->aap24-database.aap-test.local:postgres (ESTABLISHED)
awx-manag 11721           awx   45u  IPv4 100233      0t0      TCP aap24-control.aap-test.local:50830->aap24-database.aap-test.local:postgres (ESTABLISHED)
awx-manag 11723           awx   38u  IPv4  27121      0t0      TCP aap24-control.aap-test.local:60162->aap24-database.aap-test.local:postgres (ESTABLISHED)

    PID    PPID CMD                           RSS    VSZ %CPU %MEM     ELAPSED
Receptor Child Processes for PID 11757:
  No child processes found
Receptor Threads for PID 11757:
    PID    SPID %CPU %MEM   RSS COMMAND
Receptor Network Connections for PID 11757:
COMMAND     PID          USER   FD   TYPE DEVICE SIZE/OFF NODE NAME
receptor    753           awx    8u  IPv4  26232      0t0  TCP aap24-control.aap-test.local:51094->aap24-execution.aap-test.local:27199 (ESTABLISHED)
chronyd     763        chrony    5u  IPv4  16184      0t0  UDP localhost:323 
chronyd     763        chrony    6u  IPv6  16185      0t0  UDP localhost:323 
NetworkMa   769          root   26u  IPv4  23280      0t0  UDP aap24-control.aap-test.local:bootpc->pi.hole:bootps 
sshd        802          root    3u  IPv4  16279      0t0  TCP *:ssh (LISTEN)
sshd        802          root    4u  IPv6  16281      0t0  TCP *:ssh (LISTEN)
node_expo  1111 node_exporter    3u  IPv6  25814      0t0  TCP *:jetdirect (LISTEN)
node_expo  1111 node_exporter    7u  IPv6  26405      0t0  TCP aap24-control.aap-test.local:jetdirect->monitoring-node.aap-test.local:49902 (ESTABLISHED)
pulpcore-  1116          pulp    6u  IPv4  26509      0t0  TCP aap24-control.aap-test.local:60002->aap24-database.aap-test.local:postgres (ESTABLISHED)
pulpcore-  1118          pulp    6u  IPv4  25307      0t0  TCP aap24-control.aap-test.local:59996->aap24-database.aap-test.local:postgres (ESTABLISHED)
nginx      1176          root   12u  IPv4  24386      0t0  TCP *:https (LISTEN)
nginx      1176          root   13u  IPv4  24387      0t0  TCP *:http (LISTEN)
nginx      1176          root   14u  IPv6  24388      0t0  TCP *:https (LISTEN)
nginx      1176          root   15u  IPv6  24389      0t0  TCP *:http (LISTEN)
nginx      1178         nginx   12u  IPv4  24386      0t0  TCP *:https (LISTEN)
nginx      1178         nginx   13u  IPv4  24387      0t0  TCP *:http (LISTEN)
nginx      1178         nginx   14u  IPv6  24388      0t0  TCP *:https (LISTEN)
nginx      1178         nginx   15u  IPv6  24389      0t0  TCP *:http (LISTEN)
nginx      1179         nginx   12u  IPv4  24386      0t0  TCP *:https (LISTEN)
nginx      1179         nginx   13u  IPv4  24387      0t0  TCP *:http (LISTEN)
nginx      1179         nginx   14u  IPv6  24388      0t0  TCP *:https (LISTEN)
nginx      1179         nginx   15u  IPv6  24389      0t0  TCP *:http (LISTEN)
nginx      1180         nginx   12u  IPv4  24386      0t0  TCP *:https (LISTEN)
nginx      1180         nginx   13u  IPv4  24387      0t0  TCP *:http (LISTEN)
nginx      1180         nginx   14u  IPv6  24388      0t0  TCP *:https (LISTEN)
nginx      1180         nginx   15u  IPv6  24389      0t0  TCP *:http (LISTEN)
nginx      1181         nginx   12u  IPv4  24386      0t0  TCP *:https (LISTEN)
nginx      1181         nginx   13u  IPv4  24387      0t0  TCP *:http (LISTEN)
nginx      1181         nginx   14u  IPv6  24388      0t0  TCP *:https (LISTEN)
nginx      1181         nginx   15u  IPv6  24389      0t0  TCP *:http (LISTEN)
awx-manag  1186           awx   38u  IPv4  27121      0t0  TCP aap24-control.aap-test.local:60162->aap24-database.aap-test.local:postgres (ESTABLISHED)
awx-manag  1188           awx   29u  IPv4  38928      0t0  TCP aap24-control.aap-test.local:59734->aap24-database.aap-test.local:postgres (ESTABLISHED)
daphne     1201           awx   13u  IPv4  28879      0t0  TCP aap24-control.aap-test.local:60106->aap24-database.aap-test.local:postgres (ESTABLISHED)
awx-manag  1212           awx   17u  IPv4  28973      0t0  TCP aap24-control.aap-test.local:60182->aap24-database.aap-test.local:postgres (ESTABLISHED)
awx-manag  1225          root    8u  IPv4  28965      0t0  TCP aap24-control.aap-test.local:60152->aap24-database.aap-test.local:postgres (ESTABLISHED)
awx-manag  1225          root   14u  IPv4  27893      0t0  TCP aap24-control.aap-test.local:60158->aap24-database.aap-test.local:postgres (ESTABLISHED)
awx-manag  1227           awx    8u  IPv4  27064      0t0  TCP aap24-control.aap-test.local:60098->aap24-database.aap-test.local:postgres (ESTABLISHED)
awx-manag  1227           awx   14u  IPv4  27886      0t0  TCP aap24-control.aap-test.local:60146->aap24-database.aap-test.local:postgres (ESTABLISHED)
gunicorn   1341          pulp   12u  IPv4  28148      0t0  TCP aap24-control.aap-test.local:60230->aap24-database.aap-test.local:postgres (ESTABLISHED)
gunicorn   1372          pulp   12u  IPv4  27288      0t0  TCP aap24-control.aap-test.local:60206->aap24-database.aap-test.local:postgres (ESTABLISHED)
gunicorn   1373          pulp   12u  IPv4  27206      0t0  TCP aap24-control.aap-test.local:60198->aap24-database.aap-test.local:postgres (ESTABLISHED)
gunicorn   1374          pulp   12u  IPv4  29207      0t0  TCP aap24-control.aap-test.local:60214->aap24-database.aap-test.local:postgres (ESTABLISHED)
gunicorn   1392          pulp   12u  IPv4  29210      0t0  TCP aap24-control.aap-test.local:60220->aap24-database.aap-test.local:postgres (ESTABLISHED)
gunicorn   1397          pulp   12u  IPv4  29213      0t0  TCP aap24-control.aap-test.local:60236->aap24-database.aap-test.local:postgres (ESTABLISHED)
gunicorn   1418          pulp   11u  IPv4  29088      0t0  TCP aap24-control.aap-test.local:60184->aap24-database.aap-test.local:postgres (ESTABLISHED)
gunicorn   1430          pulp   11u  IPv4  28105      0t0  TCP aap24-control.aap-test.local:60222->aap24-database.aap-test.local:postgres (ESTABLISHED)
sshd       8470          root    4u  IPv4  77224      0t0  TCP aap24-control.aap-test.local:ssh->192.168.1.49:35216 (ESTABLISHED)
sshd       8490          root    4u  IPv4  77224      0t0  TCP aap24-control.aap-test.local:ssh->192.168.1.49:35216 (ESTABLISHED)
awx-manag 10508           awx   38u  IPv4  27121      0t0  TCP aap24-control.aap-test.local:60162->aap24-database.aap-test.local:postgres (ESTABLISHED)
awx-manag 11112           awx   37u  IPv4  99009      0t0  TCP aap24-control.aap-test.local:50818->aap24-database.aap-test.local:postgres (ESTABLISHED)
awx-manag 11112           awx   38u  IPv4  27121      0t0  TCP aap24-control.aap-test.local:60162->aap24-database.aap-test.local:postgres (ESTABLISHED)
awx-manag 11114           awx   38u  IPv4  27121      0t0  TCP aap24-control.aap-test.local:60162->aap24-database.aap-test.local:postgres (ESTABLISHED)
awx-manag 11114           awx   40u  IPv4 100222      0t0  TCP aap24-control.aap-test.local:50794->aap24-database.aap-test.local:postgres (ESTABLISHED)
awx-manag 11116           awx   38u  IPv4  27121      0t0  TCP aap24-control.aap-test.local:60162->aap24-database.aap-test.local:postgres (ESTABLISHED)
awx-manag 11116           awx   61u  IPv4 101625      0t0  TCP aap24-control.aap-test.local:50810->aap24-database.aap-test.local:postgres (ESTABLISHED)
awx-manag 11719           awx   35u  IPv4 100226      0t0  TCP aap24-control.aap-test.local:50824->aap24-database.aap-test.local:postgres (ESTABLISHED)
awx-manag 11719           awx   38u  IPv4  27121      0t0  TCP aap24-control.aap-test.local:60162->aap24-database.aap-test.local:postgres (ESTABLISHED)
awx-manag 11721           awx   38u  IPv4  27121      0t0  TCP aap24-control.aap-test.local:60162->aap24-database.aap-test.local:postgres (ESTABLISHED)
awx-manag 11721           awx   45u  IPv4 100233      0t0  TCP aap24-control.aap-test.local:50830->aap24-database.aap-test.local:postgres (ESTABLISHED)
awx-manag 11723           awx   38u  IPv4  27121      0t0  TCP aap24-control.aap-test.local:60162->aap24-database.aap-test.local:postgres (ESTABLISHED)
  No network connections found

=== RECEPTOR MEMORY SUMMARY ===
Total Receptor RSS Memory: 50256 KB (49 MB)
Total Receptor VSZ Memory: 1207444 KB (1179 MB)
Number of Receptor Processes: 3

AAP-related Processes and Children:
=== AAP Service Processes ===
Process: gunicorn (PID: 744)
    PID    PPID CMD                           RSS
    744       1 /usr/bin/python3 /bin/gunic 25740
  Children of PID 744:
    PID    PPID CMD                           RSS
    827     744 /usr/bin/python3 /bin/gunic 69436
    PID    PPID CMD                           RSS
    853     744 /usr/bin/python3 /bin/gunic 69060
    PID    PPID CMD                           RSS
    858     744 /usr/bin/python3 /bin/gunic 69536
    PID    PPID CMD                           RSS
    862     744 /usr/bin/python3 /bin/gunic 69224
    PID    PPID CMD                           RSS
    867     744 /usr/bin/python3 /bin/gunic 69368
    PID    PPID CMD                           RSS
    892     744 /usr/bin/python3 /bin/gunic 69324
    PID    PPID CMD                           RSS
    903     744 /usr/bin/python3 /bin/gunic 69388
    PID    PPID CMD                           RSS
    929     744 /usr/bin/python3 /bin/gunic 69296
    PID    PPID CMD                           RSS
    984     744 /usr/bin/python3 /bin/gunic 69340

Process: receptor (PID: 753)
    PID    PPID CMD                           RSS
    753       1 /usr/bin/receptor -c /etc/r 46800

Process: gunicorn (PID: 827)
    PID    PPID CMD                           RSS
    827     744 /usr/bin/python3 /bin/gunic 69436

Process: gunicorn (PID: 853)
    PID    PPID CMD                           RSS
    853     744 /usr/bin/python3 /bin/gunic 69060

Process: gunicorn (PID: 858)
    PID    PPID CMD                           RSS
    858     744 /usr/bin/python3 /bin/gunic 69536

Process: gunicorn (PID: 862)
    PID    PPID CMD                           RSS
    862     744 /usr/bin/python3 /bin/gunic 69224

Process: gunicorn (PID: 867)
    PID    PPID CMD                           RSS
    867     744 /usr/bin/python3 /bin/gunic 69368

Process: gunicorn (PID: 892)
    PID    PPID CMD                           RSS
    892     744 /usr/bin/python3 /bin/gunic 69324

Process: gunicorn (PID: 903)
    PID    PPID CMD                           RSS
    903     744 /usr/bin/python3 /bin/gunic 69388

Process: gunicorn (PID: 929)
    PID    PPID CMD                           RSS
    929     744 /usr/bin/python3 /bin/gunic 69296

Process: gunicorn (PID: 984)
    PID    PPID CMD                           RSS
    984     744 /usr/bin/python3 /bin/gunic 69340

Process: redis-server (PID: 1121)
    PID    PPID CMD                           RSS
   1121       1 /usr/bin/redis-server unixs 13436

Process: nginx (PID: 1176)
    PID    PPID CMD                           RSS
   1176       1 nginx: master process /usr/  2576
  Children of PID 1176:
    PID    PPID CMD                           RSS
   1178    1176 nginx: worker process        4112
    PID    PPID CMD                           RSS
   1179    1176 nginx: worker process        4112
    PID    PPID CMD                           RSS
   1180    1176 nginx: worker process        4112
    PID    PPID CMD                           RSS
   1181    1176 nginx: worker process        8336

Process: nginx (PID: 1178)
    PID    PPID CMD                           RSS
   1178    1176 nginx: worker process        4112

Process: nginx (PID: 1179)
    PID    PPID CMD                           RSS
   1179    1176 nginx: worker process        4112

Process: nginx (PID: 1180)
    PID    PPID CMD                           RSS
   1180    1176 nginx: worker process        4112

Process: nginx (PID: 1181)
    PID    PPID CMD                           RSS
   1181    1176 nginx: worker process        8336

Process: uwsgi (PID: 1191)
    PID    PPID CMD                           RSS
   1191     835 /var/lib/awx/venv/awx/bin/u 103248
  Children of PID 1191:
    PID    PPID CMD                           RSS
   1686    1191 /var/lib/awx/venv/awx/bin/u 87792
    PID    PPID CMD                           RSS
   1687    1191 /var/lib/awx/venv/awx/bin/u 108656
    PID    PPID CMD                           RSS
   1688    1191 /var/lib/awx/venv/awx/bin/u 87792
    PID    PPID CMD                           RSS
   1689    1191 /var/lib/awx/venv/awx/bin/u 87792

Process: uwsgi (PID: 1686)
    PID    PPID CMD                           RSS
   1686    1191 /var/lib/awx/venv/awx/bin/u 87792

Process: uwsgi (PID: 1687)
    PID    PPID CMD                           RSS
   1687    1191 /var/lib/awx/venv/awx/bin/u 108656

Process: uwsgi (PID: 1688)
    PID    PPID CMD                           RSS
   1688    1191 /var/lib/awx/venv/awx/bin/u 87792

Process: uwsgi (PID: 1689)
    PID    PPID CMD                           RSS
   1689    1191 /var/lib/awx/venv/awx/bin/u 87792

Process: bash (PID: 8628)
    PID    PPID CMD                           RSS
   8628       1 bash -c  log_file="/tmp/mem  3456
  Children of PID 8628:
    PID    PPID CMD                           RSS
  11837    8628 bash -c  log_file="/tmp/mem  2116

Process: bash (PID: 11837)
    PID    PPID CMD                           RSS
  11837    8628 bash -c  log_file="/tmp/mem  2116
  Children of PID 11837:
    PID    PPID CMD                           RSS


Process Tree for AAP Services:
=== automation-controller Process Tree ===
bash(8628)---pstree(11931)
=== receptor Process Tree ===
receptor(753)-+-{receptor}(758)
              |-{receptor}(759)
              |-{receptor}(760)
              |-{receptor}(761)
              |-{receptor}(766)
              `-{receptor}(767)
bash(8628)---pstree(11936)
=== nginx Process Tree ===
nginx(1176)-+-nginx(1178)
            |-nginx(1179)
            |-nginx(1180)
            `-nginx(1181)
nginx(1178)
nginx(1179)
nginx(1180)
nginx(1181)
bash(8628)---pstree(11945)
=== postgresql Process Tree ===
bash(8628)---pstree(11949)
=== redis Process Tree ===
redis-server(1121)-+-{redis-server}(1140)
                   |-{redis-server}(1141)
                   |-{redis-server}(1142)
                   `-{redis-server}(1143)
bash(8628)---pstree(11954)
=== uwsgi Process Tree ===
uwsgi(1191)-+-uwsgi(1686)
            |-uwsgi(1687)
            |-uwsgi(1688)
            `-uwsgi(1689)
uwsgi(1686)
uwsgi(1687)
uwsgi(1688)
uwsgi(1689)
bash(8628)---pstree(11969)
=== automation-hub Process Tree ===
bash(8628)---pstree(11978)
=== automation-eda Process Tree ===
gunicorn(744)-+-gunicorn(827)
              |-gunicorn(853)
              |-gunicorn(858)
              |-gunicorn(862)
              |-gunicorn(867)
              |-gunicorn(892)
              |-gunicorn(903)
              |-gunicorn(929)
              `-gunicorn(984)
gunicorn(827)
gunicorn(853)
gunicorn(858)
gunicorn(862)
gunicorn(867)
gunicorn(892)
gunicorn(903)
gunicorn(929)
gunicorn(984)
bash(8628)---pstree(11992)

=================================================================================
2025-06-27 14:27:17
Memory Usage Report:
               total        used        free      shared  buff/cache   available
Mem:            7681        4290        3231          11         424        3390
Swap:           3071           0        3071

Top 10 Processes by RSS Memory:
    PID    PPID CMD                           RSS
   1186     835 /var/lib/awx/venv/awx/bin/p 133520
   1188     835 /var/lib/awx/venv/awx/bin/p 131300
   1225     835 /var/lib/awx/venv/awx/bin/p 130880
  10508    1186 /var/lib/awx/venv/awx/bin/p 127516
  11112    1186 /var/lib/awx/venv/awx/bin/p 127276
  11114    1186 /var/lib/awx/venv/awx/bin/p 127148
  11723    1186 /var/lib/awx/venv/awx/bin/p 127036
  11116    1186 /var/lib/awx/venv/awx/bin/p 127020
   1212     835 /var/lib/awx/venv/awx/bin/p 127016
  11721    1186 /var/lib/awx/venv/awx/bin/p 126780

=== RECEPTOR PROCESS ANALYSIS ===
Receptor Main Processes:
    PID    PPID CMD                           RSS    VSZ %CPU %MEM     ELAPSED
    753       1 /usr/bin/receptor -c /etc/r 46800 1200184 0.0  0.5       24:02
Receptor Child Processes for PID 753:
  No child processes found
Receptor Threads for PID 753:
    PID    SPID %CPU %MEM   RSS COMMAND
    753     753  0.0  0.5 46800 receptor
    753     758  0.0  0.5 46800 receptor
    753     759  0.0  0.5 46800 receptor
    753     760  0.0  0.5 46800 receptor
    753     761  0.0  0.5 46800 receptor
    753     766  0.0  0.5 46800 receptor
    753     767  0.0  0.5 46800 receptor
Receptor Network Connections for PID 753:
COMMAND     PID          USER   FD      TYPE             DEVICE SIZE/OFF     NODE NAME
receptor    753           awx  cwd       DIR              253,0      235      128 /
receptor    753           awx  rtd       DIR              253,0      235      128 /
receptor    753           awx  txt       REG              253,0 54652712 33925292 /usr/bin/receptor
receptor    753           awx  mem       REG              253,0  5436640 50586900 /usr/lib64/libcrypto.so.3.2.2
receptor    753           awx  mem       REG              253,0  2544344 50586163 /usr/lib64/libc.so.6
receptor    753           awx  mem       REG              253,0   102552 50586185 /usr/lib64/libz.so.1.2.11
receptor    753           awx  mem       REG              253,0   897856 50586159 /usr/lib64/ld-linux-x86-64.so.2
receptor    753           awx    0r      CHR                1,3      0t0        4 /dev/null
receptor    753           awx    1w      REG              253,0     2565 33993089 /var/log/receptor/receptor.log
receptor    753           awx    2w      REG              253,0     2565 33993089 /var/log/receptor/receptor.log
receptor    753           awx    3rW     REG               0,24        0      969 /run/awx-receptor/receptor.sock.lock
receptor    753           awx    4u  a_inode               0,14        0       62 [eventpoll:5,7,8]
receptor    753           awx    5r     FIFO               0,13      0t0    21430 pipe
receptor    753           awx    6w     FIFO               0,13      0t0    21430 pipe
receptor    753           awx    7u     unix 0xffff8afa07ec8a00      0t0    16215 /var/run/awx-receptor/receptor.sock type=STREAM (LISTEN)
receptor    753           awx    8u     IPv4              26232      0t0      TCP aap24-control.aap-test.local:51094->aap24-execution.aap-test.local:27199 (ESTABLISHED)
chronyd     763        chrony    5u     IPv4              16184      0t0      UDP localhost:323 
chronyd     763        chrony    6u     IPv6              16185      0t0      UDP localhost:323 
NetworkMa   769          root   26u     IPv4              23280      0t0      UDP aap24-control.aap-test.local:bootpc->pi.hole:bootps 
sshd        802          root    3u     IPv4              16279      0t0      TCP *:ssh (LISTEN)
sshd        802          root    4u     IPv6              16281      0t0      TCP *:ssh (LISTEN)
node_expo  1111 node_exporter    3u     IPv6              25814      0t0      TCP *:jetdirect (LISTEN)
node_expo  1111 node_exporter    7u     IPv6              26405      0t0      TCP aap24-control.aap-test.local:jetdirect->monitoring-node.aap-test.local:49902 (ESTABLISHED)
pulpcore-  1116          pulp    6u     IPv4              26509      0t0      TCP aap24-control.aap-test.local:60002->aap24-database.aap-test.local:postgres (ESTABLISHED)
pulpcore-  1118          pulp    6u     IPv4              25307      0t0      TCP aap24-control.aap-test.local:59996->aap24-database.aap-test.local:postgres (ESTABLISHED)
nginx      1176          root   12u     IPv4              24386      0t0      TCP *:https (LISTEN)
nginx      1176          root   13u     IPv4              24387      0t0      TCP *:http (LISTEN)
nginx      1176          root   14u     IPv6              24388      0t0      TCP *:https (LISTEN)
nginx      1176          root   15u     IPv6              24389      0t0      TCP *:http (LISTEN)
nginx      1178         nginx   12u     IPv4              24386      0t0      TCP *:https (LISTEN)
nginx      1178         nginx   13u     IPv4              24387      0t0      TCP *:http (LISTEN)
nginx      1178         nginx   14u     IPv6              24388      0t0      TCP *:https (LISTEN)
nginx      1178         nginx   15u     IPv6              24389      0t0      TCP *:http (LISTEN)
nginx      1179         nginx   12u     IPv4              24386      0t0      TCP *:https (LISTEN)
nginx      1179         nginx   13u     IPv4              24387      0t0      TCP *:http (LISTEN)
nginx      1179         nginx   14u     IPv6              24388      0t0      TCP *:https (LISTEN)
nginx      1179         nginx   15u     IPv6              24389      0t0      TCP *:http (LISTEN)
nginx      1180         nginx   12u     IPv4              24386      0t0      TCP *:https (LISTEN)
nginx      1180         nginx   13u     IPv4              24387      0t0      TCP *:http (LISTEN)
nginx      1180         nginx   14u     IPv6              24388      0t0      TCP *:https (LISTEN)
nginx      1180         nginx   15u     IPv6              24389      0t0      TCP *:http (LISTEN)
nginx      1181         nginx   12u     IPv4              24386      0t0      TCP *:https (LISTEN)
nginx      1181         nginx   13u     IPv4              24387      0t0      TCP *:http (LISTEN)
nginx      1181         nginx   14u     IPv6              24388      0t0      TCP *:https (LISTEN)
nginx      1181         nginx   15u     IPv6              24389      0t0      TCP *:http (LISTEN)
awx-manag  1186           awx   38u     IPv4              27121      0t0      TCP aap24-control.aap-test.local:60162->aap24-database.aap-test.local:postgres (ESTABLISHED)
awx-manag  1188           awx   29u     IPv4              38928      0t0      TCP aap24-control.aap-test.local:59734->aap24-database.aap-test.local:postgres (ESTABLISHED)
daphne     1201           awx   13u     IPv4              28879      0t0      TCP aap24-control.aap-test.local:60106->aap24-database.aap-test.local:postgres (ESTABLISHED)
awx-manag  1212           awx   17u     IPv4              28973      0t0      TCP aap24-control.aap-test.local:60182->aap24-database.aap-test.local:postgres (ESTABLISHED)
awx-manag  1225          root    8u     IPv4              28965      0t0      TCP aap24-control.aap-test.local:60152->aap24-database.aap-test.local:postgres (ESTABLISHED)
awx-manag  1225          root   14u     IPv4              27893      0t0      TCP aap24-control.aap-test.local:60158->aap24-database.aap-test.local:postgres (ESTABLISHED)
awx-manag  1227           awx    8u     IPv4              27064      0t0      TCP aap24-control.aap-test.local:60098->aap24-database.aap-test.local:postgres (ESTABLISHED)
awx-manag  1227           awx   14u     IPv4              27886      0t0      TCP aap24-control.aap-test.local:60146->aap24-database.aap-test.local:postgres (ESTABLISHED)
gunicorn   1341          pulp   12u     IPv4              28148      0t0      TCP aap24-control.aap-test.local:60230->aap24-database.aap-test.local:postgres (ESTABLISHED)
gunicorn   1372          pulp   12u     IPv4              27288      0t0      TCP aap24-control.aap-test.local:60206->aap24-database.aap-test.local:postgres (ESTABLISHED)
gunicorn   1373          pulp   12u     IPv4              27206      0t0      TCP aap24-control.aap-test.local:60198->aap24-database.aap-test.local:postgres (ESTABLISHED)
gunicorn   1374          pulp   12u     IPv4              29207      0t0      TCP aap24-control.aap-test.local:60214->aap24-database.aap-test.local:postgres (ESTABLISHED)
gunicorn   1392          pulp   12u     IPv4              29210      0t0      TCP aap24-control.aap-test.local:60220->aap24-database.aap-test.local:postgres (ESTABLISHED)
gunicorn   1397          pulp   12u     IPv4              29213      0t0      TCP aap24-control.aap-test.local:60236->aap24-database.aap-test.local:postgres (ESTABLISHED)
gunicorn   1418          pulp   11u     IPv4              29088      0t0      TCP aap24-control.aap-test.local:60184->aap24-database.aap-test.local:postgres (ESTABLISHED)
gunicorn   1430          pulp   11u     IPv4              28105      0t0      TCP aap24-control.aap-test.local:60222->aap24-database.aap-test.local:postgres (ESTABLISHED)
awx-manag  1720           awx   16u     IPv4             103677      0t0      TCP aap24-control.aap-test.local:52930->aap24-database.aap-test.local:postgres (ESTABLISHED)
sshd       8470          root    4u     IPv4              77224      0t0      TCP aap24-control.aap-test.local:ssh->192.168.1.49:35216 (ESTABLISHED)
sshd       8490          root    4u     IPv4              77224      0t0      TCP aap24-control.aap-test.local:ssh->192.168.1.49:35216 (ESTABLISHED)
awx-manag 10508           awx   38u     IPv4              27121      0t0      TCP aap24-control.aap-test.local:60162->aap24-database.aap-test.local:postgres (ESTABLISHED)
awx-manag 11112           awx   37u     IPv4              99009      0t0      TCP aap24-control.aap-test.local:50818->aap24-database.aap-test.local:postgres (ESTABLISHED)
awx-manag 11112           awx   38u     IPv4              27121      0t0      TCP aap24-control.aap-test.local:60162->aap24-database.aap-test.local:postgres (ESTABLISHED)
awx-manag 11114           awx   38u     IPv4              27121      0t0      TCP aap24-control.aap-test.local:60162->aap24-database.aap-test.local:postgres (ESTABLISHED)
awx-manag 11114           awx   40u     IPv4             102118      0t0      TCP aap24-control.aap-test.local:52942->aap24-database.aap-test.local:postgres (ESTABLISHED)
awx-manag 11116           awx   38u     IPv4              27121      0t0      TCP aap24-control.aap-test.local:60162->aap24-database.aap-test.local:postgres (ESTABLISHED)
awx-manag 11116           awx   61u     IPv4             101229      0t0      TCP aap24-control.aap-test.local:52940->aap24-database.aap-test.local:postgres (ESTABLISHED)
awx-manag 11719           awx   35u     IPv4             100226      0t0      TCP aap24-control.aap-test.local:50824->aap24-database.aap-test.local:postgres (ESTABLISHED)
awx-manag 11719           awx   38u     IPv4              27121      0t0      TCP aap24-control.aap-test.local:60162->aap24-database.aap-test.local:postgres (ESTABLISHED)
awx-manag 11721           awx   38u     IPv4              27121      0t0      TCP aap24-control.aap-test.local:60162->aap24-database.aap-test.local:postgres (ESTABLISHED)
awx-manag 11723           awx   38u     IPv4              27121      0t0      TCP aap24-control.aap-test.local:60162->aap24-database.aap-test.local:postgres (ESTABLISHED)
awx-manag 11723           awx   61u     IPv4             103609      0t0      TCP aap24-control.aap-test.local:47534->aap24-database.aap-test.local:postgres (ESTABLISHED)

    PID    PPID CMD                           RSS    VSZ %CPU %MEM     ELAPSED
   8628       1 bash -c  log_file="/tmp/mem  3456   7260  0.0  0.0       05:47
Receptor Child Processes for PID 8628:
      PID    PPID CMD                           RSS    VSZ %CPU %MEM     ELAPSED
Receptor Threads for PID 8628:
    PID    SPID %CPU %MEM   RSS COMMAND
   8628    8628  0.0  0.0  3456 bash
Receptor Network Connections for PID 8628:
COMMAND     PID          USER   FD   TYPE DEVICE SIZE/OFF     NODE NAME
receptor    753           awx    8u  IPv4  26232      0t0      TCP aap24-control.aap-test.local:51094->aap24-execution.aap-test.local:27199 (ESTABLISHED)
chronyd     763        chrony    5u  IPv4  16184      0t0      UDP localhost:323 
chronyd     763        chrony    6u  IPv6  16185      0t0      UDP localhost:323 
NetworkMa   769          root   26u  IPv4  23280      0t0      UDP aap24-control.aap-test.local:bootpc->pi.hole:bootps 
sshd        802          root    3u  IPv4  16279      0t0      TCP *:ssh (LISTEN)
sshd        802          root    4u  IPv6  16281      0t0      TCP *:ssh (LISTEN)
node_expo  1111 node_exporter    3u  IPv6  25814      0t0      TCP *:jetdirect (LISTEN)
node_expo  1111 node_exporter    7u  IPv6  26405      0t0      TCP aap24-control.aap-test.local:jetdirect->monitoring-node.aap-test.local:49902 (ESTABLISHED)
pulpcore-  1116          pulp    6u  IPv4  26509      0t0      TCP aap24-control.aap-test.local:60002->aap24-database.aap-test.local:postgres (ESTABLISHED)
pulpcore-  1118          pulp    6u  IPv4  25307      0t0      TCP aap24-control.aap-test.local:59996->aap24-database.aap-test.local:postgres (ESTABLISHED)
nginx      1176          root   12u  IPv4  24386      0t0      TCP *:https (LISTEN)
nginx      1176          root   13u  IPv4  24387      0t0      TCP *:http (LISTEN)
nginx      1176          root   14u  IPv6  24388      0t0      TCP *:https (LISTEN)
nginx      1176          root   15u  IPv6  24389      0t0      TCP *:http (LISTEN)
nginx      1178         nginx   12u  IPv4  24386      0t0      TCP *:https (LISTEN)
nginx      1178         nginx   13u  IPv4  24387      0t0      TCP *:http (LISTEN)
nginx      1178         nginx   14u  IPv6  24388      0t0      TCP *:https (LISTEN)
nginx      1178         nginx   15u  IPv6  24389      0t0      TCP *:http (LISTEN)
nginx      1179         nginx   12u  IPv4  24386      0t0      TCP *:https (LISTEN)
nginx      1179         nginx   13u  IPv4  24387      0t0      TCP *:http (LISTEN)
nginx      1179         nginx   14u  IPv6  24388      0t0      TCP *:https (LISTEN)
nginx      1179         nginx   15u  IPv6  24389      0t0      TCP *:http (LISTEN)
nginx      1180         nginx   12u  IPv4  24386      0t0      TCP *:https (LISTEN)
nginx      1180         nginx   13u  IPv4  24387      0t0      TCP *:http (LISTEN)
nginx      1180         nginx   14u  IPv6  24388      0t0      TCP *:https (LISTEN)
nginx      1180         nginx   15u  IPv6  24389      0t0      TCP *:http (LISTEN)
nginx      1181         nginx   12u  IPv4  24386      0t0      TCP *:https (LISTEN)
nginx      1181         nginx   13u  IPv4  24387      0t0      TCP *:http (LISTEN)
nginx      1181         nginx   14u  IPv6  24388      0t0      TCP *:https (LISTEN)
nginx      1181         nginx   15u  IPv6  24389      0t0      TCP *:http (LISTEN)
awx-manag  1186           awx   38u  IPv4  27121      0t0      TCP aap24-control.aap-test.local:60162->aap24-database.aap-test.local:postgres (ESTABLISHED)
awx-manag  1188           awx   29u  IPv4  38928      0t0      TCP aap24-control.aap-test.local:59734->aap24-database.aap-test.local:postgres (ESTABLISHED)
daphne     1201           awx   13u  IPv4  28879      0t0      TCP aap24-control.aap-test.local:60106->aap24-database.aap-test.local:postgres (ESTABLISHED)
awx-manag  1212           awx   17u  IPv4  28973      0t0      TCP aap24-control.aap-test.local:60182->aap24-database.aap-test.local:postgres (ESTABLISHED)
awx-manag  1225          root    8u  IPv4  28965      0t0      TCP aap24-control.aap-test.local:60152->aap24-database.aap-test.local:postgres (ESTABLISHED)
awx-manag  1225          root   14u  IPv4  27893      0t0      TCP aap24-control.aap-test.local:60158->aap24-database.aap-test.local:postgres (ESTABLISHED)
awx-manag  1227           awx    8u  IPv4  27064      0t0      TCP aap24-control.aap-test.local:60098->aap24-database.aap-test.local:postgres (ESTABLISHED)
awx-manag  1227           awx   14u  IPv4  27886      0t0      TCP aap24-control.aap-test.local:60146->aap24-database.aap-test.local:postgres (ESTABLISHED)
gunicorn   1341          pulp   12u  IPv4  28148      0t0      TCP aap24-control.aap-test.local:60230->aap24-database.aap-test.local:postgres (ESTABLISHED)
gunicorn   1372          pulp   12u  IPv4  27288      0t0      TCP aap24-control.aap-test.local:60206->aap24-database.aap-test.local:postgres (ESTABLISHED)
gunicorn   1373          pulp   12u  IPv4  27206      0t0      TCP aap24-control.aap-test.local:60198->aap24-database.aap-test.local:postgres (ESTABLISHED)
gunicorn   1374          pulp   12u  IPv4  29207      0t0      TCP aap24-control.aap-test.local:60214->aap24-database.aap-test.local:postgres (ESTABLISHED)
gunicorn   1392          pulp   12u  IPv4  29210      0t0      TCP aap24-control.aap-test.local:60220->aap24-database.aap-test.local:postgres (ESTABLISHED)
gunicorn   1397          pulp   12u  IPv4  29213      0t0      TCP aap24-control.aap-test.local:60236->aap24-database.aap-test.local:postgres (ESTABLISHED)
gunicorn   1418          pulp   11u  IPv4  29088      0t0      TCP aap24-control.aap-test.local:60184->aap24-database.aap-test.local:postgres (ESTABLISHED)
gunicorn   1430          pulp   11u  IPv4  28105      0t0      TCP aap24-control.aap-test.local:60222->aap24-database.aap-test.local:postgres (ESTABLISHED)
awx-manag  1720           awx   16u  IPv4 103677      0t0      TCP aap24-control.aap-test.local:52930->aap24-database.aap-test.local:postgres (ESTABLISHED)
sshd       8470          root    4u  IPv4  77224      0t0      TCP aap24-control.aap-test.local:ssh->192.168.1.49:35216 (ESTABLISHED)
sshd       8490          root    4u  IPv4  77224      0t0      TCP aap24-control.aap-test.local:ssh->192.168.1.49:35216 (ESTABLISHED)
bash       8628          root  cwd    DIR  253,0      164 33685638 /root
bash       8628          root  rtd    DIR  253,0      235      128 /
bash       8628          root  txt    REG  253,0  1389072 33846112 /usr/bin/bash
bash       8628          root  mem    REG  253,0  2586930 50586136 /usr/lib/locale/en_US.utf8/LC_COLLATE
bash       8628          root  mem    REG  253,0  2544344 50586163 /usr/lib64/libc.so.6
bash       8628          root  mem    REG  253,0   346132 33846229 /usr/lib/locale/C.utf8/LC_CTYPE
bash       8628          root  mem    REG  253,0       54 50586139 /usr/lib/locale/en_US.utf8/LC_NUMERIC
bash       8628          root  mem    REG  253,0     3284   223295 /usr/lib/locale/en_US.utf8/LC_TIME
bash       8628          root  mem    REG  253,0      286   223293 /usr/lib/locale/en_US.utf8/LC_MONETARY
bash       8628          root  mem    REG  253,0       57   223370 /usr/lib/locale/en_US.utf8/LC_MESSAGES/SYS_LC_MESSAGES
bash       8628          root  mem    REG  253,0    26988 17218970 /usr/lib64/gconv/gconv-modules.cache
bash       8628          root  mem    REG  253,0   195080 50585814 /usr/lib64/libtinfo.so.6.2
bash       8628          root  mem    REG  253,0       34 33846531 /usr/lib/locale/en_US.utf8/LC_PAPER
bash       8628          root  mem    REG  253,0       77 50586138 /usr/lib/locale/en_US.utf8/LC_NAME
bash       8628          root  mem    REG  253,0      167   223289 /usr/lib/locale/en_US.utf8/LC_ADDRESS
bash       8628          root  mem    REG  253,0       59   223294 /usr/lib/locale/en_US.utf8/LC_TELEPHONE
bash       8628          root  mem    REG  253,0       23   223292 /usr/lib/locale/en_US.utf8/LC_MEASUREMENT
bash       8628          root  mem    REG  253,0      369   223291 /usr/lib/locale/en_US.utf8/LC_IDENTIFICATION
bash       8628          root  mem    REG  253,0   897856 50586159 /usr/lib64/ld-linux-x86-64.so.2
bash       8628          root    0r   CHR    1,3      0t0        4 /dev/null
bash       8628          root    1w   REG  253,0        0 16785749 /tmp/memory_monitor.log
bash       8628          root    2w   REG  253,0        0 16785749 /tmp/memory_monitor.log
bash       8628          root    3r  FIFO   0,13      0t0   103759 pipe
awx-manag 10508           awx   38u  IPv4  27121      0t0      TCP aap24-control.aap-test.local:60162->aap24-database.aap-test.local:postgres (ESTABLISHED)
awx-manag 11112           awx   37u  IPv4  99009      0t0      TCP aap24-control.aap-test.local:50818->aap24-database.aap-test.local:postgres (ESTABLISHED)
awx-manag 11112           awx   38u  IPv4  27121      0t0      TCP aap24-control.aap-test.local:60162->aap24-database.aap-test.local:postgres (ESTABLISHED)
awx-manag 11114           awx   38u  IPv4  27121      0t0      TCP aap24-control.aap-test.local:60162->aap24-database.aap-test.local:postgres (ESTABLISHED)
awx-manag 11114           awx   40u  IPv4 102118      0t0      TCP aap24-control.aap-test.local:52942->aap24-database.aap-test.local:postgres (ESTABLISHED)
awx-manag 11116           awx   38u  IPv4  27121      0t0      TCP aap24-control.aap-test.local:60162->aap24-database.aap-test.local:postgres (ESTABLISHED)
awx-manag 11116           awx   61u  IPv4 101229      0t0      TCP aap24-control.aap-test.local:52940->aap24-database.aap-test.local:postgres (ESTABLISHED)
awx-manag 11719           awx   35u  IPv4 100226      0t0      TCP aap24-control.aap-test.local:50824->aap24-database.aap-test.local:postgres (ESTABLISHED)
awx-manag 11719           awx   38u  IPv4  27121      0t0      TCP aap24-control.aap-test.local:60162->aap24-database.aap-test.local:postgres (ESTABLISHED)
awx-manag 11721           awx   38u  IPv4  27121      0t0      TCP aap24-control.aap-test.local:60162->aap24-database.aap-test.local:postgres (ESTABLISHED)
awx-manag 11723           awx   38u  IPv4  27121      0t0      TCP aap24-control.aap-test.local:60162->aap24-database.aap-test.local:postgres (ESTABLISHED)
awx-manag 11723           awx   61u  IPv4 103609      0t0      TCP aap24-control.aap-test.local:47534->aap24-database.aap-test.local:postgres (ESTABLISHED)

    PID    PPID CMD                           RSS    VSZ %CPU %MEM     ELAPSED
Receptor Child Processes for PID 12066:
  No child processes found
Receptor Threads for PID 12066:
    PID    SPID %CPU %MEM   RSS COMMAND
Receptor Network Connections for PID 12066:
COMMAND     PID          USER   FD   TYPE DEVICE SIZE/OFF NODE NAME
receptor    753           awx    8u  IPv4  26232      0t0  TCP aap24-control.aap-test.local:51094->aap24-execution.aap-test.local:27199 (ESTABLISHED)
chronyd     763        chrony    5u  IPv4  16184      0t0  UDP localhost:323 
chronyd     763        chrony    6u  IPv6  16185      0t0  UDP localhost:323 
NetworkMa   769          root   26u  IPv4  23280      0t0  UDP aap24-control.aap-test.local:bootpc->pi.hole:bootps 
sshd        802          root    3u  IPv4  16279      0t0  TCP *:ssh (LISTEN)
sshd        802          root    4u  IPv6  16281      0t0  TCP *:ssh (LISTEN)
node_expo  1111 node_exporter    3u  IPv6  25814      0t0  TCP *:jetdirect (LISTEN)
node_expo  1111 node_exporter    7u  IPv6  26405      0t0  TCP aap24-control.aap-test.local:jetdirect->monitoring-node.aap-test.local:49902 (ESTABLISHED)
pulpcore-  1116          pulp    6u  IPv4  26509      0t0  TCP aap24-control.aap-test.local:60002->aap24-database.aap-test.local:postgres (ESTABLISHED)
pulpcore-  1118          pulp    6u  IPv4  25307      0t0  TCP aap24-control.aap-test.local:59996->aap24-database.aap-test.local:postgres (ESTABLISHED)
nginx      1176          root   12u  IPv4  24386      0t0  TCP *:https (LISTEN)
nginx      1176          root   13u  IPv4  24387      0t0  TCP *:http (LISTEN)
nginx      1176          root   14u  IPv6  24388      0t0  TCP *:https (LISTEN)
nginx      1176          root   15u  IPv6  24389      0t0  TCP *:http (LISTEN)
nginx      1178         nginx   12u  IPv4  24386      0t0  TCP *:https (LISTEN)
nginx      1178         nginx   13u  IPv4  24387      0t0  TCP *:http (LISTEN)
nginx      1178         nginx   14u  IPv6  24388      0t0  TCP *:https (LISTEN)
nginx      1178         nginx   15u  IPv6  24389      0t0  TCP *:http (LISTEN)
nginx      1179         nginx   12u  IPv4  24386      0t0  TCP *:https (LISTEN)
nginx      1179         nginx   13u  IPv4  24387      0t0  TCP *:http (LISTEN)
nginx      1179         nginx   14u  IPv6  24388      0t0  TCP *:https (LISTEN)
nginx      1179         nginx   15u  IPv6  24389      0t0  TCP *:http (LISTEN)
nginx      1180         nginx   12u  IPv4  24386      0t0  TCP *:https (LISTEN)
nginx      1180         nginx   13u  IPv4  24387      0t0  TCP *:http (LISTEN)
nginx      1180         nginx   14u  IPv6  24388      0t0  TCP *:https (LISTEN)
nginx      1180         nginx   15u  IPv6  24389      0t0  TCP *:http (LISTEN)
nginx      1181         nginx   12u  IPv4  24386      0t0  TCP *:https (LISTEN)
nginx      1181         nginx   13u  IPv4  24387      0t0  TCP *:http (LISTEN)
nginx      1181         nginx   14u  IPv6  24388      0t0  TCP *:https (LISTEN)
nginx      1181         nginx   15u  IPv6  24389      0t0  TCP *:http (LISTEN)
awx-manag  1186           awx   38u  IPv4  27121      0t0  TCP aap24-control.aap-test.local:60162->aap24-database.aap-test.local:postgres (ESTABLISHED)
awx-manag  1188           awx   29u  IPv4  38928      0t0  TCP aap24-control.aap-test.local:59734->aap24-database.aap-test.local:postgres (ESTABLISHED)
daphne     1201           awx   13u  IPv4  28879      0t0  TCP aap24-control.aap-test.local:60106->aap24-database.aap-test.local:postgres (ESTABLISHED)
awx-manag  1212           awx   17u  IPv4  28973      0t0  TCP aap24-control.aap-test.local:60182->aap24-database.aap-test.local:postgres (ESTABLISHED)
awx-manag  1225          root    8u  IPv4  28965      0t0  TCP aap24-control.aap-test.local:60152->aap24-database.aap-test.local:postgres (ESTABLISHED)
awx-manag  1225          root   14u  IPv4  27893      0t0  TCP aap24-control.aap-test.local:60158->aap24-database.aap-test.local:postgres (ESTABLISHED)
awx-manag  1227           awx    8u  IPv4  27064      0t0  TCP aap24-control.aap-test.local:60098->aap24-database.aap-test.local:postgres (ESTABLISHED)
awx-manag  1227           awx   14u  IPv4  27886      0t0  TCP aap24-control.aap-test.local:60146->aap24-database.aap-test.local:postgres (ESTABLISHED)
gunicorn   1341          pulp   12u  IPv4  28148      0t0  TCP aap24-control.aap-test.local:60230->aap24-database.aap-test.local:postgres (ESTABLISHED)
gunicorn   1372          pulp   12u  IPv4  27288      0t0  TCP aap24-control.aap-test.local:60206->aap24-database.aap-test.local:postgres (ESTABLISHED)
gunicorn   1373          pulp   12u  IPv4  27206      0t0  TCP aap24-control.aap-test.local:60198->aap24-database.aap-test.local:postgres (ESTABLISHED)
gunicorn   1374          pulp   12u  IPv4  29207      0t0  TCP aap24-control.aap-test.local:60214->aap24-database.aap-test.local:postgres (ESTABLISHED)
gunicorn   1392          pulp   12u  IPv4  29210      0t0  TCP aap24-control.aap-test.local:60220->aap24-database.aap-test.local:postgres (ESTABLISHED)
gunicorn   1397          pulp   12u  IPv4  29213      0t0  TCP aap24-control.aap-test.local:60236->aap24-database.aap-test.local:postgres (ESTABLISHED)
gunicorn   1418          pulp   11u  IPv4  29088      0t0  TCP aap24-control.aap-test.local:60184->aap24-database.aap-test.local:postgres (ESTABLISHED)
gunicorn   1430          pulp   11u  IPv4  28105      0t0  TCP aap24-control.aap-test.local:60222->aap24-database.aap-test.local:postgres (ESTABLISHED)
awx-manag  1720           awx   16u  IPv4 103677      0t0  TCP aap24-control.aap-test.local:52930->aap24-database.aap-test.local:postgres (ESTABLISHED)
sshd       8470          root    4u  IPv4  77224      0t0  TCP aap24-control.aap-test.local:ssh->192.168.1.49:35216 (ESTABLISHED)
sshd       8490          root    4u  IPv4  77224      0t0  TCP aap24-control.aap-test.local:ssh->192.168.1.49:35216 (ESTABLISHED)
awx-manag 10508           awx   38u  IPv4  27121      0t0  TCP aap24-control.aap-test.local:60162->aap24-database.aap-test.local:postgres (ESTABLISHED)
awx-manag 11112           awx   37u  IPv4  99009      0t0  TCP aap24-control.aap-test.local:50818->aap24-database.aap-test.local:postgres (ESTABLISHED)
awx-manag 11112           awx   38u  IPv4  27121      0t0  TCP aap24-control.aap-test.local:60162->aap24-database.aap-test.local:postgres (ESTABLISHED)
awx-manag 11114           awx   38u  IPv4  27121      0t0  TCP aap24-control.aap-test.local:60162->aap24-database.aap-test.local:postgres (ESTABLISHED)
awx-manag 11114           awx   40u  IPv4 102118      0t0  TCP aap24-control.aap-test.local:52942->aap24-database.aap-test.local:postgres (ESTABLISHED)
awx-manag 11116           awx   38u  IPv4  27121      0t0  TCP aap24-control.aap-test.local:60162->aap24-database.aap-test.local:postgres (ESTABLISHED)
awx-manag 11116           awx   61u  IPv4 101229      0t0  TCP aap24-control.aap-test.local:52940->aap24-database.aap-test.local:postgres (ESTABLISHED)
awx-manag 11719           awx   35u  IPv4 100226      0t0  TCP aap24-control.aap-test.local:50824->aap24-database.aap-test.local:postgres (ESTABLISHED)
awx-manag 11719           awx   38u  IPv4  27121      0t0  TCP aap24-control.aap-test.local:60162->aap24-database.aap-test.local:postgres (ESTABLISHED)
awx-manag 11721           awx   38u  IPv4  27121      0t0  TCP aap24-control.aap-test.local:60162->aap24-database.aap-test.local:postgres (ESTABLISHED)
awx-manag 11723           awx   38u  IPv4  27121      0t0  TCP aap24-control.aap-test.local:60162->aap24-database.aap-test.local:postgres (ESTABLISHED)
awx-manag 11723           awx   61u  IPv4 103609      0t0  TCP aap24-control.aap-test.local:47534->aap24-database.aap-test.local:postgres (ESTABLISHED)
  No network connections found

=== RECEPTOR MEMORY SUMMARY ===
Total Receptor RSS Memory: 50256 KB (49 MB)
Total Receptor VSZ Memory: 1207444 KB (1179 MB)
Number of Receptor Processes: 3

AAP-related Processes and Children:
=== AAP Service Processes ===
Process: gunicorn (PID: 744)
    PID    PPID CMD                           RSS
    744       1 /usr/bin/python3 /bin/gunic 25740
  Children of PID 744:
    PID    PPID CMD                           RSS
    827     744 /usr/bin/python3 /bin/gunic 69436
    PID    PPID CMD                           RSS
    853     744 /usr/bin/python3 /bin/gunic 69060
    PID    PPID CMD                           RSS
    858     744 /usr/bin/python3 /bin/gunic 69536
    PID    PPID CMD                           RSS
    862     744 /usr/bin/python3 /bin/gunic 69224
    PID    PPID CMD                           RSS
    867     744 /usr/bin/python3 /bin/gunic 69368
    PID    PPID CMD                           RSS
    892     744 /usr/bin/python3 /bin/gunic 69324
    PID    PPID CMD                           RSS
    903     744 /usr/bin/python3 /bin/gunic 69388
    PID    PPID CMD                           RSS
    929     744 /usr/bin/python3 /bin/gunic 69296
    PID    PPID CMD                           RSS
    984     744 /usr/bin/python3 /bin/gunic 69340

Process: receptor (PID: 753)
    PID    PPID CMD                           RSS
    753       1 /usr/bin/receptor -c /etc/r 46800

Process: gunicorn (PID: 827)
    PID    PPID CMD                           RSS
    827     744 /usr/bin/python3 /bin/gunic 69436

Process: gunicorn (PID: 853)
    PID    PPID CMD                           RSS
    853     744 /usr/bin/python3 /bin/gunic 69060

Process: gunicorn (PID: 858)
    PID    PPID CMD                           RSS
    858     744 /usr/bin/python3 /bin/gunic 69536

Process: gunicorn (PID: 862)
    PID    PPID CMD                           RSS
    862     744 /usr/bin/python3 /bin/gunic 69224

Process: gunicorn (PID: 867)
    PID    PPID CMD                           RSS
    867     744 /usr/bin/python3 /bin/gunic 69368

Process: gunicorn (PID: 892)
    PID    PPID CMD                           RSS
    892     744 /usr/bin/python3 /bin/gunic 69324

Process: gunicorn (PID: 903)
    PID    PPID CMD                           RSS
    903     744 /usr/bin/python3 /bin/gunic 69388

Process: gunicorn (PID: 929)
    PID    PPID CMD                           RSS
    929     744 /usr/bin/python3 /bin/gunic 69296

Process: gunicorn (PID: 984)
    PID    PPID CMD                           RSS
    984     744 /usr/bin/python3 /bin/gunic 69340

Process: redis-server (PID: 1121)
    PID    PPID CMD                           RSS
   1121       1 /usr/bin/redis-server unixs 13436

Process: nginx (PID: 1176)
    PID    PPID CMD                           RSS
   1176       1 nginx: master process /usr/  2576
  Children of PID 1176:
    PID    PPID CMD                           RSS
   1178    1176 nginx: worker process        4112
    PID    PPID CMD                           RSS
   1179    1176 nginx: worker process        4112
    PID    PPID CMD                           RSS
   1180    1176 nginx: worker process        4112
    PID    PPID CMD                           RSS
   1181    1176 nginx: worker process        8336

Process: nginx (PID: 1178)
    PID    PPID CMD                           RSS
   1178    1176 nginx: worker process        4112

Process: nginx (PID: 1179)
    PID    PPID CMD                           RSS
   1179    1176 nginx: worker process        4112

Process: nginx (PID: 1180)
    PID    PPID CMD                           RSS
   1180    1176 nginx: worker process        4112

Process: nginx (PID: 1181)
    PID    PPID CMD                           RSS
   1181    1176 nginx: worker process        8336

Process: uwsgi (PID: 1191)
    PID    PPID CMD                           RSS
   1191     835 /var/lib/awx/venv/awx/bin/u 103248
  Children of PID 1191:
    PID    PPID CMD                           RSS
   1686    1191 /var/lib/awx/venv/awx/bin/u 87792
    PID    PPID CMD                           RSS
   1687    1191 /var/lib/awx/venv/awx/bin/u 108656
    PID    PPID CMD                           RSS
   1688    1191 /var/lib/awx/venv/awx/bin/u 87792
    PID    PPID CMD                           RSS
   1689    1191 /var/lib/awx/venv/awx/bin/u 87792

Process: uwsgi (PID: 1686)
    PID    PPID CMD                           RSS
   1686    1191 /var/lib/awx/venv/awx/bin/u 87792

Process: uwsgi (PID: 1687)
    PID    PPID CMD                           RSS
   1687    1191 /var/lib/awx/venv/awx/bin/u 108656

Process: uwsgi (PID: 1688)
    PID    PPID CMD                           RSS
   1688    1191 /var/lib/awx/venv/awx/bin/u 87792

Process: uwsgi (PID: 1689)
    PID    PPID CMD                           RSS
   1689    1191 /var/lib/awx/venv/awx/bin/u 87792

Process: bash (PID: 8628)
    PID    PPID CMD                           RSS
   8628       1 bash -c  log_file="/tmp/mem  3456
  Children of PID 8628:
    PID    PPID CMD                           RSS
  12146    8628 bash -c  log_file="/tmp/mem  2116

Process: bash (PID: 12146)
    PID    PPID CMD                           RSS
  12146    8628 bash -c  log_file="/tmp/mem  2116
  Children of PID 12146:
    PID    PPID CMD                           RSS


Process Tree for AAP Services:
=== automation-controller Process Tree ===
bash(8628)---pstree(12240)
=== receptor Process Tree ===
receptor(753)-+-{receptor}(758)
              |-{receptor}(759)
              |-{receptor}(760)
              |-{receptor}(761)
              |-{receptor}(766)
              `-{receptor}(767)
bash(8628)---pstree(12245)
=== nginx Process Tree ===
nginx(1176)-+-nginx(1178)
            |-nginx(1179)
            |-nginx(1180)
            `-nginx(1181)
nginx(1178)
nginx(1179)
nginx(1180)
nginx(1181)
bash(8628)---pstree(12254)
=== postgresql Process Tree ===
bash(8628)---pstree(12258)
=== redis Process Tree ===
redis-server(1121)-+-{redis-server}(1140)
                   |-{redis-server}(1141)
                   |-{redis-server}(1142)
                   `-{redis-server}(1143)
bash(8628)---pstree(12263)
=== uwsgi Process Tree ===
uwsgi(1191)-+-uwsgi(1686)
            |-uwsgi(1687)
            |-uwsgi(1688)
            `-uwsgi(1689)
uwsgi(1686)
uwsgi(1687)
uwsgi(1688)
uwsgi(1689)
bash(8628)---pstree(12272)
=== automation-hub Process Tree ===
bash(8628)---pstree(12276)
=== automation-eda Process Tree ===
gunicorn(744)-+-gunicorn(827)
              |-gunicorn(853)
              |-gunicorn(858)
              |-gunicorn(862)
              |-gunicorn(867)
              |-gunicorn(892)
              |-gunicorn(903)
              |-gunicorn(929)
              `-gunicorn(984)
gunicorn(827)
gunicorn(853)
gunicorn(858)
gunicorn(862)
gunicorn(867)
gunicorn(892)
gunicorn(903)
gunicorn(929)
gunicorn(984)
bash(8628)---pstree(12290)

Memory monitoring completed for aap24 medium test at Fri Jun 27 02:27:48 PM PDT 2025
