Starting memory monitoring for aap24 heavy test at Fri Jun 27 02:34:10 PM PDT 2025
=================================================================================
2025-06-27 14:34:10
Memory Usage Report:
               total        used        free      shared  buff/cache   available
Mem:            7681         625        7037          60         316        7056
Swap:           4095           0        4095

Top 10 Processes by RSS Memory:
    PID    PPID CMD                           RSS
    801       1 /usr/bin/postmaster -D /var 61952
    745       1 /usr/bin/python3 -s /usr/sb 43724
    784       1 /usr/bin/python3 -Es /usr/s 28648
   1086       1 /usr/local/bin/node_exporte 27604
    925       1 /usr/lib/polkit-1/polkitd - 25936
   1568     801 postgres: automationhub aut 24816
   1569     801 postgres: automationhub aut 24688
   1613     801 postgres: automationhub aut 23792
   1618     801 postgres: automationhub aut 23792
   1614     801 postgres: automationhub aut 23664

=== RECEPTOR PROCESS ANALYSIS ===
Receptor Main Processes:
    PID    PPID CMD                           RSS    VSZ %CPU %MEM     ELAPSED
   9809       1 bash -c  log_file="/tmp/mem  3200   7260  0.0  0.0       00:00
Receptor Child Processes for PID 9809:
      PID    PPID CMD                           RSS    VSZ %CPU %MEM     ELAPSED
Receptor Threads for PID 9809:
    PID    SPID %CPU %MEM   RSS COMMAND
   9809    9809  0.0  0.0  3200 bash
Receptor Network Connections for PID 9809:
COMMAND    PID          USER   FD   TYPE DEVICE SIZE/OFF      NODE NAME
chronyd    752        chrony    5u  IPv4  22139      0t0       UDP localhost:323 
chronyd    752        chrony    6u  IPv6  22140      0t0       UDP localhost:323 
NetworkMa  756          root   26u  IPv4  24074      0t0       UDP aap24-database.aap-test.local:bootpc->pi.hole:bootps 
sshd       781          root    3u  IPv4  22290      0t0       TCP *:ssh (LISTEN)
sshd       781          root    4u  IPv6  22292      0t0       TCP *:ssh (LISTEN)
postmaste  801      postgres    6u  IPv4  24781      0t0       TCP *:postgres (LISTEN)
postmaste  801      postgres    7u  IPv6  24782      0t0       TCP *:postgres (LISTEN)
postmaste  801      postgres   10u  IPv6  24817      0t0       UDP localhost:60802->localhost:60802 
postmaste  852      postgres   10u  IPv6  24817      0t0       UDP localhost:60802->localhost:60802 
postmaste  853      postgres   10u  IPv6  24817      0t0       UDP localhost:60802->localhost:60802 
postmaste  854      postgres   10u  IPv6  24817      0t0       UDP localhost:60802->localhost:60802 
postmaste  855      postgres   10u  IPv6  24817      0t0       UDP localhost:60802->localhost:60802 
postmaste  856      postgres   10u  IPv6  24817      0t0       UDP localhost:60802->localhost:60802 
postmaste  857      postgres   10u  IPv6  24817      0t0       UDP localhost:60802->localhost:60802 
node_expo 1086 node_exporter    3u  IPv6  25667      0t0       TCP *:jetdirect (LISTEN)
node_expo 1086 node_exporter    7u  IPv6  25847      0t0       TCP aap24-database.aap-test.local:jetdirect->monitoring-node.aap-test.local:41738 (ESTABLISHED)
postmaste 1568      postgres   10u  IPv6  24817      0t0       UDP localhost:60802->localhost:60802 
postmaste 1568      postgres   11u  IPv4  24288      0t0       TCP aap24-database.aap-test.local:postgres->aap24-control.aap-test.local:59996 (ESTABLISHED)
postmaste 1569      postgres   10u  IPv6  24817      0t0       UDP localhost:60802->localhost:60802 
postmaste 1569      postgres   11u  IPv4  24289      0t0       TCP aap24-database.aap-test.local:postgres->aap24-control.aap-test.local:60002 (ESTABLISHED)
postmaste 1591      postgres   10u  IPv6  24817      0t0       UDP localhost:60802->localhost:60802 
postmaste 1591      postgres   11u  IPv4  24320      0t0       TCP aap24-database.aap-test.local:postgres->aap24-control.aap-test.local:60098 (ESTABLISHED)
postmaste 1592      postgres   10u  IPv6  24817      0t0       UDP localhost:60802->localhost:60802 
postmaste 1592      postgres   11u  IPv4  24321      0t0       TCP aap24-database.aap-test.local:postgres->aap24-control.aap-test.local:60106 (ESTABLISHED)
postmaste 1595      postgres   10u  IPv6  24817      0t0       UDP localhost:60802->localhost:60802 
postmaste 1595      postgres   11u  IPv4  24329      0t0       TCP aap24-database.aap-test.local:postgres->aap24-control.aap-test.local:60146 (ESTABLISHED)
postmaste 1596      postgres   10u  IPv6  24817      0t0       UDP localhost:60802->localhost:60802 
postmaste 1596      postgres   11u  IPv4  24330      0t0       TCP aap24-database.aap-test.local:postgres->aap24-control.aap-test.local:60152 (ESTABLISHED)
postmaste 1597      postgres   10u  IPv6  24817      0t0       UDP localhost:60802->localhost:60802 
postmaste 1597      postgres   11u  IPv4  24331      0t0       TCP aap24-database.aap-test.local:postgres->aap24-control.aap-test.local:60158 (ESTABLISHED)
postmaste 1598      postgres   10u  IPv6  24817      0t0       UDP localhost:60802->localhost:60802 
postmaste 1598      postgres   11u  IPv4  24332      0t0       TCP aap24-database.aap-test.local:postgres->aap24-control.aap-test.local:60162 (ESTABLISHED)
postmaste 1612      postgres   10u  IPv6  24817      0t0       UDP localhost:60802->localhost:60802 
postmaste 1612      postgres   11u  IPv4  24348      0t0       TCP aap24-database.aap-test.local:postgres->aap24-control.aap-test.local:60182 (ESTABLISHED)
postmaste 1613      postgres   10u  IPv6  24817      0t0       UDP localhost:60802->localhost:60802 
postmaste 1613      postgres   11u  IPv4  24349      0t0       TCP aap24-database.aap-test.local:postgres->aap24-control.aap-test.local:60184 (ESTABLISHED)
postmaste 1614      postgres   10u  IPv6  24817      0t0       UDP localhost:60802->localhost:60802 
postmaste 1614      postgres   11u  IPv4  24350      0t0       TCP aap24-database.aap-test.local:postgres->aap24-control.aap-test.local:60198 (ESTABLISHED)
postmaste 1615      postgres   10u  IPv6  24817      0t0       UDP localhost:60802->localhost:60802 
postmaste 1615      postgres   11u  IPv4  24351      0t0       TCP aap24-database.aap-test.local:postgres->aap24-control.aap-test.local:60206 (ESTABLISHED)
postmaste 1616      postgres   10u  IPv6  24817      0t0       UDP localhost:60802->localhost:60802 
postmaste 1616      postgres   11u  IPv4  24352      0t0       TCP aap24-database.aap-test.local:postgres->aap24-control.aap-test.local:60214 (ESTABLISHED)
postmaste 1617      postgres   10u  IPv6  24817      0t0       UDP localhost:60802->localhost:60802 
postmaste 1617      postgres   11u  IPv4  24353      0t0       TCP aap24-database.aap-test.local:postgres->aap24-control.aap-test.local:60220 (ESTABLISHED)
postmaste 1618      postgres   10u  IPv6  24817      0t0       UDP localhost:60802->localhost:60802 
postmaste 1618      postgres   11u  IPv4  24354      0t0       TCP aap24-database.aap-test.local:postgres->aap24-control.aap-test.local:60222 (ESTABLISHED)
postmaste 1619      postgres   10u  IPv6  24817      0t0       UDP localhost:60802->localhost:60802 
postmaste 1619      postgres   11u  IPv4  24355      0t0       TCP aap24-database.aap-test.local:postgres->aap24-control.aap-test.local:60230 (ESTABLISHED)
postmaste 1620      postgres   10u  IPv6  24817      0t0       UDP localhost:60802->localhost:60802 
postmaste 1620      postgres   11u  IPv4  24356      0t0       TCP aap24-database.aap-test.local:postgres->aap24-control.aap-test.local:60236 (ESTABLISHED)
postmaste 1954      postgres   10u  IPv6  24817      0t0       UDP localhost:60802->localhost:60802 
postmaste 1954      postgres   11u  IPv4  27507      0t0       TCP aap24-database.aap-test.local:postgres->aap24-control.aap-test.local:59734 (ESTABLISHED)
postmaste 9582      postgres   10u  IPv6  24817      0t0       UDP localhost:60802->localhost:60802 
postmaste 9582      postgres   11u  IPv4  79423      0t0       TCP aap24-database.aap-test.local:postgres->aap24-control.aap-test.local:45914 (ESTABLISHED)
postmaste 9584      postgres   10u  IPv6  24817      0t0       UDP localhost:60802->localhost:60802 
postmaste 9584      postgres   11u  IPv4  79425      0t0       TCP aap24-database.aap-test.local:postgres->aap24-control.aap-test.local:45930 (ESTABLISHED)
postmaste 9585      postgres   10u  IPv6  24817      0t0       UDP localhost:60802->localhost:60802 
postmaste 9585      postgres   11u  IPv4  79426      0t0       TCP aap24-database.aap-test.local:postgres->aap24-control.aap-test.local:45940 (ESTABLISHED)
postmaste 9634      postgres   10u  IPv6  24817      0t0       UDP localhost:60802->localhost:60802 
postmaste 9634      postgres   11u  IPv4  79461      0t0       TCP aap24-database.aap-test.local:postgres->aap24-control.aap-test.local:53504 (ESTABLISHED)
postmaste 9635      postgres   10u  IPv6  24817      0t0       UDP localhost:60802->localhost:60802 
postmaste 9635      postgres   11u  IPv4  79462      0t0       TCP aap24-database.aap-test.local:postgres->aap24-control.aap-test.local:53514 (ESTABLISHED)
postmaste 9659      postgres   10u  IPv6  24817      0t0       UDP localhost:60802->localhost:60802 
postmaste 9659      postgres   11u  IPv4  79493      0t0       TCP aap24-database.aap-test.local:postgres->aap24-control.aap-test.local:37650 (ESTABLISHED)
postmaste 9660      postgres   10u  IPv6  24817      0t0       UDP localhost:60802->localhost:60802 
postmaste 9660      postgres   11u  IPv4  78179      0t0       TCP aap24-database.aap-test.local:postgres->aap24-control.aap-test.local:unisys-eportal (ESTABLISHED)
sshd      9661          root    4u  IPv4  80137      0t0       TCP aap24-database.aap-test.local:ssh->192.168.1.49:42282 (ESTABLISHED)
sshd      9681          root    4u  IPv4  80137      0t0       TCP aap24-database.aap-test.local:ssh->192.168.1.49:42282 (ESTABLISHED)
bash      9809          root  cwd    DIR  253,0      142  67240070 /root
bash      9809          root  rtd    DIR  253,0      235       128 /
bash      9809          root  txt    REG  253,0  1389072  67333814 /usr/bin/bash
bash      9809          root  mem    REG  253,0  2586930     36580 /usr/lib/locale/en_US.utf8/LC_COLLATE
bash      9809          root  mem    REG  253,0  2544344 100688096 /usr/lib64/libc.so.6
bash      9809          root  mem    REG  253,0   346132 100687773 /usr/lib/locale/C.utf8/LC_CTYPE
bash      9809          root  mem    REG  253,0       54     36583 /usr/lib/locale/en_US.utf8/LC_NUMERIC
bash      9809          root  mem    REG  253,0     3284  33639493 /usr/lib/locale/en_US.utf8/LC_TIME
bash      9809          root  mem    REG  253,0      286  33639491 /usr/lib/locale/en_US.utf8/LC_MONETARY
bash      9809          root  mem    REG  253,0       57  33639504 /usr/lib/locale/en_US.utf8/LC_MESSAGES/SYS_LC_MESSAGES
bash      9809          root  mem    REG  253,0    26988  67334001 /usr/lib64/gconv/gconv-modules.cache
bash      9809          root  mem    REG  253,0   195080 100687757 /usr/lib64/libtinfo.so.6.2
bash      9809          root  mem    REG  253,0       34 100688074 /usr/lib/locale/en_US.utf8/LC_PAPER
bash      9809          root  mem    REG  253,0       77     36582 /usr/lib/locale/en_US.utf8/LC_NAME
bash      9809          root  mem    REG  253,0      167  33639487 /usr/lib/locale/en_US.utf8/LC_ADDRESS
bash      9809          root  mem    REG  253,0       59  33639492 /usr/lib/locale/en_US.utf8/LC_TELEPHONE
bash      9809          root  mem    REG  253,0       23  33639490 /usr/lib/locale/en_US.utf8/LC_MEASUREMENT
bash      9809          root  mem    REG  253,0      369  33639489 /usr/lib/locale/en_US.utf8/LC_IDENTIFICATION
bash      9809          root  mem    REG  253,0   897856 100688092 /usr/lib64/ld-linux-x86-64.so.2
bash      9809          root    0r   CHR    1,3      0t0         4 /dev/null
bash      9809          root    1w   REG  253,0        0  34096961 /tmp/memory_monitor.log
bash      9809          root    2w   REG  253,0        0  34096961 /tmp/memory_monitor.log
bash      9809          root    3r  FIFO   0,13      0t0     78277 pipe

    PID    PPID CMD                           RSS    VSZ %CPU %MEM     ELAPSED
Receptor Child Processes for PID 9817:
  No child processes found
Receptor Threads for PID 9817:
    PID    SPID %CPU %MEM   RSS COMMAND
Receptor Network Connections for PID 9817:
COMMAND    PID          USER   FD   TYPE DEVICE SIZE/OFF NODE NAME
chronyd    752        chrony    5u  IPv4  22139      0t0  UDP localhost:323 
chronyd    752        chrony    6u  IPv6  22140      0t0  UDP localhost:323 
NetworkMa  756          root   26u  IPv4  24074      0t0  UDP aap24-database.aap-test.local:bootpc->pi.hole:bootps 
sshd       781          root    3u  IPv4  22290      0t0  TCP *:ssh (LISTEN)
sshd       781          root    4u  IPv6  22292      0t0  TCP *:ssh (LISTEN)
postmaste  801      postgres    6u  IPv4  24781      0t0  TCP *:postgres (LISTEN)
postmaste  801      postgres    7u  IPv6  24782      0t0  TCP *:postgres (LISTEN)
postmaste  801      postgres   10u  IPv6  24817      0t0  UDP localhost:60802->localhost:60802 
postmaste  852      postgres   10u  IPv6  24817      0t0  UDP localhost:60802->localhost:60802 
postmaste  853      postgres   10u  IPv6  24817      0t0  UDP localhost:60802->localhost:60802 
postmaste  854      postgres   10u  IPv6  24817      0t0  UDP localhost:60802->localhost:60802 
postmaste  855      postgres   10u  IPv6  24817      0t0  UDP localhost:60802->localhost:60802 
postmaste  856      postgres   10u  IPv6  24817      0t0  UDP localhost:60802->localhost:60802 
postmaste  857      postgres   10u  IPv6  24817      0t0  UDP localhost:60802->localhost:60802 
node_expo 1086 node_exporter    3u  IPv6  25667      0t0  TCP *:jetdirect (LISTEN)
node_expo 1086 node_exporter    7u  IPv6  25847      0t0  TCP aap24-database.aap-test.local:jetdirect->monitoring-node.aap-test.local:41738 (ESTABLISHED)
postmaste 1568      postgres   10u  IPv6  24817      0t0  UDP localhost:60802->localhost:60802 
postmaste 1568      postgres   11u  IPv4  24288      0t0  TCP aap24-database.aap-test.local:postgres->aap24-control.aap-test.local:59996 (ESTABLISHED)
postmaste 1569      postgres   10u  IPv6  24817      0t0  UDP localhost:60802->localhost:60802 
postmaste 1569      postgres   11u  IPv4  24289      0t0  TCP aap24-database.aap-test.local:postgres->aap24-control.aap-test.local:60002 (ESTABLISHED)
postmaste 1591      postgres   10u  IPv6  24817      0t0  UDP localhost:60802->localhost:60802 
postmaste 1591      postgres   11u  IPv4  24320      0t0  TCP aap24-database.aap-test.local:postgres->aap24-control.aap-test.local:60098 (ESTABLISHED)
postmaste 1592      postgres   10u  IPv6  24817      0t0  UDP localhost:60802->localhost:60802 
postmaste 1592      postgres   11u  IPv4  24321      0t0  TCP aap24-database.aap-test.local:postgres->aap24-control.aap-test.local:60106 (ESTABLISHED)
postmaste 1595      postgres   10u  IPv6  24817      0t0  UDP localhost:60802->localhost:60802 
postmaste 1595      postgres   11u  IPv4  24329      0t0  TCP aap24-database.aap-test.local:postgres->aap24-control.aap-test.local:60146 (ESTABLISHED)
postmaste 1596      postgres   10u  IPv6  24817      0t0  UDP localhost:60802->localhost:60802 
postmaste 1596      postgres   11u  IPv4  24330      0t0  TCP aap24-database.aap-test.local:postgres->aap24-control.aap-test.local:60152 (ESTABLISHED)
postmaste 1597      postgres   10u  IPv6  24817      0t0  UDP localhost:60802->localhost:60802 
postmaste 1597      postgres   11u  IPv4  24331      0t0  TCP aap24-database.aap-test.local:postgres->aap24-control.aap-test.local:60158 (ESTABLISHED)
postmaste 1598      postgres   10u  IPv6  24817      0t0  UDP localhost:60802->localhost:60802 
postmaste 1598      postgres   11u  IPv4  24332      0t0  TCP aap24-database.aap-test.local:postgres->aap24-control.aap-test.local:60162 (ESTABLISHED)
postmaste 1612      postgres   10u  IPv6  24817      0t0  UDP localhost:60802->localhost:60802 
postmaste 1612      postgres   11u  IPv4  24348      0t0  TCP aap24-database.aap-test.local:postgres->aap24-control.aap-test.local:60182 (ESTABLISHED)
postmaste 1613      postgres   10u  IPv6  24817      0t0  UDP localhost:60802->localhost:60802 
postmaste 1613      postgres   11u  IPv4  24349      0t0  TCP aap24-database.aap-test.local:postgres->aap24-control.aap-test.local:60184 (ESTABLISHED)
postmaste 1614      postgres   10u  IPv6  24817      0t0  UDP localhost:60802->localhost:60802 
postmaste 1614      postgres   11u  IPv4  24350      0t0  TCP aap24-database.aap-test.local:postgres->aap24-control.aap-test.local:60198 (ESTABLISHED)
postmaste 1615      postgres   10u  IPv6  24817      0t0  UDP localhost:60802->localhost:60802 
postmaste 1615      postgres   11u  IPv4  24351      0t0  TCP aap24-database.aap-test.local:postgres->aap24-control.aap-test.local:60206 (ESTABLISHED)
postmaste 1616      postgres   10u  IPv6  24817      0t0  UDP localhost:60802->localhost:60802 
postmaste 1616      postgres   11u  IPv4  24352      0t0  TCP aap24-database.aap-test.local:postgres->aap24-control.aap-test.local:60214 (ESTABLISHED)
postmaste 1617      postgres   10u  IPv6  24817      0t0  UDP localhost:60802->localhost:60802 
postmaste 1617      postgres   11u  IPv4  24353      0t0  TCP aap24-database.aap-test.local:postgres->aap24-control.aap-test.local:60220 (ESTABLISHED)
postmaste 1618      postgres   10u  IPv6  24817      0t0  UDP localhost:60802->localhost:60802 
postmaste 1618      postgres   11u  IPv4  24354      0t0  TCP aap24-database.aap-test.local:postgres->aap24-control.aap-test.local:60222 (ESTABLISHED)
postmaste 1619      postgres   10u  IPv6  24817      0t0  UDP localhost:60802->localhost:60802 
postmaste 1619      postgres   11u  IPv4  24355      0t0  TCP aap24-database.aap-test.local:postgres->aap24-control.aap-test.local:60230 (ESTABLISHED)
postmaste 1620      postgres   10u  IPv6  24817      0t0  UDP localhost:60802->localhost:60802 
postmaste 1620      postgres   11u  IPv4  24356      0t0  TCP aap24-database.aap-test.local:postgres->aap24-control.aap-test.local:60236 (ESTABLISHED)
postmaste 1954      postgres   10u  IPv6  24817      0t0  UDP localhost:60802->localhost:60802 
postmaste 1954      postgres   11u  IPv4  27507      0t0  TCP aap24-database.aap-test.local:postgres->aap24-control.aap-test.local:59734 (ESTABLISHED)
postmaste 9582      postgres   10u  IPv6  24817      0t0  UDP localhost:60802->localhost:60802 
postmaste 9582      postgres   11u  IPv4  79423      0t0  TCP aap24-database.aap-test.local:postgres->aap24-control.aap-test.local:45914 (ESTABLISHED)
postmaste 9584      postgres   10u  IPv6  24817      0t0  UDP localhost:60802->localhost:60802 
postmaste 9584      postgres   11u  IPv4  79425      0t0  TCP aap24-database.aap-test.local:postgres->aap24-control.aap-test.local:45930 (ESTABLISHED)
postmaste 9585      postgres   10u  IPv6  24817      0t0  UDP localhost:60802->localhost:60802 
postmaste 9585      postgres   11u  IPv4  79426      0t0  TCP aap24-database.aap-test.local:postgres->aap24-control.aap-test.local:45940 (ESTABLISHED)
postmaste 9634      postgres   10u  IPv6  24817      0t0  UDP localhost:60802->localhost:60802 
postmaste 9634      postgres   11u  IPv4  79461      0t0  TCP aap24-database.aap-test.local:postgres->aap24-control.aap-test.local:53504 (ESTABLISHED)
postmaste 9635      postgres   10u  IPv6  24817      0t0  UDP localhost:60802->localhost:60802 
postmaste 9635      postgres   11u  IPv4  79462      0t0  TCP aap24-database.aap-test.local:postgres->aap24-control.aap-test.local:53514 (ESTABLISHED)
postmaste 9659      postgres   10u  IPv6  24817      0t0  UDP localhost:60802->localhost:60802 
postmaste 9659      postgres   11u  IPv4  79493      0t0  TCP aap24-database.aap-test.local:postgres->aap24-control.aap-test.local:37650 (ESTABLISHED)
postmaste 9660      postgres   10u  IPv6  24817      0t0  UDP localhost:60802->localhost:60802 
postmaste 9660      postgres   11u  IPv4  78179      0t0  TCP aap24-database.aap-test.local:postgres->aap24-control.aap-test.local:unisys-eportal (ESTABLISHED)
sshd      9661          root    4u  IPv4  80137      0t0  TCP aap24-database.aap-test.local:ssh->192.168.1.49:42282 (ESTABLISHED)
sshd      9681          root    4u  IPv4  80137      0t0  TCP aap24-database.aap-test.local:ssh->192.168.1.49:42282 (ESTABLISHED)
  No network connections found

=== RECEPTOR MEMORY SUMMARY ===
Total Receptor RSS Memory: 3200 KB (3 MB)
Total Receptor VSZ Memory: 7260 KB (7 MB)
Number of Receptor Processes: 2

AAP-related Processes and Children:
=== AAP Service Processes ===
Process: bash (PID: 9809)
    PID    PPID CMD                           RSS
   9809       1 bash -c  log_file="/tmp/mem  3200
  Children of PID 9809:
    PID    PPID CMD                           RSS
   9876    9809 bash -c  log_file="/tmp/mem  2084

Process: bash (PID: 9876)
    PID    PPID CMD                           RSS
   9876    9809 bash -c  log_file="/tmp/mem  2084
  Children of PID 9876:
    PID    PPID CMD                           RSS


Process Tree for AAP Services:
=== automation-controller Process Tree ===
bash(9809)---pstree(9887)
=== receptor Process Tree ===
bash(9809)---pstree(9891)
=== nginx Process Tree ===
bash(9809)---pstree(9895)
=== postgresql Process Tree ===
bash(9809)---pstree(9899)
=== redis Process Tree ===
bash(9809)---pstree(9903)
=== uwsgi Process Tree ===
bash(9809)---pstree(9907)
=== automation-hub Process Tree ===
bash(9809)---pstree(9911)
=== automation-eda Process Tree ===
bash(9809)---pstree(9915)

=================================================================================
2025-06-27 14:34:40
Memory Usage Report:
               total        used        free      shared  buff/cache   available
Mem:            7681         577        7085          60         316        7103
Swap:           4095           0        4095

Top 10 Processes by RSS Memory:
    PID    PPID CMD                           RSS
    801       1 /usr/bin/postmaster -D /var 61952
    745       1 /usr/bin/python3 -s /usr/sb 43724
    784       1 /usr/bin/python3 -Es /usr/s 28648
   1086       1 /usr/local/bin/node_exporte 27412
    925       1 /usr/lib/polkit-1/polkitd - 25936
   1568     801 postgres: automationhub aut 24816
   1569     801 postgres: automationhub aut 24688
   1613     801 postgres: automationhub aut 23792
   1618     801 postgres: automationhub aut 23792
   1614     801 postgres: automationhub aut 23664

=== RECEPTOR PROCESS ANALYSIS ===
Receptor Main Processes:
    PID    PPID CMD                           RSS    VSZ %CPU %MEM     ELAPSED
   9809       1 bash -c  log_file="/tmp/mem  3200   7260  0.0  0.0       00:31
Receptor Child Processes for PID 9809:
      PID    PPID CMD                           RSS    VSZ %CPU %MEM     ELAPSED
Receptor Threads for PID 9809:
    PID    SPID %CPU %MEM   RSS COMMAND
   9809    9809  0.0  0.0  3200 bash
Receptor Network Connections for PID 9809:
COMMAND    PID          USER   FD   TYPE DEVICE SIZE/OFF      NODE NAME
chronyd    752        chrony    5u  IPv4  22139      0t0       UDP localhost:323 
chronyd    752        chrony    6u  IPv6  22140      0t0       UDP localhost:323 
NetworkMa  756          root   26u  IPv4  24074      0t0       UDP aap24-database.aap-test.local:bootpc->pi.hole:bootps 
sshd       781          root    3u  IPv4  22290      0t0       TCP *:ssh (LISTEN)
sshd       781          root    4u  IPv6  22292      0t0       TCP *:ssh (LISTEN)
postmaste  801      postgres    6u  IPv4  24781      0t0       TCP *:postgres (LISTEN)
postmaste  801      postgres    7u  IPv6  24782      0t0       TCP *:postgres (LISTEN)
postmaste  801      postgres   10u  IPv6  24817      0t0       UDP localhost:60802->localhost:60802 
postmaste  852      postgres   10u  IPv6  24817      0t0       UDP localhost:60802->localhost:60802 
postmaste  853      postgres   10u  IPv6  24817      0t0       UDP localhost:60802->localhost:60802 
postmaste  854      postgres   10u  IPv6  24817      0t0       UDP localhost:60802->localhost:60802 
postmaste  855      postgres   10u  IPv6  24817      0t0       UDP localhost:60802->localhost:60802 
postmaste  856      postgres   10u  IPv6  24817      0t0       UDP localhost:60802->localhost:60802 
postmaste  857      postgres   10u  IPv6  24817      0t0       UDP localhost:60802->localhost:60802 
node_expo 1086 node_exporter    3u  IPv6  25667      0t0       TCP *:jetdirect (LISTEN)
node_expo 1086 node_exporter    7u  IPv6  25847      0t0       TCP aap24-database.aap-test.local:jetdirect->monitoring-node.aap-test.local:41738 (ESTABLISHED)
postmaste 1568      postgres   10u  IPv6  24817      0t0       UDP localhost:60802->localhost:60802 
postmaste 1568      postgres   11u  IPv4  24288      0t0       TCP aap24-database.aap-test.local:postgres->aap24-control.aap-test.local:59996 (ESTABLISHED)
postmaste 1569      postgres   10u  IPv6  24817      0t0       UDP localhost:60802->localhost:60802 
postmaste 1569      postgres   11u  IPv4  24289      0t0       TCP aap24-database.aap-test.local:postgres->aap24-control.aap-test.local:60002 (ESTABLISHED)
postmaste 1591      postgres   10u  IPv6  24817      0t0       UDP localhost:60802->localhost:60802 
postmaste 1591      postgres   11u  IPv4  24320      0t0       TCP aap24-database.aap-test.local:postgres->aap24-control.aap-test.local:60098 (ESTABLISHED)
postmaste 1592      postgres   10u  IPv6  24817      0t0       UDP localhost:60802->localhost:60802 
postmaste 1592      postgres   11u  IPv4  24321      0t0       TCP aap24-database.aap-test.local:postgres->aap24-control.aap-test.local:60106 (ESTABLISHED)
postmaste 1595      postgres   10u  IPv6  24817      0t0       UDP localhost:60802->localhost:60802 
postmaste 1595      postgres   11u  IPv4  24329      0t0       TCP aap24-database.aap-test.local:postgres->aap24-control.aap-test.local:60146 (ESTABLISHED)
postmaste 1596      postgres   10u  IPv6  24817      0t0       UDP localhost:60802->localhost:60802 
postmaste 1596      postgres   11u  IPv4  24330      0t0       TCP aap24-database.aap-test.local:postgres->aap24-control.aap-test.local:60152 (ESTABLISHED)
postmaste 1597      postgres   10u  IPv6  24817      0t0       UDP localhost:60802->localhost:60802 
postmaste 1597      postgres   11u  IPv4  24331      0t0       TCP aap24-database.aap-test.local:postgres->aap24-control.aap-test.local:60158 (ESTABLISHED)
postmaste 1598      postgres   10u  IPv6  24817      0t0       UDP localhost:60802->localhost:60802 
postmaste 1598      postgres   11u  IPv4  24332      0t0       TCP aap24-database.aap-test.local:postgres->aap24-control.aap-test.local:60162 (ESTABLISHED)
postmaste 1612      postgres   10u  IPv6  24817      0t0       UDP localhost:60802->localhost:60802 
postmaste 1612      postgres   11u  IPv4  24348      0t0       TCP aap24-database.aap-test.local:postgres->aap24-control.aap-test.local:60182 (ESTABLISHED)
postmaste 1613      postgres   10u  IPv6  24817      0t0       UDP localhost:60802->localhost:60802 
postmaste 1613      postgres   11u  IPv4  24349      0t0       TCP aap24-database.aap-test.local:postgres->aap24-control.aap-test.local:60184 (ESTABLISHED)
postmaste 1614      postgres   10u  IPv6  24817      0t0       UDP localhost:60802->localhost:60802 
postmaste 1614      postgres   11u  IPv4  24350      0t0       TCP aap24-database.aap-test.local:postgres->aap24-control.aap-test.local:60198 (ESTABLISHED)
postmaste 1615      postgres   10u  IPv6  24817      0t0       UDP localhost:60802->localhost:60802 
postmaste 1615      postgres   11u  IPv4  24351      0t0       TCP aap24-database.aap-test.local:postgres->aap24-control.aap-test.local:60206 (ESTABLISHED)
postmaste 1616      postgres   10u  IPv6  24817      0t0       UDP localhost:60802->localhost:60802 
postmaste 1616      postgres   11u  IPv4  24352      0t0       TCP aap24-database.aap-test.local:postgres->aap24-control.aap-test.local:60214 (ESTABLISHED)
postmaste 1617      postgres   10u  IPv6  24817      0t0       UDP localhost:60802->localhost:60802 
postmaste 1617      postgres   11u  IPv4  24353      0t0       TCP aap24-database.aap-test.local:postgres->aap24-control.aap-test.local:60220 (ESTABLISHED)
postmaste 1618      postgres   10u  IPv6  24817      0t0       UDP localhost:60802->localhost:60802 
postmaste 1618      postgres   11u  IPv4  24354      0t0       TCP aap24-database.aap-test.local:postgres->aap24-control.aap-test.local:60222 (ESTABLISHED)
postmaste 1619      postgres   10u  IPv6  24817      0t0       UDP localhost:60802->localhost:60802 
postmaste 1619      postgres   11u  IPv4  24355      0t0       TCP aap24-database.aap-test.local:postgres->aap24-control.aap-test.local:60230 (ESTABLISHED)
postmaste 1620      postgres   10u  IPv6  24817      0t0       UDP localhost:60802->localhost:60802 
postmaste 1620      postgres   11u  IPv4  24356      0t0       TCP aap24-database.aap-test.local:postgres->aap24-control.aap-test.local:60236 (ESTABLISHED)
postmaste 1954      postgres   10u  IPv6  24817      0t0       UDP localhost:60802->localhost:60802 
postmaste 1954      postgres   11u  IPv4  27507      0t0       TCP aap24-database.aap-test.local:postgres->aap24-control.aap-test.local:59734 (ESTABLISHED)
sshd      9661          root    4u  IPv4  80137      0t0       TCP aap24-database.aap-test.local:ssh->192.168.1.49:42282 (ESTABLISHED)
sshd      9681          root    4u  IPv4  80137      0t0       TCP aap24-database.aap-test.local:ssh->192.168.1.49:42282 (ESTABLISHED)
bash      9809          root  cwd    DIR  253,0      142  67240070 /root
bash      9809          root  rtd    DIR  253,0      235       128 /
bash      9809          root  txt    REG  253,0  1389072  67333814 /usr/bin/bash
bash      9809          root  mem    REG  253,0  2586930     36580 /usr/lib/locale/en_US.utf8/LC_COLLATE
bash      9809          root  mem    REG  253,0  2544344 100688096 /usr/lib64/libc.so.6
bash      9809          root  mem    REG  253,0   346132 100687773 /usr/lib/locale/C.utf8/LC_CTYPE
bash      9809          root  mem    REG  253,0       54     36583 /usr/lib/locale/en_US.utf8/LC_NUMERIC
bash      9809          root  mem    REG  253,0     3284  33639493 /usr/lib/locale/en_US.utf8/LC_TIME
bash      9809          root  mem    REG  253,0      286  33639491 /usr/lib/locale/en_US.utf8/LC_MONETARY
bash      9809          root  mem    REG  253,0       57  33639504 /usr/lib/locale/en_US.utf8/LC_MESSAGES/SYS_LC_MESSAGES
bash      9809          root  mem    REG  253,0    26988  67334001 /usr/lib64/gconv/gconv-modules.cache
bash      9809          root  mem    REG  253,0   195080 100687757 /usr/lib64/libtinfo.so.6.2
bash      9809          root  mem    REG  253,0       34 100688074 /usr/lib/locale/en_US.utf8/LC_PAPER
bash      9809          root  mem    REG  253,0       77     36582 /usr/lib/locale/en_US.utf8/LC_NAME
bash      9809          root  mem    REG  253,0      167  33639487 /usr/lib/locale/en_US.utf8/LC_ADDRESS
bash      9809          root  mem    REG  253,0       59  33639492 /usr/lib/locale/en_US.utf8/LC_TELEPHONE
bash      9809          root  mem    REG  253,0       23  33639490 /usr/lib/locale/en_US.utf8/LC_MEASUREMENT
bash      9809          root  mem    REG  253,0      369  33639489 /usr/lib/locale/en_US.utf8/LC_IDENTIFICATION
bash      9809          root  mem    REG  253,0   897856 100688092 /usr/lib64/ld-linux-x86-64.so.2
bash      9809          root    0r   CHR    1,3      0t0         4 /dev/null
bash      9809          root    1w   REG  253,0        0  34096961 /tmp/memory_monitor.log
bash      9809          root    2w   REG  253,0        0  34096961 /tmp/memory_monitor.log
bash      9809          root    3r  FIFO   0,13      0t0     80480 pipe
postmaste 9989      postgres   10u  IPv6  24817      0t0       UDP localhost:60802->localhost:60802 
postmaste 9989      postgres   11u  IPv4  82026      0t0       TCP aap24-database.aap-test.local:postgres->aap24-control.aap-test.local:41300 (ESTABLISHED)
postmaste 9990      postgres   10u  IPv6  24817      0t0       UDP localhost:60802->localhost:60802 
postmaste 9990      postgres   11u  IPv4  82027      0t0       TCP aap24-database.aap-test.local:postgres->aap24-control.aap-test.local:41302 (ESTABLISHED)
postmaste 9991      postgres   10u  IPv6  24817      0t0       UDP localhost:60802->localhost:60802 
postmaste 9991      postgres   11u  IPv4  82028      0t0       TCP aap24-database.aap-test.local:postgres->aap24-control.aap-test.local:41304 (ESTABLISHED)
postmaste 9992      postgres   10u  IPv6  24817      0t0       UDP localhost:60802->localhost:60802 
postmaste 9992      postgres   11u  IPv4  80472      0t0       TCP aap24-database.aap-test.local:postgres->aap24-control.aap-test.local:41314 (ESTABLISHED)
postmaste 9993      postgres   10u  IPv6  24817      0t0       UDP localhost:60802->localhost:60802 
postmaste 9993      postgres   11u  IPv4  80473      0t0       TCP aap24-database.aap-test.local:postgres->aap24-control.aap-test.local:41324 (ESTABLISHED)
postmaste 9994      postgres   10u  IPv6  24817      0t0       UDP localhost:60802->localhost:60802 
postmaste 9994      postgres   11u  IPv4  80474      0t0       TCP aap24-database.aap-test.local:postgres->aap24-control.aap-test.local:41328 (ESTABLISHED)

    PID    PPID CMD                           RSS    VSZ %CPU %MEM     ELAPSED
Receptor Child Processes for PID 10001:
  No child processes found
Receptor Threads for PID 10001:
    PID    SPID %CPU %MEM   RSS COMMAND
Receptor Network Connections for PID 10001:
COMMAND    PID          USER   FD   TYPE DEVICE SIZE/OFF NODE NAME
chronyd    752        chrony    5u  IPv4  22139      0t0  UDP localhost:323 
chronyd    752        chrony    6u  IPv6  22140      0t0  UDP localhost:323 
NetworkMa  756          root   26u  IPv4  24074      0t0  UDP aap24-database.aap-test.local:bootpc->pi.hole:bootps 
sshd       781          root    3u  IPv4  22290      0t0  TCP *:ssh (LISTEN)
sshd       781          root    4u  IPv6  22292      0t0  TCP *:ssh (LISTEN)
postmaste  801      postgres    6u  IPv4  24781      0t0  TCP *:postgres (LISTEN)
postmaste  801      postgres    7u  IPv6  24782      0t0  TCP *:postgres (LISTEN)
postmaste  801      postgres   10u  IPv6  24817      0t0  UDP localhost:60802->localhost:60802 
postmaste  852      postgres   10u  IPv6  24817      0t0  UDP localhost:60802->localhost:60802 
postmaste  853      postgres   10u  IPv6  24817      0t0  UDP localhost:60802->localhost:60802 
postmaste  854      postgres   10u  IPv6  24817      0t0  UDP localhost:60802->localhost:60802 
postmaste  855      postgres   10u  IPv6  24817      0t0  UDP localhost:60802->localhost:60802 
postmaste  856      postgres   10u  IPv6  24817      0t0  UDP localhost:60802->localhost:60802 
postmaste  857      postgres   10u  IPv6  24817      0t0  UDP localhost:60802->localhost:60802 
node_expo 1086 node_exporter    3u  IPv6  25667      0t0  TCP *:jetdirect (LISTEN)
node_expo 1086 node_exporter    7u  IPv6  25847      0t0  TCP aap24-database.aap-test.local:jetdirect->monitoring-node.aap-test.local:41738 (ESTABLISHED)
postmaste 1568      postgres   10u  IPv6  24817      0t0  UDP localhost:60802->localhost:60802 
postmaste 1568      postgres   11u  IPv4  24288      0t0  TCP aap24-database.aap-test.local:postgres->aap24-control.aap-test.local:59996 (ESTABLISHED)
postmaste 1569      postgres   10u  IPv6  24817      0t0  UDP localhost:60802->localhost:60802 
postmaste 1569      postgres   11u  IPv4  24289      0t0  TCP aap24-database.aap-test.local:postgres->aap24-control.aap-test.local:60002 (ESTABLISHED)
postmaste 1591      postgres   10u  IPv6  24817      0t0  UDP localhost:60802->localhost:60802 
postmaste 1591      postgres   11u  IPv4  24320      0t0  TCP aap24-database.aap-test.local:postgres->aap24-control.aap-test.local:60098 (ESTABLISHED)
postmaste 1592      postgres   10u  IPv6  24817      0t0  UDP localhost:60802->localhost:60802 
postmaste 1592      postgres   11u  IPv4  24321      0t0  TCP aap24-database.aap-test.local:postgres->aap24-control.aap-test.local:60106 (ESTABLISHED)
postmaste 1595      postgres   10u  IPv6  24817      0t0  UDP localhost:60802->localhost:60802 
postmaste 1595      postgres   11u  IPv4  24329      0t0  TCP aap24-database.aap-test.local:postgres->aap24-control.aap-test.local:60146 (ESTABLISHED)
postmaste 1596      postgres   10u  IPv6  24817      0t0  UDP localhost:60802->localhost:60802 
postmaste 1596      postgres   11u  IPv4  24330      0t0  TCP aap24-database.aap-test.local:postgres->aap24-control.aap-test.local:60152 (ESTABLISHED)
postmaste 1597      postgres   10u  IPv6  24817      0t0  UDP localhost:60802->localhost:60802 
postmaste 1597      postgres   11u  IPv4  24331      0t0  TCP aap24-database.aap-test.local:postgres->aap24-control.aap-test.local:60158 (ESTABLISHED)
postmaste 1598      postgres   10u  IPv6  24817      0t0  UDP localhost:60802->localhost:60802 
postmaste 1598      postgres   11u  IPv4  24332      0t0  TCP aap24-database.aap-test.local:postgres->aap24-control.aap-test.local:60162 (ESTABLISHED)
postmaste 1612      postgres   10u  IPv6  24817      0t0  UDP localhost:60802->localhost:60802 
postmaste 1612      postgres   11u  IPv4  24348      0t0  TCP aap24-database.aap-test.local:postgres->aap24-control.aap-test.local:60182 (ESTABLISHED)
postmaste 1613      postgres   10u  IPv6  24817      0t0  UDP localhost:60802->localhost:60802 
postmaste 1613      postgres   11u  IPv4  24349      0t0  TCP aap24-database.aap-test.local:postgres->aap24-control.aap-test.local:60184 (ESTABLISHED)
postmaste 1614      postgres   10u  IPv6  24817      0t0  UDP localhost:60802->localhost:60802 
postmaste 1614      postgres   11u  IPv4  24350      0t0  TCP aap24-database.aap-test.local:postgres->aap24-control.aap-test.local:60198 (ESTABLISHED)
postmaste 1615      postgres   10u  IPv6  24817      0t0  UDP localhost:60802->localhost:60802 
postmaste 1615      postgres   11u  IPv4  24351      0t0  TCP aap24-database.aap-test.local:postgres->aap24-control.aap-test.local:60206 (ESTABLISHED)
postmaste 1616      postgres   10u  IPv6  24817      0t0  UDP localhost:60802->localhost:60802 
postmaste 1616      postgres   11u  IPv4  24352      0t0  TCP aap24-database.aap-test.local:postgres->aap24-control.aap-test.local:60214 (ESTABLISHED)
postmaste 1617      postgres   10u  IPv6  24817      0t0  UDP localhost:60802->localhost:60802 
postmaste 1617      postgres   11u  IPv4  24353      0t0  TCP aap24-database.aap-test.local:postgres->aap24-control.aap-test.local:60220 (ESTABLISHED)
postmaste 1618      postgres   10u  IPv6  24817      0t0  UDP localhost:60802->localhost:60802 
postmaste 1618      postgres   11u  IPv4  24354      0t0  TCP aap24-database.aap-test.local:postgres->aap24-control.aap-test.local:60222 (ESTABLISHED)
postmaste 1619      postgres   10u  IPv6  24817      0t0  UDP localhost:60802->localhost:60802 
postmaste 1619      postgres   11u  IPv4  24355      0t0  TCP aap24-database.aap-test.local:postgres->aap24-control.aap-test.local:60230 (ESTABLISHED)
postmaste 1620      postgres   10u  IPv6  24817      0t0  UDP localhost:60802->localhost:60802 
postmaste 1620      postgres   11u  IPv4  24356      0t0  TCP aap24-database.aap-test.local:postgres->aap24-control.aap-test.local:60236 (ESTABLISHED)
postmaste 1954      postgres   10u  IPv6  24817      0t0  UDP localhost:60802->localhost:60802 
postmaste 1954      postgres   11u  IPv4  27507      0t0  TCP aap24-database.aap-test.local:postgres->aap24-control.aap-test.local:59734 (ESTABLISHED)
sshd      9661          root    4u  IPv4  80137      0t0  TCP aap24-database.aap-test.local:ssh->192.168.1.49:42282 (ESTABLISHED)
sshd      9681          root    4u  IPv4  80137      0t0  TCP aap24-database.aap-test.local:ssh->192.168.1.49:42282 (ESTABLISHED)
postmaste 9989      postgres   10u  IPv6  24817      0t0  UDP localhost:60802->localhost:60802 
postmaste 9989      postgres   11u  IPv4  82026      0t0  TCP aap24-database.aap-test.local:postgres->aap24-control.aap-test.local:41300 (ESTABLISHED)
postmaste 9990      postgres   10u  IPv6  24817      0t0  UDP localhost:60802->localhost:60802 
postmaste 9990      postgres   11u  IPv4  82027      0t0  TCP aap24-database.aap-test.local:postgres->aap24-control.aap-test.local:41302 (ESTABLISHED)
postmaste 9991      postgres   10u  IPv6  24817      0t0  UDP localhost:60802->localhost:60802 
postmaste 9991      postgres   11u  IPv4  82028      0t0  TCP aap24-database.aap-test.local:postgres->aap24-control.aap-test.local:41304 (ESTABLISHED)
postmaste 9992      postgres   10u  IPv6  24817      0t0  UDP localhost:60802->localhost:60802 
postmaste 9992      postgres   11u  IPv4  80472      0t0  TCP aap24-database.aap-test.local:postgres->aap24-control.aap-test.local:41314 (ESTABLISHED)
postmaste 9993      postgres   10u  IPv6  24817      0t0  UDP localhost:60802->localhost:60802 
postmaste 9993      postgres   11u  IPv4  80473      0t0  TCP aap24-database.aap-test.local:postgres->aap24-control.aap-test.local:41324 (ESTABLISHED)
postmaste 9994      postgres   10u  IPv6  24817      0t0  UDP localhost:60802->localhost:60802 
postmaste 9994      postgres   11u  IPv4  80474      0t0  TCP aap24-database.aap-test.local:postgres->aap24-control.aap-test.local:41328 (ESTABLISHED)
  No network connections found

=== RECEPTOR MEMORY SUMMARY ===
Total Receptor RSS Memory: 3200 KB (3 MB)
Total Receptor VSZ Memory: 7260 KB (7 MB)
Number of Receptor Processes: 2

AAP-related Processes and Children:
=== AAP Service Processes ===
Process: bash (PID: 9809)
    PID    PPID CMD                           RSS
   9809       1 bash -c  log_file="/tmp/mem  3200
  Children of PID 9809:
    PID    PPID CMD                           RSS
  10060    9809 bash -c  log_file="/tmp/mem  2088

Process: bash (PID: 10060)
    PID    PPID CMD                           RSS
  10060    9809 bash -c  log_file="/tmp/mem  2088
  Children of PID 10060:
    PID    PPID CMD                           RSS


Process Tree for AAP Services:
=== automation-controller Process Tree ===
bash(9809)---pstree(10071)
=== receptor Process Tree ===
bash(9809)---pstree(10075)
=== nginx Process Tree ===
bash(9809)---pstree(10079)
=== postgresql Process Tree ===
bash(9809)---pstree(10083)
=== redis Process Tree ===
bash(9809)---pstree(10087)
=== uwsgi Process Tree ===
bash(9809)---pstree(10091)
=== automation-hub Process Tree ===
bash(9809)---pstree(10095)
=== automation-eda Process Tree ===
bash(9809)---pstree(10099)

=================================================================================
2025-06-27 14:35:11
Memory Usage Report:
               total        used        free      shared  buff/cache   available
Mem:            7681         576        7085          60         316        7104
Swap:           4095           0        4095

Top 10 Processes by RSS Memory:
    PID    PPID CMD                           RSS
    801       1 /usr/bin/postmaster -D /var 61952
    745       1 /usr/bin/python3 -s /usr/sb 43724
    784       1 /usr/bin/python3 -Es /usr/s 28648
   1086       1 /usr/local/bin/node_exporte 27524
    925       1 /usr/lib/polkit-1/polkitd - 25936
   1568     801 postgres: automationhub aut 24816
   1569     801 postgres: automationhub aut 24688
   1613     801 postgres: automationhub aut 23792
   1618     801 postgres: automationhub aut 23792
   1614     801 postgres: automationhub aut 23664

=== RECEPTOR PROCESS ANALYSIS ===
Receptor Main Processes:
    PID    PPID CMD                           RSS    VSZ %CPU %MEM     ELAPSED
   9809       1 bash -c  log_file="/tmp/mem  3200   7260  0.0  0.0       01:02
Receptor Child Processes for PID 9809:
      PID    PPID CMD                           RSS    VSZ %CPU %MEM     ELAPSED
Receptor Threads for PID 9809:
    PID    SPID %CPU %MEM   RSS COMMAND
   9809    9809  0.0  0.0  3200 bash
Receptor Network Connections for PID 9809:
COMMAND     PID          USER   FD   TYPE DEVICE SIZE/OFF      NODE NAME
chronyd     752        chrony    5u  IPv4  22139      0t0       UDP localhost:323 
chronyd     752        chrony    6u  IPv6  22140      0t0       UDP localhost:323 
NetworkMa   756          root   26u  IPv4  24074      0t0       UDP aap24-database.aap-test.local:bootpc->pi.hole:bootps 
sshd        781          root    3u  IPv4  22290      0t0       TCP *:ssh (LISTEN)
sshd        781          root    4u  IPv6  22292      0t0       TCP *:ssh (LISTEN)
postmaste   801      postgres    6u  IPv4  24781      0t0       TCP *:postgres (LISTEN)
postmaste   801      postgres    7u  IPv6  24782      0t0       TCP *:postgres (LISTEN)
postmaste   801      postgres   10u  IPv6  24817      0t0       UDP localhost:60802->localhost:60802 
postmaste   852      postgres   10u  IPv6  24817      0t0       UDP localhost:60802->localhost:60802 
postmaste   853      postgres   10u  IPv6  24817      0t0       UDP localhost:60802->localhost:60802 
postmaste   854      postgres   10u  IPv6  24817      0t0       UDP localhost:60802->localhost:60802 
postmaste   855      postgres   10u  IPv6  24817      0t0       UDP localhost:60802->localhost:60802 
postmaste   856      postgres   10u  IPv6  24817      0t0       UDP localhost:60802->localhost:60802 
postmaste   857      postgres   10u  IPv6  24817      0t0       UDP localhost:60802->localhost:60802 
node_expo  1086 node_exporter    3u  IPv6  25667      0t0       TCP *:jetdirect (LISTEN)
node_expo  1086 node_exporter    7u  IPv6  25847      0t0       TCP aap24-database.aap-test.local:jetdirect->monitoring-node.aap-test.local:41738 (ESTABLISHED)
postmaste  1568      postgres   10u  IPv6  24817      0t0       UDP localhost:60802->localhost:60802 
postmaste  1568      postgres   11u  IPv4  24288      0t0       TCP aap24-database.aap-test.local:postgres->aap24-control.aap-test.local:59996 (ESTABLISHED)
postmaste  1569      postgres   10u  IPv6  24817      0t0       UDP localhost:60802->localhost:60802 
postmaste  1569      postgres   11u  IPv4  24289      0t0       TCP aap24-database.aap-test.local:postgres->aap24-control.aap-test.local:60002 (ESTABLISHED)
postmaste  1591      postgres   10u  IPv6  24817      0t0       UDP localhost:60802->localhost:60802 
postmaste  1591      postgres   11u  IPv4  24320      0t0       TCP aap24-database.aap-test.local:postgres->aap24-control.aap-test.local:60098 (ESTABLISHED)
postmaste  1592      postgres   10u  IPv6  24817      0t0       UDP localhost:60802->localhost:60802 
postmaste  1592      postgres   11u  IPv4  24321      0t0       TCP aap24-database.aap-test.local:postgres->aap24-control.aap-test.local:60106 (ESTABLISHED)
postmaste  1595      postgres   10u  IPv6  24817      0t0       UDP localhost:60802->localhost:60802 
postmaste  1595      postgres   11u  IPv4  24329      0t0       TCP aap24-database.aap-test.local:postgres->aap24-control.aap-test.local:60146 (ESTABLISHED)
postmaste  1596      postgres   10u  IPv6  24817      0t0       UDP localhost:60802->localhost:60802 
postmaste  1596      postgres   11u  IPv4  24330      0t0       TCP aap24-database.aap-test.local:postgres->aap24-control.aap-test.local:60152 (ESTABLISHED)
postmaste  1597      postgres   10u  IPv6  24817      0t0       UDP localhost:60802->localhost:60802 
postmaste  1597      postgres   11u  IPv4  24331      0t0       TCP aap24-database.aap-test.local:postgres->aap24-control.aap-test.local:60158 (ESTABLISHED)
postmaste  1598      postgres   10u  IPv6  24817      0t0       UDP localhost:60802->localhost:60802 
postmaste  1598      postgres   11u  IPv4  24332      0t0       TCP aap24-database.aap-test.local:postgres->aap24-control.aap-test.local:60162 (ESTABLISHED)
postmaste  1612      postgres   10u  IPv6  24817      0t0       UDP localhost:60802->localhost:60802 
postmaste  1612      postgres   11u  IPv4  24348      0t0       TCP aap24-database.aap-test.local:postgres->aap24-control.aap-test.local:60182 (ESTABLISHED)
postmaste  1613      postgres   10u  IPv6  24817      0t0       UDP localhost:60802->localhost:60802 
postmaste  1613      postgres   11u  IPv4  24349      0t0       TCP aap24-database.aap-test.local:postgres->aap24-control.aap-test.local:60184 (ESTABLISHED)
postmaste  1614      postgres   10u  IPv6  24817      0t0       UDP localhost:60802->localhost:60802 
postmaste  1614      postgres   11u  IPv4  24350      0t0       TCP aap24-database.aap-test.local:postgres->aap24-control.aap-test.local:60198 (ESTABLISHED)
postmaste  1615      postgres   10u  IPv6  24817      0t0       UDP localhost:60802->localhost:60802 
postmaste  1615      postgres   11u  IPv4  24351      0t0       TCP aap24-database.aap-test.local:postgres->aap24-control.aap-test.local:60206 (ESTABLISHED)
postmaste  1616      postgres   10u  IPv6  24817      0t0       UDP localhost:60802->localhost:60802 
postmaste  1616      postgres   11u  IPv4  24352      0t0       TCP aap24-database.aap-test.local:postgres->aap24-control.aap-test.local:60214 (ESTABLISHED)
postmaste  1617      postgres   10u  IPv6  24817      0t0       UDP localhost:60802->localhost:60802 
postmaste  1617      postgres   11u  IPv4  24353      0t0       TCP aap24-database.aap-test.local:postgres->aap24-control.aap-test.local:60220 (ESTABLISHED)
postmaste  1618      postgres   10u  IPv6  24817      0t0       UDP localhost:60802->localhost:60802 
postmaste  1618      postgres   11u  IPv4  24354      0t0       TCP aap24-database.aap-test.local:postgres->aap24-control.aap-test.local:60222 (ESTABLISHED)
postmaste  1619      postgres   10u  IPv6  24817      0t0       UDP localhost:60802->localhost:60802 
postmaste  1619      postgres   11u  IPv4  24355      0t0       TCP aap24-database.aap-test.local:postgres->aap24-control.aap-test.local:60230 (ESTABLISHED)
postmaste  1620      postgres   10u  IPv6  24817      0t0       UDP localhost:60802->localhost:60802 
postmaste  1620      postgres   11u  IPv4  24356      0t0       TCP aap24-database.aap-test.local:postgres->aap24-control.aap-test.local:60236 (ESTABLISHED)
postmaste  1954      postgres   10u  IPv6  24817      0t0       UDP localhost:60802->localhost:60802 
postmaste  1954      postgres   11u  IPv4  27507      0t0       TCP aap24-database.aap-test.local:postgres->aap24-control.aap-test.local:59734 (ESTABLISHED)
sshd       9661          root    4u  IPv4  80137      0t0       TCP aap24-database.aap-test.local:ssh->192.168.1.49:42282 (ESTABLISHED)
sshd       9681          root    4u  IPv4  80137      0t0       TCP aap24-database.aap-test.local:ssh->192.168.1.49:42282 (ESTABLISHED)
bash       9809          root  cwd    DIR  253,0      142  67240070 /root
bash       9809          root  rtd    DIR  253,0      235       128 /
bash       9809          root  txt    REG  253,0  1389072  67333814 /usr/bin/bash
bash       9809          root  mem    REG  253,0  2586930     36580 /usr/lib/locale/en_US.utf8/LC_COLLATE
bash       9809          root  mem    REG  253,0  2544344 100688096 /usr/lib64/libc.so.6
bash       9809          root  mem    REG  253,0   346132 100687773 /usr/lib/locale/C.utf8/LC_CTYPE
bash       9809          root  mem    REG  253,0       54     36583 /usr/lib/locale/en_US.utf8/LC_NUMERIC
bash       9809          root  mem    REG  253,0     3284  33639493 /usr/lib/locale/en_US.utf8/LC_TIME
bash       9809          root  mem    REG  253,0      286  33639491 /usr/lib/locale/en_US.utf8/LC_MONETARY
bash       9809          root  mem    REG  253,0       57  33639504 /usr/lib/locale/en_US.utf8/LC_MESSAGES/SYS_LC_MESSAGES
bash       9809          root  mem    REG  253,0    26988  67334001 /usr/lib64/gconv/gconv-modules.cache
bash       9809          root  mem    REG  253,0   195080 100687757 /usr/lib64/libtinfo.so.6.2
bash       9809          root  mem    REG  253,0       34 100688074 /usr/lib/locale/en_US.utf8/LC_PAPER
bash       9809          root  mem    REG  253,0       77     36582 /usr/lib/locale/en_US.utf8/LC_NAME
bash       9809          root  mem    REG  253,0      167  33639487 /usr/lib/locale/en_US.utf8/LC_ADDRESS
bash       9809          root  mem    REG  253,0       59  33639492 /usr/lib/locale/en_US.utf8/LC_TELEPHONE
bash       9809          root  mem    REG  253,0       23  33639490 /usr/lib/locale/en_US.utf8/LC_MEASUREMENT
bash       9809          root  mem    REG  253,0      369  33639489 /usr/lib/locale/en_US.utf8/LC_IDENTIFICATION
bash       9809          root  mem    REG  253,0   897856 100688092 /usr/lib64/ld-linux-x86-64.so.2
bash       9809          root    0r   CHR    1,3      0t0         4 /dev/null
bash       9809          root    1w   REG  253,0        0  34096961 /tmp/memory_monitor.log
bash       9809          root    2w   REG  253,0        0  34096961 /tmp/memory_monitor.log
bash       9809          root    3r  FIFO   0,13      0t0     83059 pipe
postmaste  9992      postgres   10u  IPv6  24817      0t0       UDP localhost:60802->localhost:60802 
postmaste  9992      postgres   11u  IPv4  80472      0t0       TCP aap24-database.aap-test.local:postgres->aap24-control.aap-test.local:41314 (ESTABLISHED)
postmaste  9993      postgres   10u  IPv6  24817      0t0       UDP localhost:60802->localhost:60802 
postmaste  9993      postgres   11u  IPv4  80473      0t0       TCP aap24-database.aap-test.local:postgres->aap24-control.aap-test.local:41324 (ESTABLISHED)
postmaste  9994      postgres   10u  IPv6  24817      0t0       UDP localhost:60802->localhost:60802 
postmaste  9994      postgres   11u  IPv4  80474      0t0       TCP aap24-database.aap-test.local:postgres->aap24-control.aap-test.local:41328 (ESTABLISHED)
postmaste 10169      postgres   10u  IPv6  24817      0t0       UDP localhost:60802->localhost:60802 
postmaste 10169      postgres   11u  IPv4  82445      0t0       TCP aap24-database.aap-test.local:postgres->aap24-control.aap-test.local:55848 (ESTABLISHED)
postmaste 10170      postgres   10u  IPv6  24817      0t0       UDP localhost:60802->localhost:60802 
postmaste 10170      postgres   11u  IPv4  80710      0t0       TCP aap24-database.aap-test.local:postgres->aap24-control.aap-test.local:55864 (ESTABLISHED)
postmaste 10187      postgres   10u  IPv6  24817      0t0       UDP localhost:60802->localhost:60802 
postmaste 10187      postgres   11u  IPv4  82460      0t0       TCP aap24-database.aap-test.local:postgres->aap24-control.aap-test.local:40898 (ESTABLISHED)
postmaste 10188      postgres   10u  IPv6  24817      0t0       UDP localhost:60802->localhost:60802 
postmaste 10188      postgres   11u  IPv4  82461      0t0       TCP aap24-database.aap-test.local:postgres->aap24-control.aap-test.local:40910 (ESTABLISHED)

    PID    PPID CMD                           RSS    VSZ %CPU %MEM     ELAPSED
Receptor Child Processes for PID 10206:
  No child processes found
Receptor Threads for PID 10206:
    PID    SPID %CPU %MEM   RSS COMMAND
Receptor Network Connections for PID 10206:
COMMAND     PID          USER   FD   TYPE DEVICE SIZE/OFF NODE NAME
chronyd     752        chrony    5u  IPv4  22139      0t0  UDP localhost:323 
chronyd     752        chrony    6u  IPv6  22140      0t0  UDP localhost:323 
NetworkMa   756          root   26u  IPv4  24074      0t0  UDP aap24-database.aap-test.local:bootpc->pi.hole:bootps 
sshd        781          root    3u  IPv4  22290      0t0  TCP *:ssh (LISTEN)
sshd        781          root    4u  IPv6  22292      0t0  TCP *:ssh (LISTEN)
postmaste   801      postgres    6u  IPv4  24781      0t0  TCP *:postgres (LISTEN)
postmaste   801      postgres    7u  IPv6  24782      0t0  TCP *:postgres (LISTEN)
postmaste   801      postgres   10u  IPv6  24817      0t0  UDP localhost:60802->localhost:60802 
postmaste   852      postgres   10u  IPv6  24817      0t0  UDP localhost:60802->localhost:60802 
postmaste   853      postgres   10u  IPv6  24817      0t0  UDP localhost:60802->localhost:60802 
postmaste   854      postgres   10u  IPv6  24817      0t0  UDP localhost:60802->localhost:60802 
postmaste   855      postgres   10u  IPv6  24817      0t0  UDP localhost:60802->localhost:60802 
postmaste   856      postgres   10u  IPv6  24817      0t0  UDP localhost:60802->localhost:60802 
postmaste   857      postgres   10u  IPv6  24817      0t0  UDP localhost:60802->localhost:60802 
node_expo  1086 node_exporter    3u  IPv6  25667      0t0  TCP *:jetdirect (LISTEN)
node_expo  1086 node_exporter    7u  IPv6  25847      0t0  TCP aap24-database.aap-test.local:jetdirect->monitoring-node.aap-test.local:41738 (ESTABLISHED)
postmaste  1568      postgres   10u  IPv6  24817      0t0  UDP localhost:60802->localhost:60802 
postmaste  1568      postgres   11u  IPv4  24288      0t0  TCP aap24-database.aap-test.local:postgres->aap24-control.aap-test.local:59996 (ESTABLISHED)
postmaste  1569      postgres   10u  IPv6  24817      0t0  UDP localhost:60802->localhost:60802 
postmaste  1569      postgres   11u  IPv4  24289      0t0  TCP aap24-database.aap-test.local:postgres->aap24-control.aap-test.local:60002 (ESTABLISHED)
postmaste  1591      postgres   10u  IPv6  24817      0t0  UDP localhost:60802->localhost:60802 
postmaste  1591      postgres   11u  IPv4  24320      0t0  TCP aap24-database.aap-test.local:postgres->aap24-control.aap-test.local:60098 (ESTABLISHED)
postmaste  1592      postgres   10u  IPv6  24817      0t0  UDP localhost:60802->localhost:60802 
postmaste  1592      postgres   11u  IPv4  24321      0t0  TCP aap24-database.aap-test.local:postgres->aap24-control.aap-test.local:60106 (ESTABLISHED)
postmaste  1595      postgres   10u  IPv6  24817      0t0  UDP localhost:60802->localhost:60802 
postmaste  1595      postgres   11u  IPv4  24329      0t0  TCP aap24-database.aap-test.local:postgres->aap24-control.aap-test.local:60146 (ESTABLISHED)
postmaste  1596      postgres   10u  IPv6  24817      0t0  UDP localhost:60802->localhost:60802 
postmaste  1596      postgres   11u  IPv4  24330      0t0  TCP aap24-database.aap-test.local:postgres->aap24-control.aap-test.local:60152 (ESTABLISHED)
postmaste  1597      postgres   10u  IPv6  24817      0t0  UDP localhost:60802->localhost:60802 
postmaste  1597      postgres   11u  IPv4  24331      0t0  TCP aap24-database.aap-test.local:postgres->aap24-control.aap-test.local:60158 (ESTABLISHED)
postmaste  1598      postgres   10u  IPv6  24817      0t0  UDP localhost:60802->localhost:60802 
postmaste  1598      postgres   11u  IPv4  24332      0t0  TCP aap24-database.aap-test.local:postgres->aap24-control.aap-test.local:60162 (ESTABLISHED)
postmaste  1612      postgres   10u  IPv6  24817      0t0  UDP localhost:60802->localhost:60802 
postmaste  1612      postgres   11u  IPv4  24348      0t0  TCP aap24-database.aap-test.local:postgres->aap24-control.aap-test.local:60182 (ESTABLISHED)
postmaste  1613      postgres   10u  IPv6  24817      0t0  UDP localhost:60802->localhost:60802 
postmaste  1613      postgres   11u  IPv4  24349      0t0  TCP aap24-database.aap-test.local:postgres->aap24-control.aap-test.local:60184 (ESTABLISHED)
postmaste  1614      postgres   10u  IPv6  24817      0t0  UDP localhost:60802->localhost:60802 
postmaste  1614      postgres   11u  IPv4  24350      0t0  TCP aap24-database.aap-test.local:postgres->aap24-control.aap-test.local:60198 (ESTABLISHED)
postmaste  1615      postgres   10u  IPv6  24817      0t0  UDP localhost:60802->localhost:60802 
postmaste  1615      postgres   11u  IPv4  24351      0t0  TCP aap24-database.aap-test.local:postgres->aap24-control.aap-test.local:60206 (ESTABLISHED)
postmaste  1616      postgres   10u  IPv6  24817      0t0  UDP localhost:60802->localhost:60802 
postmaste  1616      postgres   11u  IPv4  24352      0t0  TCP aap24-database.aap-test.local:postgres->aap24-control.aap-test.local:60214 (ESTABLISHED)
postmaste  1617      postgres   10u  IPv6  24817      0t0  UDP localhost:60802->localhost:60802 
postmaste  1617      postgres   11u  IPv4  24353      0t0  TCP aap24-database.aap-test.local:postgres->aap24-control.aap-test.local:60220 (ESTABLISHED)
postmaste  1618      postgres   10u  IPv6  24817      0t0  UDP localhost:60802->localhost:60802 
postmaste  1618      postgres   11u  IPv4  24354      0t0  TCP aap24-database.aap-test.local:postgres->aap24-control.aap-test.local:60222 (ESTABLISHED)
postmaste  1619      postgres   10u  IPv6  24817      0t0  UDP localhost:60802->localhost:60802 
postmaste  1619      postgres   11u  IPv4  24355      0t0  TCP aap24-database.aap-test.local:postgres->aap24-control.aap-test.local:60230 (ESTABLISHED)
postmaste  1620      postgres   10u  IPv6  24817      0t0  UDP localhost:60802->localhost:60802 
postmaste  1620      postgres   11u  IPv4  24356      0t0  TCP aap24-database.aap-test.local:postgres->aap24-control.aap-test.local:60236 (ESTABLISHED)
postmaste  1954      postgres   10u  IPv6  24817      0t0  UDP localhost:60802->localhost:60802 
postmaste  1954      postgres   11u  IPv4  27507      0t0  TCP aap24-database.aap-test.local:postgres->aap24-control.aap-test.local:59734 (ESTABLISHED)
sshd       9661          root    4u  IPv4  80137      0t0  TCP aap24-database.aap-test.local:ssh->192.168.1.49:42282 (ESTABLISHED)
sshd       9681          root    4u  IPv4  80137      0t0  TCP aap24-database.aap-test.local:ssh->192.168.1.49:42282 (ESTABLISHED)
postmaste  9992      postgres   10u  IPv6  24817      0t0  UDP localhost:60802->localhost:60802 
postmaste  9992      postgres   11u  IPv4  80472      0t0  TCP aap24-database.aap-test.local:postgres->aap24-control.aap-test.local:41314 (ESTABLISHED)
postmaste  9993      postgres   10u  IPv6  24817      0t0  UDP localhost:60802->localhost:60802 
postmaste  9993      postgres   11u  IPv4  80473      0t0  TCP aap24-database.aap-test.local:postgres->aap24-control.aap-test.local:41324 (ESTABLISHED)
postmaste  9994      postgres   10u  IPv6  24817      0t0  UDP localhost:60802->localhost:60802 
postmaste  9994      postgres   11u  IPv4  80474      0t0  TCP aap24-database.aap-test.local:postgres->aap24-control.aap-test.local:41328 (ESTABLISHED)
postmaste 10169      postgres   10u  IPv6  24817      0t0  UDP localhost:60802->localhost:60802 
postmaste 10169      postgres   11u  IPv4  82445      0t0  TCP aap24-database.aap-test.local:postgres->aap24-control.aap-test.local:55848 (ESTABLISHED)
postmaste 10170      postgres   10u  IPv6  24817      0t0  UDP localhost:60802->localhost:60802 
postmaste 10170      postgres   11u  IPv4  80710      0t0  TCP aap24-database.aap-test.local:postgres->aap24-control.aap-test.local:55864 (ESTABLISHED)
postmaste 10187      postgres   10u  IPv6  24817      0t0  UDP localhost:60802->localhost:60802 
postmaste 10187      postgres   11u  IPv4  82460      0t0  TCP aap24-database.aap-test.local:postgres->aap24-control.aap-test.local:40898 (ESTABLISHED)
postmaste 10188      postgres   10u  IPv6  24817      0t0  UDP localhost:60802->localhost:60802 
postmaste 10188      postgres   11u  IPv4  82461      0t0  TCP aap24-database.aap-test.local:postgres->aap24-control.aap-test.local:40910 (ESTABLISHED)
  No network connections found

=== RECEPTOR MEMORY SUMMARY ===
Total Receptor RSS Memory: 3328 KB (3 MB)
Total Receptor VSZ Memory: 7260 KB (7 MB)
Number of Receptor Processes: 2

AAP-related Processes and Children:
=== AAP Service Processes ===
Process: bash (PID: 9809)
    PID    PPID CMD                           RSS
   9809       1 bash -c  log_file="/tmp/mem  3328
  Children of PID 9809:
    PID    PPID CMD                           RSS
  10265    9809 bash -c  log_file="/tmp/mem  2112

Process: bash (PID: 10265)
    PID    PPID CMD                           RSS
  10265    9809 bash -c  log_file="/tmp/mem  2112
  Children of PID 10265:
    PID    PPID CMD                           RSS


Process Tree for AAP Services:
=== automation-controller Process Tree ===
bash(9809)---pstree(10276)
=== receptor Process Tree ===
bash(9809)---pstree(10280)
=== nginx Process Tree ===
bash(9809)---pstree(10284)
=== postgresql Process Tree ===
bash(9809)---pstree(10288)
=== redis Process Tree ===
bash(9809)---pstree(10292)
=== uwsgi Process Tree ===
bash(9809)---pstree(10296)
=== automation-hub Process Tree ===
bash(9809)---pstree(10300)
=== automation-eda Process Tree ===
bash(9809)---pstree(10304)

=================================================================================
2025-06-27 14:35:41
Memory Usage Report:
               total        used        free      shared  buff/cache   available
Mem:            7681         577        7085          60         316        7103
Swap:           4095           0        4095

Top 10 Processes by RSS Memory:
    PID    PPID CMD                           RSS
    801       1 /usr/bin/postmaster -D /var 61952
    745       1 /usr/bin/python3 -s /usr/sb 43724
    784       1 /usr/bin/python3 -Es /usr/s 28648
   1086       1 /usr/local/bin/node_exporte 27128
    925       1 /usr/lib/polkit-1/polkitd - 25936
   1568     801 postgres: automationhub aut 24816
   1569     801 postgres: automationhub aut 24688
   1613     801 postgres: automationhub aut 23792
   1618     801 postgres: automationhub aut 23792
   1614     801 postgres: automationhub aut 23664

=== RECEPTOR PROCESS ANALYSIS ===
Receptor Main Processes:
    PID    PPID CMD                           RSS    VSZ %CPU %MEM     ELAPSED
   9809       1 bash -c  log_file="/tmp/mem  3328   7260  0.0  0.0       01:32
Receptor Child Processes for PID 9809:
      PID    PPID CMD                           RSS    VSZ %CPU %MEM     ELAPSED
Receptor Threads for PID 9809:
    PID    SPID %CPU %MEM   RSS COMMAND
   9809    9809  0.0  0.0  3328 bash
Receptor Network Connections for PID 9809:
COMMAND     PID          USER   FD   TYPE DEVICE SIZE/OFF      NODE NAME
chronyd     752        chrony    5u  IPv4  22139      0t0       UDP localhost:323 
chronyd     752        chrony    6u  IPv6  22140      0t0       UDP localhost:323 
NetworkMa   756          root   26u  IPv4  24074      0t0       UDP aap24-database.aap-test.local:bootpc->pi.hole:bootps 
sshd        781          root    3u  IPv4  22290      0t0       TCP *:ssh (LISTEN)
sshd        781          root    4u  IPv6  22292      0t0       TCP *:ssh (LISTEN)
postmaste   801      postgres    6u  IPv4  24781      0t0       TCP *:postgres (LISTEN)
postmaste   801      postgres    7u  IPv6  24782      0t0       TCP *:postgres (LISTEN)
postmaste   801      postgres   10u  IPv6  24817      0t0       UDP localhost:60802->localhost:60802 
postmaste   852      postgres   10u  IPv6  24817      0t0       UDP localhost:60802->localhost:60802 
postmaste   853      postgres   10u  IPv6  24817      0t0       UDP localhost:60802->localhost:60802 
postmaste   854      postgres   10u  IPv6  24817      0t0       UDP localhost:60802->localhost:60802 
postmaste   855      postgres   10u  IPv6  24817      0t0       UDP localhost:60802->localhost:60802 
postmaste   856      postgres   10u  IPv6  24817      0t0       UDP localhost:60802->localhost:60802 
postmaste   857      postgres   10u  IPv6  24817      0t0       UDP localhost:60802->localhost:60802 
node_expo  1086 node_exporter    3u  IPv6  25667      0t0       TCP *:jetdirect (LISTEN)
node_expo  1086 node_exporter    7u  IPv6  25847      0t0       TCP aap24-database.aap-test.local:jetdirect->monitoring-node.aap-test.local:41738 (ESTABLISHED)
postmaste  1568      postgres   10u  IPv6  24817      0t0       UDP localhost:60802->localhost:60802 
postmaste  1568      postgres   11u  IPv4  24288      0t0       TCP aap24-database.aap-test.local:postgres->aap24-control.aap-test.local:59996 (ESTABLISHED)
postmaste  1569      postgres   10u  IPv6  24817      0t0       UDP localhost:60802->localhost:60802 
postmaste  1569      postgres   11u  IPv4  24289      0t0       TCP aap24-database.aap-test.local:postgres->aap24-control.aap-test.local:60002 (ESTABLISHED)
postmaste  1591      postgres   10u  IPv6  24817      0t0       UDP localhost:60802->localhost:60802 
postmaste  1591      postgres   11u  IPv4  24320      0t0       TCP aap24-database.aap-test.local:postgres->aap24-control.aap-test.local:60098 (ESTABLISHED)
postmaste  1592      postgres   10u  IPv6  24817      0t0       UDP localhost:60802->localhost:60802 
postmaste  1592      postgres   11u  IPv4  24321      0t0       TCP aap24-database.aap-test.local:postgres->aap24-control.aap-test.local:60106 (ESTABLISHED)
postmaste  1595      postgres   10u  IPv6  24817      0t0       UDP localhost:60802->localhost:60802 
postmaste  1595      postgres   11u  IPv4  24329      0t0       TCP aap24-database.aap-test.local:postgres->aap24-control.aap-test.local:60146 (ESTABLISHED)
postmaste  1596      postgres   10u  IPv6  24817      0t0       UDP localhost:60802->localhost:60802 
postmaste  1596      postgres   11u  IPv4  24330      0t0       TCP aap24-database.aap-test.local:postgres->aap24-control.aap-test.local:60152 (ESTABLISHED)
postmaste  1597      postgres   10u  IPv6  24817      0t0       UDP localhost:60802->localhost:60802 
postmaste  1597      postgres   11u  IPv4  24331      0t0       TCP aap24-database.aap-test.local:postgres->aap24-control.aap-test.local:60158 (ESTABLISHED)
postmaste  1598      postgres   10u  IPv6  24817      0t0       UDP localhost:60802->localhost:60802 
postmaste  1598      postgres   11u  IPv4  24332      0t0       TCP aap24-database.aap-test.local:postgres->aap24-control.aap-test.local:60162 (ESTABLISHED)
postmaste  1612      postgres   10u  IPv6  24817      0t0       UDP localhost:60802->localhost:60802 
postmaste  1612      postgres   11u  IPv4  24348      0t0       TCP aap24-database.aap-test.local:postgres->aap24-control.aap-test.local:60182 (ESTABLISHED)
postmaste  1613      postgres   10u  IPv6  24817      0t0       UDP localhost:60802->localhost:60802 
postmaste  1613      postgres   11u  IPv4  24349      0t0       TCP aap24-database.aap-test.local:postgres->aap24-control.aap-test.local:60184 (ESTABLISHED)
postmaste  1614      postgres   10u  IPv6  24817      0t0       UDP localhost:60802->localhost:60802 
postmaste  1614      postgres   11u  IPv4  24350      0t0       TCP aap24-database.aap-test.local:postgres->aap24-control.aap-test.local:60198 (ESTABLISHED)
postmaste  1615      postgres   10u  IPv6  24817      0t0       UDP localhost:60802->localhost:60802 
postmaste  1615      postgres   11u  IPv4  24351      0t0       TCP aap24-database.aap-test.local:postgres->aap24-control.aap-test.local:60206 (ESTABLISHED)
postmaste  1616      postgres   10u  IPv6  24817      0t0       UDP localhost:60802->localhost:60802 
postmaste  1616      postgres   11u  IPv4  24352      0t0       TCP aap24-database.aap-test.local:postgres->aap24-control.aap-test.local:60214 (ESTABLISHED)
postmaste  1617      postgres   10u  IPv6  24817      0t0       UDP localhost:60802->localhost:60802 
postmaste  1617      postgres   11u  IPv4  24353      0t0       TCP aap24-database.aap-test.local:postgres->aap24-control.aap-test.local:60220 (ESTABLISHED)
postmaste  1618      postgres   10u  IPv6  24817      0t0       UDP localhost:60802->localhost:60802 
postmaste  1618      postgres   11u  IPv4  24354      0t0       TCP aap24-database.aap-test.local:postgres->aap24-control.aap-test.local:60222 (ESTABLISHED)
postmaste  1619      postgres   10u  IPv6  24817      0t0       UDP localhost:60802->localhost:60802 
postmaste  1619      postgres   11u  IPv4  24355      0t0       TCP aap24-database.aap-test.local:postgres->aap24-control.aap-test.local:60230 (ESTABLISHED)
postmaste  1620      postgres   10u  IPv6  24817      0t0       UDP localhost:60802->localhost:60802 
postmaste  1620      postgres   11u  IPv4  24356      0t0       TCP aap24-database.aap-test.local:postgres->aap24-control.aap-test.local:60236 (ESTABLISHED)
postmaste  1954      postgres   10u  IPv6  24817      0t0       UDP localhost:60802->localhost:60802 
postmaste  1954      postgres   11u  IPv4  27507      0t0       TCP aap24-database.aap-test.local:postgres->aap24-control.aap-test.local:59734 (ESTABLISHED)
sshd       9661          root    4u  IPv4  80137      0t0       TCP aap24-database.aap-test.local:ssh->192.168.1.49:42282 (ESTABLISHED)
sshd       9681          root    4u  IPv4  80137      0t0       TCP aap24-database.aap-test.local:ssh->192.168.1.49:42282 (ESTABLISHED)
bash       9809          root  cwd    DIR  253,0      142  67240070 /root
bash       9809          root  rtd    DIR  253,0      235       128 /
bash       9809          root  txt    REG  253,0  1389072  67333814 /usr/bin/bash
bash       9809          root  mem    REG  253,0  2586930     36580 /usr/lib/locale/en_US.utf8/LC_COLLATE
bash       9809          root  mem    REG  253,0  2544344 100688096 /usr/lib64/libc.so.6
bash       9809          root  mem    REG  253,0   346132 100687773 /usr/lib/locale/C.utf8/LC_CTYPE
bash       9809          root  mem    REG  253,0       54     36583 /usr/lib/locale/en_US.utf8/LC_NUMERIC
bash       9809          root  mem    REG  253,0     3284  33639493 /usr/lib/locale/en_US.utf8/LC_TIME
bash       9809          root  mem    REG  253,0      286  33639491 /usr/lib/locale/en_US.utf8/LC_MONETARY
bash       9809          root  mem    REG  253,0       57  33639504 /usr/lib/locale/en_US.utf8/LC_MESSAGES/SYS_LC_MESSAGES
bash       9809          root  mem    REG  253,0    26988  67334001 /usr/lib64/gconv/gconv-modules.cache
bash       9809          root  mem    REG  253,0   195080 100687757 /usr/lib64/libtinfo.so.6.2
bash       9809          root  mem    REG  253,0       34 100688074 /usr/lib/locale/en_US.utf8/LC_PAPER
bash       9809          root  mem    REG  253,0       77     36582 /usr/lib/locale/en_US.utf8/LC_NAME
bash       9809          root  mem    REG  253,0      167  33639487 /usr/lib/locale/en_US.utf8/LC_ADDRESS
bash       9809          root  mem    REG  253,0       59  33639492 /usr/lib/locale/en_US.utf8/LC_TELEPHONE
bash       9809          root  mem    REG  253,0       23  33639490 /usr/lib/locale/en_US.utf8/LC_MEASUREMENT
bash       9809          root  mem    REG  253,0      369  33639489 /usr/lib/locale/en_US.utf8/LC_IDENTIFICATION
bash       9809          root  mem    REG  253,0   897856 100688092 /usr/lib64/ld-linux-x86-64.so.2
bash       9809          root    0r   CHR    1,3      0t0         4 /dev/null
bash       9809          root    1w   REG  253,0        0  34096961 /tmp/memory_monitor.log
bash       9809          root    2w   REG  253,0        0  34096961 /tmp/memory_monitor.log
bash       9809          root    3r  FIFO   0,13      0t0     83321 pipe
postmaste 10366      postgres   10u  IPv6  24817      0t0       UDP localhost:60802->localhost:60802 
postmaste 10366      postgres   11u  IPv4  82920      0t0       TCP aap24-database.aap-test.local:postgres->aap24-control.aap-test.local:55704 (ESTABLISHED)
postmaste 10367      postgres   10u  IPv6  24817      0t0       UDP localhost:60802->localhost:60802 
postmaste 10367      postgres   11u  IPv4  82921      0t0       TCP aap24-database.aap-test.local:postgres->aap24-control.aap-test.local:55706 (ESTABLISHED)
postmaste 10368      postgres   10u  IPv6  24817      0t0       UDP localhost:60802->localhost:60802 
postmaste 10368      postgres   11u  IPv4  83234      0t0       TCP aap24-database.aap-test.local:postgres->aap24-control.aap-test.local:55720 (ESTABLISHED)
postmaste 10369      postgres   10u  IPv6  24817      0t0       UDP localhost:60802->localhost:60802 
postmaste 10369      postgres   11u  IPv4  83235      0t0       TCP aap24-database.aap-test.local:postgres->aap24-control.aap-test.local:55730 (ESTABLISHED)
postmaste 10370      postgres   10u  IPv6  24817      0t0       UDP localhost:60802->localhost:60802 
postmaste 10370      postgres   11u  IPv4  83236      0t0       TCP aap24-database.aap-test.local:postgres->aap24-control.aap-test.local:55746 (ESTABLISHED)
postmaste 10371      postgres   10u  IPv6  24817      0t0       UDP localhost:60802->localhost:60802 
postmaste 10371      postgres   11u  IPv4  83237      0t0       TCP aap24-database.aap-test.local:postgres->aap24-control.aap-test.local:55748 (ESTABLISHED)

    PID    PPID CMD                           RSS    VSZ %CPU %MEM     ELAPSED
Receptor Child Processes for PID 10389:
  No child processes found
Receptor Threads for PID 10389:
    PID    SPID %CPU %MEM   RSS COMMAND
Receptor Network Connections for PID 10389:
COMMAND     PID          USER   FD   TYPE DEVICE SIZE/OFF NODE NAME
chronyd     752        chrony    5u  IPv4  22139      0t0  UDP localhost:323 
chronyd     752        chrony    6u  IPv6  22140      0t0  UDP localhost:323 
NetworkMa   756          root   26u  IPv4  24074      0t0  UDP aap24-database.aap-test.local:bootpc->pi.hole:bootps 
sshd        781          root    3u  IPv4  22290      0t0  TCP *:ssh (LISTEN)
sshd        781          root    4u  IPv6  22292      0t0  TCP *:ssh (LISTEN)
postmaste   801      postgres    6u  IPv4  24781      0t0  TCP *:postgres (LISTEN)
postmaste   801      postgres    7u  IPv6  24782      0t0  TCP *:postgres (LISTEN)
postmaste   801      postgres   10u  IPv6  24817      0t0  UDP localhost:60802->localhost:60802 
postmaste   852      postgres   10u  IPv6  24817      0t0  UDP localhost:60802->localhost:60802 
postmaste   853      postgres   10u  IPv6  24817      0t0  UDP localhost:60802->localhost:60802 
postmaste   854      postgres   10u  IPv6  24817      0t0  UDP localhost:60802->localhost:60802 
postmaste   855      postgres   10u  IPv6  24817      0t0  UDP localhost:60802->localhost:60802 
postmaste   856      postgres   10u  IPv6  24817      0t0  UDP localhost:60802->localhost:60802 
postmaste   857      postgres   10u  IPv6  24817      0t0  UDP localhost:60802->localhost:60802 
node_expo  1086 node_exporter    3u  IPv6  25667      0t0  TCP *:jetdirect (LISTEN)
node_expo  1086 node_exporter    7u  IPv6  25847      0t0  TCP aap24-database.aap-test.local:jetdirect->monitoring-node.aap-test.local:41738 (ESTABLISHED)
postmaste  1568      postgres   10u  IPv6  24817      0t0  UDP localhost:60802->localhost:60802 
postmaste  1568      postgres   11u  IPv4  24288      0t0  TCP aap24-database.aap-test.local:postgres->aap24-control.aap-test.local:59996 (ESTABLISHED)
postmaste  1569      postgres   10u  IPv6  24817      0t0  UDP localhost:60802->localhost:60802 
postmaste  1569      postgres   11u  IPv4  24289      0t0  TCP aap24-database.aap-test.local:postgres->aap24-control.aap-test.local:60002 (ESTABLISHED)
postmaste  1591      postgres   10u  IPv6  24817      0t0  UDP localhost:60802->localhost:60802 
postmaste  1591      postgres   11u  IPv4  24320      0t0  TCP aap24-database.aap-test.local:postgres->aap24-control.aap-test.local:60098 (ESTABLISHED)
postmaste  1592      postgres   10u  IPv6  24817      0t0  UDP localhost:60802->localhost:60802 
postmaste  1592      postgres   11u  IPv4  24321      0t0  TCP aap24-database.aap-test.local:postgres->aap24-control.aap-test.local:60106 (ESTABLISHED)
postmaste  1595      postgres   10u  IPv6  24817      0t0  UDP localhost:60802->localhost:60802 
postmaste  1595      postgres   11u  IPv4  24329      0t0  TCP aap24-database.aap-test.local:postgres->aap24-control.aap-test.local:60146 (ESTABLISHED)
postmaste  1596      postgres   10u  IPv6  24817      0t0  UDP localhost:60802->localhost:60802 
postmaste  1596      postgres   11u  IPv4  24330      0t0  TCP aap24-database.aap-test.local:postgres->aap24-control.aap-test.local:60152 (ESTABLISHED)
postmaste  1597      postgres   10u  IPv6  24817      0t0  UDP localhost:60802->localhost:60802 
postmaste  1597      postgres   11u  IPv4  24331      0t0  TCP aap24-database.aap-test.local:postgres->aap24-control.aap-test.local:60158 (ESTABLISHED)
postmaste  1598      postgres   10u  IPv6  24817      0t0  UDP localhost:60802->localhost:60802 
postmaste  1598      postgres   11u  IPv4  24332      0t0  TCP aap24-database.aap-test.local:postgres->aap24-control.aap-test.local:60162 (ESTABLISHED)
postmaste  1612      postgres   10u  IPv6  24817      0t0  UDP localhost:60802->localhost:60802 
postmaste  1612      postgres   11u  IPv4  24348      0t0  TCP aap24-database.aap-test.local:postgres->aap24-control.aap-test.local:60182 (ESTABLISHED)
postmaste  1613      postgres   10u  IPv6  24817      0t0  UDP localhost:60802->localhost:60802 
postmaste  1613      postgres   11u  IPv4  24349      0t0  TCP aap24-database.aap-test.local:postgres->aap24-control.aap-test.local:60184 (ESTABLISHED)
postmaste  1614      postgres   10u  IPv6  24817      0t0  UDP localhost:60802->localhost:60802 
postmaste  1614      postgres   11u  IPv4  24350      0t0  TCP aap24-database.aap-test.local:postgres->aap24-control.aap-test.local:60198 (ESTABLISHED)
postmaste  1615      postgres   10u  IPv6  24817      0t0  UDP localhost:60802->localhost:60802 
postmaste  1615      postgres   11u  IPv4  24351      0t0  TCP aap24-database.aap-test.local:postgres->aap24-control.aap-test.local:60206 (ESTABLISHED)
postmaste  1616      postgres   10u  IPv6  24817      0t0  UDP localhost:60802->localhost:60802 
postmaste  1616      postgres   11u  IPv4  24352      0t0  TCP aap24-database.aap-test.local:postgres->aap24-control.aap-test.local:60214 (ESTABLISHED)
postmaste  1617      postgres   10u  IPv6  24817      0t0  UDP localhost:60802->localhost:60802 
postmaste  1617      postgres   11u  IPv4  24353      0t0  TCP aap24-database.aap-test.local:postgres->aap24-control.aap-test.local:60220 (ESTABLISHED)
postmaste  1618      postgres   10u  IPv6  24817      0t0  UDP localhost:60802->localhost:60802 
postmaste  1618      postgres   11u  IPv4  24354      0t0  TCP aap24-database.aap-test.local:postgres->aap24-control.aap-test.local:60222 (ESTABLISHED)
postmaste  1619      postgres   10u  IPv6  24817      0t0  UDP localhost:60802->localhost:60802 
postmaste  1619      postgres   11u  IPv4  24355      0t0  TCP aap24-database.aap-test.local:postgres->aap24-control.aap-test.local:60230 (ESTABLISHED)
postmaste  1620      postgres   10u  IPv6  24817      0t0  UDP localhost:60802->localhost:60802 
postmaste  1620      postgres   11u  IPv4  24356      0t0  TCP aap24-database.aap-test.local:postgres->aap24-control.aap-test.local:60236 (ESTABLISHED)
postmaste  1954      postgres   10u  IPv6  24817      0t0  UDP localhost:60802->localhost:60802 
postmaste  1954      postgres   11u  IPv4  27507      0t0  TCP aap24-database.aap-test.local:postgres->aap24-control.aap-test.local:59734 (ESTABLISHED)
sshd       9661          root    4u  IPv4  80137      0t0  TCP aap24-database.aap-test.local:ssh->192.168.1.49:42282 (ESTABLISHED)
sshd       9681          root    4u  IPv4  80137      0t0  TCP aap24-database.aap-test.local:ssh->192.168.1.49:42282 (ESTABLISHED)
postmaste 10366      postgres   10u  IPv6  24817      0t0  UDP localhost:60802->localhost:60802 
postmaste 10366      postgres   11u  IPv4  82920      0t0  TCP aap24-database.aap-test.local:postgres->aap24-control.aap-test.local:55704 (ESTABLISHED)
postmaste 10367      postgres   10u  IPv6  24817      0t0  UDP localhost:60802->localhost:60802 
postmaste 10367      postgres   11u  IPv4  82921      0t0  TCP aap24-database.aap-test.local:postgres->aap24-control.aap-test.local:55706 (ESTABLISHED)
postmaste 10368      postgres   10u  IPv6  24817      0t0  UDP localhost:60802->localhost:60802 
postmaste 10368      postgres   11u  IPv4  83234      0t0  TCP aap24-database.aap-test.local:postgres->aap24-control.aap-test.local:55720 (ESTABLISHED)
postmaste 10369      postgres   10u  IPv6  24817      0t0  UDP localhost:60802->localhost:60802 
postmaste 10369      postgres   11u  IPv4  83235      0t0  TCP aap24-database.aap-test.local:postgres->aap24-control.aap-test.local:55730 (ESTABLISHED)
postmaste 10370      postgres   10u  IPv6  24817      0t0  UDP localhost:60802->localhost:60802 
postmaste 10370      postgres   11u  IPv4  83236      0t0  TCP aap24-database.aap-test.local:postgres->aap24-control.aap-test.local:55746 (ESTABLISHED)
postmaste 10371      postgres   10u  IPv6  24817      0t0  UDP localhost:60802->localhost:60802 
postmaste 10371      postgres   11u  IPv4  83237      0t0  TCP aap24-database.aap-test.local:postgres->aap24-control.aap-test.local:55748 (ESTABLISHED)
  No network connections found

=== RECEPTOR MEMORY SUMMARY ===
Total Receptor RSS Memory: 3328 KB (3 MB)
Total Receptor VSZ Memory: 7260 KB (7 MB)
Number of Receptor Processes: 2

AAP-related Processes and Children:
=== AAP Service Processes ===
Process: bash (PID: 9809)
    PID    PPID CMD                           RSS
   9809       1 bash -c  log_file="/tmp/mem  3328
  Children of PID 9809:
    PID    PPID CMD                           RSS
  10459    9809 bash -c  log_file="/tmp/mem  2116

Process: bash (PID: 10459)
    PID    PPID CMD                           RSS
  10459    9809 bash -c  log_file="/tmp/mem  2116
  Children of PID 10459:
    PID    PPID CMD                           RSS


Process Tree for AAP Services:
=== automation-controller Process Tree ===
bash(9809)---pstree(10470)
=== receptor Process Tree ===
bash(9809)---pstree(10474)
=== nginx Process Tree ===
bash(9809)---pstree(10478)
=== postgresql Process Tree ===
bash(9809)---pstree(10482)
=== redis Process Tree ===
bash(9809)---pstree(10486)
=== uwsgi Process Tree ===
bash(9809)---pstree(10490)
=== automation-hub Process Tree ===
bash(9809)---pstree(10494)
=== automation-eda Process Tree ===
bash(9809)---pstree(10498)

=================================================================================
2025-06-27 14:36:12
Memory Usage Report:
               total        used        free      shared  buff/cache   available
Mem:            7681         567        7095          60         316        7113
Swap:           4095           0        4095

Top 10 Processes by RSS Memory:
    PID    PPID CMD                           RSS
    801       1 /usr/bin/postmaster -D /var 61952
    745       1 /usr/bin/python3 -s /usr/sb 43724
    784       1 /usr/bin/python3 -Es /usr/s 28648
   1086       1 /usr/local/bin/node_exporte 27476
    925       1 /usr/lib/polkit-1/polkitd - 25936
   1568     801 postgres: automationhub aut 24816
   1569     801 postgres: automationhub aut 24688
   1613     801 postgres: automationhub aut 23792
   1618     801 postgres: automationhub aut 23792
   1614     801 postgres: automationhub aut 23664

=== RECEPTOR PROCESS ANALYSIS ===
Receptor Main Processes:
    PID    PPID CMD                           RSS    VSZ %CPU %MEM     ELAPSED
   9809       1 bash -c  log_file="/tmp/mem  3328   7260  0.0  0.0       02:03
Receptor Child Processes for PID 9809:
      PID    PPID CMD                           RSS    VSZ %CPU %MEM     ELAPSED
Receptor Threads for PID 9809:
    PID    SPID %CPU %MEM   RSS COMMAND
   9809    9809  0.0  0.0  3328 bash
Receptor Network Connections for PID 9809:
COMMAND     PID          USER   FD   TYPE DEVICE SIZE/OFF      NODE NAME
chronyd     752        chrony    5u  IPv4  22139      0t0       UDP localhost:323 
chronyd     752        chrony    6u  IPv6  22140      0t0       UDP localhost:323 
NetworkMa   756          root   26u  IPv4  24074      0t0       UDP aap24-database.aap-test.local:bootpc->pi.hole:bootps 
sshd        781          root    3u  IPv4  22290      0t0       TCP *:ssh (LISTEN)
sshd        781          root    4u  IPv6  22292      0t0       TCP *:ssh (LISTEN)
postmaste   801      postgres    6u  IPv4  24781      0t0       TCP *:postgres (LISTEN)
postmaste   801      postgres    7u  IPv6  24782      0t0       TCP *:postgres (LISTEN)
postmaste   801      postgres   10u  IPv6  24817      0t0       UDP localhost:60802->localhost:60802 
postmaste   852      postgres   10u  IPv6  24817      0t0       UDP localhost:60802->localhost:60802 
postmaste   853      postgres   10u  IPv6  24817      0t0       UDP localhost:60802->localhost:60802 
postmaste   854      postgres   10u  IPv6  24817      0t0       UDP localhost:60802->localhost:60802 
postmaste   855      postgres   10u  IPv6  24817      0t0       UDP localhost:60802->localhost:60802 
postmaste   856      postgres   10u  IPv6  24817      0t0       UDP localhost:60802->localhost:60802 
postmaste   857      postgres   10u  IPv6  24817      0t0       UDP localhost:60802->localhost:60802 
node_expo  1086 node_exporter    3u  IPv6  25667      0t0       TCP *:jetdirect (LISTEN)
node_expo  1086 node_exporter    7u  IPv6  25847      0t0       TCP aap24-database.aap-test.local:jetdirect->monitoring-node.aap-test.local:41738 (ESTABLISHED)
postmaste  1568      postgres   10u  IPv6  24817      0t0       UDP localhost:60802->localhost:60802 
postmaste  1568      postgres   11u  IPv4  24288      0t0       TCP aap24-database.aap-test.local:postgres->aap24-control.aap-test.local:59996 (ESTABLISHED)
postmaste  1569      postgres   10u  IPv6  24817      0t0       UDP localhost:60802->localhost:60802 
postmaste  1569      postgres   11u  IPv4  24289      0t0       TCP aap24-database.aap-test.local:postgres->aap24-control.aap-test.local:60002 (ESTABLISHED)
postmaste  1591      postgres   10u  IPv6  24817      0t0       UDP localhost:60802->localhost:60802 
postmaste  1591      postgres   11u  IPv4  24320      0t0       TCP aap24-database.aap-test.local:postgres->aap24-control.aap-test.local:60098 (ESTABLISHED)
postmaste  1592      postgres   10u  IPv6  24817      0t0       UDP localhost:60802->localhost:60802 
postmaste  1592      postgres   11u  IPv4  24321      0t0       TCP aap24-database.aap-test.local:postgres->aap24-control.aap-test.local:60106 (ESTABLISHED)
postmaste  1595      postgres   10u  IPv6  24817      0t0       UDP localhost:60802->localhost:60802 
postmaste  1595      postgres   11u  IPv4  24329      0t0       TCP aap24-database.aap-test.local:postgres->aap24-control.aap-test.local:60146 (ESTABLISHED)
postmaste  1596      postgres   10u  IPv6  24817      0t0       UDP localhost:60802->localhost:60802 
postmaste  1596      postgres   11u  IPv4  24330      0t0       TCP aap24-database.aap-test.local:postgres->aap24-control.aap-test.local:60152 (ESTABLISHED)
postmaste  1597      postgres   10u  IPv6  24817      0t0       UDP localhost:60802->localhost:60802 
postmaste  1597      postgres   11u  IPv4  24331      0t0       TCP aap24-database.aap-test.local:postgres->aap24-control.aap-test.local:60158 (ESTABLISHED)
postmaste  1598      postgres   10u  IPv6  24817      0t0       UDP localhost:60802->localhost:60802 
postmaste  1598      postgres   11u  IPv4  24332      0t0       TCP aap24-database.aap-test.local:postgres->aap24-control.aap-test.local:60162 (ESTABLISHED)
postmaste  1612      postgres   10u  IPv6  24817      0t0       UDP localhost:60802->localhost:60802 
postmaste  1612      postgres   11u  IPv4  24348      0t0       TCP aap24-database.aap-test.local:postgres->aap24-control.aap-test.local:60182 (ESTABLISHED)
postmaste  1613      postgres   10u  IPv6  24817      0t0       UDP localhost:60802->localhost:60802 
postmaste  1613      postgres   11u  IPv4  24349      0t0       TCP aap24-database.aap-test.local:postgres->aap24-control.aap-test.local:60184 (ESTABLISHED)
postmaste  1614      postgres   10u  IPv6  24817      0t0       UDP localhost:60802->localhost:60802 
postmaste  1614      postgres   11u  IPv4  24350      0t0       TCP aap24-database.aap-test.local:postgres->aap24-control.aap-test.local:60198 (ESTABLISHED)
postmaste  1615      postgres   10u  IPv6  24817      0t0       UDP localhost:60802->localhost:60802 
postmaste  1615      postgres   11u  IPv4  24351      0t0       TCP aap24-database.aap-test.local:postgres->aap24-control.aap-test.local:60206 (ESTABLISHED)
postmaste  1616      postgres   10u  IPv6  24817      0t0       UDP localhost:60802->localhost:60802 
postmaste  1616      postgres   11u  IPv4  24352      0t0       TCP aap24-database.aap-test.local:postgres->aap24-control.aap-test.local:60214 (ESTABLISHED)
postmaste  1617      postgres   10u  IPv6  24817      0t0       UDP localhost:60802->localhost:60802 
postmaste  1617      postgres   11u  IPv4  24353      0t0       TCP aap24-database.aap-test.local:postgres->aap24-control.aap-test.local:60220 (ESTABLISHED)
postmaste  1618      postgres   10u  IPv6  24817      0t0       UDP localhost:60802->localhost:60802 
postmaste  1618      postgres   11u  IPv4  24354      0t0       TCP aap24-database.aap-test.local:postgres->aap24-control.aap-test.local:60222 (ESTABLISHED)
postmaste  1619      postgres   10u  IPv6  24817      0t0       UDP localhost:60802->localhost:60802 
postmaste  1619      postgres   11u  IPv4  24355      0t0       TCP aap24-database.aap-test.local:postgres->aap24-control.aap-test.local:60230 (ESTABLISHED)
postmaste  1620      postgres   10u  IPv6  24817      0t0       UDP localhost:60802->localhost:60802 
postmaste  1620      postgres   11u  IPv4  24356      0t0       TCP aap24-database.aap-test.local:postgres->aap24-control.aap-test.local:60236 (ESTABLISHED)
postmaste  1954      postgres   10u  IPv6  24817      0t0       UDP localhost:60802->localhost:60802 
postmaste  1954      postgres   11u  IPv4  27507      0t0       TCP aap24-database.aap-test.local:postgres->aap24-control.aap-test.local:59734 (ESTABLISHED)
bash       9809          root  cwd    DIR  253,0      142  67240070 /root
bash       9809          root  rtd    DIR  253,0      235       128 /
bash       9809          root  txt    REG  253,0  1389072  67333814 /usr/bin/bash
bash       9809          root  mem    REG  253,0  2586930     36580 /usr/lib/locale/en_US.utf8/LC_COLLATE
bash       9809          root  mem    REG  253,0  2544344 100688096 /usr/lib64/libc.so.6
bash       9809          root  mem    REG  253,0   346132 100687773 /usr/lib/locale/C.utf8/LC_CTYPE
bash       9809          root  mem    REG  253,0       54     36583 /usr/lib/locale/en_US.utf8/LC_NUMERIC
bash       9809          root  mem    REG  253,0     3284  33639493 /usr/lib/locale/en_US.utf8/LC_TIME
bash       9809          root  mem    REG  253,0      286  33639491 /usr/lib/locale/en_US.utf8/LC_MONETARY
bash       9809          root  mem    REG  253,0       57  33639504 /usr/lib/locale/en_US.utf8/LC_MESSAGES/SYS_LC_MESSAGES
bash       9809          root  mem    REG  253,0    26988  67334001 /usr/lib64/gconv/gconv-modules.cache
bash       9809          root  mem    REG  253,0   195080 100687757 /usr/lib64/libtinfo.so.6.2
bash       9809          root  mem    REG  253,0       34 100688074 /usr/lib/locale/en_US.utf8/LC_PAPER
bash       9809          root  mem    REG  253,0       77     36582 /usr/lib/locale/en_US.utf8/LC_NAME
bash       9809          root  mem    REG  253,0      167  33639487 /usr/lib/locale/en_US.utf8/LC_ADDRESS
bash       9809          root  mem    REG  253,0       59  33639492 /usr/lib/locale/en_US.utf8/LC_TELEPHONE
bash       9809          root  mem    REG  253,0       23  33639490 /usr/lib/locale/en_US.utf8/LC_MEASUREMENT
bash       9809          root  mem    REG  253,0      369  33639489 /usr/lib/locale/en_US.utf8/LC_IDENTIFICATION
bash       9809          root  mem    REG  253,0   897856 100688092 /usr/lib64/ld-linux-x86-64.so.2
bash       9809          root    0r   CHR    1,3      0t0         4 /dev/null
bash       9809          root    1w   REG  253,0        0  34096961 /tmp/memory_monitor.log
bash       9809          root    2w   REG  253,0        0  34096961 /tmp/memory_monitor.log
bash       9809          root    3r  FIFO   0,13      0t0     86432 pipe
postmaste 10368      postgres   10u  IPv6  24817      0t0       UDP localhost:60802->localhost:60802 
postmaste 10368      postgres   11u  IPv4  83234      0t0       TCP aap24-database.aap-test.local:postgres->aap24-control.aap-test.local:55720 (ESTABLISHED)
postmaste 10369      postgres   10u  IPv6  24817      0t0       UDP localhost:60802->localhost:60802 
postmaste 10369      postgres   11u  IPv4  83235      0t0       TCP aap24-database.aap-test.local:postgres->aap24-control.aap-test.local:55730 (ESTABLISHED)
postmaste 10371      postgres   10u  IPv6  24817      0t0       UDP localhost:60802->localhost:60802 
postmaste 10371      postgres   11u  IPv4  83237      0t0       TCP aap24-database.aap-test.local:postgres->aap24-control.aap-test.local:55748 (ESTABLISHED)
postmaste 10525      postgres   10u  IPv6  24817      0t0       UDP localhost:60802->localhost:60802 
postmaste 10525      postgres   11u  IPv4  83603      0t0       TCP aap24-database.aap-test.local:postgres->aap24-control.aap-test.local:55414 (ESTABLISHED)
postmaste 10526      postgres   10u  IPv6  24817      0t0       UDP localhost:60802->localhost:60802 
postmaste 10526      postgres   11u  IPv4  83604      0t0       TCP aap24-database.aap-test.local:postgres->aap24-control.aap-test.local:55430 (ESTABLISHED)
postmaste 10549      postgres   10u  IPv6  24817      0t0       UDP localhost:60802->localhost:60802 
postmaste 10549      postgres   11u  IPv4  83620      0t0       TCP aap24-database.aap-test.local:postgres->aap24-control.aap-test.local:45180 (ESTABLISHED)
postmaste 10550      postgres   10u  IPv6  24817      0t0       UDP localhost:60802->localhost:60802 
postmaste 10550      postgres   11u  IPv4  86417      0t0       TCP aap24-database.aap-test.local:postgres->aap24-control.aap-test.local:45194 (ESTABLISHED)

    PID    PPID CMD                           RSS    VSZ %CPU %MEM     ELAPSED
Receptor Child Processes for PID 10579:
  No child processes found
Receptor Threads for PID 10579:
    PID    SPID %CPU %MEM   RSS COMMAND
Receptor Network Connections for PID 10579:
COMMAND     PID          USER   FD   TYPE DEVICE SIZE/OFF NODE NAME
chronyd     752        chrony    5u  IPv4  22139      0t0  UDP localhost:323 
chronyd     752        chrony    6u  IPv6  22140      0t0  UDP localhost:323 
NetworkMa   756          root   26u  IPv4  24074      0t0  UDP aap24-database.aap-test.local:bootpc->pi.hole:bootps 
sshd        781          root    3u  IPv4  22290      0t0  TCP *:ssh (LISTEN)
sshd        781          root    4u  IPv6  22292      0t0  TCP *:ssh (LISTEN)
postmaste   801      postgres    6u  IPv4  24781      0t0  TCP *:postgres (LISTEN)
postmaste   801      postgres    7u  IPv6  24782      0t0  TCP *:postgres (LISTEN)
postmaste   801      postgres   10u  IPv6  24817      0t0  UDP localhost:60802->localhost:60802 
postmaste   852      postgres   10u  IPv6  24817      0t0  UDP localhost:60802->localhost:60802 
postmaste   853      postgres   10u  IPv6  24817      0t0  UDP localhost:60802->localhost:60802 
postmaste   854      postgres   10u  IPv6  24817      0t0  UDP localhost:60802->localhost:60802 
postmaste   855      postgres   10u  IPv6  24817      0t0  UDP localhost:60802->localhost:60802 
postmaste   856      postgres   10u  IPv6  24817      0t0  UDP localhost:60802->localhost:60802 
postmaste   857      postgres   10u  IPv6  24817      0t0  UDP localhost:60802->localhost:60802 
node_expo  1086 node_exporter    3u  IPv6  25667      0t0  TCP *:jetdirect (LISTEN)
node_expo  1086 node_exporter    7u  IPv6  25847      0t0  TCP aap24-database.aap-test.local:jetdirect->monitoring-node.aap-test.local:41738 (ESTABLISHED)
postmaste  1568      postgres   10u  IPv6  24817      0t0  UDP localhost:60802->localhost:60802 
postmaste  1568      postgres   11u  IPv4  24288      0t0  TCP aap24-database.aap-test.local:postgres->aap24-control.aap-test.local:59996 (ESTABLISHED)
postmaste  1569      postgres   10u  IPv6  24817      0t0  UDP localhost:60802->localhost:60802 
postmaste  1569      postgres   11u  IPv4  24289      0t0  TCP aap24-database.aap-test.local:postgres->aap24-control.aap-test.local:60002 (ESTABLISHED)
postmaste  1591      postgres   10u  IPv6  24817      0t0  UDP localhost:60802->localhost:60802 
postmaste  1591      postgres   11u  IPv4  24320      0t0  TCP aap24-database.aap-test.local:postgres->aap24-control.aap-test.local:60098 (ESTABLISHED)
postmaste  1592      postgres   10u  IPv6  24817      0t0  UDP localhost:60802->localhost:60802 
postmaste  1592      postgres   11u  IPv4  24321      0t0  TCP aap24-database.aap-test.local:postgres->aap24-control.aap-test.local:60106 (ESTABLISHED)
postmaste  1595      postgres   10u  IPv6  24817      0t0  UDP localhost:60802->localhost:60802 
postmaste  1595      postgres   11u  IPv4  24329      0t0  TCP aap24-database.aap-test.local:postgres->aap24-control.aap-test.local:60146 (ESTABLISHED)
postmaste  1596      postgres   10u  IPv6  24817      0t0  UDP localhost:60802->localhost:60802 
postmaste  1596      postgres   11u  IPv4  24330      0t0  TCP aap24-database.aap-test.local:postgres->aap24-control.aap-test.local:60152 (ESTABLISHED)
postmaste  1597      postgres   10u  IPv6  24817      0t0  UDP localhost:60802->localhost:60802 
postmaste  1597      postgres   11u  IPv4  24331      0t0  TCP aap24-database.aap-test.local:postgres->aap24-control.aap-test.local:60158 (ESTABLISHED)
postmaste  1598      postgres   10u  IPv6  24817      0t0  UDP localhost:60802->localhost:60802 
postmaste  1598      postgres   11u  IPv4  24332      0t0  TCP aap24-database.aap-test.local:postgres->aap24-control.aap-test.local:60162 (ESTABLISHED)
postmaste  1612      postgres   10u  IPv6  24817      0t0  UDP localhost:60802->localhost:60802 
postmaste  1612      postgres   11u  IPv4  24348      0t0  TCP aap24-database.aap-test.local:postgres->aap24-control.aap-test.local:60182 (ESTABLISHED)
postmaste  1613      postgres   10u  IPv6  24817      0t0  UDP localhost:60802->localhost:60802 
postmaste  1613      postgres   11u  IPv4  24349      0t0  TCP aap24-database.aap-test.local:postgres->aap24-control.aap-test.local:60184 (ESTABLISHED)
postmaste  1614      postgres   10u  IPv6  24817      0t0  UDP localhost:60802->localhost:60802 
postmaste  1614      postgres   11u  IPv4  24350      0t0  TCP aap24-database.aap-test.local:postgres->aap24-control.aap-test.local:60198 (ESTABLISHED)
postmaste  1615      postgres   10u  IPv6  24817      0t0  UDP localhost:60802->localhost:60802 
postmaste  1615      postgres   11u  IPv4  24351      0t0  TCP aap24-database.aap-test.local:postgres->aap24-control.aap-test.local:60206 (ESTABLISHED)
postmaste  1616      postgres   10u  IPv6  24817      0t0  UDP localhost:60802->localhost:60802 
postmaste  1616      postgres   11u  IPv4  24352      0t0  TCP aap24-database.aap-test.local:postgres->aap24-control.aap-test.local:60214 (ESTABLISHED)
postmaste  1617      postgres   10u  IPv6  24817      0t0  UDP localhost:60802->localhost:60802 
postmaste  1617      postgres   11u  IPv4  24353      0t0  TCP aap24-database.aap-test.local:postgres->aap24-control.aap-test.local:60220 (ESTABLISHED)
postmaste  1618      postgres   10u  IPv6  24817      0t0  UDP localhost:60802->localhost:60802 
postmaste  1618      postgres   11u  IPv4  24354      0t0  TCP aap24-database.aap-test.local:postgres->aap24-control.aap-test.local:60222 (ESTABLISHED)
postmaste  1619      postgres   10u  IPv6  24817      0t0  UDP localhost:60802->localhost:60802 
postmaste  1619      postgres   11u  IPv4  24355      0t0  TCP aap24-database.aap-test.local:postgres->aap24-control.aap-test.local:60230 (ESTABLISHED)
postmaste  1620      postgres   10u  IPv6  24817      0t0  UDP localhost:60802->localhost:60802 
postmaste  1620      postgres   11u  IPv4  24356      0t0  TCP aap24-database.aap-test.local:postgres->aap24-control.aap-test.local:60236 (ESTABLISHED)
postmaste  1954      postgres   10u  IPv6  24817      0t0  UDP localhost:60802->localhost:60802 
postmaste  1954      postgres   11u  IPv4  27507      0t0  TCP aap24-database.aap-test.local:postgres->aap24-control.aap-test.local:59734 (ESTABLISHED)
postmaste 10368      postgres   10u  IPv6  24817      0t0  UDP localhost:60802->localhost:60802 
postmaste 10368      postgres   11u  IPv4  83234      0t0  TCP aap24-database.aap-test.local:postgres->aap24-control.aap-test.local:55720 (ESTABLISHED)
postmaste 10369      postgres   10u  IPv6  24817      0t0  UDP localhost:60802->localhost:60802 
postmaste 10369      postgres   11u  IPv4  83235      0t0  TCP aap24-database.aap-test.local:postgres->aap24-control.aap-test.local:55730 (ESTABLISHED)
postmaste 10371      postgres   10u  IPv6  24817      0t0  UDP localhost:60802->localhost:60802 
postmaste 10371      postgres   11u  IPv4  83237      0t0  TCP aap24-database.aap-test.local:postgres->aap24-control.aap-test.local:55748 (ESTABLISHED)
postmaste 10525      postgres   10u  IPv6  24817      0t0  UDP localhost:60802->localhost:60802 
postmaste 10525      postgres   11u  IPv4  83603      0t0  TCP aap24-database.aap-test.local:postgres->aap24-control.aap-test.local:55414 (ESTABLISHED)
postmaste 10526      postgres   10u  IPv6  24817      0t0  UDP localhost:60802->localhost:60802 
postmaste 10526      postgres   11u  IPv4  83604      0t0  TCP aap24-database.aap-test.local:postgres->aap24-control.aap-test.local:55430 (ESTABLISHED)
postmaste 10549      postgres   10u  IPv6  24817      0t0  UDP localhost:60802->localhost:60802 
postmaste 10549      postgres   11u  IPv4  83620      0t0  TCP aap24-database.aap-test.local:postgres->aap24-control.aap-test.local:45180 (ESTABLISHED)
postmaste 10550      postgres   10u  IPv6  24817      0t0  UDP localhost:60802->localhost:60802 
postmaste 10550      postgres   11u  IPv4  86417      0t0  TCP aap24-database.aap-test.local:postgres->aap24-control.aap-test.local:45194 (ESTABLISHED)
  No network connections found

=== RECEPTOR MEMORY SUMMARY ===
Total Receptor RSS Memory: 3328 KB (3 MB)
Total Receptor VSZ Memory: 7260 KB (7 MB)
Number of Receptor Processes: 2

AAP-related Processes and Children:
=== AAP Service Processes ===
Process: bash (PID: 9809)
    PID    PPID CMD                           RSS
   9809       1 bash -c  log_file="/tmp/mem  3328
  Children of PID 9809:
    PID    PPID CMD                           RSS
  10638    9809 bash -c  log_file="/tmp/mem  2124

Process: bash (PID: 10638)
    PID    PPID CMD                           RSS
  10638    9809 bash -c  log_file="/tmp/mem  2124
  Children of PID 10638:
    PID    PPID CMD                           RSS


Process Tree for AAP Services:
=== automation-controller Process Tree ===
bash(9809)---pstree(10649)
=== receptor Process Tree ===
bash(9809)---pstree(10653)
=== nginx Process Tree ===
bash(9809)---pstree(10657)
=== postgresql Process Tree ===
bash(9809)---pstree(10661)
=== redis Process Tree ===
bash(9809)---pstree(10665)
=== uwsgi Process Tree ===
bash(9809)---pstree(10669)
=== automation-hub Process Tree ===
bash(9809)---pstree(10673)
=== automation-eda Process Tree ===
bash(9809)---pstree(10677)

=================================================================================
2025-06-27 14:36:43
Memory Usage Report:
               total        used        free      shared  buff/cache   available
Mem:            7681         564        7097          60         316        7116
Swap:           4095           0        4095

Top 10 Processes by RSS Memory:
    PID    PPID CMD                           RSS
    801       1 /usr/bin/postmaster -D /var 61952
    745       1 /usr/bin/python3 -s /usr/sb 43724
    784       1 /usr/bin/python3 -Es /usr/s 28648
   1086       1 /usr/local/bin/node_exporte 27604
    925       1 /usr/lib/polkit-1/polkitd - 25936
   1568     801 postgres: automationhub aut 24944
   1569     801 postgres: automationhub aut 24688
   1613     801 postgres: automationhub aut 23920
   1614     801 postgres: automationhub aut 23792
   1618     801 postgres: automationhub aut 23792

=== RECEPTOR PROCESS ANALYSIS ===
Receptor Main Processes:
    PID    PPID CMD                           RSS    VSZ %CPU %MEM     ELAPSED
   9809       1 bash -c  log_file="/tmp/mem  3328   7260  0.0  0.0       02:33
Receptor Child Processes for PID 9809:
      PID    PPID CMD                           RSS    VSZ %CPU %MEM     ELAPSED
Receptor Threads for PID 9809:
    PID    SPID %CPU %MEM   RSS COMMAND
   9809    9809  0.0  0.0  3328 bash
Receptor Network Connections for PID 9809:
COMMAND     PID          USER   FD   TYPE DEVICE SIZE/OFF      NODE NAME
chronyd     752        chrony    5u  IPv4  22139      0t0       UDP localhost:323 
chronyd     752        chrony    6u  IPv6  22140      0t0       UDP localhost:323 
NetworkMa   756          root   26u  IPv4  24074      0t0       UDP aap24-database.aap-test.local:bootpc->pi.hole:bootps 
sshd        781          root    3u  IPv4  22290      0t0       TCP *:ssh (LISTEN)
sshd        781          root    4u  IPv6  22292      0t0       TCP *:ssh (LISTEN)
postmaste   801      postgres    6u  IPv4  24781      0t0       TCP *:postgres (LISTEN)
postmaste   801      postgres    7u  IPv6  24782      0t0       TCP *:postgres (LISTEN)
postmaste   801      postgres   10u  IPv6  24817      0t0       UDP localhost:60802->localhost:60802 
postmaste   852      postgres   10u  IPv6  24817      0t0       UDP localhost:60802->localhost:60802 
postmaste   853      postgres   10u  IPv6  24817      0t0       UDP localhost:60802->localhost:60802 
postmaste   854      postgres   10u  IPv6  24817      0t0       UDP localhost:60802->localhost:60802 
postmaste   855      postgres   10u  IPv6  24817      0t0       UDP localhost:60802->localhost:60802 
postmaste   856      postgres   10u  IPv6  24817      0t0       UDP localhost:60802->localhost:60802 
postmaste   857      postgres   10u  IPv6  24817      0t0       UDP localhost:60802->localhost:60802 
node_expo  1086 node_exporter    3u  IPv6  25667      0t0       TCP *:jetdirect (LISTEN)
node_expo  1086 node_exporter    7u  IPv6  25847      0t0       TCP aap24-database.aap-test.local:jetdirect->monitoring-node.aap-test.local:41738 (ESTABLISHED)
postmaste  1568      postgres   10u  IPv6  24817      0t0       UDP localhost:60802->localhost:60802 
postmaste  1568      postgres   11u  IPv4  24288      0t0       TCP aap24-database.aap-test.local:postgres->aap24-control.aap-test.local:59996 (ESTABLISHED)
postmaste  1569      postgres   10u  IPv6  24817      0t0       UDP localhost:60802->localhost:60802 
postmaste  1569      postgres   11u  IPv4  24289      0t0       TCP aap24-database.aap-test.local:postgres->aap24-control.aap-test.local:60002 (ESTABLISHED)
postmaste  1591      postgres   10u  IPv6  24817      0t0       UDP localhost:60802->localhost:60802 
postmaste  1591      postgres   11u  IPv4  24320      0t0       TCP aap24-database.aap-test.local:postgres->aap24-control.aap-test.local:60098 (ESTABLISHED)
postmaste  1592      postgres   10u  IPv6  24817      0t0       UDP localhost:60802->localhost:60802 
postmaste  1592      postgres   11u  IPv4  24321      0t0       TCP aap24-database.aap-test.local:postgres->aap24-control.aap-test.local:60106 (ESTABLISHED)
postmaste  1595      postgres   10u  IPv6  24817      0t0       UDP localhost:60802->localhost:60802 
postmaste  1595      postgres   11u  IPv4  24329      0t0       TCP aap24-database.aap-test.local:postgres->aap24-control.aap-test.local:60146 (ESTABLISHED)
postmaste  1596      postgres   10u  IPv6  24817      0t0       UDP localhost:60802->localhost:60802 
postmaste  1596      postgres   11u  IPv4  24330      0t0       TCP aap24-database.aap-test.local:postgres->aap24-control.aap-test.local:60152 (ESTABLISHED)
postmaste  1597      postgres   10u  IPv6  24817      0t0       UDP localhost:60802->localhost:60802 
postmaste  1597      postgres   11u  IPv4  24331      0t0       TCP aap24-database.aap-test.local:postgres->aap24-control.aap-test.local:60158 (ESTABLISHED)
postmaste  1598      postgres   10u  IPv6  24817      0t0       UDP localhost:60802->localhost:60802 
postmaste  1598      postgres   11u  IPv4  24332      0t0       TCP aap24-database.aap-test.local:postgres->aap24-control.aap-test.local:60162 (ESTABLISHED)
postmaste  1612      postgres   10u  IPv6  24817      0t0       UDP localhost:60802->localhost:60802 
postmaste  1612      postgres   11u  IPv4  24348      0t0       TCP aap24-database.aap-test.local:postgres->aap24-control.aap-test.local:60182 (ESTABLISHED)
postmaste  1613      postgres   10u  IPv6  24817      0t0       UDP localhost:60802->localhost:60802 
postmaste  1613      postgres   11u  IPv4  24349      0t0       TCP aap24-database.aap-test.local:postgres->aap24-control.aap-test.local:60184 (ESTABLISHED)
postmaste  1614      postgres   10u  IPv6  24817      0t0       UDP localhost:60802->localhost:60802 
postmaste  1614      postgres   11u  IPv4  24350      0t0       TCP aap24-database.aap-test.local:postgres->aap24-control.aap-test.local:60198 (ESTABLISHED)
postmaste  1615      postgres   10u  IPv6  24817      0t0       UDP localhost:60802->localhost:60802 
postmaste  1615      postgres   11u  IPv4  24351      0t0       TCP aap24-database.aap-test.local:postgres->aap24-control.aap-test.local:60206 (ESTABLISHED)
postmaste  1616      postgres   10u  IPv6  24817      0t0       UDP localhost:60802->localhost:60802 
postmaste  1616      postgres   11u  IPv4  24352      0t0       TCP aap24-database.aap-test.local:postgres->aap24-control.aap-test.local:60214 (ESTABLISHED)
postmaste  1617      postgres   10u  IPv6  24817      0t0       UDP localhost:60802->localhost:60802 
postmaste  1617      postgres   11u  IPv4  24353      0t0       TCP aap24-database.aap-test.local:postgres->aap24-control.aap-test.local:60220 (ESTABLISHED)
postmaste  1618      postgres   10u  IPv6  24817      0t0       UDP localhost:60802->localhost:60802 
postmaste  1618      postgres   11u  IPv4  24354      0t0       TCP aap24-database.aap-test.local:postgres->aap24-control.aap-test.local:60222 (ESTABLISHED)
postmaste  1619      postgres   10u  IPv6  24817      0t0       UDP localhost:60802->localhost:60802 
postmaste  1619      postgres   11u  IPv4  24355      0t0       TCP aap24-database.aap-test.local:postgres->aap24-control.aap-test.local:60230 (ESTABLISHED)
postmaste  1620      postgres   10u  IPv6  24817      0t0       UDP localhost:60802->localhost:60802 
postmaste  1620      postgres   11u  IPv4  24356      0t0       TCP aap24-database.aap-test.local:postgres->aap24-control.aap-test.local:60236 (ESTABLISHED)
postmaste  1954      postgres   10u  IPv6  24817      0t0       UDP localhost:60802->localhost:60802 
postmaste  1954      postgres   11u  IPv4  27507      0t0       TCP aap24-database.aap-test.local:postgres->aap24-control.aap-test.local:59734 (ESTABLISHED)
bash       9809          root  cwd    DIR  253,0      142  67240070 /root
bash       9809          root  rtd    DIR  253,0      235       128 /
bash       9809          root  txt    REG  253,0  1389072  67333814 /usr/bin/bash
bash       9809          root  mem    REG  253,0  2586930     36580 /usr/lib/locale/en_US.utf8/LC_COLLATE
bash       9809          root  mem    REG  253,0  2544344 100688096 /usr/lib64/libc.so.6
bash       9809          root  mem    REG  253,0   346132 100687773 /usr/lib/locale/C.utf8/LC_CTYPE
bash       9809          root  mem    REG  253,0       54     36583 /usr/lib/locale/en_US.utf8/LC_NUMERIC
bash       9809          root  mem    REG  253,0     3284  33639493 /usr/lib/locale/en_US.utf8/LC_TIME
bash       9809          root  mem    REG  253,0      286  33639491 /usr/lib/locale/en_US.utf8/LC_MONETARY
bash       9809          root  mem    REG  253,0       57  33639504 /usr/lib/locale/en_US.utf8/LC_MESSAGES/SYS_LC_MESSAGES
bash       9809          root  mem    REG  253,0    26988  67334001 /usr/lib64/gconv/gconv-modules.cache
bash       9809          root  mem    REG  253,0   195080 100687757 /usr/lib64/libtinfo.so.6.2
bash       9809          root  mem    REG  253,0       34 100688074 /usr/lib/locale/en_US.utf8/LC_PAPER
bash       9809          root  mem    REG  253,0       77     36582 /usr/lib/locale/en_US.utf8/LC_NAME
bash       9809          root  mem    REG  253,0      167  33639487 /usr/lib/locale/en_US.utf8/LC_ADDRESS
bash       9809          root  mem    REG  253,0       59  33639492 /usr/lib/locale/en_US.utf8/LC_TELEPHONE
bash       9809          root  mem    REG  253,0       23  33639490 /usr/lib/locale/en_US.utf8/LC_MEASUREMENT
bash       9809          root  mem    REG  253,0      369  33639489 /usr/lib/locale/en_US.utf8/LC_IDENTIFICATION
bash       9809          root  mem    REG  253,0   897856 100688092 /usr/lib64/ld-linux-x86-64.so.2
bash       9809          root    0r   CHR    1,3      0t0         4 /dev/null
bash       9809          root    1w   REG  253,0        0  34096961 /tmp/memory_monitor.log
bash       9809          root    2w   REG  253,0        0  34096961 /tmp/memory_monitor.log
bash       9809          root    3r  FIFO   0,13      0t0     87143 pipe
postmaste 10728      postgres   10u  IPv6  24817      0t0       UDP localhost:60802->localhost:60802 
postmaste 10728      postgres   11u  IPv4  86693      0t0       TCP aap24-database.aap-test.local:postgres->aap24-control.aap-test.local:36562 (ESTABLISHED)
postmaste 10729      postgres   10u  IPv6  24817      0t0       UDP localhost:60802->localhost:60802 
postmaste 10729      postgres   11u  IPv4  86694      0t0       TCP aap24-database.aap-test.local:postgres->aap24-control.aap-test.local:36576 (ESTABLISHED)
postmaste 10730      postgres   10u  IPv6  24817      0t0       UDP localhost:60802->localhost:60802 
postmaste 10730      postgres   11u  IPv4  85725      0t0       TCP aap24-database.aap-test.local:postgres->aap24-control.aap-test.local:36588 (ESTABLISHED)
postmaste 10732      postgres   10u  IPv6  24817      0t0       UDP localhost:60802->localhost:60802 
postmaste 10732      postgres   11u  IPv4  85727      0t0       TCP aap24-database.aap-test.local:postgres->aap24-control.aap-test.local:36592 (ESTABLISHED)
postmaste 10733      postgres   10u  IPv6  24817      0t0       UDP localhost:60802->localhost:60802 
postmaste 10733      postgres   11u  IPv4  85728      0t0       TCP aap24-database.aap-test.local:postgres->aap24-control.aap-test.local:36606 (ESTABLISHED)

    PID    PPID CMD                           RSS    VSZ %CPU %MEM     ELAPSED
Receptor Child Processes for PID 10762:
  No child processes found
Receptor Threads for PID 10762:
    PID    SPID %CPU %MEM   RSS COMMAND
Receptor Network Connections for PID 10762:
COMMAND     PID          USER   FD   TYPE DEVICE SIZE/OFF NODE NAME
chronyd     752        chrony    5u  IPv4  22139      0t0  UDP localhost:323 
chronyd     752        chrony    6u  IPv6  22140      0t0  UDP localhost:323 
NetworkMa   756          root   26u  IPv4  24074      0t0  UDP aap24-database.aap-test.local:bootpc->pi.hole:bootps 
sshd        781          root    3u  IPv4  22290      0t0  TCP *:ssh (LISTEN)
sshd        781          root    4u  IPv6  22292      0t0  TCP *:ssh (LISTEN)
postmaste   801      postgres    6u  IPv4  24781      0t0  TCP *:postgres (LISTEN)
postmaste   801      postgres    7u  IPv6  24782      0t0  TCP *:postgres (LISTEN)
postmaste   801      postgres   10u  IPv6  24817      0t0  UDP localhost:60802->localhost:60802 
postmaste   852      postgres   10u  IPv6  24817      0t0  UDP localhost:60802->localhost:60802 
postmaste   853      postgres   10u  IPv6  24817      0t0  UDP localhost:60802->localhost:60802 
postmaste   854      postgres   10u  IPv6  24817      0t0  UDP localhost:60802->localhost:60802 
postmaste   855      postgres   10u  IPv6  24817      0t0  UDP localhost:60802->localhost:60802 
postmaste   856      postgres   10u  IPv6  24817      0t0  UDP localhost:60802->localhost:60802 
postmaste   857      postgres   10u  IPv6  24817      0t0  UDP localhost:60802->localhost:60802 
node_expo  1086 node_exporter    3u  IPv6  25667      0t0  TCP *:jetdirect (LISTEN)
node_expo  1086 node_exporter    7u  IPv6  25847      0t0  TCP aap24-database.aap-test.local:jetdirect->monitoring-node.aap-test.local:41738 (ESTABLISHED)
postmaste  1568      postgres   10u  IPv6  24817      0t0  UDP localhost:60802->localhost:60802 
postmaste  1568      postgres   11u  IPv4  24288      0t0  TCP aap24-database.aap-test.local:postgres->aap24-control.aap-test.local:59996 (ESTABLISHED)
postmaste  1569      postgres   10u  IPv6  24817      0t0  UDP localhost:60802->localhost:60802 
postmaste  1569      postgres   11u  IPv4  24289      0t0  TCP aap24-database.aap-test.local:postgres->aap24-control.aap-test.local:60002 (ESTABLISHED)
postmaste  1591      postgres   10u  IPv6  24817      0t0  UDP localhost:60802->localhost:60802 
postmaste  1591      postgres   11u  IPv4  24320      0t0  TCP aap24-database.aap-test.local:postgres->aap24-control.aap-test.local:60098 (ESTABLISHED)
postmaste  1592      postgres   10u  IPv6  24817      0t0  UDP localhost:60802->localhost:60802 
postmaste  1592      postgres   11u  IPv4  24321      0t0  TCP aap24-database.aap-test.local:postgres->aap24-control.aap-test.local:60106 (ESTABLISHED)
postmaste  1595      postgres   10u  IPv6  24817      0t0  UDP localhost:60802->localhost:60802 
postmaste  1595      postgres   11u  IPv4  24329      0t0  TCP aap24-database.aap-test.local:postgres->aap24-control.aap-test.local:60146 (ESTABLISHED)
postmaste  1596      postgres   10u  IPv6  24817      0t0  UDP localhost:60802->localhost:60802 
postmaste  1596      postgres   11u  IPv4  24330      0t0  TCP aap24-database.aap-test.local:postgres->aap24-control.aap-test.local:60152 (ESTABLISHED)
postmaste  1597      postgres   10u  IPv6  24817      0t0  UDP localhost:60802->localhost:60802 
postmaste  1597      postgres   11u  IPv4  24331      0t0  TCP aap24-database.aap-test.local:postgres->aap24-control.aap-test.local:60158 (ESTABLISHED)
postmaste  1598      postgres   10u  IPv6  24817      0t0  UDP localhost:60802->localhost:60802 
postmaste  1598      postgres   11u  IPv4  24332      0t0  TCP aap24-database.aap-test.local:postgres->aap24-control.aap-test.local:60162 (ESTABLISHED)
postmaste  1612      postgres   10u  IPv6  24817      0t0  UDP localhost:60802->localhost:60802 
postmaste  1612      postgres   11u  IPv4  24348      0t0  TCP aap24-database.aap-test.local:postgres->aap24-control.aap-test.local:60182 (ESTABLISHED)
postmaste  1613      postgres   10u  IPv6  24817      0t0  UDP localhost:60802->localhost:60802 
postmaste  1613      postgres   11u  IPv4  24349      0t0  TCP aap24-database.aap-test.local:postgres->aap24-control.aap-test.local:60184 (ESTABLISHED)
postmaste  1614      postgres   10u  IPv6  24817      0t0  UDP localhost:60802->localhost:60802 
postmaste  1614      postgres   11u  IPv4  24350      0t0  TCP aap24-database.aap-test.local:postgres->aap24-control.aap-test.local:60198 (ESTABLISHED)
postmaste  1615      postgres   10u  IPv6  24817      0t0  UDP localhost:60802->localhost:60802 
postmaste  1615      postgres   11u  IPv4  24351      0t0  TCP aap24-database.aap-test.local:postgres->aap24-control.aap-test.local:60206 (ESTABLISHED)
postmaste  1616      postgres   10u  IPv6  24817      0t0  UDP localhost:60802->localhost:60802 
postmaste  1616      postgres   11u  IPv4  24352      0t0  TCP aap24-database.aap-test.local:postgres->aap24-control.aap-test.local:60214 (ESTABLISHED)
postmaste  1617      postgres   10u  IPv6  24817      0t0  UDP localhost:60802->localhost:60802 
postmaste  1617      postgres   11u  IPv4  24353      0t0  TCP aap24-database.aap-test.local:postgres->aap24-control.aap-test.local:60220 (ESTABLISHED)
postmaste  1618      postgres   10u  IPv6  24817      0t0  UDP localhost:60802->localhost:60802 
postmaste  1618      postgres   11u  IPv4  24354      0t0  TCP aap24-database.aap-test.local:postgres->aap24-control.aap-test.local:60222 (ESTABLISHED)
postmaste  1619      postgres   10u  IPv6  24817      0t0  UDP localhost:60802->localhost:60802 
postmaste  1619      postgres   11u  IPv4  24355      0t0  TCP aap24-database.aap-test.local:postgres->aap24-control.aap-test.local:60230 (ESTABLISHED)
postmaste  1620      postgres   10u  IPv6  24817      0t0  UDP localhost:60802->localhost:60802 
postmaste  1620      postgres   11u  IPv4  24356      0t0  TCP aap24-database.aap-test.local:postgres->aap24-control.aap-test.local:60236 (ESTABLISHED)
postmaste  1954      postgres   10u  IPv6  24817      0t0  UDP localhost:60802->localhost:60802 
postmaste  1954      postgres   11u  IPv4  27507      0t0  TCP aap24-database.aap-test.local:postgres->aap24-control.aap-test.local:59734 (ESTABLISHED)
postmaste 10728      postgres   10u  IPv6  24817      0t0  UDP localhost:60802->localhost:60802 
postmaste 10728      postgres   11u  IPv4  86693      0t0  TCP aap24-database.aap-test.local:postgres->aap24-control.aap-test.local:36562 (ESTABLISHED)
postmaste 10729      postgres   10u  IPv6  24817      0t0  UDP localhost:60802->localhost:60802 
postmaste 10729      postgres   11u  IPv4  86694      0t0  TCP aap24-database.aap-test.local:postgres->aap24-control.aap-test.local:36576 (ESTABLISHED)
postmaste 10730      postgres   10u  IPv6  24817      0t0  UDP localhost:60802->localhost:60802 
postmaste 10730      postgres   11u  IPv4  85725      0t0  TCP aap24-database.aap-test.local:postgres->aap24-control.aap-test.local:36588 (ESTABLISHED)
postmaste 10732      postgres   10u  IPv6  24817      0t0  UDP localhost:60802->localhost:60802 
postmaste 10732      postgres   11u  IPv4  85727      0t0  TCP aap24-database.aap-test.local:postgres->aap24-control.aap-test.local:36592 (ESTABLISHED)
postmaste 10733      postgres   10u  IPv6  24817      0t0  UDP localhost:60802->localhost:60802 
postmaste 10733      postgres   11u  IPv4  85728      0t0  TCP aap24-database.aap-test.local:postgres->aap24-control.aap-test.local:36606 (ESTABLISHED)
  No network connections found

=== RECEPTOR MEMORY SUMMARY ===
Total Receptor RSS Memory: 3328 KB (3 MB)
Total Receptor VSZ Memory: 7260 KB (7 MB)
Number of Receptor Processes: 2

AAP-related Processes and Children:
=== AAP Service Processes ===
Process: bash (PID: 9809)
    PID    PPID CMD                           RSS
   9809       1 bash -c  log_file="/tmp/mem  3328
  Children of PID 9809:
    PID    PPID CMD                           RSS
  10821    9809 bash -c  log_file="/tmp/mem  2128

Process: bash (PID: 10821)
    PID    PPID CMD                           RSS
  10821    9809 bash -c  log_file="/tmp/mem  2128
  Children of PID 10821:
    PID    PPID CMD                           RSS


Process Tree for AAP Services:
=== automation-controller Process Tree ===
bash(9809)---pstree(10832)
=== receptor Process Tree ===
bash(9809)---pstree(10836)
=== nginx Process Tree ===
bash(9809)---pstree(10840)
=== postgresql Process Tree ===
bash(9809)---pstree(10844)
=== redis Process Tree ===
bash(9809)---pstree(10848)
=== uwsgi Process Tree ===
bash(9809)---pstree(10852)
=== automation-hub Process Tree ===
bash(9809)---pstree(10856)
=== automation-eda Process Tree ===
bash(9809)---pstree(10860)

=================================================================================
2025-06-27 14:37:13
Memory Usage Report:
               total        used        free      shared  buff/cache   available
Mem:            7681         564        7097          60         316        7116
Swap:           4095           0        4095

Top 10 Processes by RSS Memory:
    PID    PPID CMD                           RSS
    801       1 /usr/bin/postmaster -D /var 61952
    745       1 /usr/bin/python3 -s /usr/sb 43724
    784       1 /usr/bin/python3 -Es /usr/s 28648
   1086       1 /usr/local/bin/node_exporte 27544
    925       1 /usr/lib/polkit-1/polkitd - 25936
   1568     801 postgres: automationhub aut 24944
   1569     801 postgres: automationhub aut 24688
   1613     801 postgres: automationhub aut 23920
   1614     801 postgres: automationhub aut 23792
   1618     801 postgres: automationhub aut 23792

=== RECEPTOR PROCESS ANALYSIS ===
Receptor Main Processes:
    PID    PPID CMD                           RSS    VSZ %CPU %MEM     ELAPSED
   9809       1 bash -c  log_file="/tmp/mem  3328   7260  0.0  0.0       03:04
Receptor Child Processes for PID 9809:
      PID    PPID CMD                           RSS    VSZ %CPU %MEM     ELAPSED
Receptor Threads for PID 9809:
    PID    SPID %CPU %MEM   RSS COMMAND
   9809    9809  0.0  0.0  3328 bash
Receptor Network Connections for PID 9809:
COMMAND     PID          USER   FD   TYPE DEVICE SIZE/OFF      NODE NAME
chronyd     752        chrony    5u  IPv4  22139      0t0       UDP localhost:323 
chronyd     752        chrony    6u  IPv6  22140      0t0       UDP localhost:323 
NetworkMa   756          root   26u  IPv4  24074      0t0       UDP aap24-database.aap-test.local:bootpc->pi.hole:bootps 
sshd        781          root    3u  IPv4  22290      0t0       TCP *:ssh (LISTEN)
sshd        781          root    4u  IPv6  22292      0t0       TCP *:ssh (LISTEN)
postmaste   801      postgres    6u  IPv4  24781      0t0       TCP *:postgres (LISTEN)
postmaste   801      postgres    7u  IPv6  24782      0t0       TCP *:postgres (LISTEN)
postmaste   801      postgres   10u  IPv6  24817      0t0       UDP localhost:60802->localhost:60802 
postmaste   852      postgres   10u  IPv6  24817      0t0       UDP localhost:60802->localhost:60802 
postmaste   853      postgres   10u  IPv6  24817      0t0       UDP localhost:60802->localhost:60802 
postmaste   854      postgres   10u  IPv6  24817      0t0       UDP localhost:60802->localhost:60802 
postmaste   855      postgres   10u  IPv6  24817      0t0       UDP localhost:60802->localhost:60802 
postmaste   856      postgres   10u  IPv6  24817      0t0       UDP localhost:60802->localhost:60802 
postmaste   857      postgres   10u  IPv6  24817      0t0       UDP localhost:60802->localhost:60802 
node_expo  1086 node_exporter    3u  IPv6  25667      0t0       TCP *:jetdirect (LISTEN)
node_expo  1086 node_exporter    7u  IPv6  25847      0t0       TCP aap24-database.aap-test.local:jetdirect->monitoring-node.aap-test.local:41738 (ESTABLISHED)
postmaste  1568      postgres   10u  IPv6  24817      0t0       UDP localhost:60802->localhost:60802 
postmaste  1568      postgres   11u  IPv4  24288      0t0       TCP aap24-database.aap-test.local:postgres->aap24-control.aap-test.local:59996 (ESTABLISHED)
postmaste  1569      postgres   10u  IPv6  24817      0t0       UDP localhost:60802->localhost:60802 
postmaste  1569      postgres   11u  IPv4  24289      0t0       TCP aap24-database.aap-test.local:postgres->aap24-control.aap-test.local:60002 (ESTABLISHED)
postmaste  1591      postgres   10u  IPv6  24817      0t0       UDP localhost:60802->localhost:60802 
postmaste  1591      postgres   11u  IPv4  24320      0t0       TCP aap24-database.aap-test.local:postgres->aap24-control.aap-test.local:60098 (ESTABLISHED)
postmaste  1592      postgres   10u  IPv6  24817      0t0       UDP localhost:60802->localhost:60802 
postmaste  1592      postgres   11u  IPv4  24321      0t0       TCP aap24-database.aap-test.local:postgres->aap24-control.aap-test.local:60106 (ESTABLISHED)
postmaste  1595      postgres   10u  IPv6  24817      0t0       UDP localhost:60802->localhost:60802 
postmaste  1595      postgres   11u  IPv4  24329      0t0       TCP aap24-database.aap-test.local:postgres->aap24-control.aap-test.local:60146 (ESTABLISHED)
postmaste  1596      postgres   10u  IPv6  24817      0t0       UDP localhost:60802->localhost:60802 
postmaste  1596      postgres   11u  IPv4  24330      0t0       TCP aap24-database.aap-test.local:postgres->aap24-control.aap-test.local:60152 (ESTABLISHED)
postmaste  1597      postgres   10u  IPv6  24817      0t0       UDP localhost:60802->localhost:60802 
postmaste  1597      postgres   11u  IPv4  24331      0t0       TCP aap24-database.aap-test.local:postgres->aap24-control.aap-test.local:60158 (ESTABLISHED)
postmaste  1598      postgres   10u  IPv6  24817      0t0       UDP localhost:60802->localhost:60802 
postmaste  1598      postgres   11u  IPv4  24332      0t0       TCP aap24-database.aap-test.local:postgres->aap24-control.aap-test.local:60162 (ESTABLISHED)
postmaste  1612      postgres   10u  IPv6  24817      0t0       UDP localhost:60802->localhost:60802 
postmaste  1612      postgres   11u  IPv4  24348      0t0       TCP aap24-database.aap-test.local:postgres->aap24-control.aap-test.local:60182 (ESTABLISHED)
postmaste  1613      postgres   10u  IPv6  24817      0t0       UDP localhost:60802->localhost:60802 
postmaste  1613      postgres   11u  IPv4  24349      0t0       TCP aap24-database.aap-test.local:postgres->aap24-control.aap-test.local:60184 (ESTABLISHED)
postmaste  1614      postgres   10u  IPv6  24817      0t0       UDP localhost:60802->localhost:60802 
postmaste  1614      postgres   11u  IPv4  24350      0t0       TCP aap24-database.aap-test.local:postgres->aap24-control.aap-test.local:60198 (ESTABLISHED)
postmaste  1615      postgres   10u  IPv6  24817      0t0       UDP localhost:60802->localhost:60802 
postmaste  1615      postgres   11u  IPv4  24351      0t0       TCP aap24-database.aap-test.local:postgres->aap24-control.aap-test.local:60206 (ESTABLISHED)
postmaste  1616      postgres   10u  IPv6  24817      0t0       UDP localhost:60802->localhost:60802 
postmaste  1616      postgres   11u  IPv4  24352      0t0       TCP aap24-database.aap-test.local:postgres->aap24-control.aap-test.local:60214 (ESTABLISHED)
postmaste  1617      postgres   10u  IPv6  24817      0t0       UDP localhost:60802->localhost:60802 
postmaste  1617      postgres   11u  IPv4  24353      0t0       TCP aap24-database.aap-test.local:postgres->aap24-control.aap-test.local:60220 (ESTABLISHED)
postmaste  1618      postgres   10u  IPv6  24817      0t0       UDP localhost:60802->localhost:60802 
postmaste  1618      postgres   11u  IPv4  24354      0t0       TCP aap24-database.aap-test.local:postgres->aap24-control.aap-test.local:60222 (ESTABLISHED)
postmaste  1619      postgres   10u  IPv6  24817      0t0       UDP localhost:60802->localhost:60802 
postmaste  1619      postgres   11u  IPv4  24355      0t0       TCP aap24-database.aap-test.local:postgres->aap24-control.aap-test.local:60230 (ESTABLISHED)
postmaste  1620      postgres   10u  IPv6  24817      0t0       UDP localhost:60802->localhost:60802 
postmaste  1620      postgres   11u  IPv4  24356      0t0       TCP aap24-database.aap-test.local:postgres->aap24-control.aap-test.local:60236 (ESTABLISHED)
postmaste  1954      postgres   10u  IPv6  24817      0t0       UDP localhost:60802->localhost:60802 
postmaste  1954      postgres   11u  IPv4  27507      0t0       TCP aap24-database.aap-test.local:postgres->aap24-control.aap-test.local:59734 (ESTABLISHED)
bash       9809          root  cwd    DIR  253,0      142  67240070 /root
bash       9809          root  rtd    DIR  253,0      235       128 /
bash       9809          root  txt    REG  253,0  1389072  67333814 /usr/bin/bash
bash       9809          root  mem    REG  253,0  2586930     36580 /usr/lib/locale/en_US.utf8/LC_COLLATE
bash       9809          root  mem    REG  253,0  2544344 100688096 /usr/lib64/libc.so.6
bash       9809          root  mem    REG  253,0   346132 100687773 /usr/lib/locale/C.utf8/LC_CTYPE
bash       9809          root  mem    REG  253,0       54     36583 /usr/lib/locale/en_US.utf8/LC_NUMERIC
bash       9809          root  mem    REG  253,0     3284  33639493 /usr/lib/locale/en_US.utf8/LC_TIME
bash       9809          root  mem    REG  253,0      286  33639491 /usr/lib/locale/en_US.utf8/LC_MONETARY
bash       9809          root  mem    REG  253,0       57  33639504 /usr/lib/locale/en_US.utf8/LC_MESSAGES/SYS_LC_MESSAGES
bash       9809          root  mem    REG  253,0    26988  67334001 /usr/lib64/gconv/gconv-modules.cache
bash       9809          root  mem    REG  253,0   195080 100687757 /usr/lib64/libtinfo.so.6.2
bash       9809          root  mem    REG  253,0       34 100688074 /usr/lib/locale/en_US.utf8/LC_PAPER
bash       9809          root  mem    REG  253,0       77     36582 /usr/lib/locale/en_US.utf8/LC_NAME
bash       9809          root  mem    REG  253,0      167  33639487 /usr/lib/locale/en_US.utf8/LC_ADDRESS
bash       9809          root  mem    REG  253,0       59  33639492 /usr/lib/locale/en_US.utf8/LC_TELEPHONE
bash       9809          root  mem    REG  253,0       23  33639490 /usr/lib/locale/en_US.utf8/LC_MEASUREMENT
bash       9809          root  mem    REG  253,0      369  33639489 /usr/lib/locale/en_US.utf8/LC_IDENTIFICATION
bash       9809          root  mem    REG  253,0   897856 100688092 /usr/lib64/ld-linux-x86-64.so.2
bash       9809          root    0r   CHR    1,3      0t0         4 /dev/null
bash       9809          root    1w   REG  253,0        0  34096961 /tmp/memory_monitor.log
bash       9809          root    2w   REG  253,0        0  34096961 /tmp/memory_monitor.log
bash       9809          root    3r  FIFO   0,13      0t0     87039 pipe
postmaste 10729      postgres   10u  IPv6  24817      0t0       UDP localhost:60802->localhost:60802 
postmaste 10729      postgres   11u  IPv4  86694      0t0       TCP aap24-database.aap-test.local:postgres->aap24-control.aap-test.local:36576 (ESTABLISHED)
postmaste 10732      postgres   10u  IPv6  24817      0t0       UDP localhost:60802->localhost:60802 
postmaste 10732      postgres   11u  IPv4  85727      0t0       TCP aap24-database.aap-test.local:postgres->aap24-control.aap-test.local:36592 (ESTABLISHED)
postmaste 10887      postgres   10u  IPv6  24817      0t0       UDP localhost:60802->localhost:60802 
postmaste 10887      postgres   11u  IPv4  88275      0t0       TCP aap24-database.aap-test.local:postgres->aap24-control.aap-test.local:48636 (ESTABLISHED)
postmaste 10888      postgres   10u  IPv6  24817      0t0       UDP localhost:60802->localhost:60802 
postmaste 10888      postgres   11u  IPv4  88276      0t0       TCP aap24-database.aap-test.local:postgres->aap24-control.aap-test.local:48648 (ESTABLISHED)
postmaste 10911      postgres   10u  IPv6  24817      0t0       UDP localhost:60802->localhost:60802 
postmaste 10911      postgres   11u  IPv4  88319      0t0       TCP aap24-database.aap-test.local:postgres->aap24-control.aap-test.local:50090 (ESTABLISHED)
postmaste 10912      postgres   10u  IPv6  24817      0t0       UDP localhost:60802->localhost:60802 
postmaste 10912      postgres   11u  IPv4  88320      0t0       TCP aap24-database.aap-test.local:postgres->aap24-control.aap-test.local:50104 (ESTABLISHED)

    PID    PPID CMD                           RSS    VSZ %CPU %MEM     ELAPSED
Receptor Child Processes for PID 10941:
  No child processes found
Receptor Threads for PID 10941:
    PID    SPID %CPU %MEM   RSS COMMAND
Receptor Network Connections for PID 10941:
COMMAND     PID          USER   FD   TYPE DEVICE SIZE/OFF NODE NAME
chronyd     752        chrony    5u  IPv4  22139      0t0  UDP localhost:323 
chronyd     752        chrony    6u  IPv6  22140      0t0  UDP localhost:323 
NetworkMa   756          root   26u  IPv4  24074      0t0  UDP aap24-database.aap-test.local:bootpc->pi.hole:bootps 
sshd        781          root    3u  IPv4  22290      0t0  TCP *:ssh (LISTEN)
sshd        781          root    4u  IPv6  22292      0t0  TCP *:ssh (LISTEN)
postmaste   801      postgres    6u  IPv4  24781      0t0  TCP *:postgres (LISTEN)
postmaste   801      postgres    7u  IPv6  24782      0t0  TCP *:postgres (LISTEN)
postmaste   801      postgres   10u  IPv6  24817      0t0  UDP localhost:60802->localhost:60802 
postmaste   852      postgres   10u  IPv6  24817      0t0  UDP localhost:60802->localhost:60802 
postmaste   853      postgres   10u  IPv6  24817      0t0  UDP localhost:60802->localhost:60802 
postmaste   854      postgres   10u  IPv6  24817      0t0  UDP localhost:60802->localhost:60802 
postmaste   855      postgres   10u  IPv6  24817      0t0  UDP localhost:60802->localhost:60802 
postmaste   856      postgres   10u  IPv6  24817      0t0  UDP localhost:60802->localhost:60802 
postmaste   857      postgres   10u  IPv6  24817      0t0  UDP localhost:60802->localhost:60802 
node_expo  1086 node_exporter    3u  IPv6  25667      0t0  TCP *:jetdirect (LISTEN)
node_expo  1086 node_exporter    7u  IPv6  25847      0t0  TCP aap24-database.aap-test.local:jetdirect->monitoring-node.aap-test.local:41738 (ESTABLISHED)
postmaste  1568      postgres   10u  IPv6  24817      0t0  UDP localhost:60802->localhost:60802 
postmaste  1568      postgres   11u  IPv4  24288      0t0  TCP aap24-database.aap-test.local:postgres->aap24-control.aap-test.local:59996 (ESTABLISHED)
postmaste  1569      postgres   10u  IPv6  24817      0t0  UDP localhost:60802->localhost:60802 
postmaste  1569      postgres   11u  IPv4  24289      0t0  TCP aap24-database.aap-test.local:postgres->aap24-control.aap-test.local:60002 (ESTABLISHED)
postmaste  1591      postgres   10u  IPv6  24817      0t0  UDP localhost:60802->localhost:60802 
postmaste  1591      postgres   11u  IPv4  24320      0t0  TCP aap24-database.aap-test.local:postgres->aap24-control.aap-test.local:60098 (ESTABLISHED)
postmaste  1592      postgres   10u  IPv6  24817      0t0  UDP localhost:60802->localhost:60802 
postmaste  1592      postgres   11u  IPv4  24321      0t0  TCP aap24-database.aap-test.local:postgres->aap24-control.aap-test.local:60106 (ESTABLISHED)
postmaste  1595      postgres   10u  IPv6  24817      0t0  UDP localhost:60802->localhost:60802 
postmaste  1595      postgres   11u  IPv4  24329      0t0  TCP aap24-database.aap-test.local:postgres->aap24-control.aap-test.local:60146 (ESTABLISHED)
postmaste  1596      postgres   10u  IPv6  24817      0t0  UDP localhost:60802->localhost:60802 
postmaste  1596      postgres   11u  IPv4  24330      0t0  TCP aap24-database.aap-test.local:postgres->aap24-control.aap-test.local:60152 (ESTABLISHED)
postmaste  1597      postgres   10u  IPv6  24817      0t0  UDP localhost:60802->localhost:60802 
postmaste  1597      postgres   11u  IPv4  24331      0t0  TCP aap24-database.aap-test.local:postgres->aap24-control.aap-test.local:60158 (ESTABLISHED)
postmaste  1598      postgres   10u  IPv6  24817      0t0  UDP localhost:60802->localhost:60802 
postmaste  1598      postgres   11u  IPv4  24332      0t0  TCP aap24-database.aap-test.local:postgres->aap24-control.aap-test.local:60162 (ESTABLISHED)
postmaste  1612      postgres   10u  IPv6  24817      0t0  UDP localhost:60802->localhost:60802 
postmaste  1612      postgres   11u  IPv4  24348      0t0  TCP aap24-database.aap-test.local:postgres->aap24-control.aap-test.local:60182 (ESTABLISHED)
postmaste  1613      postgres   10u  IPv6  24817      0t0  UDP localhost:60802->localhost:60802 
postmaste  1613      postgres   11u  IPv4  24349      0t0  TCP aap24-database.aap-test.local:postgres->aap24-control.aap-test.local:60184 (ESTABLISHED)
postmaste  1614      postgres   10u  IPv6  24817      0t0  UDP localhost:60802->localhost:60802 
postmaste  1614      postgres   11u  IPv4  24350      0t0  TCP aap24-database.aap-test.local:postgres->aap24-control.aap-test.local:60198 (ESTABLISHED)
postmaste  1615      postgres   10u  IPv6  24817      0t0  UDP localhost:60802->localhost:60802 
postmaste  1615      postgres   11u  IPv4  24351      0t0  TCP aap24-database.aap-test.local:postgres->aap24-control.aap-test.local:60206 (ESTABLISHED)
postmaste  1616      postgres   10u  IPv6  24817      0t0  UDP localhost:60802->localhost:60802 
postmaste  1616      postgres   11u  IPv4  24352      0t0  TCP aap24-database.aap-test.local:postgres->aap24-control.aap-test.local:60214 (ESTABLISHED)
postmaste  1617      postgres   10u  IPv6  24817      0t0  UDP localhost:60802->localhost:60802 
postmaste  1617      postgres   11u  IPv4  24353      0t0  TCP aap24-database.aap-test.local:postgres->aap24-control.aap-test.local:60220 (ESTABLISHED)
postmaste  1618      postgres   10u  IPv6  24817      0t0  UDP localhost:60802->localhost:60802 
postmaste  1618      postgres   11u  IPv4  24354      0t0  TCP aap24-database.aap-test.local:postgres->aap24-control.aap-test.local:60222 (ESTABLISHED)
postmaste  1619      postgres   10u  IPv6  24817      0t0  UDP localhost:60802->localhost:60802 
postmaste  1619      postgres   11u  IPv4  24355      0t0  TCP aap24-database.aap-test.local:postgres->aap24-control.aap-test.local:60230 (ESTABLISHED)
postmaste  1620      postgres   10u  IPv6  24817      0t0  UDP localhost:60802->localhost:60802 
postmaste  1620      postgres   11u  IPv4  24356      0t0  TCP aap24-database.aap-test.local:postgres->aap24-control.aap-test.local:60236 (ESTABLISHED)
postmaste  1954      postgres   10u  IPv6  24817      0t0  UDP localhost:60802->localhost:60802 
postmaste  1954      postgres   11u  IPv4  27507      0t0  TCP aap24-database.aap-test.local:postgres->aap24-control.aap-test.local:59734 (ESTABLISHED)
postmaste 10729      postgres   10u  IPv6  24817      0t0  UDP localhost:60802->localhost:60802 
postmaste 10729      postgres   11u  IPv4  86694      0t0  TCP aap24-database.aap-test.local:postgres->aap24-control.aap-test.local:36576 (ESTABLISHED)
postmaste 10732      postgres   10u  IPv6  24817      0t0  UDP localhost:60802->localhost:60802 
postmaste 10732      postgres   11u  IPv4  85727      0t0  TCP aap24-database.aap-test.local:postgres->aap24-control.aap-test.local:36592 (ESTABLISHED)
postmaste 10887      postgres   10u  IPv6  24817      0t0  UDP localhost:60802->localhost:60802 
postmaste 10887      postgres   11u  IPv4  88275      0t0  TCP aap24-database.aap-test.local:postgres->aap24-control.aap-test.local:48636 (ESTABLISHED)
postmaste 10888      postgres   10u  IPv6  24817      0t0  UDP localhost:60802->localhost:60802 
postmaste 10888      postgres   11u  IPv4  88276      0t0  TCP aap24-database.aap-test.local:postgres->aap24-control.aap-test.local:48648 (ESTABLISHED)
postmaste 10911      postgres   10u  IPv6  24817      0t0  UDP localhost:60802->localhost:60802 
postmaste 10911      postgres   11u  IPv4  88319      0t0  TCP aap24-database.aap-test.local:postgres->aap24-control.aap-test.local:50090 (ESTABLISHED)
postmaste 10912      postgres   10u  IPv6  24817      0t0  UDP localhost:60802->localhost:60802 
postmaste 10912      postgres   11u  IPv4  88320      0t0  TCP aap24-database.aap-test.local:postgres->aap24-control.aap-test.local:50104 (ESTABLISHED)
  No network connections found

=== RECEPTOR MEMORY SUMMARY ===
Total Receptor RSS Memory: 3328 KB (3 MB)
Total Receptor VSZ Memory: 7260 KB (7 MB)
Number of Receptor Processes: 2

AAP-related Processes and Children:
=== AAP Service Processes ===
Process: bash (PID: 9809)
    PID    PPID CMD                           RSS
   9809       1 bash -c  log_file="/tmp/mem  3328
  Children of PID 9809:
    PID    PPID CMD                           RSS
  11000    9809 bash -c  log_file="/tmp/mem  2128

Process: bash (PID: 11000)
    PID    PPID CMD                           RSS
  11000    9809 bash -c  log_file="/tmp/mem  2128
  Children of PID 11000:
    PID    PPID CMD                           RSS


Process Tree for AAP Services:
=== automation-controller Process Tree ===
bash(9809)---pstree(11011)
=== receptor Process Tree ===
bash(9809)---pstree(11015)
=== nginx Process Tree ===
bash(9809)---pstree(11019)
=== postgresql Process Tree ===
bash(9809)---pstree(11023)
=== redis Process Tree ===
bash(9809)---pstree(11027)
=== uwsgi Process Tree ===
bash(9809)---pstree(11031)
=== automation-hub Process Tree ===
bash(9809)---pstree(11035)
=== automation-eda Process Tree ===
bash(9809)---pstree(11039)

=================================================================================
2025-06-27 14:37:44
Memory Usage Report:
               total        used        free      shared  buff/cache   available
Mem:            7681         567        7094          60         316        7113
Swap:           4095           0        4095

Top 10 Processes by RSS Memory:
    PID    PPID CMD                           RSS
    801       1 /usr/bin/postmaster -D /var 61952
    745       1 /usr/bin/python3 -s /usr/sb 43724
    784       1 /usr/bin/python3 -Es /usr/s 28648
   1086       1 /usr/local/bin/node_exporte 27544
    925       1 /usr/lib/polkit-1/polkitd - 25936
   1568     801 postgres: automationhub aut 24944
   1569     801 postgres: automationhub aut 24688
   1613     801 postgres: automationhub aut 23920
   1614     801 postgres: automationhub aut 23792
   1618     801 postgres: automationhub aut 23792

=== RECEPTOR PROCESS ANALYSIS ===
Receptor Main Processes:
    PID    PPID CMD                           RSS    VSZ %CPU %MEM     ELAPSED
   9809       1 bash -c  log_file="/tmp/mem  3328   7260  0.0  0.0       03:35
Receptor Child Processes for PID 9809:
      PID    PPID CMD                           RSS    VSZ %CPU %MEM     ELAPSED
Receptor Threads for PID 9809:
    PID    SPID %CPU %MEM   RSS COMMAND
   9809    9809  0.0  0.0  3328 bash
Receptor Network Connections for PID 9809:
COMMAND     PID          USER   FD   TYPE DEVICE SIZE/OFF      NODE NAME
chronyd     752        chrony    5u  IPv4  22139      0t0       UDP localhost:323 
chronyd     752        chrony    6u  IPv6  22140      0t0       UDP localhost:323 
NetworkMa   756          root   26u  IPv4  24074      0t0       UDP aap24-database.aap-test.local:bootpc->pi.hole:bootps 
sshd        781          root    3u  IPv4  22290      0t0       TCP *:ssh (LISTEN)
sshd        781          root    4u  IPv6  22292      0t0       TCP *:ssh (LISTEN)
postmaste   801      postgres    6u  IPv4  24781      0t0       TCP *:postgres (LISTEN)
postmaste   801      postgres    7u  IPv6  24782      0t0       TCP *:postgres (LISTEN)
postmaste   801      postgres   10u  IPv6  24817      0t0       UDP localhost:60802->localhost:60802 
postmaste   852      postgres   10u  IPv6  24817      0t0       UDP localhost:60802->localhost:60802 
postmaste   853      postgres   10u  IPv6  24817      0t0       UDP localhost:60802->localhost:60802 
postmaste   854      postgres   10u  IPv6  24817      0t0       UDP localhost:60802->localhost:60802 
postmaste   855      postgres   10u  IPv6  24817      0t0       UDP localhost:60802->localhost:60802 
postmaste   856      postgres   10u  IPv6  24817      0t0       UDP localhost:60802->localhost:60802 
postmaste   857      postgres   10u  IPv6  24817      0t0       UDP localhost:60802->localhost:60802 
node_expo  1086 node_exporter    3u  IPv6  25667      0t0       TCP *:jetdirect (LISTEN)
node_expo  1086 node_exporter    7u  IPv6  25847      0t0       TCP aap24-database.aap-test.local:jetdirect->monitoring-node.aap-test.local:41738 (ESTABLISHED)
postmaste  1568      postgres   10u  IPv6  24817      0t0       UDP localhost:60802->localhost:60802 
postmaste  1568      postgres   11u  IPv4  24288      0t0       TCP aap24-database.aap-test.local:postgres->aap24-control.aap-test.local:59996 (ESTABLISHED)
postmaste  1569      postgres   10u  IPv6  24817      0t0       UDP localhost:60802->localhost:60802 
postmaste  1569      postgres   11u  IPv4  24289      0t0       TCP aap24-database.aap-test.local:postgres->aap24-control.aap-test.local:60002 (ESTABLISHED)
postmaste  1591      postgres   10u  IPv6  24817      0t0       UDP localhost:60802->localhost:60802 
postmaste  1591      postgres   11u  IPv4  24320      0t0       TCP aap24-database.aap-test.local:postgres->aap24-control.aap-test.local:60098 (ESTABLISHED)
postmaste  1592      postgres   10u  IPv6  24817      0t0       UDP localhost:60802->localhost:60802 
postmaste  1592      postgres   11u  IPv4  24321      0t0       TCP aap24-database.aap-test.local:postgres->aap24-control.aap-test.local:60106 (ESTABLISHED)
postmaste  1595      postgres   10u  IPv6  24817      0t0       UDP localhost:60802->localhost:60802 
postmaste  1595      postgres   11u  IPv4  24329      0t0       TCP aap24-database.aap-test.local:postgres->aap24-control.aap-test.local:60146 (ESTABLISHED)
postmaste  1596      postgres   10u  IPv6  24817      0t0       UDP localhost:60802->localhost:60802 
postmaste  1596      postgres   11u  IPv4  24330      0t0       TCP aap24-database.aap-test.local:postgres->aap24-control.aap-test.local:60152 (ESTABLISHED)
postmaste  1597      postgres   10u  IPv6  24817      0t0       UDP localhost:60802->localhost:60802 
postmaste  1597      postgres   11u  IPv4  24331      0t0       TCP aap24-database.aap-test.local:postgres->aap24-control.aap-test.local:60158 (ESTABLISHED)
postmaste  1598      postgres   10u  IPv6  24817      0t0       UDP localhost:60802->localhost:60802 
postmaste  1598      postgres   11u  IPv4  24332      0t0       TCP aap24-database.aap-test.local:postgres->aap24-control.aap-test.local:60162 (ESTABLISHED)
postmaste  1612      postgres   10u  IPv6  24817      0t0       UDP localhost:60802->localhost:60802 
postmaste  1612      postgres   11u  IPv4  24348      0t0       TCP aap24-database.aap-test.local:postgres->aap24-control.aap-test.local:60182 (ESTABLISHED)
postmaste  1613      postgres   10u  IPv6  24817      0t0       UDP localhost:60802->localhost:60802 
postmaste  1613      postgres   11u  IPv4  24349      0t0       TCP aap24-database.aap-test.local:postgres->aap24-control.aap-test.local:60184 (ESTABLISHED)
postmaste  1614      postgres   10u  IPv6  24817      0t0       UDP localhost:60802->localhost:60802 
postmaste  1614      postgres   11u  IPv4  24350      0t0       TCP aap24-database.aap-test.local:postgres->aap24-control.aap-test.local:60198 (ESTABLISHED)
postmaste  1615      postgres   10u  IPv6  24817      0t0       UDP localhost:60802->localhost:60802 
postmaste  1615      postgres   11u  IPv4  24351      0t0       TCP aap24-database.aap-test.local:postgres->aap24-control.aap-test.local:60206 (ESTABLISHED)
postmaste  1616      postgres   10u  IPv6  24817      0t0       UDP localhost:60802->localhost:60802 
postmaste  1616      postgres   11u  IPv4  24352      0t0       TCP aap24-database.aap-test.local:postgres->aap24-control.aap-test.local:60214 (ESTABLISHED)
postmaste  1617      postgres   10u  IPv6  24817      0t0       UDP localhost:60802->localhost:60802 
postmaste  1617      postgres   11u  IPv4  24353      0t0       TCP aap24-database.aap-test.local:postgres->aap24-control.aap-test.local:60220 (ESTABLISHED)
postmaste  1618      postgres   10u  IPv6  24817      0t0       UDP localhost:60802->localhost:60802 
postmaste  1618      postgres   11u  IPv4  24354      0t0       TCP aap24-database.aap-test.local:postgres->aap24-control.aap-test.local:60222 (ESTABLISHED)
postmaste  1619      postgres   10u  IPv6  24817      0t0       UDP localhost:60802->localhost:60802 
postmaste  1619      postgres   11u  IPv4  24355      0t0       TCP aap24-database.aap-test.local:postgres->aap24-control.aap-test.local:60230 (ESTABLISHED)
postmaste  1620      postgres   10u  IPv6  24817      0t0       UDP localhost:60802->localhost:60802 
postmaste  1620      postgres   11u  IPv4  24356      0t0       TCP aap24-database.aap-test.local:postgres->aap24-control.aap-test.local:60236 (ESTABLISHED)
postmaste  1954      postgres   10u  IPv6  24817      0t0       UDP localhost:60802->localhost:60802 
postmaste  1954      postgres   11u  IPv4  27507      0t0       TCP aap24-database.aap-test.local:postgres->aap24-control.aap-test.local:59734 (ESTABLISHED)
bash       9809          root  cwd    DIR  253,0      142  67240070 /root
bash       9809          root  rtd    DIR  253,0      235       128 /
bash       9809          root  txt    REG  253,0  1389072  67333814 /usr/bin/bash
bash       9809          root  mem    REG  253,0  2586930     36580 /usr/lib/locale/en_US.utf8/LC_COLLATE
bash       9809          root  mem    REG  253,0  2544344 100688096 /usr/lib64/libc.so.6
bash       9809          root  mem    REG  253,0   346132 100687773 /usr/lib/locale/C.utf8/LC_CTYPE
bash       9809          root  mem    REG  253,0       54     36583 /usr/lib/locale/en_US.utf8/LC_NUMERIC
bash       9809          root  mem    REG  253,0     3284  33639493 /usr/lib/locale/en_US.utf8/LC_TIME
bash       9809          root  mem    REG  253,0      286  33639491 /usr/lib/locale/en_US.utf8/LC_MONETARY
bash       9809          root  mem    REG  253,0       57  33639504 /usr/lib/locale/en_US.utf8/LC_MESSAGES/SYS_LC_MESSAGES
bash       9809          root  mem    REG  253,0    26988  67334001 /usr/lib64/gconv/gconv-modules.cache
bash       9809          root  mem    REG  253,0   195080 100687757 /usr/lib64/libtinfo.so.6.2
bash       9809          root  mem    REG  253,0       34 100688074 /usr/lib/locale/en_US.utf8/LC_PAPER
bash       9809          root  mem    REG  253,0       77     36582 /usr/lib/locale/en_US.utf8/LC_NAME
bash       9809          root  mem    REG  253,0      167  33639487 /usr/lib/locale/en_US.utf8/LC_ADDRESS
bash       9809          root  mem    REG  253,0       59  33639492 /usr/lib/locale/en_US.utf8/LC_TELEPHONE
bash       9809          root  mem    REG  253,0       23  33639490 /usr/lib/locale/en_US.utf8/LC_MEASUREMENT
bash       9809          root  mem    REG  253,0      369  33639489 /usr/lib/locale/en_US.utf8/LC_IDENTIFICATION
bash       9809          root  mem    REG  253,0   897856 100688092 /usr/lib64/ld-linux-x86-64.so.2
bash       9809          root    0r   CHR    1,3      0t0         4 /dev/null
bash       9809          root    1w   REG  253,0        0  34096961 /tmp/memory_monitor.log
bash       9809          root    2w   REG  253,0        0  34096961 /tmp/memory_monitor.log
bash       9809          root    3r  FIFO   0,13      0t0     87709 pipe
postmaste 11090      postgres   10u  IPv6  24817      0t0       UDP localhost:60802->localhost:60802 
postmaste 11090      postgres   11u  IPv4  90354      0t0       TCP aap24-database.aap-test.local:postgres->aap24-control.aap-test.local:35800 (ESTABLISHED)
postmaste 11091      postgres   10u  IPv6  24817      0t0       UDP localhost:60802->localhost:60802 
postmaste 11091      postgres   11u  IPv4  90355      0t0       TCP aap24-database.aap-test.local:postgres->aap24-control.aap-test.local:35814 (ESTABLISHED)
postmaste 11092      postgres   10u  IPv6  24817      0t0       UDP localhost:60802->localhost:60802 
postmaste 11092      postgres   11u  IPv4  90356      0t0       TCP aap24-database.aap-test.local:postgres->aap24-control.aap-test.local:35818 (ESTABLISHED)
postmaste 11093      postgres   10u  IPv6  24817      0t0       UDP localhost:60802->localhost:60802 
postmaste 11093      postgres   11u  IPv4  90357      0t0       TCP aap24-database.aap-test.local:postgres->aap24-control.aap-test.local:35826 (ESTABLISHED)
postmaste 11094      postgres   10u  IPv6  24817      0t0       UDP localhost:60802->localhost:60802 
postmaste 11094      postgres   11u  IPv4  90358      0t0       TCP aap24-database.aap-test.local:postgres->aap24-control.aap-test.local:35842 (ESTABLISHED)
postmaste 11095      postgres   10u  IPv6  24817      0t0       UDP localhost:60802->localhost:60802 
postmaste 11095      postgres   11u  IPv4  90359      0t0       TCP aap24-database.aap-test.local:postgres->aap24-control.aap-test.local:35844 (ESTABLISHED)

    PID    PPID CMD                           RSS    VSZ %CPU %MEM     ELAPSED
Receptor Child Processes for PID 11124:
  No child processes found
Receptor Threads for PID 11124:
    PID    SPID %CPU %MEM   RSS COMMAND
Receptor Network Connections for PID 11124:
COMMAND     PID          USER   FD   TYPE DEVICE SIZE/OFF NODE NAME
chronyd     752        chrony    5u  IPv4  22139      0t0  UDP localhost:323 
chronyd     752        chrony    6u  IPv6  22140      0t0  UDP localhost:323 
NetworkMa   756          root   26u  IPv4  24074      0t0  UDP aap24-database.aap-test.local:bootpc->pi.hole:bootps 
sshd        781          root    3u  IPv4  22290      0t0  TCP *:ssh (LISTEN)
sshd        781          root    4u  IPv6  22292      0t0  TCP *:ssh (LISTEN)
postmaste   801      postgres    6u  IPv4  24781      0t0  TCP *:postgres (LISTEN)
postmaste   801      postgres    7u  IPv6  24782      0t0  TCP *:postgres (LISTEN)
postmaste   801      postgres   10u  IPv6  24817      0t0  UDP localhost:60802->localhost:60802 
postmaste   852      postgres   10u  IPv6  24817      0t0  UDP localhost:60802->localhost:60802 
postmaste   853      postgres   10u  IPv6  24817      0t0  UDP localhost:60802->localhost:60802 
postmaste   854      postgres   10u  IPv6  24817      0t0  UDP localhost:60802->localhost:60802 
postmaste   855      postgres   10u  IPv6  24817      0t0  UDP localhost:60802->localhost:60802 
postmaste   856      postgres   10u  IPv6  24817      0t0  UDP localhost:60802->localhost:60802 
postmaste   857      postgres   10u  IPv6  24817      0t0  UDP localhost:60802->localhost:60802 
node_expo  1086 node_exporter    3u  IPv6  25667      0t0  TCP *:jetdirect (LISTEN)
node_expo  1086 node_exporter    7u  IPv6  25847      0t0  TCP aap24-database.aap-test.local:jetdirect->monitoring-node.aap-test.local:41738 (ESTABLISHED)
postmaste  1568      postgres   10u  IPv6  24817      0t0  UDP localhost:60802->localhost:60802 
postmaste  1568      postgres   11u  IPv4  24288      0t0  TCP aap24-database.aap-test.local:postgres->aap24-control.aap-test.local:59996 (ESTABLISHED)
postmaste  1569      postgres   10u  IPv6  24817      0t0  UDP localhost:60802->localhost:60802 
postmaste  1569      postgres   11u  IPv4  24289      0t0  TCP aap24-database.aap-test.local:postgres->aap24-control.aap-test.local:60002 (ESTABLISHED)
postmaste  1591      postgres   10u  IPv6  24817      0t0  UDP localhost:60802->localhost:60802 
postmaste  1591      postgres   11u  IPv4  24320      0t0  TCP aap24-database.aap-test.local:postgres->aap24-control.aap-test.local:60098 (ESTABLISHED)
postmaste  1592      postgres   10u  IPv6  24817      0t0  UDP localhost:60802->localhost:60802 
postmaste  1592      postgres   11u  IPv4  24321      0t0  TCP aap24-database.aap-test.local:postgres->aap24-control.aap-test.local:60106 (ESTABLISHED)
postmaste  1595      postgres   10u  IPv6  24817      0t0  UDP localhost:60802->localhost:60802 
postmaste  1595      postgres   11u  IPv4  24329      0t0  TCP aap24-database.aap-test.local:postgres->aap24-control.aap-test.local:60146 (ESTABLISHED)
postmaste  1596      postgres   10u  IPv6  24817      0t0  UDP localhost:60802->localhost:60802 
postmaste  1596      postgres   11u  IPv4  24330      0t0  TCP aap24-database.aap-test.local:postgres->aap24-control.aap-test.local:60152 (ESTABLISHED)
postmaste  1597      postgres   10u  IPv6  24817      0t0  UDP localhost:60802->localhost:60802 
postmaste  1597      postgres   11u  IPv4  24331      0t0  TCP aap24-database.aap-test.local:postgres->aap24-control.aap-test.local:60158 (ESTABLISHED)
postmaste  1598      postgres   10u  IPv6  24817      0t0  UDP localhost:60802->localhost:60802 
postmaste  1598      postgres   11u  IPv4  24332      0t0  TCP aap24-database.aap-test.local:postgres->aap24-control.aap-test.local:60162 (ESTABLISHED)
postmaste  1612      postgres   10u  IPv6  24817      0t0  UDP localhost:60802->localhost:60802 
postmaste  1612      postgres   11u  IPv4  24348      0t0  TCP aap24-database.aap-test.local:postgres->aap24-control.aap-test.local:60182 (ESTABLISHED)
postmaste  1613      postgres   10u  IPv6  24817      0t0  UDP localhost:60802->localhost:60802 
postmaste  1613      postgres   11u  IPv4  24349      0t0  TCP aap24-database.aap-test.local:postgres->aap24-control.aap-test.local:60184 (ESTABLISHED)
postmaste  1614      postgres   10u  IPv6  24817      0t0  UDP localhost:60802->localhost:60802 
postmaste  1614      postgres   11u  IPv4  24350      0t0  TCP aap24-database.aap-test.local:postgres->aap24-control.aap-test.local:60198 (ESTABLISHED)
postmaste  1615      postgres   10u  IPv6  24817      0t0  UDP localhost:60802->localhost:60802 
postmaste  1615      postgres   11u  IPv4  24351      0t0  TCP aap24-database.aap-test.local:postgres->aap24-control.aap-test.local:60206 (ESTABLISHED)
postmaste  1616      postgres   10u  IPv6  24817      0t0  UDP localhost:60802->localhost:60802 
postmaste  1616      postgres   11u  IPv4  24352      0t0  TCP aap24-database.aap-test.local:postgres->aap24-control.aap-test.local:60214 (ESTABLISHED)
postmaste  1617      postgres   10u  IPv6  24817      0t0  UDP localhost:60802->localhost:60802 
postmaste  1617      postgres   11u  IPv4  24353      0t0  TCP aap24-database.aap-test.local:postgres->aap24-control.aap-test.local:60220 (ESTABLISHED)
postmaste  1618      postgres   10u  IPv6  24817      0t0  UDP localhost:60802->localhost:60802 
postmaste  1618      postgres   11u  IPv4  24354      0t0  TCP aap24-database.aap-test.local:postgres->aap24-control.aap-test.local:60222 (ESTABLISHED)
postmaste  1619      postgres   10u  IPv6  24817      0t0  UDP localhost:60802->localhost:60802 
postmaste  1619      postgres   11u  IPv4  24355      0t0  TCP aap24-database.aap-test.local:postgres->aap24-control.aap-test.local:60230 (ESTABLISHED)
postmaste  1620      postgres   10u  IPv6  24817      0t0  UDP localhost:60802->localhost:60802 
postmaste  1620      postgres   11u  IPv4  24356      0t0  TCP aap24-database.aap-test.local:postgres->aap24-control.aap-test.local:60236 (ESTABLISHED)
postmaste  1954      postgres   10u  IPv6  24817      0t0  UDP localhost:60802->localhost:60802 
postmaste  1954      postgres   11u  IPv4  27507      0t0  TCP aap24-database.aap-test.local:postgres->aap24-control.aap-test.local:59734 (ESTABLISHED)
postmaste 11090      postgres   10u  IPv6  24817      0t0  UDP localhost:60802->localhost:60802 
postmaste 11090      postgres   11u  IPv4  90354      0t0  TCP aap24-database.aap-test.local:postgres->aap24-control.aap-test.local:35800 (ESTABLISHED)
postmaste 11091      postgres   10u  IPv6  24817      0t0  UDP localhost:60802->localhost:60802 
postmaste 11091      postgres   11u  IPv4  90355      0t0  TCP aap24-database.aap-test.local:postgres->aap24-control.aap-test.local:35814 (ESTABLISHED)
postmaste 11092      postgres   10u  IPv6  24817      0t0  UDP localhost:60802->localhost:60802 
postmaste 11092      postgres   11u  IPv4  90356      0t0  TCP aap24-database.aap-test.local:postgres->aap24-control.aap-test.local:35818 (ESTABLISHED)
postmaste 11093      postgres   10u  IPv6  24817      0t0  UDP localhost:60802->localhost:60802 
postmaste 11093      postgres   11u  IPv4  90357      0t0  TCP aap24-database.aap-test.local:postgres->aap24-control.aap-test.local:35826 (ESTABLISHED)
postmaste 11094      postgres   10u  IPv6  24817      0t0  UDP localhost:60802->localhost:60802 
postmaste 11094      postgres   11u  IPv4  90358      0t0  TCP aap24-database.aap-test.local:postgres->aap24-control.aap-test.local:35842 (ESTABLISHED)
postmaste 11095      postgres   10u  IPv6  24817      0t0  UDP localhost:60802->localhost:60802 
postmaste 11095      postgres   11u  IPv4  90359      0t0  TCP aap24-database.aap-test.local:postgres->aap24-control.aap-test.local:35844 (ESTABLISHED)
  No network connections found

=== RECEPTOR MEMORY SUMMARY ===
Total Receptor RSS Memory: 3328 KB (3 MB)
Total Receptor VSZ Memory: 7260 KB (7 MB)
Number of Receptor Processes: 2

AAP-related Processes and Children:
=== AAP Service Processes ===
Process: bash (PID: 9809)
    PID    PPID CMD                           RSS
   9809       1 bash -c  log_file="/tmp/mem  3328
  Children of PID 9809:
    PID    PPID CMD                           RSS
  11183    9809 bash -c  log_file="/tmp/mem  2128

Process: bash (PID: 11183)
    PID    PPID CMD                           RSS
  11183    9809 bash -c  log_file="/tmp/mem  2128
  Children of PID 11183:
    PID    PPID CMD                           RSS


Process Tree for AAP Services:
=== automation-controller Process Tree ===
bash(9809)---pstree(11194)
=== receptor Process Tree ===
bash(9809)---pstree(11198)
=== nginx Process Tree ===
bash(9809)---pstree(11202)
=== postgresql Process Tree ===
bash(9809)---pstree(11206)
=== redis Process Tree ===
bash(9809)---pstree(11210)
=== uwsgi Process Tree ===
bash(9809)---pstree(11214)
=== automation-hub Process Tree ===
bash(9809)---pstree(11218)
=== automation-eda Process Tree ===
bash(9809)---pstree(11222)

=================================================================================
2025-06-27 14:38:14
Memory Usage Report:
               total        used        free      shared  buff/cache   available
Mem:            7681         563        7098          60         316        7117
Swap:           4095           0        4095

Top 10 Processes by RSS Memory:
    PID    PPID CMD                           RSS
    801       1 /usr/bin/postmaster -D /var 61952
    745       1 /usr/bin/python3 -s /usr/sb 43724
    784       1 /usr/bin/python3 -Es /usr/s 28648
   1086       1 /usr/local/bin/node_exporte 27544
    925       1 /usr/lib/polkit-1/polkitd - 25936
   1568     801 postgres: automationhub aut 24944
   1569     801 postgres: automationhub aut 24688
   1613     801 postgres: automationhub aut 23920
   1614     801 postgres: automationhub aut 23792
   1618     801 postgres: automationhub aut 23792

=== RECEPTOR PROCESS ANALYSIS ===
Receptor Main Processes:
    PID    PPID CMD                           RSS    VSZ %CPU %MEM     ELAPSED
   9809       1 bash -c  log_file="/tmp/mem  3328   7260  0.0  0.0       04:05
Receptor Child Processes for PID 9809:
      PID    PPID CMD                           RSS    VSZ %CPU %MEM     ELAPSED
Receptor Threads for PID 9809:
    PID    SPID %CPU %MEM   RSS COMMAND
   9809    9809  0.0  0.0  3328 bash
Receptor Network Connections for PID 9809:
COMMAND     PID          USER   FD   TYPE DEVICE SIZE/OFF      NODE NAME
chronyd     752        chrony    5u  IPv4  22139      0t0       UDP localhost:323 
chronyd     752        chrony    6u  IPv6  22140      0t0       UDP localhost:323 
NetworkMa   756          root   26u  IPv4  24074      0t0       UDP aap24-database.aap-test.local:bootpc->pi.hole:bootps 
sshd        781          root    3u  IPv4  22290      0t0       TCP *:ssh (LISTEN)
sshd        781          root    4u  IPv6  22292      0t0       TCP *:ssh (LISTEN)
postmaste   801      postgres    6u  IPv4  24781      0t0       TCP *:postgres (LISTEN)
postmaste   801      postgres    7u  IPv6  24782      0t0       TCP *:postgres (LISTEN)
postmaste   801      postgres   10u  IPv6  24817      0t0       UDP localhost:60802->localhost:60802 
postmaste   852      postgres   10u  IPv6  24817      0t0       UDP localhost:60802->localhost:60802 
postmaste   853      postgres   10u  IPv6  24817      0t0       UDP localhost:60802->localhost:60802 
postmaste   854      postgres   10u  IPv6  24817      0t0       UDP localhost:60802->localhost:60802 
postmaste   855      postgres   10u  IPv6  24817      0t0       UDP localhost:60802->localhost:60802 
postmaste   856      postgres   10u  IPv6  24817      0t0       UDP localhost:60802->localhost:60802 
postmaste   857      postgres   10u  IPv6  24817      0t0       UDP localhost:60802->localhost:60802 
node_expo  1086 node_exporter    3u  IPv6  25667      0t0       TCP *:jetdirect (LISTEN)
node_expo  1086 node_exporter    7u  IPv6  25847      0t0       TCP aap24-database.aap-test.local:jetdirect->monitoring-node.aap-test.local:41738 (ESTABLISHED)
postmaste  1568      postgres   10u  IPv6  24817      0t0       UDP localhost:60802->localhost:60802 
postmaste  1568      postgres   11u  IPv4  24288      0t0       TCP aap24-database.aap-test.local:postgres->aap24-control.aap-test.local:59996 (ESTABLISHED)
postmaste  1569      postgres   10u  IPv6  24817      0t0       UDP localhost:60802->localhost:60802 
postmaste  1569      postgres   11u  IPv4  24289      0t0       TCP aap24-database.aap-test.local:postgres->aap24-control.aap-test.local:60002 (ESTABLISHED)
postmaste  1591      postgres   10u  IPv6  24817      0t0       UDP localhost:60802->localhost:60802 
postmaste  1591      postgres   11u  IPv4  24320      0t0       TCP aap24-database.aap-test.local:postgres->aap24-control.aap-test.local:60098 (ESTABLISHED)
postmaste  1592      postgres   10u  IPv6  24817      0t0       UDP localhost:60802->localhost:60802 
postmaste  1592      postgres   11u  IPv4  24321      0t0       TCP aap24-database.aap-test.local:postgres->aap24-control.aap-test.local:60106 (ESTABLISHED)
postmaste  1595      postgres   10u  IPv6  24817      0t0       UDP localhost:60802->localhost:60802 
postmaste  1595      postgres   11u  IPv4  24329      0t0       TCP aap24-database.aap-test.local:postgres->aap24-control.aap-test.local:60146 (ESTABLISHED)
postmaste  1596      postgres   10u  IPv6  24817      0t0       UDP localhost:60802->localhost:60802 
postmaste  1596      postgres   11u  IPv4  24330      0t0       TCP aap24-database.aap-test.local:postgres->aap24-control.aap-test.local:60152 (ESTABLISHED)
postmaste  1597      postgres   10u  IPv6  24817      0t0       UDP localhost:60802->localhost:60802 
postmaste  1597      postgres   11u  IPv4  24331      0t0       TCP aap24-database.aap-test.local:postgres->aap24-control.aap-test.local:60158 (ESTABLISHED)
postmaste  1598      postgres   10u  IPv6  24817      0t0       UDP localhost:60802->localhost:60802 
postmaste  1598      postgres   11u  IPv4  24332      0t0       TCP aap24-database.aap-test.local:postgres->aap24-control.aap-test.local:60162 (ESTABLISHED)
postmaste  1612      postgres   10u  IPv6  24817      0t0       UDP localhost:60802->localhost:60802 
postmaste  1612      postgres   11u  IPv4  24348      0t0       TCP aap24-database.aap-test.local:postgres->aap24-control.aap-test.local:60182 (ESTABLISHED)
postmaste  1613      postgres   10u  IPv6  24817      0t0       UDP localhost:60802->localhost:60802 
postmaste  1613      postgres   11u  IPv4  24349      0t0       TCP aap24-database.aap-test.local:postgres->aap24-control.aap-test.local:60184 (ESTABLISHED)
postmaste  1614      postgres   10u  IPv6  24817      0t0       UDP localhost:60802->localhost:60802 
postmaste  1614      postgres   11u  IPv4  24350      0t0       TCP aap24-database.aap-test.local:postgres->aap24-control.aap-test.local:60198 (ESTABLISHED)
postmaste  1615      postgres   10u  IPv6  24817      0t0       UDP localhost:60802->localhost:60802 
postmaste  1615      postgres   11u  IPv4  24351      0t0       TCP aap24-database.aap-test.local:postgres->aap24-control.aap-test.local:60206 (ESTABLISHED)
postmaste  1616      postgres   10u  IPv6  24817      0t0       UDP localhost:60802->localhost:60802 
postmaste  1616      postgres   11u  IPv4  24352      0t0       TCP aap24-database.aap-test.local:postgres->aap24-control.aap-test.local:60214 (ESTABLISHED)
postmaste  1617      postgres   10u  IPv6  24817      0t0       UDP localhost:60802->localhost:60802 
postmaste  1617      postgres   11u  IPv4  24353      0t0       TCP aap24-database.aap-test.local:postgres->aap24-control.aap-test.local:60220 (ESTABLISHED)
postmaste  1618      postgres   10u  IPv6  24817      0t0       UDP localhost:60802->localhost:60802 
postmaste  1618      postgres   11u  IPv4  24354      0t0       TCP aap24-database.aap-test.local:postgres->aap24-control.aap-test.local:60222 (ESTABLISHED)
postmaste  1619      postgres   10u  IPv6  24817      0t0       UDP localhost:60802->localhost:60802 
postmaste  1619      postgres   11u  IPv4  24355      0t0       TCP aap24-database.aap-test.local:postgres->aap24-control.aap-test.local:60230 (ESTABLISHED)
postmaste  1620      postgres   10u  IPv6  24817      0t0       UDP localhost:60802->localhost:60802 
postmaste  1620      postgres   11u  IPv4  24356      0t0       TCP aap24-database.aap-test.local:postgres->aap24-control.aap-test.local:60236 (ESTABLISHED)
postmaste  1954      postgres   10u  IPv6  24817      0t0       UDP localhost:60802->localhost:60802 
postmaste  1954      postgres   11u  IPv4  27507      0t0       TCP aap24-database.aap-test.local:postgres->aap24-control.aap-test.local:59734 (ESTABLISHED)
bash       9809          root  cwd    DIR  253,0      142  67240070 /root
bash       9809          root  rtd    DIR  253,0      235       128 /
bash       9809          root  txt    REG  253,0  1389072  67333814 /usr/bin/bash
bash       9809          root  mem    REG  253,0  2586930     36580 /usr/lib/locale/en_US.utf8/LC_COLLATE
bash       9809          root  mem    REG  253,0  2544344 100688096 /usr/lib64/libc.so.6
bash       9809          root  mem    REG  253,0   346132 100687773 /usr/lib/locale/C.utf8/LC_CTYPE
bash       9809          root  mem    REG  253,0       54     36583 /usr/lib/locale/en_US.utf8/LC_NUMERIC
bash       9809          root  mem    REG  253,0     3284  33639493 /usr/lib/locale/en_US.utf8/LC_TIME
bash       9809          root  mem    REG  253,0      286  33639491 /usr/lib/locale/en_US.utf8/LC_MONETARY
bash       9809          root  mem    REG  253,0       57  33639504 /usr/lib/locale/en_US.utf8/LC_MESSAGES/SYS_LC_MESSAGES
bash       9809          root  mem    REG  253,0    26988  67334001 /usr/lib64/gconv/gconv-modules.cache
bash       9809          root  mem    REG  253,0   195080 100687757 /usr/lib64/libtinfo.so.6.2
bash       9809          root  mem    REG  253,0       34 100688074 /usr/lib/locale/en_US.utf8/LC_PAPER
bash       9809          root  mem    REG  253,0       77     36582 /usr/lib/locale/en_US.utf8/LC_NAME
bash       9809          root  mem    REG  253,0      167  33639487 /usr/lib/locale/en_US.utf8/LC_ADDRESS
bash       9809          root  mem    REG  253,0       59  33639492 /usr/lib/locale/en_US.utf8/LC_TELEPHONE
bash       9809          root  mem    REG  253,0       23  33639490 /usr/lib/locale/en_US.utf8/LC_MEASUREMENT
bash       9809          root  mem    REG  253,0      369  33639489 /usr/lib/locale/en_US.utf8/LC_IDENTIFICATION
bash       9809          root  mem    REG  253,0   897856 100688092 /usr/lib64/ld-linux-x86-64.so.2
bash       9809          root    0r   CHR    1,3      0t0         4 /dev/null
bash       9809          root    1w   REG  253,0        0  34096961 /tmp/memory_monitor.log
bash       9809          root    2w   REG  253,0        0  34096961 /tmp/memory_monitor.log
bash       9809          root    3r  FIFO   0,13      0t0     91217 pipe
postmaste 11092      postgres   10u  IPv6  24817      0t0       UDP localhost:60802->localhost:60802 
postmaste 11092      postgres   11u  IPv4  90356      0t0       TCP aap24-database.aap-test.local:postgres->aap24-control.aap-test.local:35818 (ESTABLISHED)
postmaste 11249      postgres   10u  IPv6  24817      0t0       UDP localhost:60802->localhost:60802 
postmaste 11249      postgres   11u  IPv4  88907      0t0       TCP aap24-database.aap-test.local:postgres->aap24-control.aap-test.local:58150 (ESTABLISHED)
postmaste 11250      postgres   10u  IPv6  24817      0t0       UDP localhost:60802->localhost:60802 
postmaste 11250      postgres   11u  IPv4  88908      0t0       TCP aap24-database.aap-test.local:postgres->aap24-control.aap-test.local:58154 (ESTABLISHED)
postmaste 11273      postgres   10u  IPv6  24817      0t0       UDP localhost:60802->localhost:60802 
postmaste 11273      postgres   11u  IPv4  90582      0t0       TCP aap24-database.aap-test.local:postgres->aap24-control.aap-test.local:55486 (ESTABLISHED)
postmaste 11274      postgres   10u  IPv6  24817      0t0       UDP localhost:60802->localhost:60802 
postmaste 11274      postgres   11u  IPv4  90583      0t0       TCP aap24-database.aap-test.local:postgres->aap24-control.aap-test.local:55500 (ESTABLISHED)

    PID    PPID CMD                           RSS    VSZ %CPU %MEM     ELAPSED
Receptor Child Processes for PID 11303:
  No child processes found
Receptor Threads for PID 11303:
    PID    SPID %CPU %MEM   RSS COMMAND
Receptor Network Connections for PID 11303:
COMMAND     PID          USER   FD   TYPE DEVICE SIZE/OFF NODE NAME
chronyd     752        chrony    5u  IPv4  22139      0t0  UDP localhost:323 
chronyd     752        chrony    6u  IPv6  22140      0t0  UDP localhost:323 
NetworkMa   756          root   26u  IPv4  24074      0t0  UDP aap24-database.aap-test.local:bootpc->pi.hole:bootps 
sshd        781          root    3u  IPv4  22290      0t0  TCP *:ssh (LISTEN)
sshd        781          root    4u  IPv6  22292      0t0  TCP *:ssh (LISTEN)
postmaste   801      postgres    6u  IPv4  24781      0t0  TCP *:postgres (LISTEN)
postmaste   801      postgres    7u  IPv6  24782      0t0  TCP *:postgres (LISTEN)
postmaste   801      postgres   10u  IPv6  24817      0t0  UDP localhost:60802->localhost:60802 
postmaste   852      postgres   10u  IPv6  24817      0t0  UDP localhost:60802->localhost:60802 
postmaste   853      postgres   10u  IPv6  24817      0t0  UDP localhost:60802->localhost:60802 
postmaste   854      postgres   10u  IPv6  24817      0t0  UDP localhost:60802->localhost:60802 
postmaste   855      postgres   10u  IPv6  24817      0t0  UDP localhost:60802->localhost:60802 
postmaste   856      postgres   10u  IPv6  24817      0t0  UDP localhost:60802->localhost:60802 
postmaste   857      postgres   10u  IPv6  24817      0t0  UDP localhost:60802->localhost:60802 
node_expo  1086 node_exporter    3u  IPv6  25667      0t0  TCP *:jetdirect (LISTEN)
node_expo  1086 node_exporter    7u  IPv6  25847      0t0  TCP aap24-database.aap-test.local:jetdirect->monitoring-node.aap-test.local:41738 (ESTABLISHED)
postmaste  1568      postgres   10u  IPv6  24817      0t0  UDP localhost:60802->localhost:60802 
postmaste  1568      postgres   11u  IPv4  24288      0t0  TCP aap24-database.aap-test.local:postgres->aap24-control.aap-test.local:59996 (ESTABLISHED)
postmaste  1569      postgres   10u  IPv6  24817      0t0  UDP localhost:60802->localhost:60802 
postmaste  1569      postgres   11u  IPv4  24289      0t0  TCP aap24-database.aap-test.local:postgres->aap24-control.aap-test.local:60002 (ESTABLISHED)
postmaste  1591      postgres   10u  IPv6  24817      0t0  UDP localhost:60802->localhost:60802 
postmaste  1591      postgres   11u  IPv4  24320      0t0  TCP aap24-database.aap-test.local:postgres->aap24-control.aap-test.local:60098 (ESTABLISHED)
postmaste  1592      postgres   10u  IPv6  24817      0t0  UDP localhost:60802->localhost:60802 
postmaste  1592      postgres   11u  IPv4  24321      0t0  TCP aap24-database.aap-test.local:postgres->aap24-control.aap-test.local:60106 (ESTABLISHED)
postmaste  1595      postgres   10u  IPv6  24817      0t0  UDP localhost:60802->localhost:60802 
postmaste  1595      postgres   11u  IPv4  24329      0t0  TCP aap24-database.aap-test.local:postgres->aap24-control.aap-test.local:60146 (ESTABLISHED)
postmaste  1596      postgres   10u  IPv6  24817      0t0  UDP localhost:60802->localhost:60802 
postmaste  1596      postgres   11u  IPv4  24330      0t0  TCP aap24-database.aap-test.local:postgres->aap24-control.aap-test.local:60152 (ESTABLISHED)
postmaste  1597      postgres   10u  IPv6  24817      0t0  UDP localhost:60802->localhost:60802 
postmaste  1597      postgres   11u  IPv4  24331      0t0  TCP aap24-database.aap-test.local:postgres->aap24-control.aap-test.local:60158 (ESTABLISHED)
postmaste  1598      postgres   10u  IPv6  24817      0t0  UDP localhost:60802->localhost:60802 
postmaste  1598      postgres   11u  IPv4  24332      0t0  TCP aap24-database.aap-test.local:postgres->aap24-control.aap-test.local:60162 (ESTABLISHED)
postmaste  1612      postgres   10u  IPv6  24817      0t0  UDP localhost:60802->localhost:60802 
postmaste  1612      postgres   11u  IPv4  24348      0t0  TCP aap24-database.aap-test.local:postgres->aap24-control.aap-test.local:60182 (ESTABLISHED)
postmaste  1613      postgres   10u  IPv6  24817      0t0  UDP localhost:60802->localhost:60802 
postmaste  1613      postgres   11u  IPv4  24349      0t0  TCP aap24-database.aap-test.local:postgres->aap24-control.aap-test.local:60184 (ESTABLISHED)
postmaste  1614      postgres   10u  IPv6  24817      0t0  UDP localhost:60802->localhost:60802 
postmaste  1614      postgres   11u  IPv4  24350      0t0  TCP aap24-database.aap-test.local:postgres->aap24-control.aap-test.local:60198 (ESTABLISHED)
postmaste  1615      postgres   10u  IPv6  24817      0t0  UDP localhost:60802->localhost:60802 
postmaste  1615      postgres   11u  IPv4  24351      0t0  TCP aap24-database.aap-test.local:postgres->aap24-control.aap-test.local:60206 (ESTABLISHED)
postmaste  1616      postgres   10u  IPv6  24817      0t0  UDP localhost:60802->localhost:60802 
postmaste  1616      postgres   11u  IPv4  24352      0t0  TCP aap24-database.aap-test.local:postgres->aap24-control.aap-test.local:60214 (ESTABLISHED)
postmaste  1617      postgres   10u  IPv6  24817      0t0  UDP localhost:60802->localhost:60802 
postmaste  1617      postgres   11u  IPv4  24353      0t0  TCP aap24-database.aap-test.local:postgres->aap24-control.aap-test.local:60220 (ESTABLISHED)
postmaste  1618      postgres   10u  IPv6  24817      0t0  UDP localhost:60802->localhost:60802 
postmaste  1618      postgres   11u  IPv4  24354      0t0  TCP aap24-database.aap-test.local:postgres->aap24-control.aap-test.local:60222 (ESTABLISHED)
postmaste  1619      postgres   10u  IPv6  24817      0t0  UDP localhost:60802->localhost:60802 
postmaste  1619      postgres   11u  IPv4  24355      0t0  TCP aap24-database.aap-test.local:postgres->aap24-control.aap-test.local:60230 (ESTABLISHED)
postmaste  1620      postgres   10u  IPv6  24817      0t0  UDP localhost:60802->localhost:60802 
postmaste  1620      postgres   11u  IPv4  24356      0t0  TCP aap24-database.aap-test.local:postgres->aap24-control.aap-test.local:60236 (ESTABLISHED)
postmaste  1954      postgres   10u  IPv6  24817      0t0  UDP localhost:60802->localhost:60802 
postmaste  1954      postgres   11u  IPv4  27507      0t0  TCP aap24-database.aap-test.local:postgres->aap24-control.aap-test.local:59734 (ESTABLISHED)
postmaste 11092      postgres   10u  IPv6  24817      0t0  UDP localhost:60802->localhost:60802 
postmaste 11092      postgres   11u  IPv4  90356      0t0  TCP aap24-database.aap-test.local:postgres->aap24-control.aap-test.local:35818 (ESTABLISHED)
postmaste 11249      postgres   10u  IPv6  24817      0t0  UDP localhost:60802->localhost:60802 
postmaste 11249      postgres   11u  IPv4  88907      0t0  TCP aap24-database.aap-test.local:postgres->aap24-control.aap-test.local:58150 (ESTABLISHED)
postmaste 11250      postgres   10u  IPv6  24817      0t0  UDP localhost:60802->localhost:60802 
postmaste 11250      postgres   11u  IPv4  88908      0t0  TCP aap24-database.aap-test.local:postgres->aap24-control.aap-test.local:58154 (ESTABLISHED)
postmaste 11273      postgres   10u  IPv6  24817      0t0  UDP localhost:60802->localhost:60802 
postmaste 11273      postgres   11u  IPv4  90582      0t0  TCP aap24-database.aap-test.local:postgres->aap24-control.aap-test.local:55486 (ESTABLISHED)
postmaste 11274      postgres   10u  IPv6  24817      0t0  UDP localhost:60802->localhost:60802 
postmaste 11274      postgres   11u  IPv4  90583      0t0  TCP aap24-database.aap-test.local:postgres->aap24-control.aap-test.local:55500 (ESTABLISHED)
  No network connections found

=== RECEPTOR MEMORY SUMMARY ===
Total Receptor RSS Memory: 3328 KB (3 MB)
Total Receptor VSZ Memory: 7260 KB (7 MB)
Number of Receptor Processes: 2

AAP-related Processes and Children:
=== AAP Service Processes ===
Process: bash (PID: 9809)
    PID    PPID CMD                           RSS
   9809       1 bash -c  log_file="/tmp/mem  3328
  Children of PID 9809:
    PID    PPID CMD                           RSS
  11362    9809 bash -c  log_file="/tmp/mem  2128

Process: bash (PID: 11362)
    PID    PPID CMD                           RSS
  11362    9809 bash -c  log_file="/tmp/mem  2128
  Children of PID 11362:
    PID    PPID CMD                           RSS


Process Tree for AAP Services:
=== automation-controller Process Tree ===
bash(9809)---pstree(11373)
=== receptor Process Tree ===
bash(9809)---pstree(11377)
=== nginx Process Tree ===
bash(9809)---pstree(11381)
=== postgresql Process Tree ===
bash(9809)---pstree(11385)
=== redis Process Tree ===
bash(9809)---pstree(11389)
=== uwsgi Process Tree ===
bash(9809)---pstree(11393)
=== automation-hub Process Tree ===
bash(9809)---pstree(11397)
=== automation-eda Process Tree ===
bash(9809)---pstree(11401)

=================================================================================
2025-06-27 14:38:45
Memory Usage Report:
               total        used        free      shared  buff/cache   available
Mem:            7681         561        7100          60         316        7119
Swap:           4095           0        4095

Top 10 Processes by RSS Memory:
    PID    PPID CMD                           RSS
    801       1 /usr/bin/postmaster -D /var 61952
    745       1 /usr/bin/python3 -s /usr/sb 43724
    784       1 /usr/bin/python3 -Es /usr/s 28648
   1086       1 /usr/local/bin/node_exporte 27396
    925       1 /usr/lib/polkit-1/polkitd - 25936
   1568     801 postgres: automationhub aut 24944
   1569     801 postgres: automationhub aut 24816
   1613     801 postgres: automationhub aut 23920
   1614     801 postgres: automationhub aut 23792
   1618     801 postgres: automationhub aut 23792

=== RECEPTOR PROCESS ANALYSIS ===
Receptor Main Processes:
    PID    PPID CMD                           RSS    VSZ %CPU %MEM     ELAPSED
   9809       1 bash -c  log_file="/tmp/mem  3328   7260  0.0  0.0       04:36
Receptor Child Processes for PID 9809:
      PID    PPID CMD                           RSS    VSZ %CPU %MEM     ELAPSED
Receptor Threads for PID 9809:
    PID    SPID %CPU %MEM   RSS COMMAND
   9809    9809  0.0  0.0  3328 bash
Receptor Network Connections for PID 9809:
COMMAND     PID          USER   FD   TYPE DEVICE SIZE/OFF      NODE NAME
chronyd     752        chrony    5u  IPv4  22139      0t0       UDP localhost:323 
chronyd     752        chrony    6u  IPv6  22140      0t0       UDP localhost:323 
NetworkMa   756          root   26u  IPv4  24074      0t0       UDP aap24-database.aap-test.local:bootpc->pi.hole:bootps 
sshd        781          root    3u  IPv4  22290      0t0       TCP *:ssh (LISTEN)
sshd        781          root    4u  IPv6  22292      0t0       TCP *:ssh (LISTEN)
postmaste   801      postgres    6u  IPv4  24781      0t0       TCP *:postgres (LISTEN)
postmaste   801      postgres    7u  IPv6  24782      0t0       TCP *:postgres (LISTEN)
postmaste   801      postgres   10u  IPv6  24817      0t0       UDP localhost:60802->localhost:60802 
postmaste   852      postgres   10u  IPv6  24817      0t0       UDP localhost:60802->localhost:60802 
postmaste   853      postgres   10u  IPv6  24817      0t0       UDP localhost:60802->localhost:60802 
postmaste   854      postgres   10u  IPv6  24817      0t0       UDP localhost:60802->localhost:60802 
postmaste   855      postgres   10u  IPv6  24817      0t0       UDP localhost:60802->localhost:60802 
postmaste   856      postgres   10u  IPv6  24817      0t0       UDP localhost:60802->localhost:60802 
postmaste   857      postgres   10u  IPv6  24817      0t0       UDP localhost:60802->localhost:60802 
node_expo  1086 node_exporter    3u  IPv6  25667      0t0       TCP *:jetdirect (LISTEN)
node_expo  1086 node_exporter    7u  IPv6  25847      0t0       TCP aap24-database.aap-test.local:jetdirect->monitoring-node.aap-test.local:41738 (ESTABLISHED)
postmaste  1568      postgres   10u  IPv6  24817      0t0       UDP localhost:60802->localhost:60802 
postmaste  1568      postgres   11u  IPv4  24288      0t0       TCP aap24-database.aap-test.local:postgres->aap24-control.aap-test.local:59996 (ESTABLISHED)
postmaste  1569      postgres   10u  IPv6  24817      0t0       UDP localhost:60802->localhost:60802 
postmaste  1569      postgres   11u  IPv4  24289      0t0       TCP aap24-database.aap-test.local:postgres->aap24-control.aap-test.local:60002 (ESTABLISHED)
postmaste  1591      postgres   10u  IPv6  24817      0t0       UDP localhost:60802->localhost:60802 
postmaste  1591      postgres   11u  IPv4  24320      0t0       TCP aap24-database.aap-test.local:postgres->aap24-control.aap-test.local:60098 (ESTABLISHED)
postmaste  1592      postgres   10u  IPv6  24817      0t0       UDP localhost:60802->localhost:60802 
postmaste  1592      postgres   11u  IPv4  24321      0t0       TCP aap24-database.aap-test.local:postgres->aap24-control.aap-test.local:60106 (ESTABLISHED)
postmaste  1595      postgres   10u  IPv6  24817      0t0       UDP localhost:60802->localhost:60802 
postmaste  1595      postgres   11u  IPv4  24329      0t0       TCP aap24-database.aap-test.local:postgres->aap24-control.aap-test.local:60146 (ESTABLISHED)
postmaste  1596      postgres   10u  IPv6  24817      0t0       UDP localhost:60802->localhost:60802 
postmaste  1596      postgres   11u  IPv4  24330      0t0       TCP aap24-database.aap-test.local:postgres->aap24-control.aap-test.local:60152 (ESTABLISHED)
postmaste  1597      postgres   10u  IPv6  24817      0t0       UDP localhost:60802->localhost:60802 
postmaste  1597      postgres   11u  IPv4  24331      0t0       TCP aap24-database.aap-test.local:postgres->aap24-control.aap-test.local:60158 (ESTABLISHED)
postmaste  1598      postgres   10u  IPv6  24817      0t0       UDP localhost:60802->localhost:60802 
postmaste  1598      postgres   11u  IPv4  24332      0t0       TCP aap24-database.aap-test.local:postgres->aap24-control.aap-test.local:60162 (ESTABLISHED)
postmaste  1612      postgres   10u  IPv6  24817      0t0       UDP localhost:60802->localhost:60802 
postmaste  1612      postgres   11u  IPv4  24348      0t0       TCP aap24-database.aap-test.local:postgres->aap24-control.aap-test.local:60182 (ESTABLISHED)
postmaste  1613      postgres   10u  IPv6  24817      0t0       UDP localhost:60802->localhost:60802 
postmaste  1613      postgres   11u  IPv4  24349      0t0       TCP aap24-database.aap-test.local:postgres->aap24-control.aap-test.local:60184 (ESTABLISHED)
postmaste  1614      postgres   10u  IPv6  24817      0t0       UDP localhost:60802->localhost:60802 
postmaste  1614      postgres   11u  IPv4  24350      0t0       TCP aap24-database.aap-test.local:postgres->aap24-control.aap-test.local:60198 (ESTABLISHED)
postmaste  1615      postgres   10u  IPv6  24817      0t0       UDP localhost:60802->localhost:60802 
postmaste  1615      postgres   11u  IPv4  24351      0t0       TCP aap24-database.aap-test.local:postgres->aap24-control.aap-test.local:60206 (ESTABLISHED)
postmaste  1616      postgres   10u  IPv6  24817      0t0       UDP localhost:60802->localhost:60802 
postmaste  1616      postgres   11u  IPv4  24352      0t0       TCP aap24-database.aap-test.local:postgres->aap24-control.aap-test.local:60214 (ESTABLISHED)
postmaste  1617      postgres   10u  IPv6  24817      0t0       UDP localhost:60802->localhost:60802 
postmaste  1617      postgres   11u  IPv4  24353      0t0       TCP aap24-database.aap-test.local:postgres->aap24-control.aap-test.local:60220 (ESTABLISHED)
postmaste  1618      postgres   10u  IPv6  24817      0t0       UDP localhost:60802->localhost:60802 
postmaste  1618      postgres   11u  IPv4  24354      0t0       TCP aap24-database.aap-test.local:postgres->aap24-control.aap-test.local:60222 (ESTABLISHED)
postmaste  1619      postgres   10u  IPv6  24817      0t0       UDP localhost:60802->localhost:60802 
postmaste  1619      postgres   11u  IPv4  24355      0t0       TCP aap24-database.aap-test.local:postgres->aap24-control.aap-test.local:60230 (ESTABLISHED)
postmaste  1620      postgres   10u  IPv6  24817      0t0       UDP localhost:60802->localhost:60802 
postmaste  1620      postgres   11u  IPv4  24356      0t0       TCP aap24-database.aap-test.local:postgres->aap24-control.aap-test.local:60236 (ESTABLISHED)
postmaste  1954      postgres   10u  IPv6  24817      0t0       UDP localhost:60802->localhost:60802 
postmaste  1954      postgres   11u  IPv4  27507      0t0       TCP aap24-database.aap-test.local:postgres->aap24-control.aap-test.local:59734 (ESTABLISHED)
bash       9809          root  cwd    DIR  253,0      142  67240070 /root
bash       9809          root  rtd    DIR  253,0      235       128 /
bash       9809          root  txt    REG  253,0  1389072  67333814 /usr/bin/bash
bash       9809          root  mem    REG  253,0  2586930     36580 /usr/lib/locale/en_US.utf8/LC_COLLATE
bash       9809          root  mem    REG  253,0  2544344 100688096 /usr/lib64/libc.so.6
bash       9809          root  mem    REG  253,0   346132 100687773 /usr/lib/locale/C.utf8/LC_CTYPE
bash       9809          root  mem    REG  253,0       54     36583 /usr/lib/locale/en_US.utf8/LC_NUMERIC
bash       9809          root  mem    REG  253,0     3284  33639493 /usr/lib/locale/en_US.utf8/LC_TIME
bash       9809          root  mem    REG  253,0      286  33639491 /usr/lib/locale/en_US.utf8/LC_MONETARY
bash       9809          root  mem    REG  253,0       57  33639504 /usr/lib/locale/en_US.utf8/LC_MESSAGES/SYS_LC_MESSAGES
bash       9809          root  mem    REG  253,0    26988  67334001 /usr/lib64/gconv/gconv-modules.cache
bash       9809          root  mem    REG  253,0   195080 100687757 /usr/lib64/libtinfo.so.6.2
bash       9809          root  mem    REG  253,0       34 100688074 /usr/lib/locale/en_US.utf8/LC_PAPER
bash       9809          root  mem    REG  253,0       77     36582 /usr/lib/locale/en_US.utf8/LC_NAME
bash       9809          root  mem    REG  253,0      167  33639487 /usr/lib/locale/en_US.utf8/LC_ADDRESS
bash       9809          root  mem    REG  253,0       59  33639492 /usr/lib/locale/en_US.utf8/LC_TELEPHONE
bash       9809          root  mem    REG  253,0       23  33639490 /usr/lib/locale/en_US.utf8/LC_MEASUREMENT
bash       9809          root  mem    REG  253,0      369  33639489 /usr/lib/locale/en_US.utf8/LC_IDENTIFICATION
bash       9809          root  mem    REG  253,0   897856 100688092 /usr/lib64/ld-linux-x86-64.so.2
bash       9809          root    0r   CHR    1,3      0t0         4 /dev/null
bash       9809          root    1w   REG  253,0        0  34096961 /tmp/memory_monitor.log
bash       9809          root    2w   REG  253,0        0  34096961 /tmp/memory_monitor.log
bash       9809          root    3r  FIFO   0,13      0t0     91440 pipe
postmaste 11452      postgres   10u  IPv6  24817      0t0       UDP localhost:60802->localhost:60802 
postmaste 11452      postgres   11u  IPv4  90850      0t0       TCP aap24-database.aap-test.local:postgres->aap24-control.aap-test.local:56982 (ESTABLISHED)
postmaste 11454      postgres   10u  IPv6  24817      0t0       UDP localhost:60802->localhost:60802 
postmaste 11454      postgres   11u  IPv4  93293      0t0       TCP aap24-database.aap-test.local:postgres->aap24-control.aap-test.local:56996 (ESTABLISHED)
postmaste 11455      postgres   10u  IPv6  24817      0t0       UDP localhost:60802->localhost:60802 
postmaste 11455      postgres   11u  IPv4  93294      0t0       TCP aap24-database.aap-test.local:postgres->aap24-control.aap-test.local:57004 (ESTABLISHED)
postmaste 11456      postgres   10u  IPv6  24817      0t0       UDP localhost:60802->localhost:60802 
postmaste 11456      postgres   11u  IPv4  93295      0t0       TCP aap24-database.aap-test.local:postgres->aap24-control.aap-test.local:57014 (ESTABLISHED)
postmaste 11457      postgres   10u  IPv6  24817      0t0       UDP localhost:60802->localhost:60802 
postmaste 11457      postgres   11u  IPv4  93296      0t0       TCP aap24-database.aap-test.local:postgres->aap24-control.aap-test.local:57020 (ESTABLISHED)
postmaste 11458      postgres   10u  IPv6  24817      0t0       UDP localhost:60802->localhost:60802 
postmaste 11458      postgres   11u  IPv4  93297      0t0       TCP aap24-database.aap-test.local:postgres->aap24-control.aap-test.local:57034 (ESTABLISHED)

    PID    PPID CMD                           RSS    VSZ %CPU %MEM     ELAPSED
Receptor Child Processes for PID 11487:
  No child processes found
Receptor Threads for PID 11487:
    PID    SPID %CPU %MEM   RSS COMMAND
Receptor Network Connections for PID 11487:
COMMAND     PID          USER   FD   TYPE DEVICE SIZE/OFF NODE NAME
chronyd     752        chrony    5u  IPv4  22139      0t0  UDP localhost:323 
chronyd     752        chrony    6u  IPv6  22140      0t0  UDP localhost:323 
NetworkMa   756          root   26u  IPv4  24074      0t0  UDP aap24-database.aap-test.local:bootpc->pi.hole:bootps 
sshd        781          root    3u  IPv4  22290      0t0  TCP *:ssh (LISTEN)
sshd        781          root    4u  IPv6  22292      0t0  TCP *:ssh (LISTEN)
postmaste   801      postgres    6u  IPv4  24781      0t0  TCP *:postgres (LISTEN)
postmaste   801      postgres    7u  IPv6  24782      0t0  TCP *:postgres (LISTEN)
postmaste   801      postgres   10u  IPv6  24817      0t0  UDP localhost:60802->localhost:60802 
postmaste   852      postgres   10u  IPv6  24817      0t0  UDP localhost:60802->localhost:60802 
postmaste   853      postgres   10u  IPv6  24817      0t0  UDP localhost:60802->localhost:60802 
postmaste   854      postgres   10u  IPv6  24817      0t0  UDP localhost:60802->localhost:60802 
postmaste   855      postgres   10u  IPv6  24817      0t0  UDP localhost:60802->localhost:60802 
postmaste   856      postgres   10u  IPv6  24817      0t0  UDP localhost:60802->localhost:60802 
postmaste   857      postgres   10u  IPv6  24817      0t0  UDP localhost:60802->localhost:60802 
node_expo  1086 node_exporter    3u  IPv6  25667      0t0  TCP *:jetdirect (LISTEN)
node_expo  1086 node_exporter    7u  IPv6  25847      0t0  TCP aap24-database.aap-test.local:jetdirect->monitoring-node.aap-test.local:41738 (ESTABLISHED)
postmaste  1568      postgres   10u  IPv6  24817      0t0  UDP localhost:60802->localhost:60802 
postmaste  1568      postgres   11u  IPv4  24288      0t0  TCP aap24-database.aap-test.local:postgres->aap24-control.aap-test.local:59996 (ESTABLISHED)
postmaste  1569      postgres   10u  IPv6  24817      0t0  UDP localhost:60802->localhost:60802 
postmaste  1569      postgres   11u  IPv4  24289      0t0  TCP aap24-database.aap-test.local:postgres->aap24-control.aap-test.local:60002 (ESTABLISHED)
postmaste  1591      postgres   10u  IPv6  24817      0t0  UDP localhost:60802->localhost:60802 
postmaste  1591      postgres   11u  IPv4  24320      0t0  TCP aap24-database.aap-test.local:postgres->aap24-control.aap-test.local:60098 (ESTABLISHED)
postmaste  1592      postgres   10u  IPv6  24817      0t0  UDP localhost:60802->localhost:60802 
postmaste  1592      postgres   11u  IPv4  24321      0t0  TCP aap24-database.aap-test.local:postgres->aap24-control.aap-test.local:60106 (ESTABLISHED)
postmaste  1595      postgres   10u  IPv6  24817      0t0  UDP localhost:60802->localhost:60802 
postmaste  1595      postgres   11u  IPv4  24329      0t0  TCP aap24-database.aap-test.local:postgres->aap24-control.aap-test.local:60146 (ESTABLISHED)
postmaste  1596      postgres   10u  IPv6  24817      0t0  UDP localhost:60802->localhost:60802 
postmaste  1596      postgres   11u  IPv4  24330      0t0  TCP aap24-database.aap-test.local:postgres->aap24-control.aap-test.local:60152 (ESTABLISHED)
postmaste  1597      postgres   10u  IPv6  24817      0t0  UDP localhost:60802->localhost:60802 
postmaste  1597      postgres   11u  IPv4  24331      0t0  TCP aap24-database.aap-test.local:postgres->aap24-control.aap-test.local:60158 (ESTABLISHED)
postmaste  1598      postgres   10u  IPv6  24817      0t0  UDP localhost:60802->localhost:60802 
postmaste  1598      postgres   11u  IPv4  24332      0t0  TCP aap24-database.aap-test.local:postgres->aap24-control.aap-test.local:60162 (ESTABLISHED)
postmaste  1612      postgres   10u  IPv6  24817      0t0  UDP localhost:60802->localhost:60802 
postmaste  1612      postgres   11u  IPv4  24348      0t0  TCP aap24-database.aap-test.local:postgres->aap24-control.aap-test.local:60182 (ESTABLISHED)
postmaste  1613      postgres   10u  IPv6  24817      0t0  UDP localhost:60802->localhost:60802 
postmaste  1613      postgres   11u  IPv4  24349      0t0  TCP aap24-database.aap-test.local:postgres->aap24-control.aap-test.local:60184 (ESTABLISHED)
postmaste  1614      postgres   10u  IPv6  24817      0t0  UDP localhost:60802->localhost:60802 
postmaste  1614      postgres   11u  IPv4  24350      0t0  TCP aap24-database.aap-test.local:postgres->aap24-control.aap-test.local:60198 (ESTABLISHED)
postmaste  1615      postgres   10u  IPv6  24817      0t0  UDP localhost:60802->localhost:60802 
postmaste  1615      postgres   11u  IPv4  24351      0t0  TCP aap24-database.aap-test.local:postgres->aap24-control.aap-test.local:60206 (ESTABLISHED)
postmaste  1616      postgres   10u  IPv6  24817      0t0  UDP localhost:60802->localhost:60802 
postmaste  1616      postgres   11u  IPv4  24352      0t0  TCP aap24-database.aap-test.local:postgres->aap24-control.aap-test.local:60214 (ESTABLISHED)
postmaste  1617      postgres   10u  IPv6  24817      0t0  UDP localhost:60802->localhost:60802 
postmaste  1617      postgres   11u  IPv4  24353      0t0  TCP aap24-database.aap-test.local:postgres->aap24-control.aap-test.local:60220 (ESTABLISHED)
postmaste  1618      postgres   10u  IPv6  24817      0t0  UDP localhost:60802->localhost:60802 
postmaste  1618      postgres   11u  IPv4  24354      0t0  TCP aap24-database.aap-test.local:postgres->aap24-control.aap-test.local:60222 (ESTABLISHED)
postmaste  1619      postgres   10u  IPv6  24817      0t0  UDP localhost:60802->localhost:60802 
postmaste  1619      postgres   11u  IPv4  24355      0t0  TCP aap24-database.aap-test.local:postgres->aap24-control.aap-test.local:60230 (ESTABLISHED)
postmaste  1620      postgres   10u  IPv6  24817      0t0  UDP localhost:60802->localhost:60802 
postmaste  1620      postgres   11u  IPv4  24356      0t0  TCP aap24-database.aap-test.local:postgres->aap24-control.aap-test.local:60236 (ESTABLISHED)
postmaste  1954      postgres   10u  IPv6  24817      0t0  UDP localhost:60802->localhost:60802 
postmaste  1954      postgres   11u  IPv4  27507      0t0  TCP aap24-database.aap-test.local:postgres->aap24-control.aap-test.local:59734 (ESTABLISHED)
postmaste 11452      postgres   10u  IPv6  24817      0t0  UDP localhost:60802->localhost:60802 
postmaste 11452      postgres   11u  IPv4  90850      0t0  TCP aap24-database.aap-test.local:postgres->aap24-control.aap-test.local:56982 (ESTABLISHED)
postmaste 11454      postgres   10u  IPv6  24817      0t0  UDP localhost:60802->localhost:60802 
postmaste 11454      postgres   11u  IPv4  93293      0t0  TCP aap24-database.aap-test.local:postgres->aap24-control.aap-test.local:56996 (ESTABLISHED)
postmaste 11455      postgres   10u  IPv6  24817      0t0  UDP localhost:60802->localhost:60802 
postmaste 11455      postgres   11u  IPv4  93294      0t0  TCP aap24-database.aap-test.local:postgres->aap24-control.aap-test.local:57004 (ESTABLISHED)
postmaste 11456      postgres   10u  IPv6  24817      0t0  UDP localhost:60802->localhost:60802 
postmaste 11456      postgres   11u  IPv4  93295      0t0  TCP aap24-database.aap-test.local:postgres->aap24-control.aap-test.local:57014 (ESTABLISHED)
postmaste 11457      postgres   10u  IPv6  24817      0t0  UDP localhost:60802->localhost:60802 
postmaste 11457      postgres   11u  IPv4  93296      0t0  TCP aap24-database.aap-test.local:postgres->aap24-control.aap-test.local:57020 (ESTABLISHED)
postmaste 11458      postgres   10u  IPv6  24817      0t0  UDP localhost:60802->localhost:60802 
postmaste 11458      postgres   11u  IPv4  93297      0t0  TCP aap24-database.aap-test.local:postgres->aap24-control.aap-test.local:57034 (ESTABLISHED)
  No network connections found

=== RECEPTOR MEMORY SUMMARY ===
Total Receptor RSS Memory: 3328 KB (3 MB)
Total Receptor VSZ Memory: 7260 KB (7 MB)
Number of Receptor Processes: 2

AAP-related Processes and Children:
=== AAP Service Processes ===
Process: bash (PID: 9809)
    PID    PPID CMD                           RSS
   9809       1 bash -c  log_file="/tmp/mem  3328
  Children of PID 9809:
    PID    PPID CMD                           RSS
  11546    9809 bash -c  log_file="/tmp/mem  2128

Process: bash (PID: 11546)
    PID    PPID CMD                           RSS
  11546    9809 bash -c  log_file="/tmp/mem  2128
  Children of PID 11546:
    PID    PPID CMD                           RSS


Process Tree for AAP Services:
=== automation-controller Process Tree ===
bash(9809)---pstree(11557)
=== receptor Process Tree ===
bash(9809)---pstree(11561)
=== nginx Process Tree ===
bash(9809)---pstree(11565)
=== postgresql Process Tree ===
bash(9809)---pstree(11569)
=== redis Process Tree ===
bash(9809)---pstree(11573)
=== uwsgi Process Tree ===
bash(9809)---pstree(11577)
=== automation-hub Process Tree ===
bash(9809)---pstree(11581)
=== automation-eda Process Tree ===
bash(9809)---pstree(11585)

=================================================================================
2025-06-27 14:39:16
Memory Usage Report:
               total        used        free      shared  buff/cache   available
Mem:            7681         564        7097          60         316        7116
Swap:           4095           0        4095

Top 10 Processes by RSS Memory:
    PID    PPID CMD                           RSS
    801       1 /usr/bin/postmaster -D /var 61952
    745       1 /usr/bin/python3 -s /usr/sb 43724
    784       1 /usr/bin/python3 -Es /usr/s 28648
   1086       1 /usr/local/bin/node_exporte 27652
    925       1 /usr/lib/polkit-1/polkitd - 25936
   1568     801 postgres: automationhub aut 24944
   1569     801 postgres: automationhub aut 24816
   1613     801 postgres: automationhub aut 23920
   1614     801 postgres: automationhub aut 23792
   1617     801 postgres: automationhub aut 23792

=== RECEPTOR PROCESS ANALYSIS ===
Receptor Main Processes:
    PID    PPID CMD                           RSS    VSZ %CPU %MEM     ELAPSED
   9809       1 bash -c  log_file="/tmp/mem  3328   7260  0.0  0.0       05:06
Receptor Child Processes for PID 9809:
      PID    PPID CMD                           RSS    VSZ %CPU %MEM     ELAPSED
Receptor Threads for PID 9809:
    PID    SPID %CPU %MEM   RSS COMMAND
   9809    9809  0.0  0.0  3328 bash
Receptor Network Connections for PID 9809:
COMMAND     PID          USER   FD   TYPE DEVICE SIZE/OFF      NODE NAME
chronyd     752        chrony    5u  IPv4  22139      0t0       UDP localhost:323 
chronyd     752        chrony    6u  IPv6  22140      0t0       UDP localhost:323 
NetworkMa   756          root   26u  IPv4  24074      0t0       UDP aap24-database.aap-test.local:bootpc->pi.hole:bootps 
sshd        781          root    3u  IPv4  22290      0t0       TCP *:ssh (LISTEN)
sshd        781          root    4u  IPv6  22292      0t0       TCP *:ssh (LISTEN)
postmaste   801      postgres    6u  IPv4  24781      0t0       TCP *:postgres (LISTEN)
postmaste   801      postgres    7u  IPv6  24782      0t0       TCP *:postgres (LISTEN)
postmaste   801      postgres   10u  IPv6  24817      0t0       UDP localhost:60802->localhost:60802 
postmaste   852      postgres   10u  IPv6  24817      0t0       UDP localhost:60802->localhost:60802 
postmaste   853      postgres   10u  IPv6  24817      0t0       UDP localhost:60802->localhost:60802 
postmaste   854      postgres   10u  IPv6  24817      0t0       UDP localhost:60802->localhost:60802 
postmaste   855      postgres   10u  IPv6  24817      0t0       UDP localhost:60802->localhost:60802 
postmaste   856      postgres   10u  IPv6  24817      0t0       UDP localhost:60802->localhost:60802 
postmaste   857      postgres   10u  IPv6  24817      0t0       UDP localhost:60802->localhost:60802 
node_expo  1086 node_exporter    3u  IPv6  25667      0t0       TCP *:jetdirect (LISTEN)
node_expo  1086 node_exporter    7u  IPv6  25847      0t0       TCP aap24-database.aap-test.local:jetdirect->monitoring-node.aap-test.local:41738 (ESTABLISHED)
postmaste  1568      postgres   10u  IPv6  24817      0t0       UDP localhost:60802->localhost:60802 
postmaste  1568      postgres   11u  IPv4  24288      0t0       TCP aap24-database.aap-test.local:postgres->aap24-control.aap-test.local:59996 (ESTABLISHED)
postmaste  1569      postgres   10u  IPv6  24817      0t0       UDP localhost:60802->localhost:60802 
postmaste  1569      postgres   11u  IPv4  24289      0t0       TCP aap24-database.aap-test.local:postgres->aap24-control.aap-test.local:60002 (ESTABLISHED)
postmaste  1591      postgres   10u  IPv6  24817      0t0       UDP localhost:60802->localhost:60802 
postmaste  1591      postgres   11u  IPv4  24320      0t0       TCP aap24-database.aap-test.local:postgres->aap24-control.aap-test.local:60098 (ESTABLISHED)
postmaste  1592      postgres   10u  IPv6  24817      0t0       UDP localhost:60802->localhost:60802 
postmaste  1592      postgres   11u  IPv4  24321      0t0       TCP aap24-database.aap-test.local:postgres->aap24-control.aap-test.local:60106 (ESTABLISHED)
postmaste  1595      postgres   10u  IPv6  24817      0t0       UDP localhost:60802->localhost:60802 
postmaste  1595      postgres   11u  IPv4  24329      0t0       TCP aap24-database.aap-test.local:postgres->aap24-control.aap-test.local:60146 (ESTABLISHED)
postmaste  1596      postgres   10u  IPv6  24817      0t0       UDP localhost:60802->localhost:60802 
postmaste  1596      postgres   11u  IPv4  24330      0t0       TCP aap24-database.aap-test.local:postgres->aap24-control.aap-test.local:60152 (ESTABLISHED)
postmaste  1597      postgres   10u  IPv6  24817      0t0       UDP localhost:60802->localhost:60802 
postmaste  1597      postgres   11u  IPv4  24331      0t0       TCP aap24-database.aap-test.local:postgres->aap24-control.aap-test.local:60158 (ESTABLISHED)
postmaste  1598      postgres   10u  IPv6  24817      0t0       UDP localhost:60802->localhost:60802 
postmaste  1598      postgres   11u  IPv4  24332      0t0       TCP aap24-database.aap-test.local:postgres->aap24-control.aap-test.local:60162 (ESTABLISHED)
postmaste  1612      postgres   10u  IPv6  24817      0t0       UDP localhost:60802->localhost:60802 
postmaste  1612      postgres   11u  IPv4  24348      0t0       TCP aap24-database.aap-test.local:postgres->aap24-control.aap-test.local:60182 (ESTABLISHED)
postmaste  1613      postgres   10u  IPv6  24817      0t0       UDP localhost:60802->localhost:60802 
postmaste  1613      postgres   11u  IPv4  24349      0t0       TCP aap24-database.aap-test.local:postgres->aap24-control.aap-test.local:60184 (ESTABLISHED)
postmaste  1614      postgres   10u  IPv6  24817      0t0       UDP localhost:60802->localhost:60802 
postmaste  1614      postgres   11u  IPv4  24350      0t0       TCP aap24-database.aap-test.local:postgres->aap24-control.aap-test.local:60198 (ESTABLISHED)
postmaste  1615      postgres   10u  IPv6  24817      0t0       UDP localhost:60802->localhost:60802 
postmaste  1615      postgres   11u  IPv4  24351      0t0       TCP aap24-database.aap-test.local:postgres->aap24-control.aap-test.local:60206 (ESTABLISHED)
postmaste  1616      postgres   10u  IPv6  24817      0t0       UDP localhost:60802->localhost:60802 
postmaste  1616      postgres   11u  IPv4  24352      0t0       TCP aap24-database.aap-test.local:postgres->aap24-control.aap-test.local:60214 (ESTABLISHED)
postmaste  1617      postgres   10u  IPv6  24817      0t0       UDP localhost:60802->localhost:60802 
postmaste  1617      postgres   11u  IPv4  24353      0t0       TCP aap24-database.aap-test.local:postgres->aap24-control.aap-test.local:60220 (ESTABLISHED)
postmaste  1618      postgres   10u  IPv6  24817      0t0       UDP localhost:60802->localhost:60802 
postmaste  1618      postgres   11u  IPv4  24354      0t0       TCP aap24-database.aap-test.local:postgres->aap24-control.aap-test.local:60222 (ESTABLISHED)
postmaste  1619      postgres   10u  IPv6  24817      0t0       UDP localhost:60802->localhost:60802 
postmaste  1619      postgres   11u  IPv4  24355      0t0       TCP aap24-database.aap-test.local:postgres->aap24-control.aap-test.local:60230 (ESTABLISHED)
postmaste  1620      postgres   10u  IPv6  24817      0t0       UDP localhost:60802->localhost:60802 
postmaste  1620      postgres   11u  IPv4  24356      0t0       TCP aap24-database.aap-test.local:postgres->aap24-control.aap-test.local:60236 (ESTABLISHED)
postmaste  1954      postgres   10u  IPv6  24817      0t0       UDP localhost:60802->localhost:60802 
postmaste  1954      postgres   11u  IPv4  27507      0t0       TCP aap24-database.aap-test.local:postgres->aap24-control.aap-test.local:59734 (ESTABLISHED)
bash       9809          root  cwd    DIR  253,0      142  67240070 /root
bash       9809          root  rtd    DIR  253,0      235       128 /
bash       9809          root  txt    REG  253,0  1389072  67333814 /usr/bin/bash
bash       9809          root  mem    REG  253,0  2586930     36580 /usr/lib/locale/en_US.utf8/LC_COLLATE
bash       9809          root  mem    REG  253,0  2544344 100688096 /usr/lib64/libc.so.6
bash       9809          root  mem    REG  253,0   346132 100687773 /usr/lib/locale/C.utf8/LC_CTYPE
bash       9809          root  mem    REG  253,0       54     36583 /usr/lib/locale/en_US.utf8/LC_NUMERIC
bash       9809          root  mem    REG  253,0     3284  33639493 /usr/lib/locale/en_US.utf8/LC_TIME
bash       9809          root  mem    REG  253,0      286  33639491 /usr/lib/locale/en_US.utf8/LC_MONETARY
bash       9809          root  mem    REG  253,0       57  33639504 /usr/lib/locale/en_US.utf8/LC_MESSAGES/SYS_LC_MESSAGES
bash       9809          root  mem    REG  253,0    26988  67334001 /usr/lib64/gconv/gconv-modules.cache
bash       9809          root  mem    REG  253,0   195080 100687757 /usr/lib64/libtinfo.so.6.2
bash       9809          root  mem    REG  253,0       34 100688074 /usr/lib/locale/en_US.utf8/LC_PAPER
bash       9809          root  mem    REG  253,0       77     36582 /usr/lib/locale/en_US.utf8/LC_NAME
bash       9809          root  mem    REG  253,0      167  33639487 /usr/lib/locale/en_US.utf8/LC_ADDRESS
bash       9809          root  mem    REG  253,0       59  33639492 /usr/lib/locale/en_US.utf8/LC_TELEPHONE
bash       9809          root  mem    REG  253,0       23  33639490 /usr/lib/locale/en_US.utf8/LC_MEASUREMENT
bash       9809          root  mem    REG  253,0      369  33639489 /usr/lib/locale/en_US.utf8/LC_IDENTIFICATION
bash       9809          root  mem    REG  253,0   897856 100688092 /usr/lib64/ld-linux-x86-64.so.2
bash       9809          root    0r   CHR    1,3      0t0         4 /dev/null
bash       9809          root    1w   REG  253,0        0  34096961 /tmp/memory_monitor.log
bash       9809          root    2w   REG  253,0        0  34096961 /tmp/memory_monitor.log
bash       9809          root    3r  FIFO   0,13      0t0     91794 pipe
postmaste 11456      postgres   10u  IPv6  24817      0t0       UDP localhost:60802->localhost:60802 
postmaste 11456      postgres   11u  IPv4  93295      0t0       TCP aap24-database.aap-test.local:postgres->aap24-control.aap-test.local:57014 (ESTABLISHED)
postmaste 11457      postgres   10u  IPv6  24817      0t0       UDP localhost:60802->localhost:60802 
postmaste 11457      postgres   11u  IPv4  93296      0t0       TCP aap24-database.aap-test.local:postgres->aap24-control.aap-test.local:57020 (ESTABLISHED)
postmaste 11612      postgres   10u  IPv6  24817      0t0       UDP localhost:60802->localhost:60802 
postmaste 11612      postgres   11u  IPv4  93768      0t0       TCP aap24-database.aap-test.local:postgres->aap24-control.aap-test.local:56276 (ESTABLISHED)
postmaste 11613      postgres   10u  IPv6  24817      0t0       UDP localhost:60802->localhost:60802 
postmaste 11613      postgres   11u  IPv4  93769      0t0       TCP aap24-database.aap-test.local:postgres->aap24-control.aap-test.local:56282 (ESTABLISHED)
postmaste 11636      postgres   10u  IPv6  24817      0t0       UDP localhost:60802->localhost:60802 
postmaste 11636      postgres   11u  IPv4  93814      0t0       TCP aap24-database.aap-test.local:postgres->aap24-control.aap-test.local:35148 (ESTABLISHED)
postmaste 11637      postgres   10u  IPv6  24817      0t0       UDP localhost:60802->localhost:60802 
postmaste 11637      postgres   11u  IPv4  93815      0t0       TCP aap24-database.aap-test.local:postgres->aap24-control.aap-test.local:35154 (ESTABLISHED)

    PID    PPID CMD                           RSS    VSZ %CPU %MEM     ELAPSED
Receptor Child Processes for PID 11666:
  No child processes found
Receptor Threads for PID 11666:
    PID    SPID %CPU %MEM   RSS COMMAND
Receptor Network Connections for PID 11666:
COMMAND     PID          USER   FD   TYPE DEVICE SIZE/OFF NODE NAME
chronyd     752        chrony    5u  IPv4  22139      0t0  UDP localhost:323 
chronyd     752        chrony    6u  IPv6  22140      0t0  UDP localhost:323 
NetworkMa   756          root   26u  IPv4  24074      0t0  UDP aap24-database.aap-test.local:bootpc->pi.hole:bootps 
sshd        781          root    3u  IPv4  22290      0t0  TCP *:ssh (LISTEN)
sshd        781          root    4u  IPv6  22292      0t0  TCP *:ssh (LISTEN)
postmaste   801      postgres    6u  IPv4  24781      0t0  TCP *:postgres (LISTEN)
postmaste   801      postgres    7u  IPv6  24782      0t0  TCP *:postgres (LISTEN)
postmaste   801      postgres   10u  IPv6  24817      0t0  UDP localhost:60802->localhost:60802 
postmaste   852      postgres   10u  IPv6  24817      0t0  UDP localhost:60802->localhost:60802 
postmaste   853      postgres   10u  IPv6  24817      0t0  UDP localhost:60802->localhost:60802 
postmaste   854      postgres   10u  IPv6  24817      0t0  UDP localhost:60802->localhost:60802 
postmaste   855      postgres   10u  IPv6  24817      0t0  UDP localhost:60802->localhost:60802 
postmaste   856      postgres   10u  IPv6  24817      0t0  UDP localhost:60802->localhost:60802 
postmaste   857      postgres   10u  IPv6  24817      0t0  UDP localhost:60802->localhost:60802 
node_expo  1086 node_exporter    3u  IPv6  25667      0t0  TCP *:jetdirect (LISTEN)
node_expo  1086 node_exporter    7u  IPv6  25847      0t0  TCP aap24-database.aap-test.local:jetdirect->monitoring-node.aap-test.local:41738 (ESTABLISHED)
postmaste  1568      postgres   10u  IPv6  24817      0t0  UDP localhost:60802->localhost:60802 
postmaste  1568      postgres   11u  IPv4  24288      0t0  TCP aap24-database.aap-test.local:postgres->aap24-control.aap-test.local:59996 (ESTABLISHED)
postmaste  1569      postgres   10u  IPv6  24817      0t0  UDP localhost:60802->localhost:60802 
postmaste  1569      postgres   11u  IPv4  24289      0t0  TCP aap24-database.aap-test.local:postgres->aap24-control.aap-test.local:60002 (ESTABLISHED)
postmaste  1591      postgres   10u  IPv6  24817      0t0  UDP localhost:60802->localhost:60802 
postmaste  1591      postgres   11u  IPv4  24320      0t0  TCP aap24-database.aap-test.local:postgres->aap24-control.aap-test.local:60098 (ESTABLISHED)
postmaste  1592      postgres   10u  IPv6  24817      0t0  UDP localhost:60802->localhost:60802 
postmaste  1592      postgres   11u  IPv4  24321      0t0  TCP aap24-database.aap-test.local:postgres->aap24-control.aap-test.local:60106 (ESTABLISHED)
postmaste  1595      postgres   10u  IPv6  24817      0t0  UDP localhost:60802->localhost:60802 
postmaste  1595      postgres   11u  IPv4  24329      0t0  TCP aap24-database.aap-test.local:postgres->aap24-control.aap-test.local:60146 (ESTABLISHED)
postmaste  1596      postgres   10u  IPv6  24817      0t0  UDP localhost:60802->localhost:60802 
postmaste  1596      postgres   11u  IPv4  24330      0t0  TCP aap24-database.aap-test.local:postgres->aap24-control.aap-test.local:60152 (ESTABLISHED)
postmaste  1597      postgres   10u  IPv6  24817      0t0  UDP localhost:60802->localhost:60802 
postmaste  1597      postgres   11u  IPv4  24331      0t0  TCP aap24-database.aap-test.local:postgres->aap24-control.aap-test.local:60158 (ESTABLISHED)
postmaste  1598      postgres   10u  IPv6  24817      0t0  UDP localhost:60802->localhost:60802 
postmaste  1598      postgres   11u  IPv4  24332      0t0  TCP aap24-database.aap-test.local:postgres->aap24-control.aap-test.local:60162 (ESTABLISHED)
postmaste  1612      postgres   10u  IPv6  24817      0t0  UDP localhost:60802->localhost:60802 
postmaste  1612      postgres   11u  IPv4  24348      0t0  TCP aap24-database.aap-test.local:postgres->aap24-control.aap-test.local:60182 (ESTABLISHED)
postmaste  1613      postgres   10u  IPv6  24817      0t0  UDP localhost:60802->localhost:60802 
postmaste  1613      postgres   11u  IPv4  24349      0t0  TCP aap24-database.aap-test.local:postgres->aap24-control.aap-test.local:60184 (ESTABLISHED)
postmaste  1614      postgres   10u  IPv6  24817      0t0  UDP localhost:60802->localhost:60802 
postmaste  1614      postgres   11u  IPv4  24350      0t0  TCP aap24-database.aap-test.local:postgres->aap24-control.aap-test.local:60198 (ESTABLISHED)
postmaste  1615      postgres   10u  IPv6  24817      0t0  UDP localhost:60802->localhost:60802 
postmaste  1615      postgres   11u  IPv4  24351      0t0  TCP aap24-database.aap-test.local:postgres->aap24-control.aap-test.local:60206 (ESTABLISHED)
postmaste  1616      postgres   10u  IPv6  24817      0t0  UDP localhost:60802->localhost:60802 
postmaste  1616      postgres   11u  IPv4  24352      0t0  TCP aap24-database.aap-test.local:postgres->aap24-control.aap-test.local:60214 (ESTABLISHED)
postmaste  1617      postgres   10u  IPv6  24817      0t0  UDP localhost:60802->localhost:60802 
postmaste  1617      postgres   11u  IPv4  24353      0t0  TCP aap24-database.aap-test.local:postgres->aap24-control.aap-test.local:60220 (ESTABLISHED)
postmaste  1618      postgres   10u  IPv6  24817      0t0  UDP localhost:60802->localhost:60802 
postmaste  1618      postgres   11u  IPv4  24354      0t0  TCP aap24-database.aap-test.local:postgres->aap24-control.aap-test.local:60222 (ESTABLISHED)
postmaste  1619      postgres   10u  IPv6  24817      0t0  UDP localhost:60802->localhost:60802 
postmaste  1619      postgres   11u  IPv4  24355      0t0  TCP aap24-database.aap-test.local:postgres->aap24-control.aap-test.local:60230 (ESTABLISHED)
postmaste  1620      postgres   10u  IPv6  24817      0t0  UDP localhost:60802->localhost:60802 
postmaste  1620      postgres   11u  IPv4  24356      0t0  TCP aap24-database.aap-test.local:postgres->aap24-control.aap-test.local:60236 (ESTABLISHED)
postmaste  1954      postgres   10u  IPv6  24817      0t0  UDP localhost:60802->localhost:60802 
postmaste  1954      postgres   11u  IPv4  27507      0t0  TCP aap24-database.aap-test.local:postgres->aap24-control.aap-test.local:59734 (ESTABLISHED)
postmaste 11456      postgres   10u  IPv6  24817      0t0  UDP localhost:60802->localhost:60802 
postmaste 11456      postgres   11u  IPv4  93295      0t0  TCP aap24-database.aap-test.local:postgres->aap24-control.aap-test.local:57014 (ESTABLISHED)
postmaste 11457      postgres   10u  IPv6  24817      0t0  UDP localhost:60802->localhost:60802 
postmaste 11457      postgres   11u  IPv4  93296      0t0  TCP aap24-database.aap-test.local:postgres->aap24-control.aap-test.local:57020 (ESTABLISHED)
postmaste 11612      postgres   10u  IPv6  24817      0t0  UDP localhost:60802->localhost:60802 
postmaste 11612      postgres   11u  IPv4  93768      0t0  TCP aap24-database.aap-test.local:postgres->aap24-control.aap-test.local:56276 (ESTABLISHED)
postmaste 11613      postgres   10u  IPv6  24817      0t0  UDP localhost:60802->localhost:60802 
postmaste 11613      postgres   11u  IPv4  93769      0t0  TCP aap24-database.aap-test.local:postgres->aap24-control.aap-test.local:56282 (ESTABLISHED)
postmaste 11636      postgres   10u  IPv6  24817      0t0  UDP localhost:60802->localhost:60802 
postmaste 11636      postgres   11u  IPv4  93814      0t0  TCP aap24-database.aap-test.local:postgres->aap24-control.aap-test.local:35148 (ESTABLISHED)
postmaste 11637      postgres   10u  IPv6  24817      0t0  UDP localhost:60802->localhost:60802 
postmaste 11637      postgres   11u  IPv4  93815      0t0  TCP aap24-database.aap-test.local:postgres->aap24-control.aap-test.local:35154 (ESTABLISHED)
  No network connections found

=== RECEPTOR MEMORY SUMMARY ===
Total Receptor RSS Memory: 3328 KB (3 MB)
Total Receptor VSZ Memory: 7260 KB (7 MB)
Number of Receptor Processes: 2

AAP-related Processes and Children:
=== AAP Service Processes ===
Process: bash (PID: 9809)
    PID    PPID CMD                           RSS
   9809       1 bash -c  log_file="/tmp/mem  3328
  Children of PID 9809:
    PID    PPID CMD                           RSS
  11725    9809 bash -c  log_file="/tmp/mem  2128

Process: bash (PID: 11725)
    PID    PPID CMD                           RSS
  11725    9809 bash -c  log_file="/tmp/mem  2128
  Children of PID 11725:
    PID    PPID CMD                           RSS


Process Tree for AAP Services:
=== automation-controller Process Tree ===
bash(9809)---pstree(11736)
=== receptor Process Tree ===
bash(9809)---pstree(11740)
=== nginx Process Tree ===
bash(9809)---pstree(11744)
=== postgresql Process Tree ===
bash(9809)---pstree(11748)
=== redis Process Tree ===
bash(9809)---pstree(11752)
=== uwsgi Process Tree ===
bash(9809)---pstree(11756)
=== automation-hub Process Tree ===
bash(9809)---pstree(11760)
=== automation-eda Process Tree ===
bash(9809)---pstree(11764)

=================================================================================
2025-06-27 14:39:46
Memory Usage Report:
               total        used        free      shared  buff/cache   available
Mem:            7681         564        7097          60         317        7116
Swap:           4095           0        4095

Top 10 Processes by RSS Memory:
    PID    PPID CMD                           RSS
    801       1 /usr/bin/postmaster -D /var 61952
    745       1 /usr/bin/python3 -s /usr/sb 43724
    784       1 /usr/bin/python3 -Es /usr/s 28648
   1086       1 /usr/local/bin/node_exporte 27196
    925       1 /usr/lib/polkit-1/polkitd - 25936
   1568     801 postgres: automationhub aut 24944
   1569     801 postgres: automationhub aut 24816
   1613     801 postgres: automationhub aut 23920
   1614     801 postgres: automationhub aut 23792
   1617     801 postgres: automationhub aut 23792

=== RECEPTOR PROCESS ANALYSIS ===
Receptor Main Processes:
    PID    PPID CMD                           RSS    VSZ %CPU %MEM     ELAPSED
   9809       1 bash -c  log_file="/tmp/mem  3328   7260  0.0  0.0       05:37
Receptor Child Processes for PID 9809:
      PID    PPID CMD                           RSS    VSZ %CPU %MEM     ELAPSED
Receptor Threads for PID 9809:
    PID    SPID %CPU %MEM   RSS COMMAND
   9809    9809  0.0  0.0  3328 bash
Receptor Network Connections for PID 9809:
COMMAND     PID          USER   FD   TYPE DEVICE SIZE/OFF      NODE NAME
chronyd     752        chrony    5u  IPv4  22139      0t0       UDP localhost:323 
chronyd     752        chrony    6u  IPv6  22140      0t0       UDP localhost:323 
NetworkMa   756          root   26u  IPv4  24074      0t0       UDP aap24-database.aap-test.local:bootpc->pi.hole:bootps 
sshd        781          root    3u  IPv4  22290      0t0       TCP *:ssh (LISTEN)
sshd        781          root    4u  IPv6  22292      0t0       TCP *:ssh (LISTEN)
postmaste   801      postgres    6u  IPv4  24781      0t0       TCP *:postgres (LISTEN)
postmaste   801      postgres    7u  IPv6  24782      0t0       TCP *:postgres (LISTEN)
postmaste   801      postgres   10u  IPv6  24817      0t0       UDP localhost:60802->localhost:60802 
postmaste   852      postgres   10u  IPv6  24817      0t0       UDP localhost:60802->localhost:60802 
postmaste   853      postgres   10u  IPv6  24817      0t0       UDP localhost:60802->localhost:60802 
postmaste   854      postgres   10u  IPv6  24817      0t0       UDP localhost:60802->localhost:60802 
postmaste   855      postgres   10u  IPv6  24817      0t0       UDP localhost:60802->localhost:60802 
postmaste   856      postgres   10u  IPv6  24817      0t0       UDP localhost:60802->localhost:60802 
postmaste   857      postgres   10u  IPv6  24817      0t0       UDP localhost:60802->localhost:60802 
node_expo  1086 node_exporter    3u  IPv6  25667      0t0       TCP *:jetdirect (LISTEN)
node_expo  1086 node_exporter    7u  IPv6  25847      0t0       TCP aap24-database.aap-test.local:jetdirect->monitoring-node.aap-test.local:41738 (ESTABLISHED)
postmaste  1568      postgres   10u  IPv6  24817      0t0       UDP localhost:60802->localhost:60802 
postmaste  1568      postgres   11u  IPv4  24288      0t0       TCP aap24-database.aap-test.local:postgres->aap24-control.aap-test.local:59996 (ESTABLISHED)
postmaste  1569      postgres   10u  IPv6  24817      0t0       UDP localhost:60802->localhost:60802 
postmaste  1569      postgres   11u  IPv4  24289      0t0       TCP aap24-database.aap-test.local:postgres->aap24-control.aap-test.local:60002 (ESTABLISHED)
postmaste  1591      postgres   10u  IPv6  24817      0t0       UDP localhost:60802->localhost:60802 
postmaste  1591      postgres   11u  IPv4  24320      0t0       TCP aap24-database.aap-test.local:postgres->aap24-control.aap-test.local:60098 (ESTABLISHED)
postmaste  1592      postgres   10u  IPv6  24817      0t0       UDP localhost:60802->localhost:60802 
postmaste  1592      postgres   11u  IPv4  24321      0t0       TCP aap24-database.aap-test.local:postgres->aap24-control.aap-test.local:60106 (ESTABLISHED)
postmaste  1595      postgres   10u  IPv6  24817      0t0       UDP localhost:60802->localhost:60802 
postmaste  1595      postgres   11u  IPv4  24329      0t0       TCP aap24-database.aap-test.local:postgres->aap24-control.aap-test.local:60146 (ESTABLISHED)
postmaste  1596      postgres   10u  IPv6  24817      0t0       UDP localhost:60802->localhost:60802 
postmaste  1596      postgres   11u  IPv4  24330      0t0       TCP aap24-database.aap-test.local:postgres->aap24-control.aap-test.local:60152 (ESTABLISHED)
postmaste  1597      postgres   10u  IPv6  24817      0t0       UDP localhost:60802->localhost:60802 
postmaste  1597      postgres   11u  IPv4  24331      0t0       TCP aap24-database.aap-test.local:postgres->aap24-control.aap-test.local:60158 (ESTABLISHED)
postmaste  1598      postgres   10u  IPv6  24817      0t0       UDP localhost:60802->localhost:60802 
postmaste  1598      postgres   11u  IPv4  24332      0t0       TCP aap24-database.aap-test.local:postgres->aap24-control.aap-test.local:60162 (ESTABLISHED)
postmaste  1612      postgres   10u  IPv6  24817      0t0       UDP localhost:60802->localhost:60802 
postmaste  1612      postgres   11u  IPv4  24348      0t0       TCP aap24-database.aap-test.local:postgres->aap24-control.aap-test.local:60182 (ESTABLISHED)
postmaste  1613      postgres   10u  IPv6  24817      0t0       UDP localhost:60802->localhost:60802 
postmaste  1613      postgres   11u  IPv4  24349      0t0       TCP aap24-database.aap-test.local:postgres->aap24-control.aap-test.local:60184 (ESTABLISHED)
postmaste  1614      postgres   10u  IPv6  24817      0t0       UDP localhost:60802->localhost:60802 
postmaste  1614      postgres   11u  IPv4  24350      0t0       TCP aap24-database.aap-test.local:postgres->aap24-control.aap-test.local:60198 (ESTABLISHED)
postmaste  1615      postgres   10u  IPv6  24817      0t0       UDP localhost:60802->localhost:60802 
postmaste  1615      postgres   11u  IPv4  24351      0t0       TCP aap24-database.aap-test.local:postgres->aap24-control.aap-test.local:60206 (ESTABLISHED)
postmaste  1616      postgres   10u  IPv6  24817      0t0       UDP localhost:60802->localhost:60802 
postmaste  1616      postgres   11u  IPv4  24352      0t0       TCP aap24-database.aap-test.local:postgres->aap24-control.aap-test.local:60214 (ESTABLISHED)
postmaste  1617      postgres   10u  IPv6  24817      0t0       UDP localhost:60802->localhost:60802 
postmaste  1617      postgres   11u  IPv4  24353      0t0       TCP aap24-database.aap-test.local:postgres->aap24-control.aap-test.local:60220 (ESTABLISHED)
postmaste  1618      postgres   10u  IPv6  24817      0t0       UDP localhost:60802->localhost:60802 
postmaste  1618      postgres   11u  IPv4  24354      0t0       TCP aap24-database.aap-test.local:postgres->aap24-control.aap-test.local:60222 (ESTABLISHED)
postmaste  1619      postgres   10u  IPv6  24817      0t0       UDP localhost:60802->localhost:60802 
postmaste  1619      postgres   11u  IPv4  24355      0t0       TCP aap24-database.aap-test.local:postgres->aap24-control.aap-test.local:60230 (ESTABLISHED)
postmaste  1620      postgres   10u  IPv6  24817      0t0       UDP localhost:60802->localhost:60802 
postmaste  1620      postgres   11u  IPv4  24356      0t0       TCP aap24-database.aap-test.local:postgres->aap24-control.aap-test.local:60236 (ESTABLISHED)
postmaste  1954      postgres   10u  IPv6  24817      0t0       UDP localhost:60802->localhost:60802 
postmaste  1954      postgres   11u  IPv4  27507      0t0       TCP aap24-database.aap-test.local:postgres->aap24-control.aap-test.local:59734 (ESTABLISHED)
bash       9809          root  cwd    DIR  253,0      142  67240070 /root
bash       9809          root  rtd    DIR  253,0      235       128 /
bash       9809          root  txt    REG  253,0  1389072  67333814 /usr/bin/bash
bash       9809          root  mem    REG  253,0  2586930     36580 /usr/lib/locale/en_US.utf8/LC_COLLATE
bash       9809          root  mem    REG  253,0  2544344 100688096 /usr/lib64/libc.so.6
bash       9809          root  mem    REG  253,0   346132 100687773 /usr/lib/locale/C.utf8/LC_CTYPE
bash       9809          root  mem    REG  253,0       54     36583 /usr/lib/locale/en_US.utf8/LC_NUMERIC
bash       9809          root  mem    REG  253,0     3284  33639493 /usr/lib/locale/en_US.utf8/LC_TIME
bash       9809          root  mem    REG  253,0      286  33639491 /usr/lib/locale/en_US.utf8/LC_MONETARY
bash       9809          root  mem    REG  253,0       57  33639504 /usr/lib/locale/en_US.utf8/LC_MESSAGES/SYS_LC_MESSAGES
bash       9809          root  mem    REG  253,0    26988  67334001 /usr/lib64/gconv/gconv-modules.cache
bash       9809          root  mem    REG  253,0   195080 100687757 /usr/lib64/libtinfo.so.6.2
bash       9809          root  mem    REG  253,0       34 100688074 /usr/lib/locale/en_US.utf8/LC_PAPER
bash       9809          root  mem    REG  253,0       77     36582 /usr/lib/locale/en_US.utf8/LC_NAME
bash       9809          root  mem    REG  253,0      167  33639487 /usr/lib/locale/en_US.utf8/LC_ADDRESS
bash       9809          root  mem    REG  253,0       59  33639492 /usr/lib/locale/en_US.utf8/LC_TELEPHONE
bash       9809          root  mem    REG  253,0       23  33639490 /usr/lib/locale/en_US.utf8/LC_MEASUREMENT
bash       9809          root  mem    REG  253,0      369  33639489 /usr/lib/locale/en_US.utf8/LC_IDENTIFICATION
bash       9809          root  mem    REG  253,0   897856 100688092 /usr/lib64/ld-linux-x86-64.so.2
bash       9809          root    0r   CHR    1,3      0t0         4 /dev/null
bash       9809          root    1w   REG  253,0        0  34096961 /tmp/memory_monitor.log
bash       9809          root    2w   REG  253,0        0  34096961 /tmp/memory_monitor.log
bash       9809          root    3r  FIFO   0,13      0t0     93089 pipe
postmaste 11816      postgres   10u  IPv6  24817      0t0       UDP localhost:60802->localhost:60802 
postmaste 11816      postgres   11u  IPv4  94138      0t0       TCP aap24-database.aap-test.local:postgres->aap24-control.aap-test.local:46662 (ESTABLISHED)
postmaste 11817      postgres   10u  IPv6  24817      0t0       UDP localhost:60802->localhost:60802 
postmaste 11817      postgres   11u  IPv4  94372      0t0       TCP aap24-database.aap-test.local:postgres->aap24-control.aap-test.local:46664 (ESTABLISHED)
postmaste 11819      postgres   10u  IPv6  24817      0t0       UDP localhost:60802->localhost:60802 
postmaste 11819      postgres   11u  IPv4  94140      0t0       TCP aap24-database.aap-test.local:postgres->aap24-control.aap-test.local:46682 (ESTABLISHED)
postmaste 11820      postgres   10u  IPv6  24817      0t0       UDP localhost:60802->localhost:60802 
postmaste 11820      postgres   11u  IPv4  94141      0t0       TCP aap24-database.aap-test.local:postgres->aap24-control.aap-test.local:46692 (ESTABLISHED)
postmaste 11821      postgres   10u  IPv6  24817      0t0       UDP localhost:60802->localhost:60802 
postmaste 11821      postgres   11u  IPv4  94142      0t0       TCP aap24-database.aap-test.local:postgres->aap24-control.aap-test.local:46702 (ESTABLISHED)

    PID    PPID CMD                           RSS    VSZ %CPU %MEM     ELAPSED
Receptor Child Processes for PID 11851:
  No child processes found
Receptor Threads for PID 11851:
    PID    SPID %CPU %MEM   RSS COMMAND
Receptor Network Connections for PID 11851:
COMMAND     PID          USER   FD   TYPE DEVICE SIZE/OFF NODE NAME
chronyd     752        chrony    5u  IPv4  22139      0t0  UDP localhost:323 
chronyd     752        chrony    6u  IPv6  22140      0t0  UDP localhost:323 
NetworkMa   756          root   26u  IPv4  24074      0t0  UDP aap24-database.aap-test.local:bootpc->pi.hole:bootps 
sshd        781          root    3u  IPv4  22290      0t0  TCP *:ssh (LISTEN)
sshd        781          root    4u  IPv6  22292      0t0  TCP *:ssh (LISTEN)
postmaste   801      postgres    6u  IPv4  24781      0t0  TCP *:postgres (LISTEN)
postmaste   801      postgres    7u  IPv6  24782      0t0  TCP *:postgres (LISTEN)
postmaste   801      postgres   10u  IPv6  24817      0t0  UDP localhost:60802->localhost:60802 
postmaste   852      postgres   10u  IPv6  24817      0t0  UDP localhost:60802->localhost:60802 
postmaste   853      postgres   10u  IPv6  24817      0t0  UDP localhost:60802->localhost:60802 
postmaste   854      postgres   10u  IPv6  24817      0t0  UDP localhost:60802->localhost:60802 
postmaste   855      postgres   10u  IPv6  24817      0t0  UDP localhost:60802->localhost:60802 
postmaste   856      postgres   10u  IPv6  24817      0t0  UDP localhost:60802->localhost:60802 
postmaste   857      postgres   10u  IPv6  24817      0t0  UDP localhost:60802->localhost:60802 
node_expo  1086 node_exporter    3u  IPv6  25667      0t0  TCP *:jetdirect (LISTEN)
node_expo  1086 node_exporter    7u  IPv6  25847      0t0  TCP aap24-database.aap-test.local:jetdirect->monitoring-node.aap-test.local:41738 (ESTABLISHED)
postmaste  1568      postgres   10u  IPv6  24817      0t0  UDP localhost:60802->localhost:60802 
postmaste  1568      postgres   11u  IPv4  24288      0t0  TCP aap24-database.aap-test.local:postgres->aap24-control.aap-test.local:59996 (ESTABLISHED)
postmaste  1569      postgres   10u  IPv6  24817      0t0  UDP localhost:60802->localhost:60802 
postmaste  1569      postgres   11u  IPv4  24289      0t0  TCP aap24-database.aap-test.local:postgres->aap24-control.aap-test.local:60002 (ESTABLISHED)
postmaste  1591      postgres   10u  IPv6  24817      0t0  UDP localhost:60802->localhost:60802 
postmaste  1591      postgres   11u  IPv4  24320      0t0  TCP aap24-database.aap-test.local:postgres->aap24-control.aap-test.local:60098 (ESTABLISHED)
postmaste  1592      postgres   10u  IPv6  24817      0t0  UDP localhost:60802->localhost:60802 
postmaste  1592      postgres   11u  IPv4  24321      0t0  TCP aap24-database.aap-test.local:postgres->aap24-control.aap-test.local:60106 (ESTABLISHED)
postmaste  1595      postgres   10u  IPv6  24817      0t0  UDP localhost:60802->localhost:60802 
postmaste  1595      postgres   11u  IPv4  24329      0t0  TCP aap24-database.aap-test.local:postgres->aap24-control.aap-test.local:60146 (ESTABLISHED)
postmaste  1596      postgres   10u  IPv6  24817      0t0  UDP localhost:60802->localhost:60802 
postmaste  1596      postgres   11u  IPv4  24330      0t0  TCP aap24-database.aap-test.local:postgres->aap24-control.aap-test.local:60152 (ESTABLISHED)
postmaste  1597      postgres   10u  IPv6  24817      0t0  UDP localhost:60802->localhost:60802 
postmaste  1597      postgres   11u  IPv4  24331      0t0  TCP aap24-database.aap-test.local:postgres->aap24-control.aap-test.local:60158 (ESTABLISHED)
postmaste  1598      postgres   10u  IPv6  24817      0t0  UDP localhost:60802->localhost:60802 
postmaste  1598      postgres   11u  IPv4  24332      0t0  TCP aap24-database.aap-test.local:postgres->aap24-control.aap-test.local:60162 (ESTABLISHED)
postmaste  1612      postgres   10u  IPv6  24817      0t0  UDP localhost:60802->localhost:60802 
postmaste  1612      postgres   11u  IPv4  24348      0t0  TCP aap24-database.aap-test.local:postgres->aap24-control.aap-test.local:60182 (ESTABLISHED)
postmaste  1613      postgres   10u  IPv6  24817      0t0  UDP localhost:60802->localhost:60802 
postmaste  1613      postgres   11u  IPv4  24349      0t0  TCP aap24-database.aap-test.local:postgres->aap24-control.aap-test.local:60184 (ESTABLISHED)
postmaste  1614      postgres   10u  IPv6  24817      0t0  UDP localhost:60802->localhost:60802 
postmaste  1614      postgres   11u  IPv4  24350      0t0  TCP aap24-database.aap-test.local:postgres->aap24-control.aap-test.local:60198 (ESTABLISHED)
postmaste  1615      postgres   10u  IPv6  24817      0t0  UDP localhost:60802->localhost:60802 
postmaste  1615      postgres   11u  IPv4  24351      0t0  TCP aap24-database.aap-test.local:postgres->aap24-control.aap-test.local:60206 (ESTABLISHED)
postmaste  1616      postgres   10u  IPv6  24817      0t0  UDP localhost:60802->localhost:60802 
postmaste  1616      postgres   11u  IPv4  24352      0t0  TCP aap24-database.aap-test.local:postgres->aap24-control.aap-test.local:60214 (ESTABLISHED)
postmaste  1617      postgres   10u  IPv6  24817      0t0  UDP localhost:60802->localhost:60802 
postmaste  1617      postgres   11u  IPv4  24353      0t0  TCP aap24-database.aap-test.local:postgres->aap24-control.aap-test.local:60220 (ESTABLISHED)
postmaste  1618      postgres   10u  IPv6  24817      0t0  UDP localhost:60802->localhost:60802 
postmaste  1618      postgres   11u  IPv4  24354      0t0  TCP aap24-database.aap-test.local:postgres->aap24-control.aap-test.local:60222 (ESTABLISHED)
postmaste  1619      postgres   10u  IPv6  24817      0t0  UDP localhost:60802->localhost:60802 
postmaste  1619      postgres   11u  IPv4  24355      0t0  TCP aap24-database.aap-test.local:postgres->aap24-control.aap-test.local:60230 (ESTABLISHED)
postmaste  1620      postgres   10u  IPv6  24817      0t0  UDP localhost:60802->localhost:60802 
postmaste  1620      postgres   11u  IPv4  24356      0t0  TCP aap24-database.aap-test.local:postgres->aap24-control.aap-test.local:60236 (ESTABLISHED)
postmaste  1954      postgres   10u  IPv6  24817      0t0  UDP localhost:60802->localhost:60802 
postmaste  1954      postgres   11u  IPv4  27507      0t0  TCP aap24-database.aap-test.local:postgres->aap24-control.aap-test.local:59734 (ESTABLISHED)
postmaste 11816      postgres   10u  IPv6  24817      0t0  UDP localhost:60802->localhost:60802 
postmaste 11816      postgres   11u  IPv4  94138      0t0  TCP aap24-database.aap-test.local:postgres->aap24-control.aap-test.local:46662 (ESTABLISHED)
postmaste 11817      postgres   10u  IPv6  24817      0t0  UDP localhost:60802->localhost:60802 
postmaste 11817      postgres   11u  IPv4  94372      0t0  TCP aap24-database.aap-test.local:postgres->aap24-control.aap-test.local:46664 (ESTABLISHED)
postmaste 11819      postgres   10u  IPv6  24817      0t0  UDP localhost:60802->localhost:60802 
postmaste 11819      postgres   11u  IPv4  94140      0t0  TCP aap24-database.aap-test.local:postgres->aap24-control.aap-test.local:46682 (ESTABLISHED)
postmaste 11820      postgres   10u  IPv6  24817      0t0  UDP localhost:60802->localhost:60802 
postmaste 11820      postgres   11u  IPv4  94141      0t0  TCP aap24-database.aap-test.local:postgres->aap24-control.aap-test.local:46692 (ESTABLISHED)
postmaste 11821      postgres   10u  IPv6  24817      0t0  UDP localhost:60802->localhost:60802 
postmaste 11821      postgres   11u  IPv4  94142      0t0  TCP aap24-database.aap-test.local:postgres->aap24-control.aap-test.local:46702 (ESTABLISHED)
  No network connections found

=== RECEPTOR MEMORY SUMMARY ===
Total Receptor RSS Memory: 3328 KB (3 MB)
Total Receptor VSZ Memory: 7260 KB (7 MB)
Number of Receptor Processes: 2

AAP-related Processes and Children:
=== AAP Service Processes ===
Process: bash (PID: 9809)
    PID    PPID CMD                           RSS
   9809       1 bash -c  log_file="/tmp/mem  3328
  Children of PID 9809:
    PID    PPID CMD                           RSS
  11910    9809 bash -c  log_file="/tmp/mem  2128

Process: bash (PID: 11910)
    PID    PPID CMD                           RSS
  11910    9809 bash -c  log_file="/tmp/mem  2128
  Children of PID 11910:
    PID    PPID CMD                           RSS


Process Tree for AAP Services:
=== automation-controller Process Tree ===
bash(9809)---pstree(11921)
=== receptor Process Tree ===
bash(9809)---pstree(11925)
=== nginx Process Tree ===
bash(9809)---pstree(11929)
=== postgresql Process Tree ===
bash(9809)---pstree(11933)
=== redis Process Tree ===
bash(9809)---pstree(11937)
=== uwsgi Process Tree ===
bash(9809)---pstree(11941)
=== automation-hub Process Tree ===
bash(9809)---pstree(11945)
=== automation-eda Process Tree ===
bash(9809)---pstree(11949)

=================================================================================
2025-06-27 14:40:17
Memory Usage Report:
               total        used        free      shared  buff/cache   available
Mem:            7681         562        7099          60         317        7118
Swap:           4095           0        4095

Top 10 Processes by RSS Memory:
    PID    PPID CMD                           RSS
    801       1 /usr/bin/postmaster -D /var 61952
    745       1 /usr/bin/python3 -s /usr/sb 43724
    784       1 /usr/bin/python3 -Es /usr/s 28648
   1086       1 /usr/local/bin/node_exporte 27448
    925       1 /usr/lib/polkit-1/polkitd - 25936
   1568     801 postgres: automationhub aut 25072
   1569     801 postgres: automationhub aut 24816
   1613     801 postgres: automationhub aut 24048
   1614     801 postgres: automationhub aut 23920
   1617     801 postgres: automationhub aut 23792

=== RECEPTOR PROCESS ANALYSIS ===
Receptor Main Processes:
    PID    PPID CMD                           RSS    VSZ %CPU %MEM     ELAPSED
   9809       1 bash -c  log_file="/tmp/mem  3328   7260  0.0  0.0       06:07
Receptor Child Processes for PID 9809:
      PID    PPID CMD                           RSS    VSZ %CPU %MEM     ELAPSED
Receptor Threads for PID 9809:
    PID    SPID %CPU %MEM   RSS COMMAND
   9809    9809  0.0  0.0  3328 bash
Receptor Network Connections for PID 9809:
COMMAND     PID          USER   FD   TYPE DEVICE SIZE/OFF      NODE NAME
chronyd     752        chrony    5u  IPv4  22139      0t0       UDP localhost:323 
chronyd     752        chrony    6u  IPv6  22140      0t0       UDP localhost:323 
NetworkMa   756          root   26u  IPv4  24074      0t0       UDP aap24-database.aap-test.local:bootpc->pi.hole:bootps 
sshd        781          root    3u  IPv4  22290      0t0       TCP *:ssh (LISTEN)
sshd        781          root    4u  IPv6  22292      0t0       TCP *:ssh (LISTEN)
postmaste   801      postgres    6u  IPv4  24781      0t0       TCP *:postgres (LISTEN)
postmaste   801      postgres    7u  IPv6  24782      0t0       TCP *:postgres (LISTEN)
postmaste   801      postgres   10u  IPv6  24817      0t0       UDP localhost:60802->localhost:60802 
postmaste   852      postgres   10u  IPv6  24817      0t0       UDP localhost:60802->localhost:60802 
postmaste   853      postgres   10u  IPv6  24817      0t0       UDP localhost:60802->localhost:60802 
postmaste   854      postgres   10u  IPv6  24817      0t0       UDP localhost:60802->localhost:60802 
postmaste   855      postgres   10u  IPv6  24817      0t0       UDP localhost:60802->localhost:60802 
postmaste   856      postgres   10u  IPv6  24817      0t0       UDP localhost:60802->localhost:60802 
postmaste   857      postgres   10u  IPv6  24817      0t0       UDP localhost:60802->localhost:60802 
node_expo  1086 node_exporter    3u  IPv6  25667      0t0       TCP *:jetdirect (LISTEN)
node_expo  1086 node_exporter    7u  IPv6  25847      0t0       TCP aap24-database.aap-test.local:jetdirect->monitoring-node.aap-test.local:41738 (ESTABLISHED)
postmaste  1568      postgres   10u  IPv6  24817      0t0       UDP localhost:60802->localhost:60802 
postmaste  1568      postgres   11u  IPv4  24288      0t0       TCP aap24-database.aap-test.local:postgres->aap24-control.aap-test.local:59996 (ESTABLISHED)
postmaste  1569      postgres   10u  IPv6  24817      0t0       UDP localhost:60802->localhost:60802 
postmaste  1569      postgres   11u  IPv4  24289      0t0       TCP aap24-database.aap-test.local:postgres->aap24-control.aap-test.local:60002 (ESTABLISHED)
postmaste  1591      postgres   10u  IPv6  24817      0t0       UDP localhost:60802->localhost:60802 
postmaste  1591      postgres   11u  IPv4  24320      0t0       TCP aap24-database.aap-test.local:postgres->aap24-control.aap-test.local:60098 (ESTABLISHED)
postmaste  1592      postgres   10u  IPv6  24817      0t0       UDP localhost:60802->localhost:60802 
postmaste  1592      postgres   11u  IPv4  24321      0t0       TCP aap24-database.aap-test.local:postgres->aap24-control.aap-test.local:60106 (ESTABLISHED)
postmaste  1595      postgres   10u  IPv6  24817      0t0       UDP localhost:60802->localhost:60802 
postmaste  1595      postgres   11u  IPv4  24329      0t0       TCP aap24-database.aap-test.local:postgres->aap24-control.aap-test.local:60146 (ESTABLISHED)
postmaste  1596      postgres   10u  IPv6  24817      0t0       UDP localhost:60802->localhost:60802 
postmaste  1596      postgres   11u  IPv4  24330      0t0       TCP aap24-database.aap-test.local:postgres->aap24-control.aap-test.local:60152 (ESTABLISHED)
postmaste  1597      postgres   10u  IPv6  24817      0t0       UDP localhost:60802->localhost:60802 
postmaste  1597      postgres   11u  IPv4  24331      0t0       TCP aap24-database.aap-test.local:postgres->aap24-control.aap-test.local:60158 (ESTABLISHED)
postmaste  1598      postgres   10u  IPv6  24817      0t0       UDP localhost:60802->localhost:60802 
postmaste  1598      postgres   11u  IPv4  24332      0t0       TCP aap24-database.aap-test.local:postgres->aap24-control.aap-test.local:60162 (ESTABLISHED)
postmaste  1612      postgres   10u  IPv6  24817      0t0       UDP localhost:60802->localhost:60802 
postmaste  1612      postgres   11u  IPv4  24348      0t0       TCP aap24-database.aap-test.local:postgres->aap24-control.aap-test.local:60182 (ESTABLISHED)
postmaste  1613      postgres   10u  IPv6  24817      0t0       UDP localhost:60802->localhost:60802 
postmaste  1613      postgres   11u  IPv4  24349      0t0       TCP aap24-database.aap-test.local:postgres->aap24-control.aap-test.local:60184 (ESTABLISHED)
postmaste  1614      postgres   10u  IPv6  24817      0t0       UDP localhost:60802->localhost:60802 
postmaste  1614      postgres   11u  IPv4  24350      0t0       TCP aap24-database.aap-test.local:postgres->aap24-control.aap-test.local:60198 (ESTABLISHED)
postmaste  1615      postgres   10u  IPv6  24817      0t0       UDP localhost:60802->localhost:60802 
postmaste  1615      postgres   11u  IPv4  24351      0t0       TCP aap24-database.aap-test.local:postgres->aap24-control.aap-test.local:60206 (ESTABLISHED)
postmaste  1616      postgres   10u  IPv6  24817      0t0       UDP localhost:60802->localhost:60802 
postmaste  1616      postgres   11u  IPv4  24352      0t0       TCP aap24-database.aap-test.local:postgres->aap24-control.aap-test.local:60214 (ESTABLISHED)
postmaste  1617      postgres   10u  IPv6  24817      0t0       UDP localhost:60802->localhost:60802 
postmaste  1617      postgres   11u  IPv4  24353      0t0       TCP aap24-database.aap-test.local:postgres->aap24-control.aap-test.local:60220 (ESTABLISHED)
postmaste  1618      postgres   10u  IPv6  24817      0t0       UDP localhost:60802->localhost:60802 
postmaste  1618      postgres   11u  IPv4  24354      0t0       TCP aap24-database.aap-test.local:postgres->aap24-control.aap-test.local:60222 (ESTABLISHED)
postmaste  1619      postgres   10u  IPv6  24817      0t0       UDP localhost:60802->localhost:60802 
postmaste  1619      postgres   11u  IPv4  24355      0t0       TCP aap24-database.aap-test.local:postgres->aap24-control.aap-test.local:60230 (ESTABLISHED)
postmaste  1620      postgres   10u  IPv6  24817      0t0       UDP localhost:60802->localhost:60802 
postmaste  1620      postgres   11u  IPv4  24356      0t0       TCP aap24-database.aap-test.local:postgres->aap24-control.aap-test.local:60236 (ESTABLISHED)
postmaste  1954      postgres   10u  IPv6  24817      0t0       UDP localhost:60802->localhost:60802 
postmaste  1954      postgres   11u  IPv4  27507      0t0       TCP aap24-database.aap-test.local:postgres->aap24-control.aap-test.local:59734 (ESTABLISHED)
bash       9809          root  cwd    DIR  253,0      142  67240070 /root
bash       9809          root  rtd    DIR  253,0      235       128 /
bash       9809          root  txt    REG  253,0  1389072  67333814 /usr/bin/bash
bash       9809          root  mem    REG  253,0  2586930     36580 /usr/lib/locale/en_US.utf8/LC_COLLATE
bash       9809          root  mem    REG  253,0  2544344 100688096 /usr/lib64/libc.so.6
bash       9809          root  mem    REG  253,0   346132 100687773 /usr/lib/locale/C.utf8/LC_CTYPE
bash       9809          root  mem    REG  253,0       54     36583 /usr/lib/locale/en_US.utf8/LC_NUMERIC
bash       9809          root  mem    REG  253,0     3284  33639493 /usr/lib/locale/en_US.utf8/LC_TIME
bash       9809          root  mem    REG  253,0      286  33639491 /usr/lib/locale/en_US.utf8/LC_MONETARY
bash       9809          root  mem    REG  253,0       57  33639504 /usr/lib/locale/en_US.utf8/LC_MESSAGES/SYS_LC_MESSAGES
bash       9809          root  mem    REG  253,0    26988  67334001 /usr/lib64/gconv/gconv-modules.cache
bash       9809          root  mem    REG  253,0   195080 100687757 /usr/lib64/libtinfo.so.6.2
bash       9809          root  mem    REG  253,0       34 100688074 /usr/lib/locale/en_US.utf8/LC_PAPER
bash       9809          root  mem    REG  253,0       77     36582 /usr/lib/locale/en_US.utf8/LC_NAME
bash       9809          root  mem    REG  253,0      167  33639487 /usr/lib/locale/en_US.utf8/LC_ADDRESS
bash       9809          root  mem    REG  253,0       59  33639492 /usr/lib/locale/en_US.utf8/LC_TELEPHONE
bash       9809          root  mem    REG  253,0       23  33639490 /usr/lib/locale/en_US.utf8/LC_MEASUREMENT
bash       9809          root  mem    REG  253,0      369  33639489 /usr/lib/locale/en_US.utf8/LC_IDENTIFICATION
bash       9809          root  mem    REG  253,0   897856 100688092 /usr/lib64/ld-linux-x86-64.so.2
bash       9809          root    0r   CHR    1,3      0t0         4 /dev/null
bash       9809          root    1w   REG  253,0        0  34096961 /tmp/memory_monitor.log
bash       9809          root    2w   REG  253,0        0  34096961 /tmp/memory_monitor.log
bash       9809          root    3r  FIFO   0,13      0t0     94638 pipe
postmaste 11820      postgres   10u  IPv6  24817      0t0       UDP localhost:60802->localhost:60802 
postmaste 11820      postgres   11u  IPv4  94141      0t0       TCP aap24-database.aap-test.local:postgres->aap24-control.aap-test.local:46692 (ESTABLISHED)
postmaste 11976      postgres   10u  IPv6  24817      0t0       UDP localhost:60802->localhost:60802 
postmaste 11976      postgres   11u  IPv4  96552      0t0       TCP aap24-database.aap-test.local:postgres->aap24-control.aap-test.local:44460 (ESTABLISHED)
postmaste 11977      postgres   10u  IPv6  24817      0t0       UDP localhost:60802->localhost:60802 
postmaste 11977      postgres   11u  IPv4  96553      0t0       TCP aap24-database.aap-test.local:postgres->aap24-control.aap-test.local:44476 (ESTABLISHED)
postmaste 12000      postgres   10u  IPv6  24817      0t0       UDP localhost:60802->localhost:60802 
postmaste 12000      postgres   11u  IPv4  94569      0t0       TCP aap24-database.aap-test.local:postgres->aap24-control.aap-test.local:39440 (ESTABLISHED)
postmaste 12001      postgres   10u  IPv6  24817      0t0       UDP localhost:60802->localhost:60802 
postmaste 12001      postgres   11u  IPv4  94570      0t0       TCP aap24-database.aap-test.local:postgres->aap24-control.aap-test.local:39452 (ESTABLISHED)

    PID    PPID CMD                           RSS    VSZ %CPU %MEM     ELAPSED
Receptor Child Processes for PID 12030:
  No child processes found
Receptor Threads for PID 12030:
    PID    SPID %CPU %MEM   RSS COMMAND
Receptor Network Connections for PID 12030:
COMMAND     PID          USER   FD   TYPE DEVICE SIZE/OFF NODE NAME
chronyd     752        chrony    5u  IPv4  22139      0t0  UDP localhost:323 
chronyd     752        chrony    6u  IPv6  22140      0t0  UDP localhost:323 
NetworkMa   756          root   26u  IPv4  24074      0t0  UDP aap24-database.aap-test.local:bootpc->pi.hole:bootps 
sshd        781          root    3u  IPv4  22290      0t0  TCP *:ssh (LISTEN)
sshd        781          root    4u  IPv6  22292      0t0  TCP *:ssh (LISTEN)
postmaste   801      postgres    6u  IPv4  24781      0t0  TCP *:postgres (LISTEN)
postmaste   801      postgres    7u  IPv6  24782      0t0  TCP *:postgres (LISTEN)
postmaste   801      postgres   10u  IPv6  24817      0t0  UDP localhost:60802->localhost:60802 
postmaste   852      postgres   10u  IPv6  24817      0t0  UDP localhost:60802->localhost:60802 
postmaste   853      postgres   10u  IPv6  24817      0t0  UDP localhost:60802->localhost:60802 
postmaste   854      postgres   10u  IPv6  24817      0t0  UDP localhost:60802->localhost:60802 
postmaste   855      postgres   10u  IPv6  24817      0t0  UDP localhost:60802->localhost:60802 
postmaste   856      postgres   10u  IPv6  24817      0t0  UDP localhost:60802->localhost:60802 
postmaste   857      postgres   10u  IPv6  24817      0t0  UDP localhost:60802->localhost:60802 
node_expo  1086 node_exporter    3u  IPv6  25667      0t0  TCP *:jetdirect (LISTEN)
node_expo  1086 node_exporter    7u  IPv6  25847      0t0  TCP aap24-database.aap-test.local:jetdirect->monitoring-node.aap-test.local:41738 (ESTABLISHED)
postmaste  1568      postgres   10u  IPv6  24817      0t0  UDP localhost:60802->localhost:60802 
postmaste  1568      postgres   11u  IPv4  24288      0t0  TCP aap24-database.aap-test.local:postgres->aap24-control.aap-test.local:59996 (ESTABLISHED)
postmaste  1569      postgres   10u  IPv6  24817      0t0  UDP localhost:60802->localhost:60802 
postmaste  1569      postgres   11u  IPv4  24289      0t0  TCP aap24-database.aap-test.local:postgres->aap24-control.aap-test.local:60002 (ESTABLISHED)
postmaste  1591      postgres   10u  IPv6  24817      0t0  UDP localhost:60802->localhost:60802 
postmaste  1591      postgres   11u  IPv4  24320      0t0  TCP aap24-database.aap-test.local:postgres->aap24-control.aap-test.local:60098 (ESTABLISHED)
postmaste  1592      postgres   10u  IPv6  24817      0t0  UDP localhost:60802->localhost:60802 
postmaste  1592      postgres   11u  IPv4  24321      0t0  TCP aap24-database.aap-test.local:postgres->aap24-control.aap-test.local:60106 (ESTABLISHED)
postmaste  1595      postgres   10u  IPv6  24817      0t0  UDP localhost:60802->localhost:60802 
postmaste  1595      postgres   11u  IPv4  24329      0t0  TCP aap24-database.aap-test.local:postgres->aap24-control.aap-test.local:60146 (ESTABLISHED)
postmaste  1596      postgres   10u  IPv6  24817      0t0  UDP localhost:60802->localhost:60802 
postmaste  1596      postgres   11u  IPv4  24330      0t0  TCP aap24-database.aap-test.local:postgres->aap24-control.aap-test.local:60152 (ESTABLISHED)
postmaste  1597      postgres   10u  IPv6  24817      0t0  UDP localhost:60802->localhost:60802 
postmaste  1597      postgres   11u  IPv4  24331      0t0  TCP aap24-database.aap-test.local:postgres->aap24-control.aap-test.local:60158 (ESTABLISHED)
postmaste  1598      postgres   10u  IPv6  24817      0t0  UDP localhost:60802->localhost:60802 
postmaste  1598      postgres   11u  IPv4  24332      0t0  TCP aap24-database.aap-test.local:postgres->aap24-control.aap-test.local:60162 (ESTABLISHED)
postmaste  1612      postgres   10u  IPv6  24817      0t0  UDP localhost:60802->localhost:60802 
postmaste  1612      postgres   11u  IPv4  24348      0t0  TCP aap24-database.aap-test.local:postgres->aap24-control.aap-test.local:60182 (ESTABLISHED)
postmaste  1613      postgres   10u  IPv6  24817      0t0  UDP localhost:60802->localhost:60802 
postmaste  1613      postgres   11u  IPv4  24349      0t0  TCP aap24-database.aap-test.local:postgres->aap24-control.aap-test.local:60184 (ESTABLISHED)
postmaste  1614      postgres   10u  IPv6  24817      0t0  UDP localhost:60802->localhost:60802 
postmaste  1614      postgres   11u  IPv4  24350      0t0  TCP aap24-database.aap-test.local:postgres->aap24-control.aap-test.local:60198 (ESTABLISHED)
postmaste  1615      postgres   10u  IPv6  24817      0t0  UDP localhost:60802->localhost:60802 
postmaste  1615      postgres   11u  IPv4  24351      0t0  TCP aap24-database.aap-test.local:postgres->aap24-control.aap-test.local:60206 (ESTABLISHED)
postmaste  1616      postgres   10u  IPv6  24817      0t0  UDP localhost:60802->localhost:60802 
postmaste  1616      postgres   11u  IPv4  24352      0t0  TCP aap24-database.aap-test.local:postgres->aap24-control.aap-test.local:60214 (ESTABLISHED)
postmaste  1617      postgres   10u  IPv6  24817      0t0  UDP localhost:60802->localhost:60802 
postmaste  1617      postgres   11u  IPv4  24353      0t0  TCP aap24-database.aap-test.local:postgres->aap24-control.aap-test.local:60220 (ESTABLISHED)
postmaste  1618      postgres   10u  IPv6  24817      0t0  UDP localhost:60802->localhost:60802 
postmaste  1618      postgres   11u  IPv4  24354      0t0  TCP aap24-database.aap-test.local:postgres->aap24-control.aap-test.local:60222 (ESTABLISHED)
postmaste  1619      postgres   10u  IPv6  24817      0t0  UDP localhost:60802->localhost:60802 
postmaste  1619      postgres   11u  IPv4  24355      0t0  TCP aap24-database.aap-test.local:postgres->aap24-control.aap-test.local:60230 (ESTABLISHED)
postmaste  1620      postgres   10u  IPv6  24817      0t0  UDP localhost:60802->localhost:60802 
postmaste  1620      postgres   11u  IPv4  24356      0t0  TCP aap24-database.aap-test.local:postgres->aap24-control.aap-test.local:60236 (ESTABLISHED)
postmaste  1954      postgres   10u  IPv6  24817      0t0  UDP localhost:60802->localhost:60802 
postmaste  1954      postgres   11u  IPv4  27507      0t0  TCP aap24-database.aap-test.local:postgres->aap24-control.aap-test.local:59734 (ESTABLISHED)
postmaste 11820      postgres   10u  IPv6  24817      0t0  UDP localhost:60802->localhost:60802 
postmaste 11820      postgres   11u  IPv4  94141      0t0  TCP aap24-database.aap-test.local:postgres->aap24-control.aap-test.local:46692 (ESTABLISHED)
postmaste 11976      postgres   10u  IPv6  24817      0t0  UDP localhost:60802->localhost:60802 
postmaste 11976      postgres   11u  IPv4  96552      0t0  TCP aap24-database.aap-test.local:postgres->aap24-control.aap-test.local:44460 (ESTABLISHED)
postmaste 11977      postgres   10u  IPv6  24817      0t0  UDP localhost:60802->localhost:60802 
postmaste 11977      postgres   11u  IPv4  96553      0t0  TCP aap24-database.aap-test.local:postgres->aap24-control.aap-test.local:44476 (ESTABLISHED)
postmaste 12001      postgres   10u  IPv6  24817      0t0  UDP localhost:60802->localhost:60802 
postmaste 12001      postgres   11u  IPv4  94570      0t0  TCP aap24-database.aap-test.local:postgres->aap24-control.aap-test.local:39452 (ESTABLISHED)
  No network connections found

=== RECEPTOR MEMORY SUMMARY ===
Total Receptor RSS Memory: 3328 KB (3 MB)
Total Receptor VSZ Memory: 7260 KB (7 MB)
Number of Receptor Processes: 2

AAP-related Processes and Children:
=== AAP Service Processes ===
Process: bash (PID: 9809)
    PID    PPID CMD                           RSS
   9809       1 bash -c  log_file="/tmp/mem  3328
  Children of PID 9809:
    PID    PPID CMD                           RSS
  12092    9809 bash -c  log_file="/tmp/mem  2128

Process: bash (PID: 12092)
    PID    PPID CMD                           RSS
  12092    9809 bash -c  log_file="/tmp/mem  2128
  Children of PID 12092:
    PID    PPID CMD                           RSS


Process Tree for AAP Services:
=== automation-controller Process Tree ===
bash(9809)---pstree(12103)
=== receptor Process Tree ===
bash(9809)---pstree(12107)
=== nginx Process Tree ===
bash(9809)---pstree(12111)
=== postgresql Process Tree ===
bash(9809)---pstree(12115)
=== redis Process Tree ===
bash(9809)---pstree(12119)
=== uwsgi Process Tree ===
bash(9809)---pstree(12123)
=== automation-hub Process Tree ===
bash(9809)---pstree(12127)
=== automation-eda Process Tree ===
bash(9809)---pstree(12131)

=================================================================================
2025-06-27 14:40:47
Memory Usage Report:
               total        used        free      shared  buff/cache   available
Mem:            7681         563        7098          60         316        7117
Swap:           4095           0        4095

Top 10 Processes by RSS Memory:
    PID    PPID CMD                           RSS
    801       1 /usr/bin/postmaster -D /var 61952
    745       1 /usr/bin/python3 -s /usr/sb 43724
    784       1 /usr/bin/python3 -Es /usr/s 28648
   1086       1 /usr/local/bin/node_exporte 27396
    925       1 /usr/lib/polkit-1/polkitd - 25936
   1568     801 postgres: automationhub aut 25072
   1569     801 postgres: automationhub aut 24816
   1613     801 postgres: automationhub aut 24048
   1614     801 postgres: automationhub aut 23920
   1617     801 postgres: automationhub aut 23792

=== RECEPTOR PROCESS ANALYSIS ===
Receptor Main Processes:
    PID    PPID CMD                           RSS    VSZ %CPU %MEM     ELAPSED
   9809       1 bash -c  log_file="/tmp/mem  3328   7260  0.0  0.0       06:38
Receptor Child Processes for PID 9809:
      PID    PPID CMD                           RSS    VSZ %CPU %MEM     ELAPSED
Receptor Threads for PID 9809:
    PID    SPID %CPU %MEM   RSS COMMAND
   9809    9809  0.0  0.0  3328 bash
Receptor Network Connections for PID 9809:
COMMAND     PID          USER   FD   TYPE DEVICE SIZE/OFF      NODE NAME
chronyd     752        chrony    5u  IPv4  22139      0t0       UDP localhost:323 
chronyd     752        chrony    6u  IPv6  22140      0t0       UDP localhost:323 
NetworkMa   756          root   26u  IPv4  24074      0t0       UDP aap24-database.aap-test.local:bootpc->pi.hole:bootps 
sshd        781          root    3u  IPv4  22290      0t0       TCP *:ssh (LISTEN)
sshd        781          root    4u  IPv6  22292      0t0       TCP *:ssh (LISTEN)
postmaste   801      postgres    6u  IPv4  24781      0t0       TCP *:postgres (LISTEN)
postmaste   801      postgres    7u  IPv6  24782      0t0       TCP *:postgres (LISTEN)
postmaste   801      postgres   10u  IPv6  24817      0t0       UDP localhost:60802->localhost:60802 
postmaste   852      postgres   10u  IPv6  24817      0t0       UDP localhost:60802->localhost:60802 
postmaste   853      postgres   10u  IPv6  24817      0t0       UDP localhost:60802->localhost:60802 
postmaste   854      postgres   10u  IPv6  24817      0t0       UDP localhost:60802->localhost:60802 
postmaste   855      postgres   10u  IPv6  24817      0t0       UDP localhost:60802->localhost:60802 
postmaste   856      postgres   10u  IPv6  24817      0t0       UDP localhost:60802->localhost:60802 
postmaste   857      postgres   10u  IPv6  24817      0t0       UDP localhost:60802->localhost:60802 
node_expo  1086 node_exporter    3u  IPv6  25667      0t0       TCP *:jetdirect (LISTEN)
node_expo  1086 node_exporter    7u  IPv6  25847      0t0       TCP aap24-database.aap-test.local:jetdirect->monitoring-node.aap-test.local:41738 (ESTABLISHED)
postmaste  1568      postgres   10u  IPv6  24817      0t0       UDP localhost:60802->localhost:60802 
postmaste  1568      postgres   11u  IPv4  24288      0t0       TCP aap24-database.aap-test.local:postgres->aap24-control.aap-test.local:59996 (ESTABLISHED)
postmaste  1569      postgres   10u  IPv6  24817      0t0       UDP localhost:60802->localhost:60802 
postmaste  1569      postgres   11u  IPv4  24289      0t0       TCP aap24-database.aap-test.local:postgres->aap24-control.aap-test.local:60002 (ESTABLISHED)
postmaste  1591      postgres   10u  IPv6  24817      0t0       UDP localhost:60802->localhost:60802 
postmaste  1591      postgres   11u  IPv4  24320      0t0       TCP aap24-database.aap-test.local:postgres->aap24-control.aap-test.local:60098 (ESTABLISHED)
postmaste  1592      postgres   10u  IPv6  24817      0t0       UDP localhost:60802->localhost:60802 
postmaste  1592      postgres   11u  IPv4  24321      0t0       TCP aap24-database.aap-test.local:postgres->aap24-control.aap-test.local:60106 (ESTABLISHED)
postmaste  1595      postgres   10u  IPv6  24817      0t0       UDP localhost:60802->localhost:60802 
postmaste  1595      postgres   11u  IPv4  24329      0t0       TCP aap24-database.aap-test.local:postgres->aap24-control.aap-test.local:60146 (ESTABLISHED)
postmaste  1596      postgres   10u  IPv6  24817      0t0       UDP localhost:60802->localhost:60802 
postmaste  1596      postgres   11u  IPv4  24330      0t0       TCP aap24-database.aap-test.local:postgres->aap24-control.aap-test.local:60152 (ESTABLISHED)
postmaste  1597      postgres   10u  IPv6  24817      0t0       UDP localhost:60802->localhost:60802 
postmaste  1597      postgres   11u  IPv4  24331      0t0       TCP aap24-database.aap-test.local:postgres->aap24-control.aap-test.local:60158 (ESTABLISHED)
postmaste  1598      postgres   10u  IPv6  24817      0t0       UDP localhost:60802->localhost:60802 
postmaste  1598      postgres   11u  IPv4  24332      0t0       TCP aap24-database.aap-test.local:postgres->aap24-control.aap-test.local:60162 (ESTABLISHED)
postmaste  1612      postgres   10u  IPv6  24817      0t0       UDP localhost:60802->localhost:60802 
postmaste  1612      postgres   11u  IPv4  24348      0t0       TCP aap24-database.aap-test.local:postgres->aap24-control.aap-test.local:60182 (ESTABLISHED)
postmaste  1613      postgres   10u  IPv6  24817      0t0       UDP localhost:60802->localhost:60802 
postmaste  1613      postgres   11u  IPv4  24349      0t0       TCP aap24-database.aap-test.local:postgres->aap24-control.aap-test.local:60184 (ESTABLISHED)
postmaste  1614      postgres   10u  IPv6  24817      0t0       UDP localhost:60802->localhost:60802 
postmaste  1614      postgres   11u  IPv4  24350      0t0       TCP aap24-database.aap-test.local:postgres->aap24-control.aap-test.local:60198 (ESTABLISHED)
postmaste  1615      postgres   10u  IPv6  24817      0t0       UDP localhost:60802->localhost:60802 
postmaste  1615      postgres   11u  IPv4  24351      0t0       TCP aap24-database.aap-test.local:postgres->aap24-control.aap-test.local:60206 (ESTABLISHED)
postmaste  1616      postgres   10u  IPv6  24817      0t0       UDP localhost:60802->localhost:60802 
postmaste  1616      postgres   11u  IPv4  24352      0t0       TCP aap24-database.aap-test.local:postgres->aap24-control.aap-test.local:60214 (ESTABLISHED)
postmaste  1617      postgres   10u  IPv6  24817      0t0       UDP localhost:60802->localhost:60802 
postmaste  1617      postgres   11u  IPv4  24353      0t0       TCP aap24-database.aap-test.local:postgres->aap24-control.aap-test.local:60220 (ESTABLISHED)
postmaste  1618      postgres   10u  IPv6  24817      0t0       UDP localhost:60802->localhost:60802 
postmaste  1618      postgres   11u  IPv4  24354      0t0       TCP aap24-database.aap-test.local:postgres->aap24-control.aap-test.local:60222 (ESTABLISHED)
postmaste  1619      postgres   10u  IPv6  24817      0t0       UDP localhost:60802->localhost:60802 
postmaste  1619      postgres   11u  IPv4  24355      0t0       TCP aap24-database.aap-test.local:postgres->aap24-control.aap-test.local:60230 (ESTABLISHED)
postmaste  1620      postgres   10u  IPv6  24817      0t0       UDP localhost:60802->localhost:60802 
postmaste  1620      postgres   11u  IPv4  24356      0t0       TCP aap24-database.aap-test.local:postgres->aap24-control.aap-test.local:60236 (ESTABLISHED)
postmaste  1954      postgres   10u  IPv6  24817      0t0       UDP localhost:60802->localhost:60802 
postmaste  1954      postgres   11u  IPv4  27507      0t0       TCP aap24-database.aap-test.local:postgres->aap24-control.aap-test.local:59734 (ESTABLISHED)
bash       9809          root  cwd    DIR  253,0      142  67240070 /root
bash       9809          root  rtd    DIR  253,0      235       128 /
bash       9809          root  txt    REG  253,0  1389072  67333814 /usr/bin/bash
bash       9809          root  mem    REG  253,0  2586930     36580 /usr/lib/locale/en_US.utf8/LC_COLLATE
bash       9809          root  mem    REG  253,0  2544344 100688096 /usr/lib64/libc.so.6
bash       9809          root  mem    REG  253,0   346132 100687773 /usr/lib/locale/C.utf8/LC_CTYPE
bash       9809          root  mem    REG  253,0       54     36583 /usr/lib/locale/en_US.utf8/LC_NUMERIC
bash       9809          root  mem    REG  253,0     3284  33639493 /usr/lib/locale/en_US.utf8/LC_TIME
bash       9809          root  mem    REG  253,0      286  33639491 /usr/lib/locale/en_US.utf8/LC_MONETARY
bash       9809          root  mem    REG  253,0       57  33639504 /usr/lib/locale/en_US.utf8/LC_MESSAGES/SYS_LC_MESSAGES
bash       9809          root  mem    REG  253,0    26988  67334001 /usr/lib64/gconv/gconv-modules.cache
bash       9809          root  mem    REG  253,0   195080 100687757 /usr/lib64/libtinfo.so.6.2
bash       9809          root  mem    REG  253,0       34 100688074 /usr/lib/locale/en_US.utf8/LC_PAPER
bash       9809          root  mem    REG  253,0       77     36582 /usr/lib/locale/en_US.utf8/LC_NAME
bash       9809          root  mem    REG  253,0      167  33639487 /usr/lib/locale/en_US.utf8/LC_ADDRESS
bash       9809          root  mem    REG  253,0       59  33639492 /usr/lib/locale/en_US.utf8/LC_TELEPHONE
bash       9809          root  mem    REG  253,0       23  33639490 /usr/lib/locale/en_US.utf8/LC_MEASUREMENT
bash       9809          root  mem    REG  253,0      369  33639489 /usr/lib/locale/en_US.utf8/LC_IDENTIFICATION
bash       9809          root  mem    REG  253,0   897856 100688092 /usr/lib64/ld-linux-x86-64.so.2
bash       9809          root    0r   CHR    1,3      0t0         4 /dev/null
bash       9809          root    1w   REG  253,0        0  34096961 /tmp/memory_monitor.log
bash       9809          root    2w   REG  253,0        0  34096961 /tmp/memory_monitor.log
bash       9809          root    3r  FIFO   0,13      0t0     94976 pipe
postmaste 12180      postgres   10u  IPv6  24817      0t0       UDP localhost:60802->localhost:60802 
postmaste 12180      postgres   11u  IPv4  97774      0t0       TCP aap24-database.aap-test.local:postgres->aap24-control.aap-test.local:58716 (ESTABLISHED)
postmaste 12181      postgres   10u  IPv6  24817      0t0       UDP localhost:60802->localhost:60802 
postmaste 12181      postgres   11u  IPv4  97775      0t0       TCP aap24-database.aap-test.local:postgres->aap24-control.aap-test.local:58720 (ESTABLISHED)
postmaste 12182      postgres   10u  IPv6  24817      0t0       UDP localhost:60802->localhost:60802 
postmaste 12182      postgres   11u  IPv4  97776      0t0       TCP aap24-database.aap-test.local:postgres->aap24-control.aap-test.local:58728 (ESTABLISHED)
postmaste 12183      postgres   10u  IPv6  24817      0t0       UDP localhost:60802->localhost:60802 
postmaste 12183      postgres   11u  IPv4  94944      0t0       TCP aap24-database.aap-test.local:postgres->aap24-control.aap-test.local:58744 (ESTABLISHED)
postmaste 12184      postgres   10u  IPv6  24817      0t0       UDP localhost:60802->localhost:60802 
postmaste 12184      postgres   11u  IPv4  94945      0t0       TCP aap24-database.aap-test.local:postgres->aap24-control.aap-test.local:58760 (ESTABLISHED)

    PID    PPID CMD                           RSS    VSZ %CPU %MEM     ELAPSED
Receptor Child Processes for PID 12213:
  No child processes found
Receptor Threads for PID 12213:
    PID    SPID %CPU %MEM   RSS COMMAND
Receptor Network Connections for PID 12213:
COMMAND     PID          USER   FD   TYPE DEVICE SIZE/OFF NODE NAME
chronyd     752        chrony    5u  IPv4  22139      0t0  UDP localhost:323 
chronyd     752        chrony    6u  IPv6  22140      0t0  UDP localhost:323 
NetworkMa   756          root   26u  IPv4  24074      0t0  UDP aap24-database.aap-test.local:bootpc->pi.hole:bootps 
sshd        781          root    3u  IPv4  22290      0t0  TCP *:ssh (LISTEN)
sshd        781          root    4u  IPv6  22292      0t0  TCP *:ssh (LISTEN)
postmaste   801      postgres    6u  IPv4  24781      0t0  TCP *:postgres (LISTEN)
postmaste   801      postgres    7u  IPv6  24782      0t0  TCP *:postgres (LISTEN)
postmaste   801      postgres   10u  IPv6  24817      0t0  UDP localhost:60802->localhost:60802 
postmaste   852      postgres   10u  IPv6  24817      0t0  UDP localhost:60802->localhost:60802 
postmaste   853      postgres   10u  IPv6  24817      0t0  UDP localhost:60802->localhost:60802 
postmaste   854      postgres   10u  IPv6  24817      0t0  UDP localhost:60802->localhost:60802 
postmaste   855      postgres   10u  IPv6  24817      0t0  UDP localhost:60802->localhost:60802 
postmaste   856      postgres   10u  IPv6  24817      0t0  UDP localhost:60802->localhost:60802 
postmaste   857      postgres   10u  IPv6  24817      0t0  UDP localhost:60802->localhost:60802 
node_expo  1086 node_exporter    3u  IPv6  25667      0t0  TCP *:jetdirect (LISTEN)
node_expo  1086 node_exporter    7u  IPv6  25847      0t0  TCP aap24-database.aap-test.local:jetdirect->monitoring-node.aap-test.local:41738 (ESTABLISHED)
postmaste  1568      postgres   10u  IPv6  24817      0t0  UDP localhost:60802->localhost:60802 
postmaste  1568      postgres   11u  IPv4  24288      0t0  TCP aap24-database.aap-test.local:postgres->aap24-control.aap-test.local:59996 (ESTABLISHED)
postmaste  1569      postgres   10u  IPv6  24817      0t0  UDP localhost:60802->localhost:60802 
postmaste  1569      postgres   11u  IPv4  24289      0t0  TCP aap24-database.aap-test.local:postgres->aap24-control.aap-test.local:60002 (ESTABLISHED)
postmaste  1591      postgres   10u  IPv6  24817      0t0  UDP localhost:60802->localhost:60802 
postmaste  1591      postgres   11u  IPv4  24320      0t0  TCP aap24-database.aap-test.local:postgres->aap24-control.aap-test.local:60098 (ESTABLISHED)
postmaste  1592      postgres   10u  IPv6  24817      0t0  UDP localhost:60802->localhost:60802 
postmaste  1592      postgres   11u  IPv4  24321      0t0  TCP aap24-database.aap-test.local:postgres->aap24-control.aap-test.local:60106 (ESTABLISHED)
postmaste  1595      postgres   10u  IPv6  24817      0t0  UDP localhost:60802->localhost:60802 
postmaste  1595      postgres   11u  IPv4  24329      0t0  TCP aap24-database.aap-test.local:postgres->aap24-control.aap-test.local:60146 (ESTABLISHED)
postmaste  1596      postgres   10u  IPv6  24817      0t0  UDP localhost:60802->localhost:60802 
postmaste  1596      postgres   11u  IPv4  24330      0t0  TCP aap24-database.aap-test.local:postgres->aap24-control.aap-test.local:60152 (ESTABLISHED)
postmaste  1597      postgres   10u  IPv6  24817      0t0  UDP localhost:60802->localhost:60802 
postmaste  1597      postgres   11u  IPv4  24331      0t0  TCP aap24-database.aap-test.local:postgres->aap24-control.aap-test.local:60158 (ESTABLISHED)
postmaste  1598      postgres   10u  IPv6  24817      0t0  UDP localhost:60802->localhost:60802 
postmaste  1598      postgres   11u  IPv4  24332      0t0  TCP aap24-database.aap-test.local:postgres->aap24-control.aap-test.local:60162 (ESTABLISHED)
postmaste  1612      postgres   10u  IPv6  24817      0t0  UDP localhost:60802->localhost:60802 
postmaste  1612      postgres   11u  IPv4  24348      0t0  TCP aap24-database.aap-test.local:postgres->aap24-control.aap-test.local:60182 (ESTABLISHED)
postmaste  1613      postgres   10u  IPv6  24817      0t0  UDP localhost:60802->localhost:60802 
postmaste  1613      postgres   11u  IPv4  24349      0t0  TCP aap24-database.aap-test.local:postgres->aap24-control.aap-test.local:60184 (ESTABLISHED)
postmaste  1614      postgres   10u  IPv6  24817      0t0  UDP localhost:60802->localhost:60802 
postmaste  1614      postgres   11u  IPv4  24350      0t0  TCP aap24-database.aap-test.local:postgres->aap24-control.aap-test.local:60198 (ESTABLISHED)
postmaste  1615      postgres   10u  IPv6  24817      0t0  UDP localhost:60802->localhost:60802 
postmaste  1615      postgres   11u  IPv4  24351      0t0  TCP aap24-database.aap-test.local:postgres->aap24-control.aap-test.local:60206 (ESTABLISHED)
postmaste  1616      postgres   10u  IPv6  24817      0t0  UDP localhost:60802->localhost:60802 
postmaste  1616      postgres   11u  IPv4  24352      0t0  TCP aap24-database.aap-test.local:postgres->aap24-control.aap-test.local:60214 (ESTABLISHED)
postmaste  1617      postgres   10u  IPv6  24817      0t0  UDP localhost:60802->localhost:60802 
postmaste  1617      postgres   11u  IPv4  24353      0t0  TCP aap24-database.aap-test.local:postgres->aap24-control.aap-test.local:60220 (ESTABLISHED)
postmaste  1618      postgres   10u  IPv6  24817      0t0  UDP localhost:60802->localhost:60802 
postmaste  1618      postgres   11u  IPv4  24354      0t0  TCP aap24-database.aap-test.local:postgres->aap24-control.aap-test.local:60222 (ESTABLISHED)
postmaste  1619      postgres   10u  IPv6  24817      0t0  UDP localhost:60802->localhost:60802 
postmaste  1619      postgres   11u  IPv4  24355      0t0  TCP aap24-database.aap-test.local:postgres->aap24-control.aap-test.local:60230 (ESTABLISHED)
postmaste  1620      postgres   10u  IPv6  24817      0t0  UDP localhost:60802->localhost:60802 
postmaste  1620      postgres   11u  IPv4  24356      0t0  TCP aap24-database.aap-test.local:postgres->aap24-control.aap-test.local:60236 (ESTABLISHED)
postmaste  1954      postgres   10u  IPv6  24817      0t0  UDP localhost:60802->localhost:60802 
postmaste  1954      postgres   11u  IPv4  27507      0t0  TCP aap24-database.aap-test.local:postgres->aap24-control.aap-test.local:59734 (ESTABLISHED)
postmaste 12180      postgres   10u  IPv6  24817      0t0  UDP localhost:60802->localhost:60802 
postmaste 12180      postgres   11u  IPv4  97774      0t0  TCP aap24-database.aap-test.local:postgres->aap24-control.aap-test.local:58716 (ESTABLISHED)
postmaste 12181      postgres   10u  IPv6  24817      0t0  UDP localhost:60802->localhost:60802 
postmaste 12181      postgres   11u  IPv4  97775      0t0  TCP aap24-database.aap-test.local:postgres->aap24-control.aap-test.local:58720 (ESTABLISHED)
postmaste 12182      postgres   10u  IPv6  24817      0t0  UDP localhost:60802->localhost:60802 
postmaste 12182      postgres   11u  IPv4  97776      0t0  TCP aap24-database.aap-test.local:postgres->aap24-control.aap-test.local:58728 (ESTABLISHED)
postmaste 12183      postgres   10u  IPv6  24817      0t0  UDP localhost:60802->localhost:60802 
postmaste 12183      postgres   11u  IPv4  94944      0t0  TCP aap24-database.aap-test.local:postgres->aap24-control.aap-test.local:58744 (ESTABLISHED)
postmaste 12184      postgres   10u  IPv6  24817      0t0  UDP localhost:60802->localhost:60802 
postmaste 12184      postgres   11u  IPv4  94945      0t0  TCP aap24-database.aap-test.local:postgres->aap24-control.aap-test.local:58760 (ESTABLISHED)
  No network connections found

=== RECEPTOR MEMORY SUMMARY ===
Total Receptor RSS Memory: 3328 KB (3 MB)
Total Receptor VSZ Memory: 7260 KB (7 MB)
Number of Receptor Processes: 2

AAP-related Processes and Children:
=== AAP Service Processes ===
Process: bash (PID: 9809)
    PID    PPID CMD                           RSS
   9809       1 bash -c  log_file="/tmp/mem  3328
  Children of PID 9809:
    PID    PPID CMD                           RSS
  12272    9809 bash -c  log_file="/tmp/mem  2128

Process: bash (PID: 12272)
    PID    PPID CMD                           RSS
  12272    9809 bash -c  log_file="/tmp/mem  2128
  Children of PID 12272:
    PID    PPID CMD                           RSS


Process Tree for AAP Services:
=== automation-controller Process Tree ===
bash(9809)---pstree(12283)
=== receptor Process Tree ===
bash(9809)---pstree(12287)
=== nginx Process Tree ===
bash(9809)---pstree(12291)
=== postgresql Process Tree ===
bash(9809)---pstree(12295)
=== redis Process Tree ===
bash(9809)---pstree(12299)
=== uwsgi Process Tree ===
bash(9809)---pstree(12303)
=== automation-hub Process Tree ===
bash(9809)---pstree(12307)
=== automation-eda Process Tree ===
bash(9809)---pstree(12311)

=================================================================================
2025-06-27 14:41:18
Memory Usage Report:
               total        used        free      shared  buff/cache   available
Mem:            7681         564        7097          60         317        7116
Swap:           4095           0        4095

Top 10 Processes by RSS Memory:
    PID    PPID CMD                           RSS
    801       1 /usr/bin/postmaster -D /var 61952
    745       1 /usr/bin/python3 -s /usr/sb 43724
    784       1 /usr/bin/python3 -Es /usr/s 28648
   1086       1 /usr/local/bin/node_exporte 27524
    925       1 /usr/lib/polkit-1/polkitd - 25936
   1568     801 postgres: automationhub aut 25072
   1569     801 postgres: automationhub aut 24816
   1613     801 postgres: automationhub aut 24048
   1614     801 postgres: automationhub aut 23920
   1618     801 postgres: automationhub aut 23920

=== RECEPTOR PROCESS ANALYSIS ===
Receptor Main Processes:
    PID    PPID CMD                           RSS    VSZ %CPU %MEM     ELAPSED
   9809       1 bash -c  log_file="/tmp/mem  3328   7260  0.0  0.0       07:09
Receptor Child Processes for PID 9809:
      PID    PPID CMD                           RSS    VSZ %CPU %MEM     ELAPSED
Receptor Threads for PID 9809:
    PID    SPID %CPU %MEM   RSS COMMAND
   9809    9809  0.0  0.0  3328 bash
Receptor Network Connections for PID 9809:
COMMAND     PID          USER   FD   TYPE DEVICE SIZE/OFF      NODE NAME
chronyd     752        chrony    5u  IPv4  22139      0t0       UDP localhost:323 
chronyd     752        chrony    6u  IPv6  22140      0t0       UDP localhost:323 
NetworkMa   756          root   26u  IPv4  24074      0t0       UDP aap24-database.aap-test.local:bootpc->pi.hole:bootps 
sshd        781          root    3u  IPv4  22290      0t0       TCP *:ssh (LISTEN)
sshd        781          root    4u  IPv6  22292      0t0       TCP *:ssh (LISTEN)
postmaste   801      postgres    6u  IPv4  24781      0t0       TCP *:postgres (LISTEN)
postmaste   801      postgres    7u  IPv6  24782      0t0       TCP *:postgres (LISTEN)
postmaste   801      postgres   10u  IPv6  24817      0t0       UDP localhost:60802->localhost:60802 
postmaste   852      postgres   10u  IPv6  24817      0t0       UDP localhost:60802->localhost:60802 
postmaste   853      postgres   10u  IPv6  24817      0t0       UDP localhost:60802->localhost:60802 
postmaste   854      postgres   10u  IPv6  24817      0t0       UDP localhost:60802->localhost:60802 
postmaste   855      postgres   10u  IPv6  24817      0t0       UDP localhost:60802->localhost:60802 
postmaste   856      postgres   10u  IPv6  24817      0t0       UDP localhost:60802->localhost:60802 
postmaste   857      postgres   10u  IPv6  24817      0t0       UDP localhost:60802->localhost:60802 
node_expo  1086 node_exporter    3u  IPv6  25667      0t0       TCP *:jetdirect (LISTEN)
node_expo  1086 node_exporter    7u  IPv6  25847      0t0       TCP aap24-database.aap-test.local:jetdirect->monitoring-node.aap-test.local:41738 (ESTABLISHED)
postmaste  1568      postgres   10u  IPv6  24817      0t0       UDP localhost:60802->localhost:60802 
postmaste  1568      postgres   11u  IPv4  24288      0t0       TCP aap24-database.aap-test.local:postgres->aap24-control.aap-test.local:59996 (ESTABLISHED)
postmaste  1569      postgres   10u  IPv6  24817      0t0       UDP localhost:60802->localhost:60802 
postmaste  1569      postgres   11u  IPv4  24289      0t0       TCP aap24-database.aap-test.local:postgres->aap24-control.aap-test.local:60002 (ESTABLISHED)
postmaste  1591      postgres   10u  IPv6  24817      0t0       UDP localhost:60802->localhost:60802 
postmaste  1591      postgres   11u  IPv4  24320      0t0       TCP aap24-database.aap-test.local:postgres->aap24-control.aap-test.local:60098 (ESTABLISHED)
postmaste  1592      postgres   10u  IPv6  24817      0t0       UDP localhost:60802->localhost:60802 
postmaste  1592      postgres   11u  IPv4  24321      0t0       TCP aap24-database.aap-test.local:postgres->aap24-control.aap-test.local:60106 (ESTABLISHED)
postmaste  1595      postgres   10u  IPv6  24817      0t0       UDP localhost:60802->localhost:60802 
postmaste  1595      postgres   11u  IPv4  24329      0t0       TCP aap24-database.aap-test.local:postgres->aap24-control.aap-test.local:60146 (ESTABLISHED)
postmaste  1596      postgres   10u  IPv6  24817      0t0       UDP localhost:60802->localhost:60802 
postmaste  1596      postgres   11u  IPv4  24330      0t0       TCP aap24-database.aap-test.local:postgres->aap24-control.aap-test.local:60152 (ESTABLISHED)
postmaste  1597      postgres   10u  IPv6  24817      0t0       UDP localhost:60802->localhost:60802 
postmaste  1597      postgres   11u  IPv4  24331      0t0       TCP aap24-database.aap-test.local:postgres->aap24-control.aap-test.local:60158 (ESTABLISHED)
postmaste  1598      postgres   10u  IPv6  24817      0t0       UDP localhost:60802->localhost:60802 
postmaste  1598      postgres   11u  IPv4  24332      0t0       TCP aap24-database.aap-test.local:postgres->aap24-control.aap-test.local:60162 (ESTABLISHED)
postmaste  1612      postgres   10u  IPv6  24817      0t0       UDP localhost:60802->localhost:60802 
postmaste  1612      postgres   11u  IPv4  24348      0t0       TCP aap24-database.aap-test.local:postgres->aap24-control.aap-test.local:60182 (ESTABLISHED)
postmaste  1613      postgres   10u  IPv6  24817      0t0       UDP localhost:60802->localhost:60802 
postmaste  1613      postgres   11u  IPv4  24349      0t0       TCP aap24-database.aap-test.local:postgres->aap24-control.aap-test.local:60184 (ESTABLISHED)
postmaste  1614      postgres   10u  IPv6  24817      0t0       UDP localhost:60802->localhost:60802 
postmaste  1614      postgres   11u  IPv4  24350      0t0       TCP aap24-database.aap-test.local:postgres->aap24-control.aap-test.local:60198 (ESTABLISHED)
postmaste  1615      postgres   10u  IPv6  24817      0t0       UDP localhost:60802->localhost:60802 
postmaste  1615      postgres   11u  IPv4  24351      0t0       TCP aap24-database.aap-test.local:postgres->aap24-control.aap-test.local:60206 (ESTABLISHED)
postmaste  1616      postgres   10u  IPv6  24817      0t0       UDP localhost:60802->localhost:60802 
postmaste  1616      postgres   11u  IPv4  24352      0t0       TCP aap24-database.aap-test.local:postgres->aap24-control.aap-test.local:60214 (ESTABLISHED)
postmaste  1617      postgres   10u  IPv6  24817      0t0       UDP localhost:60802->localhost:60802 
postmaste  1617      postgres   11u  IPv4  24353      0t0       TCP aap24-database.aap-test.local:postgres->aap24-control.aap-test.local:60220 (ESTABLISHED)
postmaste  1618      postgres   10u  IPv6  24817      0t0       UDP localhost:60802->localhost:60802 
postmaste  1618      postgres   11u  IPv4  24354      0t0       TCP aap24-database.aap-test.local:postgres->aap24-control.aap-test.local:60222 (ESTABLISHED)
postmaste  1619      postgres   10u  IPv6  24817      0t0       UDP localhost:60802->localhost:60802 
postmaste  1619      postgres   11u  IPv4  24355      0t0       TCP aap24-database.aap-test.local:postgres->aap24-control.aap-test.local:60230 (ESTABLISHED)
postmaste  1620      postgres   10u  IPv6  24817      0t0       UDP localhost:60802->localhost:60802 
postmaste  1620      postgres   11u  IPv4  24356      0t0       TCP aap24-database.aap-test.local:postgres->aap24-control.aap-test.local:60236 (ESTABLISHED)
postmaste  1954      postgres   10u  IPv6  24817      0t0       UDP localhost:60802->localhost:60802 
postmaste  1954      postgres   11u  IPv4  27507      0t0       TCP aap24-database.aap-test.local:postgres->aap24-control.aap-test.local:59734 (ESTABLISHED)
bash       9809          root  cwd    DIR  253,0      142  67240070 /root
bash       9809          root  rtd    DIR  253,0      235       128 /
bash       9809          root  txt    REG  253,0  1389072  67333814 /usr/bin/bash
bash       9809          root  mem    REG  253,0  2586930     36580 /usr/lib/locale/en_US.utf8/LC_COLLATE
bash       9809          root  mem    REG  253,0  2544344 100688096 /usr/lib64/libc.so.6
bash       9809          root  mem    REG  253,0   346132 100687773 /usr/lib/locale/C.utf8/LC_CTYPE
bash       9809          root  mem    REG  253,0       54     36583 /usr/lib/locale/en_US.utf8/LC_NUMERIC
bash       9809          root  mem    REG  253,0     3284  33639493 /usr/lib/locale/en_US.utf8/LC_TIME
bash       9809          root  mem    REG  253,0      286  33639491 /usr/lib/locale/en_US.utf8/LC_MONETARY
bash       9809          root  mem    REG  253,0       57  33639504 /usr/lib/locale/en_US.utf8/LC_MESSAGES/SYS_LC_MESSAGES
bash       9809          root  mem    REG  253,0    26988  67334001 /usr/lib64/gconv/gconv-modules.cache
bash       9809          root  mem    REG  253,0   195080 100687757 /usr/lib64/libtinfo.so.6.2
bash       9809          root  mem    REG  253,0       34 100688074 /usr/lib/locale/en_US.utf8/LC_PAPER
bash       9809          root  mem    REG  253,0       77     36582 /usr/lib/locale/en_US.utf8/LC_NAME
bash       9809          root  mem    REG  253,0      167  33639487 /usr/lib/locale/en_US.utf8/LC_ADDRESS
bash       9809          root  mem    REG  253,0       59  33639492 /usr/lib/locale/en_US.utf8/LC_TELEPHONE
bash       9809          root  mem    REG  253,0       23  33639490 /usr/lib/locale/en_US.utf8/LC_MEASUREMENT
bash       9809          root  mem    REG  253,0      369  33639489 /usr/lib/locale/en_US.utf8/LC_IDENTIFICATION
bash       9809          root  mem    REG  253,0   897856 100688092 /usr/lib64/ld-linux-x86-64.so.2
bash       9809          root    0r   CHR    1,3      0t0         4 /dev/null
bash       9809          root    1w   REG  253,0        0  34096961 /tmp/memory_monitor.log
bash       9809          root    2w   REG  253,0        0  34096961 /tmp/memory_monitor.log
bash       9809          root    3r  FIFO   0,13      0t0     98446 pipe
postmaste 12180      postgres   10u  IPv6  24817      0t0       UDP localhost:60802->localhost:60802 
postmaste 12180      postgres   11u  IPv4  97774      0t0       TCP aap24-database.aap-test.local:postgres->aap24-control.aap-test.local:58716 (ESTABLISHED)
postmaste 12338      postgres   10u  IPv6  24817      0t0       UDP localhost:60802->localhost:60802 
postmaste 12338      postgres   11u  IPv4  98041      0t0       TCP aap24-database.aap-test.local:postgres->aap24-control.aap-test.local:51446 (ESTABLISHED)
postmaste 12363      postgres   10u  IPv6  24817      0t0       UDP localhost:60802->localhost:60802 
postmaste 12363      postgres   11u  IPv4  98397      0t0       TCP aap24-database.aap-test.local:postgres->aap24-control.aap-test.local:45994 (ESTABLISHED)
postmaste 12387      postgres   10u  IPv6  24817      0t0       UDP localhost:60802->localhost:60802 
postmaste 12387      postgres   11u  IPv4  98425      0t0       TCP aap24-database.aap-test.local:postgres->aap24-control.aap-test.local:43584 (ESTABLISHED)
postmaste 12388      postgres   10u  IPv6  24817      0t0       UDP localhost:60802->localhost:60802 
postmaste 12388      postgres   11u  IPv4  98426      0t0       TCP aap24-database.aap-test.local:postgres->aap24-control.aap-test.local:43586 (ESTABLISHED)
postmaste 12389      postgres   10u  IPv6  24817      0t0       UDP localhost:60802->localhost:60802 
postmaste 12389      postgres   11u  IPv4  98115      0t0       TCP aap24-database.aap-test.local:postgres->aap24-control.aap-test.local:43590 (ESTABLISHED)

    PID    PPID CMD                           RSS    VSZ %CPU %MEM     ELAPSED
Receptor Child Processes for PID 12395:
  No child processes found
Receptor Threads for PID 12395:
    PID    SPID %CPU %MEM   RSS COMMAND
Receptor Network Connections for PID 12395:
COMMAND     PID          USER   FD   TYPE DEVICE SIZE/OFF NODE NAME
chronyd     752        chrony    5u  IPv4  22139      0t0  UDP localhost:323 
chronyd     752        chrony    6u  IPv6  22140      0t0  UDP localhost:323 
NetworkMa   756          root   26u  IPv4  24074      0t0  UDP aap24-database.aap-test.local:bootpc->pi.hole:bootps 
sshd        781          root    3u  IPv4  22290      0t0  TCP *:ssh (LISTEN)
sshd        781          root    4u  IPv6  22292      0t0  TCP *:ssh (LISTEN)
postmaste   801      postgres    6u  IPv4  24781      0t0  TCP *:postgres (LISTEN)
postmaste   801      postgres    7u  IPv6  24782      0t0  TCP *:postgres (LISTEN)
postmaste   801      postgres   10u  IPv6  24817      0t0  UDP localhost:60802->localhost:60802 
postmaste   852      postgres   10u  IPv6  24817      0t0  UDP localhost:60802->localhost:60802 
postmaste   853      postgres   10u  IPv6  24817      0t0  UDP localhost:60802->localhost:60802 
postmaste   854      postgres   10u  IPv6  24817      0t0  UDP localhost:60802->localhost:60802 
postmaste   855      postgres   10u  IPv6  24817      0t0  UDP localhost:60802->localhost:60802 
postmaste   856      postgres   10u  IPv6  24817      0t0  UDP localhost:60802->localhost:60802 
postmaste   857      postgres   10u  IPv6  24817      0t0  UDP localhost:60802->localhost:60802 
node_expo  1086 node_exporter    3u  IPv6  25667      0t0  TCP *:jetdirect (LISTEN)
node_expo  1086 node_exporter    7u  IPv6  25847      0t0  TCP aap24-database.aap-test.local:jetdirect->monitoring-node.aap-test.local:41738 (ESTABLISHED)
postmaste  1568      postgres   10u  IPv6  24817      0t0  UDP localhost:60802->localhost:60802 
postmaste  1568      postgres   11u  IPv4  24288      0t0  TCP aap24-database.aap-test.local:postgres->aap24-control.aap-test.local:59996 (ESTABLISHED)
postmaste  1569      postgres   10u  IPv6  24817      0t0  UDP localhost:60802->localhost:60802 
postmaste  1569      postgres   11u  IPv4  24289      0t0  TCP aap24-database.aap-test.local:postgres->aap24-control.aap-test.local:60002 (ESTABLISHED)
postmaste  1591      postgres   10u  IPv6  24817      0t0  UDP localhost:60802->localhost:60802 
postmaste  1591      postgres   11u  IPv4  24320      0t0  TCP aap24-database.aap-test.local:postgres->aap24-control.aap-test.local:60098 (ESTABLISHED)
postmaste  1592      postgres   10u  IPv6  24817      0t0  UDP localhost:60802->localhost:60802 
postmaste  1592      postgres   11u  IPv4  24321      0t0  TCP aap24-database.aap-test.local:postgres->aap24-control.aap-test.local:60106 (ESTABLISHED)
postmaste  1595      postgres   10u  IPv6  24817      0t0  UDP localhost:60802->localhost:60802 
postmaste  1595      postgres   11u  IPv4  24329      0t0  TCP aap24-database.aap-test.local:postgres->aap24-control.aap-test.local:60146 (ESTABLISHED)
postmaste  1596      postgres   10u  IPv6  24817      0t0  UDP localhost:60802->localhost:60802 
postmaste  1596      postgres   11u  IPv4  24330      0t0  TCP aap24-database.aap-test.local:postgres->aap24-control.aap-test.local:60152 (ESTABLISHED)
postmaste  1597      postgres   10u  IPv6  24817      0t0  UDP localhost:60802->localhost:60802 
postmaste  1597      postgres   11u  IPv4  24331      0t0  TCP aap24-database.aap-test.local:postgres->aap24-control.aap-test.local:60158 (ESTABLISHED)
postmaste  1598      postgres   10u  IPv6  24817      0t0  UDP localhost:60802->localhost:60802 
postmaste  1598      postgres   11u  IPv4  24332      0t0  TCP aap24-database.aap-test.local:postgres->aap24-control.aap-test.local:60162 (ESTABLISHED)
postmaste  1612      postgres   10u  IPv6  24817      0t0  UDP localhost:60802->localhost:60802 
postmaste  1612      postgres   11u  IPv4  24348      0t0  TCP aap24-database.aap-test.local:postgres->aap24-control.aap-test.local:60182 (ESTABLISHED)
postmaste  1613      postgres   10u  IPv6  24817      0t0  UDP localhost:60802->localhost:60802 
postmaste  1613      postgres   11u  IPv4  24349      0t0  TCP aap24-database.aap-test.local:postgres->aap24-control.aap-test.local:60184 (ESTABLISHED)
postmaste  1614      postgres   10u  IPv6  24817      0t0  UDP localhost:60802->localhost:60802 
postmaste  1614      postgres   11u  IPv4  24350      0t0  TCP aap24-database.aap-test.local:postgres->aap24-control.aap-test.local:60198 (ESTABLISHED)
postmaste  1615      postgres   10u  IPv6  24817      0t0  UDP localhost:60802->localhost:60802 
postmaste  1615      postgres   11u  IPv4  24351      0t0  TCP aap24-database.aap-test.local:postgres->aap24-control.aap-test.local:60206 (ESTABLISHED)
postmaste  1616      postgres   10u  IPv6  24817      0t0  UDP localhost:60802->localhost:60802 
postmaste  1616      postgres   11u  IPv4  24352      0t0  TCP aap24-database.aap-test.local:postgres->aap24-control.aap-test.local:60214 (ESTABLISHED)
postmaste  1617      postgres   10u  IPv6  24817      0t0  UDP localhost:60802->localhost:60802 
postmaste  1617      postgres   11u  IPv4  24353      0t0  TCP aap24-database.aap-test.local:postgres->aap24-control.aap-test.local:60220 (ESTABLISHED)
postmaste  1618      postgres   10u  IPv6  24817      0t0  UDP localhost:60802->localhost:60802 
postmaste  1618      postgres   11u  IPv4  24354      0t0  TCP aap24-database.aap-test.local:postgres->aap24-control.aap-test.local:60222 (ESTABLISHED)
postmaste  1619      postgres   10u  IPv6  24817      0t0  UDP localhost:60802->localhost:60802 
postmaste  1619      postgres   11u  IPv4  24355      0t0  TCP aap24-database.aap-test.local:postgres->aap24-control.aap-test.local:60230 (ESTABLISHED)
postmaste  1620      postgres   10u  IPv6  24817      0t0  UDP localhost:60802->localhost:60802 
postmaste  1620      postgres   11u  IPv4  24356      0t0  TCP aap24-database.aap-test.local:postgres->aap24-control.aap-test.local:60236 (ESTABLISHED)
postmaste  1954      postgres   10u  IPv6  24817      0t0  UDP localhost:60802->localhost:60802 
postmaste  1954      postgres   11u  IPv4  27507      0t0  TCP aap24-database.aap-test.local:postgres->aap24-control.aap-test.local:59734 (ESTABLISHED)
postmaste 12180      postgres   10u  IPv6  24817      0t0  UDP localhost:60802->localhost:60802 
postmaste 12180      postgres   11u  IPv4  97774      0t0  TCP aap24-database.aap-test.local:postgres->aap24-control.aap-test.local:58716 (ESTABLISHED)
postmaste 12338      postgres   10u  IPv6  24817      0t0  UDP localhost:60802->localhost:60802 
postmaste 12338      postgres   11u  IPv4  98041      0t0  TCP aap24-database.aap-test.local:postgres->aap24-control.aap-test.local:51446 (ESTABLISHED)
postmaste 12363      postgres   10u  IPv6  24817      0t0  UDP localhost:60802->localhost:60802 
postmaste 12363      postgres   11u  IPv4  98397      0t0  TCP aap24-database.aap-test.local:postgres->aap24-control.aap-test.local:45994 (ESTABLISHED)
postmaste 12387      postgres   10u  IPv6  24817      0t0  UDP localhost:60802->localhost:60802 
postmaste 12387      postgres   11u  IPv4  98425      0t0  TCP aap24-database.aap-test.local:postgres->aap24-control.aap-test.local:43584 (ESTABLISHED)
postmaste 12388      postgres   10u  IPv6  24817      0t0  UDP localhost:60802->localhost:60802 
postmaste 12388      postgres   11u  IPv4  98426      0t0  TCP aap24-database.aap-test.local:postgres->aap24-control.aap-test.local:43586 (ESTABLISHED)
postmaste 12389      postgres   10u  IPv6  24817      0t0  UDP localhost:60802->localhost:60802 
postmaste 12389      postgres   11u  IPv4  98115      0t0  TCP aap24-database.aap-test.local:postgres->aap24-control.aap-test.local:43590 (ESTABLISHED)
  No network connections found

=== RECEPTOR MEMORY SUMMARY ===
Total Receptor RSS Memory: 3328 KB (3 MB)
Total Receptor VSZ Memory: 7260 KB (7 MB)
Number of Receptor Processes: 2

AAP-related Processes and Children:
=== AAP Service Processes ===
Process: bash (PID: 9809)
    PID    PPID CMD                           RSS
   9809       1 bash -c  log_file="/tmp/mem  3328
  Children of PID 9809:
    PID    PPID CMD                           RSS
  12454    9809 bash -c  log_file="/tmp/mem  2128

Process: bash (PID: 12454)
    PID    PPID CMD                           RSS
  12454    9809 bash -c  log_file="/tmp/mem  2128
  Children of PID 12454:
    PID    PPID CMD                           RSS


Process Tree for AAP Services:
=== automation-controller Process Tree ===
bash(9809)---pstree(12465)
=== receptor Process Tree ===
bash(9809)---pstree(12469)
=== nginx Process Tree ===
bash(9809)---pstree(12473)
=== postgresql Process Tree ===
bash(9809)---pstree(12477)
=== redis Process Tree ===
bash(9809)---pstree(12481)
=== uwsgi Process Tree ===
bash(9809)---pstree(12485)
=== automation-hub Process Tree ===
bash(9809)---pstree(12489)
=== automation-eda Process Tree ===
bash(9809)---pstree(12493)

=================================================================================
2025-06-27 14:41:48
Memory Usage Report:
               total        used        free      shared  buff/cache   available
Mem:            7681         562        7099          60         317        7118
Swap:           4095           0        4095

Top 10 Processes by RSS Memory:
    PID    PPID CMD                           RSS
    801       1 /usr/bin/postmaster -D /var 61952
    745       1 /usr/bin/python3 -s /usr/sb 43724
    784       1 /usr/bin/python3 -Es /usr/s 28648
   1086       1 /usr/local/bin/node_exporte 27608
    925       1 /usr/lib/polkit-1/polkitd - 25936
   1568     801 postgres: automationhub aut 25072
   1569     801 postgres: automationhub aut 24816
   1613     801 postgres: automationhub aut 24048
   1614     801 postgres: automationhub aut 23920
   1618     801 postgres: automationhub aut 23920

=== RECEPTOR PROCESS ANALYSIS ===
Receptor Main Processes:
    PID    PPID CMD                           RSS    VSZ %CPU %MEM     ELAPSED
   9809       1 bash -c  log_file="/tmp/mem  3328   7260  0.0  0.0       07:39
Receptor Child Processes for PID 9809:
      PID    PPID CMD                           RSS    VSZ %CPU %MEM     ELAPSED
Receptor Threads for PID 9809:
    PID    SPID %CPU %MEM   RSS COMMAND
   9809    9809  0.0  0.0  3328 bash
Receptor Network Connections for PID 9809:
COMMAND     PID          USER   FD   TYPE DEVICE SIZE/OFF      NODE NAME
chronyd     752        chrony    5u  IPv4  22139      0t0       UDP localhost:323 
chronyd     752        chrony    6u  IPv6  22140      0t0       UDP localhost:323 
NetworkMa   756          root   26u  IPv4  24074      0t0       UDP aap24-database.aap-test.local:bootpc->pi.hole:bootps 
sshd        781          root    3u  IPv4  22290      0t0       TCP *:ssh (LISTEN)
sshd        781          root    4u  IPv6  22292      0t0       TCP *:ssh (LISTEN)
postmaste   801      postgres    6u  IPv4  24781      0t0       TCP *:postgres (LISTEN)
postmaste   801      postgres    7u  IPv6  24782      0t0       TCP *:postgres (LISTEN)
postmaste   801      postgres   10u  IPv6  24817      0t0       UDP localhost:60802->localhost:60802 
postmaste   852      postgres   10u  IPv6  24817      0t0       UDP localhost:60802->localhost:60802 
postmaste   853      postgres   10u  IPv6  24817      0t0       UDP localhost:60802->localhost:60802 
postmaste   854      postgres   10u  IPv6  24817      0t0       UDP localhost:60802->localhost:60802 
postmaste   855      postgres   10u  IPv6  24817      0t0       UDP localhost:60802->localhost:60802 
postmaste   856      postgres   10u  IPv6  24817      0t0       UDP localhost:60802->localhost:60802 
postmaste   857      postgres   10u  IPv6  24817      0t0       UDP localhost:60802->localhost:60802 
node_expo  1086 node_exporter    3u  IPv6  25667      0t0       TCP *:jetdirect (LISTEN)
node_expo  1086 node_exporter    7u  IPv6  25847      0t0       TCP aap24-database.aap-test.local:jetdirect->monitoring-node.aap-test.local:41738 (ESTABLISHED)
postmaste  1568      postgres   10u  IPv6  24817      0t0       UDP localhost:60802->localhost:60802 
postmaste  1568      postgres   11u  IPv4  24288      0t0       TCP aap24-database.aap-test.local:postgres->aap24-control.aap-test.local:59996 (ESTABLISHED)
postmaste  1569      postgres   10u  IPv6  24817      0t0       UDP localhost:60802->localhost:60802 
postmaste  1569      postgres   11u  IPv4  24289      0t0       TCP aap24-database.aap-test.local:postgres->aap24-control.aap-test.local:60002 (ESTABLISHED)
postmaste  1591      postgres   10u  IPv6  24817      0t0       UDP localhost:60802->localhost:60802 
postmaste  1591      postgres   11u  IPv4  24320      0t0       TCP aap24-database.aap-test.local:postgres->aap24-control.aap-test.local:60098 (ESTABLISHED)
postmaste  1592      postgres   10u  IPv6  24817      0t0       UDP localhost:60802->localhost:60802 
postmaste  1592      postgres   11u  IPv4  24321      0t0       TCP aap24-database.aap-test.local:postgres->aap24-control.aap-test.local:60106 (ESTABLISHED)
postmaste  1595      postgres   10u  IPv6  24817      0t0       UDP localhost:60802->localhost:60802 
postmaste  1595      postgres   11u  IPv4  24329      0t0       TCP aap24-database.aap-test.local:postgres->aap24-control.aap-test.local:60146 (ESTABLISHED)
postmaste  1596      postgres   10u  IPv6  24817      0t0       UDP localhost:60802->localhost:60802 
postmaste  1596      postgres   11u  IPv4  24330      0t0       TCP aap24-database.aap-test.local:postgres->aap24-control.aap-test.local:60152 (ESTABLISHED)
postmaste  1597      postgres   10u  IPv6  24817      0t0       UDP localhost:60802->localhost:60802 
postmaste  1597      postgres   11u  IPv4  24331      0t0       TCP aap24-database.aap-test.local:postgres->aap24-control.aap-test.local:60158 (ESTABLISHED)
postmaste  1598      postgres   10u  IPv6  24817      0t0       UDP localhost:60802->localhost:60802 
postmaste  1598      postgres   11u  IPv4  24332      0t0       TCP aap24-database.aap-test.local:postgres->aap24-control.aap-test.local:60162 (ESTABLISHED)
postmaste  1612      postgres   10u  IPv6  24817      0t0       UDP localhost:60802->localhost:60802 
postmaste  1612      postgres   11u  IPv4  24348      0t0       TCP aap24-database.aap-test.local:postgres->aap24-control.aap-test.local:60182 (ESTABLISHED)
postmaste  1613      postgres   10u  IPv6  24817      0t0       UDP localhost:60802->localhost:60802 
postmaste  1613      postgres   11u  IPv4  24349      0t0       TCP aap24-database.aap-test.local:postgres->aap24-control.aap-test.local:60184 (ESTABLISHED)
postmaste  1614      postgres   10u  IPv6  24817      0t0       UDP localhost:60802->localhost:60802 
postmaste  1614      postgres   11u  IPv4  24350      0t0       TCP aap24-database.aap-test.local:postgres->aap24-control.aap-test.local:60198 (ESTABLISHED)
postmaste  1615      postgres   10u  IPv6  24817      0t0       UDP localhost:60802->localhost:60802 
postmaste  1615      postgres   11u  IPv4  24351      0t0       TCP aap24-database.aap-test.local:postgres->aap24-control.aap-test.local:60206 (ESTABLISHED)
postmaste  1616      postgres   10u  IPv6  24817      0t0       UDP localhost:60802->localhost:60802 
postmaste  1616      postgres   11u  IPv4  24352      0t0       TCP aap24-database.aap-test.local:postgres->aap24-control.aap-test.local:60214 (ESTABLISHED)
postmaste  1617      postgres   10u  IPv6  24817      0t0       UDP localhost:60802->localhost:60802 
postmaste  1617      postgres   11u  IPv4  24353      0t0       TCP aap24-database.aap-test.local:postgres->aap24-control.aap-test.local:60220 (ESTABLISHED)
postmaste  1618      postgres   10u  IPv6  24817      0t0       UDP localhost:60802->localhost:60802 
postmaste  1618      postgres   11u  IPv4  24354      0t0       TCP aap24-database.aap-test.local:postgres->aap24-control.aap-test.local:60222 (ESTABLISHED)
postmaste  1619      postgres   10u  IPv6  24817      0t0       UDP localhost:60802->localhost:60802 
postmaste  1619      postgres   11u  IPv4  24355      0t0       TCP aap24-database.aap-test.local:postgres->aap24-control.aap-test.local:60230 (ESTABLISHED)
postmaste  1620      postgres   10u  IPv6  24817      0t0       UDP localhost:60802->localhost:60802 
postmaste  1620      postgres   11u  IPv4  24356      0t0       TCP aap24-database.aap-test.local:postgres->aap24-control.aap-test.local:60236 (ESTABLISHED)
postmaste  1954      postgres   10u  IPv6  24817      0t0       UDP localhost:60802->localhost:60802 
postmaste  1954      postgres   11u  IPv4  27507      0t0       TCP aap24-database.aap-test.local:postgres->aap24-control.aap-test.local:59734 (ESTABLISHED)
bash       9809          root  cwd    DIR  253,0      142  67240070 /root
bash       9809          root  rtd    DIR  253,0      235       128 /
bash       9809          root  txt    REG  253,0  1389072  67333814 /usr/bin/bash
bash       9809          root  mem    REG  253,0  2586930     36580 /usr/lib/locale/en_US.utf8/LC_COLLATE
bash       9809          root  mem    REG  253,0  2544344 100688096 /usr/lib64/libc.so.6
bash       9809          root  mem    REG  253,0   346132 100687773 /usr/lib/locale/C.utf8/LC_CTYPE
bash       9809          root  mem    REG  253,0       54     36583 /usr/lib/locale/en_US.utf8/LC_NUMERIC
bash       9809          root  mem    REG  253,0     3284  33639493 /usr/lib/locale/en_US.utf8/LC_TIME
bash       9809          root  mem    REG  253,0      286  33639491 /usr/lib/locale/en_US.utf8/LC_MONETARY
bash       9809          root  mem    REG  253,0       57  33639504 /usr/lib/locale/en_US.utf8/LC_MESSAGES/SYS_LC_MESSAGES
bash       9809          root  mem    REG  253,0    26988  67334001 /usr/lib64/gconv/gconv-modules.cache
bash       9809          root  mem    REG  253,0   195080 100687757 /usr/lib64/libtinfo.so.6.2
bash       9809          root  mem    REG  253,0       34 100688074 /usr/lib/locale/en_US.utf8/LC_PAPER
bash       9809          root  mem    REG  253,0       77     36582 /usr/lib/locale/en_US.utf8/LC_NAME
bash       9809          root  mem    REG  253,0      167  33639487 /usr/lib/locale/en_US.utf8/LC_ADDRESS
bash       9809          root  mem    REG  253,0       59  33639492 /usr/lib/locale/en_US.utf8/LC_TELEPHONE
bash       9809          root  mem    REG  253,0       23  33639490 /usr/lib/locale/en_US.utf8/LC_MEASUREMENT
bash       9809          root  mem    REG  253,0      369  33639489 /usr/lib/locale/en_US.utf8/LC_IDENTIFICATION
bash       9809          root  mem    REG  253,0   897856 100688092 /usr/lib64/ld-linux-x86-64.so.2
bash       9809          root    0r   CHR    1,3      0t0         4 /dev/null
bash       9809          root    1w   REG  253,0        0  34096961 /tmp/memory_monitor.log
bash       9809          root    2w   REG  253,0        0  34096961 /tmp/memory_monitor.log
bash       9809          root    3r  FIFO   0,13      0t0     98901 pipe
postmaste 12542      postgres   10u  IPv6  24817      0t0       UDP localhost:60802->localhost:60802 
postmaste 12542      postgres   11u  IPv4  98851      0t0       TCP aap24-database.aap-test.local:postgres->aap24-control.aap-test.local:60618 (ESTABLISHED)
postmaste 12543      postgres   10u  IPv6  24817      0t0       UDP localhost:60802->localhost:60802 
postmaste 12543      postgres   11u  IPv4  98285      0t0       TCP aap24-database.aap-test.local:postgres->aap24-control.aap-test.local:60634 (ESTABLISHED)
postmaste 12544      postgres   10u  IPv6  24817      0t0       UDP localhost:60802->localhost:60802 
postmaste 12544      postgres   11u  IPv4  99594      0t0       TCP aap24-database.aap-test.local:postgres->aap24-control.aap-test.local:60642 (ESTABLISHED)
postmaste 12545      postgres   10u  IPv6  24817      0t0       UDP localhost:60802->localhost:60802 
postmaste 12545      postgres   11u  IPv4  99595      0t0       TCP aap24-database.aap-test.local:postgres->aap24-control.aap-test.local:60658 (ESTABLISHED)
postmaste 12546      postgres   10u  IPv6  24817      0t0       UDP localhost:60802->localhost:60802 
postmaste 12546      postgres   11u  IPv4  99596      0t0       TCP aap24-database.aap-test.local:postgres->aap24-control.aap-test.local:60668 (ESTABLISHED)

    PID    PPID CMD                           RSS    VSZ %CPU %MEM     ELAPSED
Receptor Child Processes for PID 12575:
  No child processes found
Receptor Threads for PID 12575:
    PID    SPID %CPU %MEM   RSS COMMAND
Receptor Network Connections for PID 12575:
COMMAND     PID          USER   FD   TYPE DEVICE SIZE/OFF NODE NAME
chronyd     752        chrony    5u  IPv4  22139      0t0  UDP localhost:323 
chronyd     752        chrony    6u  IPv6  22140      0t0  UDP localhost:323 
NetworkMa   756          root   26u  IPv4  24074      0t0  UDP aap24-database.aap-test.local:bootpc->pi.hole:bootps 
sshd        781          root    3u  IPv4  22290      0t0  TCP *:ssh (LISTEN)
sshd        781          root    4u  IPv6  22292      0t0  TCP *:ssh (LISTEN)
postmaste   801      postgres    6u  IPv4  24781      0t0  TCP *:postgres (LISTEN)
postmaste   801      postgres    7u  IPv6  24782      0t0  TCP *:postgres (LISTEN)
postmaste   801      postgres   10u  IPv6  24817      0t0  UDP localhost:60802->localhost:60802 
postmaste   852      postgres   10u  IPv6  24817      0t0  UDP localhost:60802->localhost:60802 
postmaste   853      postgres   10u  IPv6  24817      0t0  UDP localhost:60802->localhost:60802 
postmaste   854      postgres   10u  IPv6  24817      0t0  UDP localhost:60802->localhost:60802 
postmaste   855      postgres   10u  IPv6  24817      0t0  UDP localhost:60802->localhost:60802 
postmaste   856      postgres   10u  IPv6  24817      0t0  UDP localhost:60802->localhost:60802 
postmaste   857      postgres   10u  IPv6  24817      0t0  UDP localhost:60802->localhost:60802 
node_expo  1086 node_exporter    3u  IPv6  25667      0t0  TCP *:jetdirect (LISTEN)
node_expo  1086 node_exporter    7u  IPv6  25847      0t0  TCP aap24-database.aap-test.local:jetdirect->monitoring-node.aap-test.local:41738 (ESTABLISHED)
postmaste  1568      postgres   10u  IPv6  24817      0t0  UDP localhost:60802->localhost:60802 
postmaste  1568      postgres   11u  IPv4  24288      0t0  TCP aap24-database.aap-test.local:postgres->aap24-control.aap-test.local:59996 (ESTABLISHED)
postmaste  1569      postgres   10u  IPv6  24817      0t0  UDP localhost:60802->localhost:60802 
postmaste  1569      postgres   11u  IPv4  24289      0t0  TCP aap24-database.aap-test.local:postgres->aap24-control.aap-test.local:60002 (ESTABLISHED)
postmaste  1591      postgres   10u  IPv6  24817      0t0  UDP localhost:60802->localhost:60802 
postmaste  1591      postgres   11u  IPv4  24320      0t0  TCP aap24-database.aap-test.local:postgres->aap24-control.aap-test.local:60098 (ESTABLISHED)
postmaste  1592      postgres   10u  IPv6  24817      0t0  UDP localhost:60802->localhost:60802 
postmaste  1592      postgres   11u  IPv4  24321      0t0  TCP aap24-database.aap-test.local:postgres->aap24-control.aap-test.local:60106 (ESTABLISHED)
postmaste  1595      postgres   10u  IPv6  24817      0t0  UDP localhost:60802->localhost:60802 
postmaste  1595      postgres   11u  IPv4  24329      0t0  TCP aap24-database.aap-test.local:postgres->aap24-control.aap-test.local:60146 (ESTABLISHED)
postmaste  1596      postgres   10u  IPv6  24817      0t0  UDP localhost:60802->localhost:60802 
postmaste  1596      postgres   11u  IPv4  24330      0t0  TCP aap24-database.aap-test.local:postgres->aap24-control.aap-test.local:60152 (ESTABLISHED)
postmaste  1597      postgres   10u  IPv6  24817      0t0  UDP localhost:60802->localhost:60802 
postmaste  1597      postgres   11u  IPv4  24331      0t0  TCP aap24-database.aap-test.local:postgres->aap24-control.aap-test.local:60158 (ESTABLISHED)
postmaste  1598      postgres   10u  IPv6  24817      0t0  UDP localhost:60802->localhost:60802 
postmaste  1598      postgres   11u  IPv4  24332      0t0  TCP aap24-database.aap-test.local:postgres->aap24-control.aap-test.local:60162 (ESTABLISHED)
postmaste  1612      postgres   10u  IPv6  24817      0t0  UDP localhost:60802->localhost:60802 
postmaste  1612      postgres   11u  IPv4  24348      0t0  TCP aap24-database.aap-test.local:postgres->aap24-control.aap-test.local:60182 (ESTABLISHED)
postmaste  1613      postgres   10u  IPv6  24817      0t0  UDP localhost:60802->localhost:60802 
postmaste  1613      postgres   11u  IPv4  24349      0t0  TCP aap24-database.aap-test.local:postgres->aap24-control.aap-test.local:60184 (ESTABLISHED)
postmaste  1614      postgres   10u  IPv6  24817      0t0  UDP localhost:60802->localhost:60802 
postmaste  1614      postgres   11u  IPv4  24350      0t0  TCP aap24-database.aap-test.local:postgres->aap24-control.aap-test.local:60198 (ESTABLISHED)
postmaste  1615      postgres   10u  IPv6  24817      0t0  UDP localhost:60802->localhost:60802 
postmaste  1615      postgres   11u  IPv4  24351      0t0  TCP aap24-database.aap-test.local:postgres->aap24-control.aap-test.local:60206 (ESTABLISHED)
postmaste  1616      postgres   10u  IPv6  24817      0t0  UDP localhost:60802->localhost:60802 
postmaste  1616      postgres   11u  IPv4  24352      0t0  TCP aap24-database.aap-test.local:postgres->aap24-control.aap-test.local:60214 (ESTABLISHED)
postmaste  1617      postgres   10u  IPv6  24817      0t0  UDP localhost:60802->localhost:60802 
postmaste  1617      postgres   11u  IPv4  24353      0t0  TCP aap24-database.aap-test.local:postgres->aap24-control.aap-test.local:60220 (ESTABLISHED)
postmaste  1618      postgres   10u  IPv6  24817      0t0  UDP localhost:60802->localhost:60802 
postmaste  1618      postgres   11u  IPv4  24354      0t0  TCP aap24-database.aap-test.local:postgres->aap24-control.aap-test.local:60222 (ESTABLISHED)
postmaste  1619      postgres   10u  IPv6  24817      0t0  UDP localhost:60802->localhost:60802 
postmaste  1619      postgres   11u  IPv4  24355      0t0  TCP aap24-database.aap-test.local:postgres->aap24-control.aap-test.local:60230 (ESTABLISHED)
postmaste  1620      postgres   10u  IPv6  24817      0t0  UDP localhost:60802->localhost:60802 
postmaste  1620      postgres   11u  IPv4  24356      0t0  TCP aap24-database.aap-test.local:postgres->aap24-control.aap-test.local:60236 (ESTABLISHED)
postmaste  1954      postgres   10u  IPv6  24817      0t0  UDP localhost:60802->localhost:60802 
postmaste  1954      postgres   11u  IPv4  27507      0t0  TCP aap24-database.aap-test.local:postgres->aap24-control.aap-test.local:59734 (ESTABLISHED)
postmaste 12542      postgres   10u  IPv6  24817      0t0  UDP localhost:60802->localhost:60802 
postmaste 12542      postgres   11u  IPv4  98851      0t0  TCP aap24-database.aap-test.local:postgres->aap24-control.aap-test.local:60618 (ESTABLISHED)
postmaste 12543      postgres   10u  IPv6  24817      0t0  UDP localhost:60802->localhost:60802 
postmaste 12543      postgres   11u  IPv4  98285      0t0  TCP aap24-database.aap-test.local:postgres->aap24-control.aap-test.local:60634 (ESTABLISHED)
postmaste 12544      postgres   10u  IPv6  24817      0t0  UDP localhost:60802->localhost:60802 
postmaste 12544      postgres   11u  IPv4  99594      0t0  TCP aap24-database.aap-test.local:postgres->aap24-control.aap-test.local:60642 (ESTABLISHED)
postmaste 12545      postgres   10u  IPv6  24817      0t0  UDP localhost:60802->localhost:60802 
postmaste 12545      postgres   11u  IPv4  99595      0t0  TCP aap24-database.aap-test.local:postgres->aap24-control.aap-test.local:60658 (ESTABLISHED)
postmaste 12546      postgres   10u  IPv6  24817      0t0  UDP localhost:60802->localhost:60802 
postmaste 12546      postgres   11u  IPv4  99596      0t0  TCP aap24-database.aap-test.local:postgres->aap24-control.aap-test.local:60668 (ESTABLISHED)
  No network connections found

=== RECEPTOR MEMORY SUMMARY ===
Total Receptor RSS Memory: 3328 KB (3 MB)
Total Receptor VSZ Memory: 7260 KB (7 MB)
Number of Receptor Processes: 2

AAP-related Processes and Children:
=== AAP Service Processes ===
Process: bash (PID: 9809)
    PID    PPID CMD                           RSS
   9809       1 bash -c  log_file="/tmp/mem  3328
  Children of PID 9809:
    PID    PPID CMD                           RSS
  12634    9809 bash -c  log_file="/tmp/mem  2128

Process: bash (PID: 12634)
    PID    PPID CMD                           RSS
  12634    9809 bash -c  log_file="/tmp/mem  2128
  Children of PID 12634:
    PID    PPID CMD                           RSS


Process Tree for AAP Services:
=== automation-controller Process Tree ===
bash(9809)---pstree(12645)
=== receptor Process Tree ===
bash(9809)---pstree(12649)
=== nginx Process Tree ===
bash(9809)---pstree(12653)
=== postgresql Process Tree ===
bash(9809)---pstree(12657)
=== redis Process Tree ===
bash(9809)---pstree(12661)
=== uwsgi Process Tree ===
bash(9809)---pstree(12665)
=== automation-hub Process Tree ===
bash(9809)---pstree(12669)
=== automation-eda Process Tree ===
bash(9809)---pstree(12673)

Memory monitoring completed for aap24 heavy test at Fri Jun 27 02:42:19 PM PDT 2025
