Starting memory monitoring for aap25 medium test at Mon Jul  7 09:06:05 AM PDT 2025
=================================================================================
2025-07-07 09:06:05
Memory Usage Report:
               total        used        free      shared  buff/cache   available
Mem:            7681        2487        4210          48        1323        5193
Swap:           3071           0        3071

Top 10 Processes by RSS Memory:
    PID    PPID CMD                           RSS
   1639     774 /var/lib/awx/venv/awx/bin/p 174964
   1655     774 /var/lib/awx/venv/awx/bin/p 167664
   1640     774 /var/lib/awx/venv/awx/bin/p 167644
   1685    1639 /var/lib/awx/venv/awx/bin/p 167636
   1687    1639 /var/lib/awx/venv/awx/bin/p 166768
   1686    1639 /var/lib/awx/venv/awx/bin/p 166636
   1684    1639 /var/lib/awx/venv/awx/bin/p 166500
   1156     774 /var/lib/awx/venv/awx/bin/p 156132
   1691    1640 /var/lib/awx/venv/awx/bin/p 155512
   1692    1640 /var/lib/awx/venv/awx/bin/p 155512

=== RECEPTOR PROCESS ANALYSIS ===
Receptor Main Processes:
    PID    PPID CMD                           RSS    VSZ %CPU %MEM     ELAPSED
    748       1 /usr/bin/receptor -c /etc/r 59836 1790028 0.0  0.7  3-19:03:02
Receptor Child Processes for PID 748:
  No child processes found
Receptor Threads for PID 748:
    PID    SPID %CPU %MEM   RSS COMMAND
    748     748  0.0  0.7 59836 receptor
    748     752  0.0  0.7 59836 receptor
    748     753  0.0  0.7 59836 receptor
    748     754  0.0  0.7 59836 receptor
    748     755  0.0  0.7 59836 receptor
    748     756  0.0  0.7 59836 receptor
    748     762  0.0  0.7 59836 receptor
    748    3478  0.0  0.7 59836 receptor
Receptor Network Connections for PID 748:
COMMAND      PID          USER   FD      TYPE             DEVICE SIZE/OFF     NODE NAME
receptor     748           awx  cwd       DIR              253,0      235      128 /
receptor     748           awx  rtd       DIR              253,0      235      128 /
receptor     748           awx  txt       REG              253,0 55920336 33952409 /usr/bin/receptor
receptor     748           awx  mem       REG              253,0  5436640 50591543 /usr/lib64/libcrypto.so.3.2.2
receptor     748           awx  mem       REG              253,0  2544344 50590560 /usr/lib64/libc.so.6
receptor     748           awx  mem       REG              253,0   102552 50590580 /usr/lib64/libz.so.1.2.11
receptor     748           awx  mem       REG              253,0    70520 50590571 /usr/lib64/libresolv.so.2
receptor     748           awx  mem       REG              253,0   897856 50590556 /usr/lib64/ld-linux-x86-64.so.2
receptor     748           awx    0r      CHR                1,3      0t0        4 /dev/null
receptor     748           awx    1w      REG              253,0     3432 17534110 /var/log/receptor/receptor.log
receptor     748           awx    2w      REG              253,0     3432 17534110 /var/log/receptor/receptor.log
receptor     748           awx    3r  a_inode               0,14        0       59 inotify
receptor     748           awx    4u  a_inode               0,14        0       59 [eventpoll:5,7,9,12,14,17,18,19,20,21,22,25,28,30,31,32,33,36,37,39,40,41,42,43,44,45,47,50,51,52,53,55...]
receptor     748           awx    5r     FIFO               0,13      0t0    23656 pipe
receptor     748           awx    6w     FIFO               0,13      0t0    23656 pipe
receptor     748           awx    7r  a_inode               0,14        0       59 inotify
receptor     748           awx    8r  a_inode               0,14        0       59 inotify
receptor     748           awx    9r  a_inode               0,14        0       59 inotify
receptor     748           awx   10r  a_inode               0,14        0       59 inotify
receptor     748           awx   11r  a_inode               0,14        0       59 inotify
receptor     748           awx   12r  a_inode               0,14        0       59 inotify
receptor     748           awx   13rW     REG               0,24        0      958 /run/awx-receptor/receptor.sock.lock
receptor     748           awx   14u     unix 0xffff9e4b07ccf300      0t0    22691 /var/run/awx-receptor/receptor.sock type=STREAM (LISTEN)
receptor     748           awx   15u     IPv6              23673      0t0      TCP *:27199 (LISTEN)
receptor     748           awx   16r  a_inode               0,14        0       59 inotify
receptor     748           awx   17r  a_inode               0,14        0       59 inotify
receptor     748           awx   18r  a_inode               0,14        0       59 inotify
receptor     748           awx   19r  a_inode               0,14        0       59 inotify
receptor     748           awx   20r  a_inode               0,14        0       59 inotify
receptor     748           awx   21r  a_inode               0,14        0       59 inotify
receptor     748           awx   22r  a_inode               0,14        0       59 inotify
receptor     748           awx   23u     IPv6              24302      0t0      TCP aap25-control.aap-test.local:27199->aap25-execution.aap-test.local:35552 (ESTABLISHED)
receptor     748           awx   25r  a_inode               0,14        0       59 inotify
receptor     748           awx   26r  a_inode               0,14        0       59 inotify
receptor     748           awx   27r  a_inode               0,14        0       59 inotify
receptor     748           awx   28r  a_inode               0,14        0       59 inotify
receptor     748           awx   29r  a_inode               0,14        0       59 inotify
receptor     748           awx   30r  a_inode               0,14        0       59 inotify
receptor     748           awx   31r  a_inode               0,14        0       59 inotify
receptor     748           awx   32r  a_inode               0,14        0       59 inotify
receptor     748           awx   33r  a_inode               0,14        0       59 inotify
receptor     748           awx   34r  a_inode               0,14        0       59 inotify
receptor     748           awx   35r  a_inode               0,14        0       59 inotify
receptor     748           awx   36r  a_inode               0,14        0       59 inotify
receptor     748           awx   37r  a_inode               0,14        0       59 inotify
receptor     748           awx   38r  a_inode               0,14        0       59 inotify
receptor     748           awx   39r  a_inode               0,14        0       59 inotify
receptor     748           awx   40r  a_inode               0,14        0       59 inotify
receptor     748           awx   41r  a_inode               0,14        0       59 inotify
receptor     748           awx   42r  a_inode               0,14        0       59 inotify
receptor     748           awx   43r  a_inode               0,14        0       59 inotify
receptor     748           awx   44r  a_inode               0,14        0       59 inotify
receptor     748           awx   45r  a_inode               0,14        0       59 inotify
receptor     748           awx   46r  a_inode               0,14        0       59 inotify
receptor     748           awx   47r  a_inode               0,14        0       59 inotify
receptor     748           awx   48r  a_inode               0,14        0       59 inotify
receptor     748           awx   49r  a_inode               0,14        0       59 inotify
receptor     748           awx   50r  a_inode               0,14        0       59 inotify
receptor     748           awx   51r  a_inode               0,14        0       59 inotify
receptor     748           awx   52r  a_inode               0,14        0       59 inotify
receptor     748           awx   53r  a_inode               0,14        0       59 inotify
receptor     748           awx   54r  a_inode               0,14        0       59 inotify
receptor     748           awx   55r  a_inode               0,14        0       59 inotify
receptor     748           awx   56r  a_inode               0,14        0       59 inotify
receptor     748           awx   57r  a_inode               0,14        0       59 inotify
receptor     748           awx   58r  a_inode               0,14        0       59 inotify
receptor     748           awx   59r  a_inode               0,14        0       59 inotify
receptor     748           awx   60r  a_inode               0,14        0       59 inotify
receptor     748           awx   61r  a_inode               0,14        0       59 inotify
chronyd      759        chrony    5u     IPv4              22678      0t0      UDP localhost:323 
chronyd      759        chrony    6u     IPv6              22679      0t0      UDP localhost:323 
NetworkMa    764          root   26u     IPv4              26052      0t0      UDP aap25-control.aap-test.local:bootpc->pi.hole:bootps 
sshd         790          root    3u     IPv4              25862      0t0      TCP *:ssh (LISTEN)
sshd         790          root    4u     IPv6              25864      0t0      TCP *:ssh (LISTEN)
node_expo   1103 node_exporter    3u     IPv6              26086      0t0      TCP *:jetdirect (LISTEN)
node_expo   1103 node_exporter    7u     IPv6              26561      0t0      TCP aap25-control.aap-test.local:jetdirect->monitoring-node.aap-test.local:46350 (ESTABLISHED)
daphne      1156           awx   14u     IPv4              24392      0t0      TCP aap25-control.aap-test.local:58186->aap25-database.aap-test.local:postgres (ESTABLISHED)
nginx       1163          root    8u     IPv4              26119      0t0      TCP *:https (LISTEN)
nginx       1163          root    9u     IPv6              26120      0t0      TCP *:https (LISTEN)
nginx       1163          root   10u     IPv4              26121      0t0      TCP *:http (LISTEN)
nginx       1163          root   11u     IPv6              26122      0t0      TCP *:http (LISTEN)
nginx       1164         nginx    4u     IPv4            4730644      0t0      TCP aap25-control.aap-test.local:https->192.168.1.30:57628 (ESTABLISHED)
nginx       1164         nginx    8u     IPv4              26119      0t0      TCP *:https (LISTEN)
nginx       1164         nginx    9u     IPv6              26120      0t0      TCP *:https (LISTEN)
nginx       1164         nginx   10u     IPv4              26121      0t0      TCP *:http (LISTEN)
nginx       1164         nginx   11u     IPv6              26122      0t0      TCP *:http (LISTEN)
nginx       1165         nginx    8u     IPv4              26119      0t0      TCP *:https (LISTEN)
nginx       1165         nginx    9u     IPv6              26120      0t0      TCP *:https (LISTEN)
nginx       1165         nginx   10u     IPv4              26121      0t0      TCP *:http (LISTEN)
nginx       1165         nginx   11u     IPv6              26122      0t0      TCP *:http (LISTEN)
nginx       1169         nginx    4u     IPv4            4744305      0t0      TCP aap25-control.aap-test.local:https->192.168.1.30:41934 (ESTABLISHED)
nginx       1169         nginx    8u     IPv4              26119      0t0      TCP *:https (LISTEN)
nginx       1169         nginx    9u     IPv6              26120      0t0      TCP *:https (LISTEN)
nginx       1169         nginx   10u     IPv4              26121      0t0      TCP *:http (LISTEN)
nginx       1169         nginx   11u     IPv6              26122      0t0      TCP *:http (LISTEN)
nginx       1170         nginx    8u     IPv4              26119      0t0      TCP *:https (LISTEN)
nginx       1170         nginx    9u     IPv6              26120      0t0      TCP *:https (LISTEN)
nginx       1170         nginx   10u     IPv4              26121      0t0      TCP *:http (LISTEN)
nginx       1170         nginx   11u     IPv6              26122      0t0      TCP *:http (LISTEN)
awx-manag   1639           awx   15u     IPv6              24454      0t0      TCP localhost:8015 (LISTEN)
awx-manag   1639           awx   39u     IPv4              24471      0t0      TCP aap25-control.aap-test.local:58302->aap25-database.aap-test.local:postgres (ESTABLISHED)
awx-manag   1639           awx   40u     IPv4              24474      0t0      TCP aap25-control.aap-test.local:58306->aap25-database.aap-test.local:postgres (ESTABLISHED)
awx-manag   1640           awx   15u     IPv6              23442      0t0      TCP localhost:8014 (LISTEN)
awx-manag   1641           awx    9u     IPv6              26650      0t0      TCP localhost:8016 (LISTEN)
awx-manag   1641           awx   18u     IPv4              26653      0t0      TCP aap25-control.aap-test.local:58288->aap25-database.aap-test.local:postgres (ESTABLISHED)
awx-manag   1642           awx    9u     IPv4              26493      0t0      TCP aap25-control.aap-test.local:58258->aap25-database.aap-test.local:postgres (ESTABLISHED)
awx-manag   1655           awx    9u     IPv4              26549      0t0      TCP aap25-control.aap-test.local:58310->aap25-database.aap-test.local:postgres (ESTABLISHED)
awx-manag   1684           awx   15u     IPv6              24454      0t0      TCP localhost:8015 (LISTEN)
awx-manag   1684           awx   24u     IPv4            4815483      0t0      TCP aap25-control.aap-test.local:54934->aap25-database.aap-test.local:postgres (ESTABLISHED)
awx-manag   1685           awx   15u     IPv6              24454      0t0      TCP localhost:8015 (LISTEN)
awx-manag   1685           awx   29u     IPv4            4813557      0t0      TCP aap25-control.aap-test.local:58044->aap25-database.aap-test.local:postgres (ESTABLISHED)
awx-manag   1686           awx   15u     IPv6              24454      0t0      TCP localhost:8015 (LISTEN)
awx-manag   1686           awx   35u     IPv4            4816130      0t0      TCP aap25-control.aap-test.local:51074->aap25-database.aap-test.local:postgres (ESTABLISHED)
awx-manag   1687           awx   15u     IPv6              24454      0t0      TCP localhost:8015 (LISTEN)
awx-manag   1687           awx   41u     IPv4            4813719      0t0      TCP aap25-control.aap-test.local:49940->aap25-database.aap-test.local:postgres (ESTABLISHED)
awx-manag   1689           awx   15u     IPv6              23442      0t0      TCP localhost:8014 (LISTEN)
awx-manag   1690           awx   15u     IPv6              23442      0t0      TCP localhost:8014 (LISTEN)
awx-manag   1691           awx   15u     IPv6              23442      0t0      TCP localhost:8014 (LISTEN)
awx-manag   1692           awx   15u     IPv6              23442      0t0      TCP localhost:8014 (LISTEN)
sshd      759920          root    4u     IPv4            4814652      0t0      TCP aap25-control.aap-test.local:ssh->192.168.1.49:33560 (ESTABLISHED)
sshd      759940          root    4u     IPv4            4814652      0t0      TCP aap25-control.aap-test.local:ssh->192.168.1.49:33560 (ESTABLISHED)

    PID    PPID CMD                           RSS    VSZ %CPU %MEM     ELAPSED
 760078       1 bash -c  log_file="/tmp/mem  3456   7260  0.0  0.0       00:00
Receptor Child Processes for PID 760078:
      PID    PPID CMD                           RSS    VSZ %CPU %MEM     ELAPSED
Receptor Threads for PID 760078:
    PID    SPID %CPU %MEM   RSS COMMAND
 760078  760078  0.0  0.0  3456 bash
Receptor Network Connections for PID 760078:
COMMAND      PID          USER   FD   TYPE  DEVICE SIZE/OFF     NODE NAME
receptor     748           awx   15u  IPv6   23673      0t0      TCP *:27199 (LISTEN)
receptor     748           awx   23u  IPv6   24302      0t0      TCP aap25-control.aap-test.local:27199->aap25-execution.aap-test.local:35552 (ESTABLISHED)
chronyd      759        chrony    5u  IPv4   22678      0t0      UDP localhost:323 
chronyd      759        chrony    6u  IPv6   22679      0t0      UDP localhost:323 
NetworkMa    764          root   26u  IPv4   26052      0t0      UDP aap25-control.aap-test.local:bootpc->pi.hole:bootps 
sshd         790          root    3u  IPv4   25862      0t0      TCP *:ssh (LISTEN)
sshd         790          root    4u  IPv6   25864      0t0      TCP *:ssh (LISTEN)
node_expo   1103 node_exporter    3u  IPv6   26086      0t0      TCP *:jetdirect (LISTEN)
node_expo   1103 node_exporter    7u  IPv6   26561      0t0      TCP aap25-control.aap-test.local:jetdirect->monitoring-node.aap-test.local:46350 (ESTABLISHED)
daphne      1156           awx   14u  IPv4   24392      0t0      TCP aap25-control.aap-test.local:58186->aap25-database.aap-test.local:postgres (ESTABLISHED)
nginx       1163          root    8u  IPv4   26119      0t0      TCP *:https (LISTEN)
nginx       1163          root    9u  IPv6   26120      0t0      TCP *:https (LISTEN)
nginx       1163          root   10u  IPv4   26121      0t0      TCP *:http (LISTEN)
nginx       1163          root   11u  IPv6   26122      0t0      TCP *:http (LISTEN)
nginx       1164         nginx    4u  IPv4 4730644      0t0      TCP aap25-control.aap-test.local:https->192.168.1.30:57628 (ESTABLISHED)
nginx       1164         nginx    8u  IPv4   26119      0t0      TCP *:https (LISTEN)
nginx       1164         nginx    9u  IPv6   26120      0t0      TCP *:https (LISTEN)
nginx       1164         nginx   10u  IPv4   26121      0t0      TCP *:http (LISTEN)
nginx       1164         nginx   11u  IPv6   26122      0t0      TCP *:http (LISTEN)
nginx       1165         nginx    8u  IPv4   26119      0t0      TCP *:https (LISTEN)
nginx       1165         nginx    9u  IPv6   26120      0t0      TCP *:https (LISTEN)
nginx       1165         nginx   10u  IPv4   26121      0t0      TCP *:http (LISTEN)
nginx       1165         nginx   11u  IPv6   26122      0t0      TCP *:http (LISTEN)
nginx       1169         nginx    4u  IPv4 4744305      0t0      TCP aap25-control.aap-test.local:https->192.168.1.30:41934 (ESTABLISHED)
nginx       1169         nginx    8u  IPv4   26119      0t0      TCP *:https (LISTEN)
nginx       1169         nginx    9u  IPv6   26120      0t0      TCP *:https (LISTEN)
nginx       1169         nginx   10u  IPv4   26121      0t0      TCP *:http (LISTEN)
nginx       1169         nginx   11u  IPv6   26122      0t0      TCP *:http (LISTEN)
nginx       1170         nginx    8u  IPv4   26119      0t0      TCP *:https (LISTEN)
nginx       1170         nginx    9u  IPv6   26120      0t0      TCP *:https (LISTEN)
nginx       1170         nginx   10u  IPv4   26121      0t0      TCP *:http (LISTEN)
nginx       1170         nginx   11u  IPv6   26122      0t0      TCP *:http (LISTEN)
awx-manag   1639           awx   15u  IPv6   24454      0t0      TCP localhost:8015 (LISTEN)
awx-manag   1639           awx   39u  IPv4   24471      0t0      TCP aap25-control.aap-test.local:58302->aap25-database.aap-test.local:postgres (ESTABLISHED)
awx-manag   1639           awx   40u  IPv4   24474      0t0      TCP aap25-control.aap-test.local:58306->aap25-database.aap-test.local:postgres (ESTABLISHED)
awx-manag   1640           awx   15u  IPv6   23442      0t0      TCP localhost:8014 (LISTEN)
awx-manag   1641           awx    9u  IPv6   26650      0t0      TCP localhost:8016 (LISTEN)
awx-manag   1641           awx   18u  IPv4   26653      0t0      TCP aap25-control.aap-test.local:58288->aap25-database.aap-test.local:postgres (ESTABLISHED)
awx-manag   1642           awx    9u  IPv4   26493      0t0      TCP aap25-control.aap-test.local:58258->aap25-database.aap-test.local:postgres (ESTABLISHED)
awx-manag   1655           awx    9u  IPv4   26549      0t0      TCP aap25-control.aap-test.local:58310->aap25-database.aap-test.local:postgres (ESTABLISHED)
awx-manag   1684           awx   15u  IPv6   24454      0t0      TCP localhost:8015 (LISTEN)
awx-manag   1684           awx   24u  IPv4 4815483      0t0      TCP aap25-control.aap-test.local:54934->aap25-database.aap-test.local:postgres (ESTABLISHED)
awx-manag   1685           awx   15u  IPv6   24454      0t0      TCP localhost:8015 (LISTEN)
awx-manag   1685           awx   29u  IPv4 4813557      0t0      TCP aap25-control.aap-test.local:58044->aap25-database.aap-test.local:postgres (ESTABLISHED)
awx-manag   1686           awx   15u  IPv6   24454      0t0      TCP localhost:8015 (LISTEN)
awx-manag   1686           awx   35u  IPv4 4816130      0t0      TCP aap25-control.aap-test.local:51074->aap25-database.aap-test.local:postgres (ESTABLISHED)
awx-manag   1687           awx   15u  IPv6   24454      0t0      TCP localhost:8015 (LISTEN)
awx-manag   1687           awx   41u  IPv4 4813719      0t0      TCP aap25-control.aap-test.local:49940->aap25-database.aap-test.local:postgres (ESTABLISHED)
awx-manag   1689           awx   15u  IPv6   23442      0t0      TCP localhost:8014 (LISTEN)
awx-manag   1690           awx   15u  IPv6   23442      0t0      TCP localhost:8014 (LISTEN)
awx-manag   1691           awx   15u  IPv6   23442      0t0      TCP localhost:8014 (LISTEN)
awx-manag   1692           awx   15u  IPv6   23442      0t0      TCP localhost:8014 (LISTEN)
sshd      759920          root    4u  IPv4 4814652      0t0      TCP aap25-control.aap-test.local:ssh->192.168.1.49:33560 (ESTABLISHED)
sshd      759940          root    4u  IPv4 4814652      0t0      TCP aap25-control.aap-test.local:ssh->192.168.1.49:33560 (ESTABLISHED)
bash      760078          root  cwd    DIR   253,0     4096 33685638 /root
bash      760078          root  rtd    DIR   253,0      235      128 /
bash      760078          root  txt    REG   253,0  1389072 33755766 /usr/bin/bash
bash      760078          root  mem    REG   253,0  2586930   223716 /usr/lib/locale/en_US.utf8/LC_COLLATE
bash      760078          root  mem    REG   253,0  2544344 50590560 /usr/lib64/libc.so.6
bash      760078          root  mem    REG   253,0   346132 50590237 /usr/lib/locale/C.utf8/LC_CTYPE
bash      760078          root  mem    REG   253,0       54   223719 /usr/lib/locale/en_US.utf8/LC_NUMERIC
bash      760078          root  mem    REG   253,0     3284 17219141 /usr/lib/locale/en_US.utf8/LC_TIME
bash      760078          root  mem    REG   253,0      286 17219139 /usr/lib/locale/en_US.utf8/LC_MONETARY
bash      760078          root  mem    REG   253,0       57 17219152 /usr/lib/locale/en_US.utf8/LC_MESSAGES/SYS_LC_MESSAGES
bash      760078          root  mem    REG   253,0    26988 33841777 /usr/lib64/gconv/gconv-modules.cache
bash      760078          root  mem    REG   253,0   195080 50590221 /usr/lib64/libtinfo.so.6.2
bash      760078          root  mem    REG   253,0       34 50590538 /usr/lib/locale/en_US.utf8/LC_PAPER
bash      760078          root  mem    REG   253,0       77   223718 /usr/lib/locale/en_US.utf8/LC_NAME
bash      760078          root  mem    REG   253,0      167 17219135 /usr/lib/locale/en_US.utf8/LC_ADDRESS
bash      760078          root  mem    REG   253,0       59 17219140 /usr/lib/locale/en_US.utf8/LC_TELEPHONE
bash      760078          root  mem    REG   253,0       23 17219138 /usr/lib/locale/en_US.utf8/LC_MEASUREMENT
bash      760078          root  mem    REG   253,0      369 17219137 /usr/lib/locale/en_US.utf8/LC_IDENTIFICATION
bash      760078          root  mem    REG   253,0   897856 50590556 /usr/lib64/ld-linux-x86-64.so.2
bash      760078          root    0r   CHR     1,3      0t0        4 /dev/null
bash      760078          root    1w   REG   253,0        0 18572042 /tmp/memory_monitor.log
bash      760078          root    2w   REG   253,0        0 18572042 /tmp/memory_monitor.log
bash      760078          root    3r  FIFO    0,13      0t0  4817080 pipe

    PID    PPID CMD                           RSS    VSZ %CPU %MEM     ELAPSED
Receptor Child Processes for PID 760086:
  No child processes found
Receptor Threads for PID 760086:
    PID    SPID %CPU %MEM   RSS COMMAND
Receptor Network Connections for PID 760086:
COMMAND      PID          USER   FD   TYPE  DEVICE SIZE/OFF NODE NAME
receptor     748           awx   15u  IPv6   23673      0t0  TCP *:27199 (LISTEN)
receptor     748           awx   23u  IPv6   24302      0t0  TCP aap25-control.aap-test.local:27199->aap25-execution.aap-test.local:35552 (ESTABLISHED)
chronyd      759        chrony    5u  IPv4   22678      0t0  UDP localhost:323 
chronyd      759        chrony    6u  IPv6   22679      0t0  UDP localhost:323 
NetworkMa    764          root   26u  IPv4   26052      0t0  UDP aap25-control.aap-test.local:bootpc->pi.hole:bootps 
sshd         790          root    3u  IPv4   25862      0t0  TCP *:ssh (LISTEN)
sshd         790          root    4u  IPv6   25864      0t0  TCP *:ssh (LISTEN)
node_expo   1103 node_exporter    3u  IPv6   26086      0t0  TCP *:jetdirect (LISTEN)
node_expo   1103 node_exporter    7u  IPv6   26561      0t0  TCP aap25-control.aap-test.local:jetdirect->monitoring-node.aap-test.local:46350 (ESTABLISHED)
daphne      1156           awx   14u  IPv4   24392      0t0  TCP aap25-control.aap-test.local:58186->aap25-database.aap-test.local:postgres (ESTABLISHED)
nginx       1163          root    8u  IPv4   26119      0t0  TCP *:https (LISTEN)
nginx       1163          root    9u  IPv6   26120      0t0  TCP *:https (LISTEN)
nginx       1163          root   10u  IPv4   26121      0t0  TCP *:http (LISTEN)
nginx       1163          root   11u  IPv6   26122      0t0  TCP *:http (LISTEN)
nginx       1164         nginx    4u  IPv4 4730644      0t0  TCP aap25-control.aap-test.local:https->192.168.1.30:57628 (ESTABLISHED)
nginx       1164         nginx    8u  IPv4   26119      0t0  TCP *:https (LISTEN)
nginx       1164         nginx    9u  IPv6   26120      0t0  TCP *:https (LISTEN)
nginx       1164         nginx   10u  IPv4   26121      0t0  TCP *:http (LISTEN)
nginx       1164         nginx   11u  IPv6   26122      0t0  TCP *:http (LISTEN)
nginx       1165         nginx    8u  IPv4   26119      0t0  TCP *:https (LISTEN)
nginx       1165         nginx    9u  IPv6   26120      0t0  TCP *:https (LISTEN)
nginx       1165         nginx   10u  IPv4   26121      0t0  TCP *:http (LISTEN)
nginx       1165         nginx   11u  IPv6   26122      0t0  TCP *:http (LISTEN)
nginx       1169         nginx    4u  IPv4 4744305      0t0  TCP aap25-control.aap-test.local:https->192.168.1.30:41934 (ESTABLISHED)
nginx       1169         nginx    8u  IPv4   26119      0t0  TCP *:https (LISTEN)
nginx       1169         nginx    9u  IPv6   26120      0t0  TCP *:https (LISTEN)
nginx       1169         nginx   10u  IPv4   26121      0t0  TCP *:http (LISTEN)
nginx       1169         nginx   11u  IPv6   26122      0t0  TCP *:http (LISTEN)
nginx       1170         nginx    8u  IPv4   26119      0t0  TCP *:https (LISTEN)
nginx       1170         nginx    9u  IPv6   26120      0t0  TCP *:https (LISTEN)
nginx       1170         nginx   10u  IPv4   26121      0t0  TCP *:http (LISTEN)
nginx       1170         nginx   11u  IPv6   26122      0t0  TCP *:http (LISTEN)
awx-manag   1639           awx   15u  IPv6   24454      0t0  TCP localhost:8015 (LISTEN)
awx-manag   1639           awx   39u  IPv4   24471      0t0  TCP aap25-control.aap-test.local:58302->aap25-database.aap-test.local:postgres (ESTABLISHED)
awx-manag   1639           awx   40u  IPv4   24474      0t0  TCP aap25-control.aap-test.local:58306->aap25-database.aap-test.local:postgres (ESTABLISHED)
awx-manag   1640           awx   15u  IPv6   23442      0t0  TCP localhost:8014 (LISTEN)
awx-manag   1641           awx    9u  IPv6   26650      0t0  TCP localhost:8016 (LISTEN)
awx-manag   1641           awx   18u  IPv4   26653      0t0  TCP aap25-control.aap-test.local:58288->aap25-database.aap-test.local:postgres (ESTABLISHED)
awx-manag   1642           awx    9u  IPv4   26493      0t0  TCP aap25-control.aap-test.local:58258->aap25-database.aap-test.local:postgres (ESTABLISHED)
awx-manag   1655           awx    9u  IPv4   26549      0t0  TCP aap25-control.aap-test.local:58310->aap25-database.aap-test.local:postgres (ESTABLISHED)
awx-manag   1684           awx   15u  IPv6   24454      0t0  TCP localhost:8015 (LISTEN)
awx-manag   1684           awx   24u  IPv4 4815483      0t0  TCP aap25-control.aap-test.local:54934->aap25-database.aap-test.local:postgres (ESTABLISHED)
awx-manag   1685           awx   15u  IPv6   24454      0t0  TCP localhost:8015 (LISTEN)
awx-manag   1685           awx   29u  IPv4 4813557      0t0  TCP aap25-control.aap-test.local:58044->aap25-database.aap-test.local:postgres (ESTABLISHED)
awx-manag   1686           awx   15u  IPv6   24454      0t0  TCP localhost:8015 (LISTEN)
awx-manag   1686           awx   35u  IPv4 4816130      0t0  TCP aap25-control.aap-test.local:51074->aap25-database.aap-test.local:postgres (ESTABLISHED)
awx-manag   1687           awx   15u  IPv6   24454      0t0  TCP localhost:8015 (LISTEN)
awx-manag   1687           awx   41u  IPv4 4813719      0t0  TCP aap25-control.aap-test.local:49940->aap25-database.aap-test.local:postgres (ESTABLISHED)
awx-manag   1689           awx   15u  IPv6   23442      0t0  TCP localhost:8014 (LISTEN)
awx-manag   1690           awx   15u  IPv6   23442      0t0  TCP localhost:8014 (LISTEN)
awx-manag   1691           awx   15u  IPv6   23442      0t0  TCP localhost:8014 (LISTEN)
awx-manag   1692           awx   15u  IPv6   23442      0t0  TCP localhost:8014 (LISTEN)
sshd      759920          root    4u  IPv4 4814652      0t0  TCP aap25-control.aap-test.local:ssh->192.168.1.49:33560 (ESTABLISHED)
sshd      759940          root    4u  IPv4 4814652      0t0  TCP aap25-control.aap-test.local:ssh->192.168.1.49:33560 (ESTABLISHED)
  No network connections found

=== RECEPTOR MEMORY SUMMARY ===
Total Receptor RSS Memory: 63292 KB (61 MB)
Total Receptor VSZ Memory: 1797288 KB (1755 MB)
Number of Receptor Processes: 3

AAP-related Processes and Children:
=== AAP Service Processes ===
Process: receptor (PID: 748)
    PID    PPID CMD                           RSS
    748       1 /usr/bin/receptor -c /etc/r 59836

Process: redis-server (PID: 1105)
    PID    PPID CMD                           RSS
   1105       1 /usr/bin/redis-server unixs 13176

Process: uwsgi (PID: 1140)
    PID    PPID CMD                           RSS
   1140     774 /var/lib/awx/venv/awx/bin/u 144764
  Children of PID 1140:
    PID    PPID CMD                           RSS
 759750    1140 /var/lib/awx/venv/awx/bin/u 129508
    PID    PPID CMD                           RSS
 759751    1140 /var/lib/awx/venv/awx/bin/u 129508
    PID    PPID CMD                           RSS
 759752    1140 /var/lib/awx/venv/awx/bin/u 123492
    PID    PPID CMD                           RSS
 759753    1140 /var/lib/awx/venv/awx/bin/u 129380

Process: nginx (PID: 1163)
    PID    PPID CMD                           RSS
   1163       1 nginx: master process /usr/  2504
  Children of PID 1163:
    PID    PPID CMD                           RSS
   1164    1163 nginx: worker process        8136
    PID    PPID CMD                           RSS
   1165    1163 nginx: worker process        8392
    PID    PPID CMD                           RSS
   1169    1163 nginx: worker process        8136
    PID    PPID CMD                           RSS
   1170    1163 nginx: worker process        8136

Process: nginx (PID: 1164)
    PID    PPID CMD                           RSS
   1164    1163 nginx: worker process        8136

Process: nginx (PID: 1165)
    PID    PPID CMD                           RSS
   1165    1163 nginx: worker process        8392

Process: nginx (PID: 1169)
    PID    PPID CMD                           RSS
   1169    1163 nginx: worker process        8136

Process: nginx (PID: 1170)
    PID    PPID CMD                           RSS
   1170    1163 nginx: worker process        8136

Process: uwsgi (PID: 759750)
    PID    PPID CMD                           RSS
 759750    1140 /var/lib/awx/venv/awx/bin/u 129508

Process: uwsgi (PID: 759751)
    PID    PPID CMD                           RSS
 759751    1140 /var/lib/awx/venv/awx/bin/u 129508

Process: uwsgi (PID: 759752)
    PID    PPID CMD                           RSS
 759752    1140 /var/lib/awx/venv/awx/bin/u 123492

Process: uwsgi (PID: 759753)
    PID    PPID CMD                           RSS
 759753    1140 /var/lib/awx/venv/awx/bin/u 129380

Process: bash (PID: 760078)
    PID    PPID CMD                           RSS
 760078       1 bash -c  log_file="/tmp/mem  3456
  Children of PID 760078:
    PID    PPID CMD                           RSS
 760166  760078 bash -c  log_file="/tmp/mem  2104

Process: bash (PID: 760166)
    PID    PPID CMD                           RSS
 760166  760078 bash -c  log_file="/tmp/mem  2104
  Children of PID 760166:
    PID    PPID CMD                           RSS


Process Tree for AAP Services:
=== automation-controller Process Tree ===
bash(760078)---pstree(760221)
=== receptor Process Tree ===
receptor(748)-+-{receptor}(752)
              |-{receptor}(753)
              |-{receptor}(754)
              |-{receptor}(755)
              |-{receptor}(756)
              |-{receptor}(762)
              `-{receptor}(3478)
bash(760078)---pstree(760226)
=== nginx Process Tree ===
nginx(1163)-+-nginx(1164)
            |-nginx(1165)
            |-nginx(1169)
            `-nginx(1170)
nginx(1164)
nginx(1165)
nginx(1169)
nginx(1170)
bash(760078)---pstree(760235)
=== postgresql Process Tree ===
bash(760078)---pstree(760239)
=== redis Process Tree ===
redis-server(1105)-+-{redis-server}(1131)
                   |-{redis-server}(1132)
                   |-{redis-server}(1133)
                   `-{redis-server}(1135)
bash(760078)---pstree(760244)
=== uwsgi Process Tree ===
uwsgi(1140)-+-uwsgi(759750)
            |-uwsgi(759751)
            |-uwsgi(759752)
            `-uwsgi(759753)
uwsgi(759750)
uwsgi(759751)
uwsgi(759752)
uwsgi(759753)
bash(760078)---pstree(760253)
=== automation-hub Process Tree ===
bash(760078)---pstree(760257)
=== automation-eda Process Tree ===
bash(760078)---pstree(760261)

=================================================================================
2025-07-07 09:06:36
Memory Usage Report:
               total        used        free      shared  buff/cache   available
Mem:            7681        2430        4268          48        1323        5251
Swap:           3071           0        3071

Top 10 Processes by RSS Memory:
    PID    PPID CMD                           RSS
   1639     774 /var/lib/awx/venv/awx/bin/p 174964
   1655     774 /var/lib/awx/venv/awx/bin/p 167664
   1640     774 /var/lib/awx/venv/awx/bin/p 167644
   1685    1639 /var/lib/awx/venv/awx/bin/p 167636
   1687    1639 /var/lib/awx/venv/awx/bin/p 166768
   1686    1639 /var/lib/awx/venv/awx/bin/p 166636
   1684    1639 /var/lib/awx/venv/awx/bin/p 166500
   1156     774 /var/lib/awx/venv/awx/bin/p 156132
   1691    1640 /var/lib/awx/venv/awx/bin/p 155512
   1692    1640 /var/lib/awx/venv/awx/bin/p 155512

=== RECEPTOR PROCESS ANALYSIS ===
Receptor Main Processes:
    PID    PPID CMD                           RSS    VSZ %CPU %MEM     ELAPSED
    748       1 /usr/bin/receptor -c /etc/r 59836 1790028 0.0  0.7  3-19:03:34
Receptor Child Processes for PID 748:
  No child processes found
Receptor Threads for PID 748:
    PID    SPID %CPU %MEM   RSS COMMAND
    748     748  0.0  0.7 59836 receptor
    748     752  0.0  0.7 59836 receptor
    748     753  0.0  0.7 59836 receptor
    748     754  0.0  0.7 59836 receptor
    748     755  0.0  0.7 59836 receptor
    748     756  0.0  0.7 59836 receptor
    748     762  0.0  0.7 59836 receptor
    748    3478  0.0  0.7 59836 receptor
Receptor Network Connections for PID 748:
COMMAND      PID          USER   FD      TYPE             DEVICE SIZE/OFF     NODE NAME
receptor     748           awx  cwd       DIR              253,0      235      128 /
receptor     748           awx  rtd       DIR              253,0      235      128 /
receptor     748           awx  txt       REG              253,0 55920336 33952409 /usr/bin/receptor
receptor     748           awx  mem       REG              253,0  5436640 50591543 /usr/lib64/libcrypto.so.3.2.2
receptor     748           awx  mem       REG              253,0  2544344 50590560 /usr/lib64/libc.so.6
receptor     748           awx  mem       REG              253,0   102552 50590580 /usr/lib64/libz.so.1.2.11
receptor     748           awx  mem       REG              253,0    70520 50590571 /usr/lib64/libresolv.so.2
receptor     748           awx  mem       REG              253,0   897856 50590556 /usr/lib64/ld-linux-x86-64.so.2
receptor     748           awx    0r      CHR                1,3      0t0        4 /dev/null
receptor     748           awx    1w      REG              253,0     3432 17534110 /var/log/receptor/receptor.log
receptor     748           awx    2w      REG              253,0     3432 17534110 /var/log/receptor/receptor.log
receptor     748           awx    3r  a_inode               0,14        0       59 inotify
receptor     748           awx    4u  a_inode               0,14        0       59 [eventpoll:5,7,9,12,14,17,18,19,20,21,22,25,28,30,31,32,33,36,37,39,40,41,42,43,44,45,47,50,51,52,53,55...]
receptor     748           awx    5r     FIFO               0,13      0t0    23656 pipe
receptor     748           awx    6w     FIFO               0,13      0t0    23656 pipe
receptor     748           awx    7r  a_inode               0,14        0       59 inotify
receptor     748           awx    8r  a_inode               0,14        0       59 inotify
receptor     748           awx    9r  a_inode               0,14        0       59 inotify
receptor     748           awx   10r  a_inode               0,14        0       59 inotify
receptor     748           awx   11r  a_inode               0,14        0       59 inotify
receptor     748           awx   12r  a_inode               0,14        0       59 inotify
receptor     748           awx   13rW     REG               0,24        0      958 /run/awx-receptor/receptor.sock.lock
receptor     748           awx   14u     unix 0xffff9e4b07ccf300      0t0    22691 /var/run/awx-receptor/receptor.sock type=STREAM (LISTEN)
receptor     748           awx   15u     IPv6              23673      0t0      TCP *:27199 (LISTEN)
receptor     748           awx   16r  a_inode               0,14        0       59 inotify
receptor     748           awx   17r  a_inode               0,14        0       59 inotify
receptor     748           awx   18r  a_inode               0,14        0       59 inotify
receptor     748           awx   19r  a_inode               0,14        0       59 inotify
receptor     748           awx   20r  a_inode               0,14        0       59 inotify
receptor     748           awx   21r  a_inode               0,14        0       59 inotify
receptor     748           awx   22r  a_inode               0,14        0       59 inotify
receptor     748           awx   23u     IPv6              24302      0t0      TCP aap25-control.aap-test.local:27199->aap25-execution.aap-test.local:35552 (ESTABLISHED)
receptor     748           awx   25r  a_inode               0,14        0       59 inotify
receptor     748           awx   26r  a_inode               0,14        0       59 inotify
receptor     748           awx   27r  a_inode               0,14        0       59 inotify
receptor     748           awx   28r  a_inode               0,14        0       59 inotify
receptor     748           awx   29r  a_inode               0,14        0       59 inotify
receptor     748           awx   30r  a_inode               0,14        0       59 inotify
receptor     748           awx   31r  a_inode               0,14        0       59 inotify
receptor     748           awx   32r  a_inode               0,14        0       59 inotify
receptor     748           awx   33r  a_inode               0,14        0       59 inotify
receptor     748           awx   34r  a_inode               0,14        0       59 inotify
receptor     748           awx   35r  a_inode               0,14        0       59 inotify
receptor     748           awx   36r  a_inode               0,14        0       59 inotify
receptor     748           awx   37r  a_inode               0,14        0       59 inotify
receptor     748           awx   38r  a_inode               0,14        0       59 inotify
receptor     748           awx   39r  a_inode               0,14        0       59 inotify
receptor     748           awx   40r  a_inode               0,14        0       59 inotify
receptor     748           awx   41r  a_inode               0,14        0       59 inotify
receptor     748           awx   42r  a_inode               0,14        0       59 inotify
receptor     748           awx   43r  a_inode               0,14        0       59 inotify
receptor     748           awx   44r  a_inode               0,14        0       59 inotify
receptor     748           awx   45r  a_inode               0,14        0       59 inotify
receptor     748           awx   46r  a_inode               0,14        0       59 inotify
receptor     748           awx   47r  a_inode               0,14        0       59 inotify
receptor     748           awx   48r  a_inode               0,14        0       59 inotify
receptor     748           awx   49r  a_inode               0,14        0       59 inotify
receptor     748           awx   50r  a_inode               0,14        0       59 inotify
receptor     748           awx   51r  a_inode               0,14        0       59 inotify
receptor     748           awx   52r  a_inode               0,14        0       59 inotify
receptor     748           awx   53r  a_inode               0,14        0       59 inotify
receptor     748           awx   54r  a_inode               0,14        0       59 inotify
receptor     748           awx   55r  a_inode               0,14        0       59 inotify
receptor     748           awx   56r  a_inode               0,14        0       59 inotify
receptor     748           awx   57r  a_inode               0,14        0       59 inotify
receptor     748           awx   58r  a_inode               0,14        0       59 inotify
receptor     748           awx   59r  a_inode               0,14        0       59 inotify
receptor     748           awx   60r  a_inode               0,14        0       59 inotify
receptor     748           awx   61r  a_inode               0,14        0       59 inotify
chronyd      759        chrony    5u     IPv4              22678      0t0      UDP localhost:323 
chronyd      759        chrony    6u     IPv6              22679      0t0      UDP localhost:323 
NetworkMa    764          root   26u     IPv4              26052      0t0      UDP aap25-control.aap-test.local:bootpc->pi.hole:bootps 
sshd         790          root    3u     IPv4              25862      0t0      TCP *:ssh (LISTEN)
sshd         790          root    4u     IPv6              25864      0t0      TCP *:ssh (LISTEN)
node_expo   1103 node_exporter    3u     IPv6              26086      0t0      TCP *:jetdirect (LISTEN)
node_expo   1103 node_exporter    7u     IPv6              26561      0t0      TCP aap25-control.aap-test.local:jetdirect->monitoring-node.aap-test.local:46350 (ESTABLISHED)
daphne      1156           awx   14u     IPv4              24392      0t0      TCP aap25-control.aap-test.local:58186->aap25-database.aap-test.local:postgres (ESTABLISHED)
nginx       1163          root    8u     IPv4              26119      0t0      TCP *:https (LISTEN)
nginx       1163          root    9u     IPv6              26120      0t0      TCP *:https (LISTEN)
nginx       1163          root   10u     IPv4              26121      0t0      TCP *:http (LISTEN)
nginx       1163          root   11u     IPv6              26122      0t0      TCP *:http (LISTEN)
nginx       1164         nginx    4u     IPv4            4730644      0t0      TCP aap25-control.aap-test.local:https->192.168.1.30:57628 (ESTABLISHED)
nginx       1164         nginx    8u     IPv4              26119      0t0      TCP *:https (LISTEN)
nginx       1164         nginx    9u     IPv6              26120      0t0      TCP *:https (LISTEN)
nginx       1164         nginx   10u     IPv4              26121      0t0      TCP *:http (LISTEN)
nginx       1164         nginx   11u     IPv6              26122      0t0      TCP *:http (LISTEN)
nginx       1165         nginx    8u     IPv4              26119      0t0      TCP *:https (LISTEN)
nginx       1165         nginx    9u     IPv6              26120      0t0      TCP *:https (LISTEN)
nginx       1165         nginx   10u     IPv4              26121      0t0      TCP *:http (LISTEN)
nginx       1165         nginx   11u     IPv6              26122      0t0      TCP *:http (LISTEN)
nginx       1169         nginx    4u     IPv4            4744305      0t0      TCP aap25-control.aap-test.local:https->192.168.1.30:41934 (ESTABLISHED)
nginx       1169         nginx    8u     IPv4              26119      0t0      TCP *:https (LISTEN)
nginx       1169         nginx    9u     IPv6              26120      0t0      TCP *:https (LISTEN)
nginx       1169         nginx   10u     IPv4              26121      0t0      TCP *:http (LISTEN)
nginx       1169         nginx   11u     IPv6              26122      0t0      TCP *:http (LISTEN)
nginx       1170         nginx    8u     IPv4              26119      0t0      TCP *:https (LISTEN)
nginx       1170         nginx    9u     IPv6              26120      0t0      TCP *:https (LISTEN)
nginx       1170         nginx   10u     IPv4              26121      0t0      TCP *:http (LISTEN)
nginx       1170         nginx   11u     IPv6              26122      0t0      TCP *:http (LISTEN)
awx-manag   1639           awx   15u     IPv6              24454      0t0      TCP localhost:8015 (LISTEN)
awx-manag   1639           awx   39u     IPv4              24471      0t0      TCP aap25-control.aap-test.local:58302->aap25-database.aap-test.local:postgres (ESTABLISHED)
awx-manag   1639           awx   40u     IPv4              24474      0t0      TCP aap25-control.aap-test.local:58306->aap25-database.aap-test.local:postgres (ESTABLISHED)
awx-manag   1640           awx   15u     IPv6              23442      0t0      TCP localhost:8014 (LISTEN)
awx-manag   1641           awx    9u     IPv6              26650      0t0      TCP localhost:8016 (LISTEN)
awx-manag   1641           awx   18u     IPv4              26653      0t0      TCP aap25-control.aap-test.local:58288->aap25-database.aap-test.local:postgres (ESTABLISHED)
awx-manag   1642           awx    9u     IPv4              26493      0t0      TCP aap25-control.aap-test.local:58258->aap25-database.aap-test.local:postgres (ESTABLISHED)
awx-manag   1655           awx    9u     IPv4              26549      0t0      TCP aap25-control.aap-test.local:58310->aap25-database.aap-test.local:postgres (ESTABLISHED)
awx-manag   1684           awx   15u     IPv6              24454      0t0      TCP localhost:8015 (LISTEN)
awx-manag   1685           awx   15u     IPv6              24454      0t0      TCP localhost:8015 (LISTEN)
awx-manag   1685           awx   29u     IPv4            4817231      0t0      TCP aap25-control.aap-test.local:33134->aap25-database.aap-test.local:postgres (ESTABLISHED)
awx-manag   1686           awx   15u     IPv6              24454      0t0      TCP localhost:8015 (LISTEN)
awx-manag   1686           awx   35u     IPv4            4820060      0t0      TCP aap25-control.aap-test.local:45450->aap25-database.aap-test.local:postgres (ESTABLISHED)
awx-manag   1687           awx   15u     IPv6              24454      0t0      TCP localhost:8015 (LISTEN)
awx-manag   1687           awx   42u     IPv4            4817235      0t0      TCP aap25-control.aap-test.local:33146->aap25-database.aap-test.local:postgres (ESTABLISHED)
awx-manag   1689           awx   15u     IPv6              23442      0t0      TCP localhost:8014 (LISTEN)
awx-manag   1690           awx   15u     IPv6              23442      0t0      TCP localhost:8014 (LISTEN)
awx-manag   1691           awx   15u     IPv6              23442      0t0      TCP localhost:8014 (LISTEN)
awx-manag   1692           awx   15u     IPv6              23442      0t0      TCP localhost:8014 (LISTEN)
sshd      759920          root    4u     IPv4            4814652      0t0      TCP aap25-control.aap-test.local:ssh->192.168.1.49:33560 (ESTABLISHED)
sshd      759940          root    4u     IPv4            4814652      0t0      TCP aap25-control.aap-test.local:ssh->192.168.1.49:33560 (ESTABLISHED)

    PID    PPID CMD                           RSS    VSZ %CPU %MEM     ELAPSED
 760078       1 bash -c  log_file="/tmp/mem  3456   7260  0.0  0.0       00:32
Receptor Child Processes for PID 760078:
      PID    PPID CMD                           RSS    VSZ %CPU %MEM     ELAPSED
Receptor Threads for PID 760078:
    PID    SPID %CPU %MEM   RSS COMMAND
 760078  760078  0.0  0.0  3456 bash
Receptor Network Connections for PID 760078:
COMMAND      PID          USER   FD   TYPE  DEVICE SIZE/OFF     NODE NAME
receptor     748           awx   15u  IPv6   23673      0t0      TCP *:27199 (LISTEN)
receptor     748           awx   23u  IPv6   24302      0t0      TCP aap25-control.aap-test.local:27199->aap25-execution.aap-test.local:35552 (ESTABLISHED)
chronyd      759        chrony    5u  IPv4   22678      0t0      UDP localhost:323 
chronyd      759        chrony    6u  IPv6   22679      0t0      UDP localhost:323 
NetworkMa    764          root   26u  IPv4   26052      0t0      UDP aap25-control.aap-test.local:bootpc->pi.hole:bootps 
sshd         790          root    3u  IPv4   25862      0t0      TCP *:ssh (LISTEN)
sshd         790          root    4u  IPv6   25864      0t0      TCP *:ssh (LISTEN)
node_expo   1103 node_exporter    3u  IPv6   26086      0t0      TCP *:jetdirect (LISTEN)
node_expo   1103 node_exporter    7u  IPv6   26561      0t0      TCP aap25-control.aap-test.local:jetdirect->monitoring-node.aap-test.local:46350 (ESTABLISHED)
daphne      1156           awx   14u  IPv4   24392      0t0      TCP aap25-control.aap-test.local:58186->aap25-database.aap-test.local:postgres (ESTABLISHED)
nginx       1163          root    8u  IPv4   26119      0t0      TCP *:https (LISTEN)
nginx       1163          root    9u  IPv6   26120      0t0      TCP *:https (LISTEN)
nginx       1163          root   10u  IPv4   26121      0t0      TCP *:http (LISTEN)
nginx       1163          root   11u  IPv6   26122      0t0      TCP *:http (LISTEN)
nginx       1164         nginx    4u  IPv4 4730644      0t0      TCP aap25-control.aap-test.local:https->192.168.1.30:57628 (ESTABLISHED)
nginx       1164         nginx    8u  IPv4   26119      0t0      TCP *:https (LISTEN)
nginx       1164         nginx    9u  IPv6   26120      0t0      TCP *:https (LISTEN)
nginx       1164         nginx   10u  IPv4   26121      0t0      TCP *:http (LISTEN)
nginx       1164         nginx   11u  IPv6   26122      0t0      TCP *:http (LISTEN)
nginx       1165         nginx    8u  IPv4   26119      0t0      TCP *:https (LISTEN)
nginx       1165         nginx    9u  IPv6   26120      0t0      TCP *:https (LISTEN)
nginx       1165         nginx   10u  IPv4   26121      0t0      TCP *:http (LISTEN)
nginx       1165         nginx   11u  IPv6   26122      0t0      TCP *:http (LISTEN)
nginx       1169         nginx    4u  IPv4 4744305      0t0      TCP aap25-control.aap-test.local:https->192.168.1.30:41934 (ESTABLISHED)
nginx       1169         nginx    8u  IPv4   26119      0t0      TCP *:https (LISTEN)
nginx       1169         nginx    9u  IPv6   26120      0t0      TCP *:https (LISTEN)
nginx       1169         nginx   10u  IPv4   26121      0t0      TCP *:http (LISTEN)
nginx       1169         nginx   11u  IPv6   26122      0t0      TCP *:http (LISTEN)
nginx       1170         nginx    8u  IPv4   26119      0t0      TCP *:https (LISTEN)
nginx       1170         nginx    9u  IPv6   26120      0t0      TCP *:https (LISTEN)
nginx       1170         nginx   10u  IPv4   26121      0t0      TCP *:http (LISTEN)
nginx       1170         nginx   11u  IPv6   26122      0t0      TCP *:http (LISTEN)
awx-manag   1639           awx   15u  IPv6   24454      0t0      TCP localhost:8015 (LISTEN)
awx-manag   1639           awx   39u  IPv4   24471      0t0      TCP aap25-control.aap-test.local:58302->aap25-database.aap-test.local:postgres (ESTABLISHED)
awx-manag   1639           awx   40u  IPv4   24474      0t0      TCP aap25-control.aap-test.local:58306->aap25-database.aap-test.local:postgres (ESTABLISHED)
awx-manag   1640           awx   15u  IPv6   23442      0t0      TCP localhost:8014 (LISTEN)
awx-manag   1641           awx    9u  IPv6   26650      0t0      TCP localhost:8016 (LISTEN)
awx-manag   1641           awx   18u  IPv4   26653      0t0      TCP aap25-control.aap-test.local:58288->aap25-database.aap-test.local:postgres (ESTABLISHED)
awx-manag   1642           awx    9u  IPv4   26493      0t0      TCP aap25-control.aap-test.local:58258->aap25-database.aap-test.local:postgres (ESTABLISHED)
awx-manag   1655           awx    9u  IPv4   26549      0t0      TCP aap25-control.aap-test.local:58310->aap25-database.aap-test.local:postgres (ESTABLISHED)
awx-manag   1684           awx   15u  IPv6   24454      0t0      TCP localhost:8015 (LISTEN)
awx-manag   1685           awx   15u  IPv6   24454      0t0      TCP localhost:8015 (LISTEN)
awx-manag   1685           awx   29u  IPv4 4817231      0t0      TCP aap25-control.aap-test.local:33134->aap25-database.aap-test.local:postgres (ESTABLISHED)
awx-manag   1686           awx   15u  IPv6   24454      0t0      TCP localhost:8015 (LISTEN)
awx-manag   1686           awx   35u  IPv4 4820060      0t0      TCP aap25-control.aap-test.local:45450->aap25-database.aap-test.local:postgres (ESTABLISHED)
awx-manag   1687           awx   15u  IPv6   24454      0t0      TCP localhost:8015 (LISTEN)
awx-manag   1687           awx   42u  IPv4 4817235      0t0      TCP aap25-control.aap-test.local:33146->aap25-database.aap-test.local:postgres (ESTABLISHED)
awx-manag   1689           awx   15u  IPv6   23442      0t0      TCP localhost:8014 (LISTEN)
awx-manag   1690           awx   15u  IPv6   23442      0t0      TCP localhost:8014 (LISTEN)
awx-manag   1691           awx   15u  IPv6   23442      0t0      TCP localhost:8014 (LISTEN)
awx-manag   1692           awx   15u  IPv6   23442      0t0      TCP localhost:8014 (LISTEN)
sshd      759920          root    4u  IPv4 4814652      0t0      TCP aap25-control.aap-test.local:ssh->192.168.1.49:33560 (ESTABLISHED)
sshd      759940          root    4u  IPv4 4814652      0t0      TCP aap25-control.aap-test.local:ssh->192.168.1.49:33560 (ESTABLISHED)
bash      760078          root  cwd    DIR   253,0     4096 33685638 /root
bash      760078          root  rtd    DIR   253,0      235      128 /
bash      760078          root  txt    REG   253,0  1389072 33755766 /usr/bin/bash
bash      760078          root  mem    REG   253,0  2586930   223716 /usr/lib/locale/en_US.utf8/LC_COLLATE
bash      760078          root  mem    REG   253,0  2544344 50590560 /usr/lib64/libc.so.6
bash      760078          root  mem    REG   253,0   346132 50590237 /usr/lib/locale/C.utf8/LC_CTYPE
bash      760078          root  mem    REG   253,0       54   223719 /usr/lib/locale/en_US.utf8/LC_NUMERIC
bash      760078          root  mem    REG   253,0     3284 17219141 /usr/lib/locale/en_US.utf8/LC_TIME
bash      760078          root  mem    REG   253,0      286 17219139 /usr/lib/locale/en_US.utf8/LC_MONETARY
bash      760078          root  mem    REG   253,0       57 17219152 /usr/lib/locale/en_US.utf8/LC_MESSAGES/SYS_LC_MESSAGES
bash      760078          root  mem    REG   253,0    26988 33841777 /usr/lib64/gconv/gconv-modules.cache
bash      760078          root  mem    REG   253,0   195080 50590221 /usr/lib64/libtinfo.so.6.2
bash      760078          root  mem    REG   253,0       34 50590538 /usr/lib/locale/en_US.utf8/LC_PAPER
bash      760078          root  mem    REG   253,0       77   223718 /usr/lib/locale/en_US.utf8/LC_NAME
bash      760078          root  mem    REG   253,0      167 17219135 /usr/lib/locale/en_US.utf8/LC_ADDRESS
bash      760078          root  mem    REG   253,0       59 17219140 /usr/lib/locale/en_US.utf8/LC_TELEPHONE
bash      760078          root  mem    REG   253,0       23 17219138 /usr/lib/locale/en_US.utf8/LC_MEASUREMENT
bash      760078          root  mem    REG   253,0      369 17219137 /usr/lib/locale/en_US.utf8/LC_IDENTIFICATION
bash      760078          root  mem    REG   253,0   897856 50590556 /usr/lib64/ld-linux-x86-64.so.2
bash      760078          root    0r   CHR     1,3      0t0        4 /dev/null
bash      760078          root    1w   REG   253,0        0 18572042 /tmp/memory_monitor.log
bash      760078          root    2w   REG   253,0        0 18572042 /tmp/memory_monitor.log
bash      760078          root    3r  FIFO    0,13      0t0  4817327 pipe

    PID    PPID CMD                           RSS    VSZ %CPU %MEM     ELAPSED
Receptor Child Processes for PID 760336:
  No child processes found
Receptor Threads for PID 760336:
    PID    SPID %CPU %MEM   RSS COMMAND
Receptor Network Connections for PID 760336:
COMMAND      PID          USER   FD   TYPE  DEVICE SIZE/OFF NODE NAME
receptor     748           awx   15u  IPv6   23673      0t0  TCP *:27199 (LISTEN)
receptor     748           awx   23u  IPv6   24302      0t0  TCP aap25-control.aap-test.local:27199->aap25-execution.aap-test.local:35552 (ESTABLISHED)
chronyd      759        chrony    5u  IPv4   22678      0t0  UDP localhost:323 
chronyd      759        chrony    6u  IPv6   22679      0t0  UDP localhost:323 
NetworkMa    764          root   26u  IPv4   26052      0t0  UDP aap25-control.aap-test.local:bootpc->pi.hole:bootps 
sshd         790          root    3u  IPv4   25862      0t0  TCP *:ssh (LISTEN)
sshd         790          root    4u  IPv6   25864      0t0  TCP *:ssh (LISTEN)
node_expo   1103 node_exporter    3u  IPv6   26086      0t0  TCP *:jetdirect (LISTEN)
node_expo   1103 node_exporter    7u  IPv6   26561      0t0  TCP aap25-control.aap-test.local:jetdirect->monitoring-node.aap-test.local:46350 (ESTABLISHED)
daphne      1156           awx   14u  IPv4   24392      0t0  TCP aap25-control.aap-test.local:58186->aap25-database.aap-test.local:postgres (ESTABLISHED)
nginx       1163          root    8u  IPv4   26119      0t0  TCP *:https (LISTEN)
nginx       1163          root    9u  IPv6   26120      0t0  TCP *:https (LISTEN)
nginx       1163          root   10u  IPv4   26121      0t0  TCP *:http (LISTEN)
nginx       1163          root   11u  IPv6   26122      0t0  TCP *:http (LISTEN)
nginx       1164         nginx    4u  IPv4 4730644      0t0  TCP aap25-control.aap-test.local:https->192.168.1.30:57628 (ESTABLISHED)
nginx       1164         nginx    8u  IPv4   26119      0t0  TCP *:https (LISTEN)
nginx       1164         nginx    9u  IPv6   26120      0t0  TCP *:https (LISTEN)
nginx       1164         nginx   10u  IPv4   26121      0t0  TCP *:http (LISTEN)
nginx       1164         nginx   11u  IPv6   26122      0t0  TCP *:http (LISTEN)
nginx       1165         nginx    8u  IPv4   26119      0t0  TCP *:https (LISTEN)
nginx       1165         nginx    9u  IPv6   26120      0t0  TCP *:https (LISTEN)
nginx       1165         nginx   10u  IPv4   26121      0t0  TCP *:http (LISTEN)
nginx       1165         nginx   11u  IPv6   26122      0t0  TCP *:http (LISTEN)
nginx       1169         nginx    4u  IPv4 4744305      0t0  TCP aap25-control.aap-test.local:https->192.168.1.30:41934 (ESTABLISHED)
nginx       1169         nginx    8u  IPv4   26119      0t0  TCP *:https (LISTEN)
nginx       1169         nginx    9u  IPv6   26120      0t0  TCP *:https (LISTEN)
nginx       1169         nginx   10u  IPv4   26121      0t0  TCP *:http (LISTEN)
nginx       1169         nginx   11u  IPv6   26122      0t0  TCP *:http (LISTEN)
nginx       1170         nginx    8u  IPv4   26119      0t0  TCP *:https (LISTEN)
nginx       1170         nginx    9u  IPv6   26120      0t0  TCP *:https (LISTEN)
nginx       1170         nginx   10u  IPv4   26121      0t0  TCP *:http (LISTEN)
nginx       1170         nginx   11u  IPv6   26122      0t0  TCP *:http (LISTEN)
awx-manag   1639           awx   15u  IPv6   24454      0t0  TCP localhost:8015 (LISTEN)
awx-manag   1639           awx   39u  IPv4   24471      0t0  TCP aap25-control.aap-test.local:58302->aap25-database.aap-test.local:postgres (ESTABLISHED)
awx-manag   1639           awx   40u  IPv4   24474      0t0  TCP aap25-control.aap-test.local:58306->aap25-database.aap-test.local:postgres (ESTABLISHED)
awx-manag   1640           awx   15u  IPv6   23442      0t0  TCP localhost:8014 (LISTEN)
awx-manag   1641           awx    9u  IPv6   26650      0t0  TCP localhost:8016 (LISTEN)
awx-manag   1641           awx   18u  IPv4   26653      0t0  TCP aap25-control.aap-test.local:58288->aap25-database.aap-test.local:postgres (ESTABLISHED)
awx-manag   1642           awx    9u  IPv4   26493      0t0  TCP aap25-control.aap-test.local:58258->aap25-database.aap-test.local:postgres (ESTABLISHED)
awx-manag   1655           awx    9u  IPv4   26549      0t0  TCP aap25-control.aap-test.local:58310->aap25-database.aap-test.local:postgres (ESTABLISHED)
awx-manag   1684           awx   15u  IPv6   24454      0t0  TCP localhost:8015 (LISTEN)
awx-manag   1685           awx   15u  IPv6   24454      0t0  TCP localhost:8015 (LISTEN)
awx-manag   1685           awx   29u  IPv4 4817231      0t0  TCP aap25-control.aap-test.local:33134->aap25-database.aap-test.local:postgres (ESTABLISHED)
awx-manag   1686           awx   15u  IPv6   24454      0t0  TCP localhost:8015 (LISTEN)
awx-manag   1686           awx   35u  IPv4 4820060      0t0  TCP aap25-control.aap-test.local:45450->aap25-database.aap-test.local:postgres (ESTABLISHED)
awx-manag   1687           awx   15u  IPv6   24454      0t0  TCP localhost:8015 (LISTEN)
awx-manag   1687           awx   42u  IPv4 4817235      0t0  TCP aap25-control.aap-test.local:33146->aap25-database.aap-test.local:postgres (ESTABLISHED)
awx-manag   1689           awx   15u  IPv6   23442      0t0  TCP localhost:8014 (LISTEN)
awx-manag   1690           awx   15u  IPv6   23442      0t0  TCP localhost:8014 (LISTEN)
awx-manag   1691           awx   15u  IPv6   23442      0t0  TCP localhost:8014 (LISTEN)
awx-manag   1692           awx   15u  IPv6   23442      0t0  TCP localhost:8014 (LISTEN)
sshd      759920          root    4u  IPv4 4814652      0t0  TCP aap25-control.aap-test.local:ssh->192.168.1.49:33560 (ESTABLISHED)
sshd      759940          root    4u  IPv4 4814652      0t0  TCP aap25-control.aap-test.local:ssh->192.168.1.49:33560 (ESTABLISHED)
  No network connections found

=== RECEPTOR MEMORY SUMMARY ===
Total Receptor RSS Memory: 63292 KB (61 MB)
Total Receptor VSZ Memory: 1797288 KB (1755 MB)
Number of Receptor Processes: 3

AAP-related Processes and Children:
=== AAP Service Processes ===
Process: receptor (PID: 748)
    PID    PPID CMD                           RSS
    748       1 /usr/bin/receptor -c /etc/r 59836

Process: redis-server (PID: 1105)
    PID    PPID CMD                           RSS
   1105       1 /usr/bin/redis-server unixs 13304

Process: uwsgi (PID: 1140)
    PID    PPID CMD                           RSS
   1140     774 /var/lib/awx/venv/awx/bin/u 144764
  Children of PID 1140:
    PID    PPID CMD                           RSS
 759750    1140 /var/lib/awx/venv/awx/bin/u 129508
    PID    PPID CMD                           RSS
 759751    1140 /var/lib/awx/venv/awx/bin/u 129508
    PID    PPID CMD                           RSS
 759752    1140 /var/lib/awx/venv/awx/bin/u 123492
    PID    PPID CMD                           RSS
 759753    1140 /var/lib/awx/venv/awx/bin/u 129508

Process: nginx (PID: 1163)
    PID    PPID CMD                           RSS
   1163       1 nginx: master process /usr/  2504
  Children of PID 1163:
    PID    PPID CMD                           RSS
   1164    1163 nginx: worker process        8136
    PID    PPID CMD                           RSS
   1165    1163 nginx: worker process        8392
    PID    PPID CMD                           RSS
   1169    1163 nginx: worker process        8136
    PID    PPID CMD                           RSS
   1170    1163 nginx: worker process        8136

Process: nginx (PID: 1164)
    PID    PPID CMD                           RSS
   1164    1163 nginx: worker process        8136

Process: nginx (PID: 1165)
    PID    PPID CMD                           RSS
   1165    1163 nginx: worker process        8392

Process: nginx (PID: 1169)
    PID    PPID CMD                           RSS
   1169    1163 nginx: worker process        8136

Process: nginx (PID: 1170)
    PID    PPID CMD                           RSS
   1170    1163 nginx: worker process        8136

Process: uwsgi (PID: 759750)
    PID    PPID CMD                           RSS
 759750    1140 /var/lib/awx/venv/awx/bin/u 129508

Process: uwsgi (PID: 759751)
    PID    PPID CMD                           RSS
 759751    1140 /var/lib/awx/venv/awx/bin/u 129508

Process: uwsgi (PID: 759752)
    PID    PPID CMD                           RSS
 759752    1140 /var/lib/awx/venv/awx/bin/u 123492

Process: uwsgi (PID: 759753)
    PID    PPID CMD                           RSS
 759753    1140 /var/lib/awx/venv/awx/bin/u 129508

Process: bash (PID: 760078)
    PID    PPID CMD                           RSS
 760078       1 bash -c  log_file="/tmp/mem  3456
  Children of PID 760078:
    PID    PPID CMD                           RSS
 760416  760078 bash -c  log_file="/tmp/mem  2124

Process: bash (PID: 760416)
    PID    PPID CMD                           RSS
 760416  760078 bash -c  log_file="/tmp/mem  2124
  Children of PID 760416:
    PID    PPID CMD                           RSS


Process Tree for AAP Services:
=== automation-controller Process Tree ===
bash(760078)---pstree(760471)
=== receptor Process Tree ===
receptor(748)-+-{receptor}(752)
              |-{receptor}(753)
              |-{receptor}(754)
              |-{receptor}(755)
              |-{receptor}(756)
              |-{receptor}(762)
              `-{receptor}(3478)
bash(760078)---pstree(760476)
=== nginx Process Tree ===
nginx(1163)-+-nginx(1164)
            |-nginx(1165)
            |-nginx(1169)
            `-nginx(1170)
nginx(1164)
nginx(1165)
nginx(1169)
nginx(1170)
bash(760078)---pstree(760485)
=== postgresql Process Tree ===
bash(760078)---pstree(760489)
=== redis Process Tree ===
redis-server(1105)-+-{redis-server}(1131)
                   |-{redis-server}(1132)
                   |-{redis-server}(1133)
                   `-{redis-server}(1135)
bash(760078)---pstree(760494)
=== uwsgi Process Tree ===
uwsgi(1140)-+-uwsgi(759750)
            |-uwsgi(759751)
            |-uwsgi(759752)
            `-uwsgi(759753)
uwsgi(759750)
uwsgi(759751)
uwsgi(759752)
uwsgi(759753)
bash(760078)---pstree(760514)
=== automation-hub Process Tree ===
bash(760078)---pstree(760518)
=== automation-eda Process Tree ===
bash(760078)---pstree(760522)

=================================================================================
2025-07-07 09:07:07
Memory Usage Report:
               total        used        free      shared  buff/cache   available
Mem:            7681        2713        3982          48        1325        4968
Swap:           3071           0        3071

Top 10 Processes by RSS Memory:
    PID    PPID CMD                           RSS
   1639     774 /var/lib/awx/venv/awx/bin/p 174964
   1655     774 /var/lib/awx/venv/awx/bin/p 167664
   1640     774 /var/lib/awx/venv/awx/bin/p 167644
   1687    1639 /var/lib/awx/venv/awx/bin/p 166896
   1686    1639 /var/lib/awx/venv/awx/bin/p 166764
   1684    1639 /var/lib/awx/venv/awx/bin/p 166500
   1685    1639 /var/lib/awx/venv/awx/bin/p 166432
   1156     774 /var/lib/awx/venv/awx/bin/p 156132
   1689    1640 /var/lib/awx/venv/awx/bin/p 155624
   1691    1640 /var/lib/awx/venv/awx/bin/p 155512

=== RECEPTOR PROCESS ANALYSIS ===
Receptor Main Processes:
    PID    PPID CMD                           RSS    VSZ %CPU %MEM     ELAPSED
    748       1 /usr/bin/receptor -c /etc/r 59836 1790028 0.0  0.7  3-19:04:05
Receptor Child Processes for PID 748:
  No child processes found
Receptor Threads for PID 748:
    PID    SPID %CPU %MEM   RSS COMMAND
    748     748  0.0  0.7 59836 receptor
    748     752  0.0  0.7 59836 receptor
    748     753  0.0  0.7 59836 receptor
    748     754  0.0  0.7 59836 receptor
    748     755  0.0  0.7 59836 receptor
    748     756  0.0  0.7 59836 receptor
    748     762  0.0  0.7 59836 receptor
    748    3478  0.0  0.7 59836 receptor
Receptor Network Connections for PID 748:
COMMAND      PID          USER   FD      TYPE             DEVICE SIZE/OFF     NODE NAME
receptor     748           awx  cwd       DIR              253,0      235      128 /
receptor     748           awx  rtd       DIR              253,0      235      128 /
receptor     748           awx  txt       REG              253,0 55920336 33952409 /usr/bin/receptor
receptor     748           awx  mem       REG              253,0  5436640 50591543 /usr/lib64/libcrypto.so.3.2.2
receptor     748           awx  mem       REG              253,0  2544344 50590560 /usr/lib64/libc.so.6
receptor     748           awx  mem       REG              253,0   102552 50590580 /usr/lib64/libz.so.1.2.11
receptor     748           awx  mem       REG              253,0    70520 50590571 /usr/lib64/libresolv.so.2
receptor     748           awx  mem       REG              253,0   897856 50590556 /usr/lib64/ld-linux-x86-64.so.2
receptor     748           awx    0r      CHR                1,3      0t0        4 /dev/null
receptor     748           awx    1w      REG              253,0     4004 17534110 /var/log/receptor/receptor.log
receptor     748           awx    2w      REG              253,0     4004 17534110 /var/log/receptor/receptor.log
receptor     748           awx    3r  a_inode               0,14        0       59 inotify
receptor     748           awx    4u  a_inode               0,14        0       59 [eventpoll:5,7,9,12,14,17,18,19,20,21,22,25,28,30,31,32,33,36,37,39,40,41,42,43,44,45,47,50,51,52,53,55...]
receptor     748           awx    5r     FIFO               0,13      0t0    23656 pipe
receptor     748           awx    6w     FIFO               0,13      0t0    23656 pipe
receptor     748           awx    7r  a_inode               0,14        0       59 inotify
receptor     748           awx    8r  a_inode               0,14        0       59 inotify
receptor     748           awx    9r  a_inode               0,14        0       59 inotify
receptor     748           awx   10r  a_inode               0,14        0       59 inotify
receptor     748           awx   11r  a_inode               0,14        0       59 inotify
receptor     748           awx   12r  a_inode               0,14        0       59 inotify
receptor     748           awx   13rW     REG               0,24        0      958 /run/awx-receptor/receptor.sock.lock
receptor     748           awx   14u     unix 0xffff9e4b07ccf300      0t0    22691 /var/run/awx-receptor/receptor.sock type=STREAM (LISTEN)
receptor     748           awx   15u     IPv6              23673      0t0      TCP *:27199 (LISTEN)
receptor     748           awx   16r  a_inode               0,14        0       59 inotify
receptor     748           awx   17r  a_inode               0,14        0       59 inotify
receptor     748           awx   18r  a_inode               0,14        0       59 inotify
receptor     748           awx   19r  a_inode               0,14        0       59 inotify
receptor     748           awx   20r  a_inode               0,14        0       59 inotify
receptor     748           awx   21r  a_inode               0,14        0       59 inotify
receptor     748           awx   22r  a_inode               0,14        0       59 inotify
receptor     748           awx   23u     IPv6              24302      0t0      TCP aap25-control.aap-test.local:27199->aap25-execution.aap-test.local:35552 (ESTABLISHED)
receptor     748           awx   24u     unix 0xffff9e4b0486a300      0t0  4825172 /var/run/awx-receptor/receptor.sock type=STREAM (CONNECTED)
receptor     748           awx   25r  a_inode               0,14        0       59 inotify
receptor     748           awx   26r  a_inode               0,14        0       59 inotify
receptor     748           awx   27r  a_inode               0,14        0       59 inotify
receptor     748           awx   28r  a_inode               0,14        0       59 inotify
receptor     748           awx   29r  a_inode               0,14        0       59 inotify
receptor     748           awx   30r  a_inode               0,14        0       59 inotify
receptor     748           awx   31r  a_inode               0,14        0       59 inotify
receptor     748           awx   32r  a_inode               0,14        0       59 inotify
receptor     748           awx   33r  a_inode               0,14        0       59 inotify
receptor     748           awx   34r  a_inode               0,14        0       59 inotify
receptor     748           awx   35r  a_inode               0,14        0       59 inotify
receptor     748           awx   36r  a_inode               0,14        0       59 inotify
receptor     748           awx   37r  a_inode               0,14        0       59 inotify
receptor     748           awx   38r  a_inode               0,14        0       59 inotify
receptor     748           awx   39r  a_inode               0,14        0       59 inotify
receptor     748           awx   40r  a_inode               0,14        0       59 inotify
receptor     748           awx   41r  a_inode               0,14        0       59 inotify
receptor     748           awx   42r  a_inode               0,14        0       59 inotify
receptor     748           awx   43r  a_inode               0,14        0       59 inotify
receptor     748           awx   44r  a_inode               0,14        0       59 inotify
receptor     748           awx   45r  a_inode               0,14        0       59 inotify
receptor     748           awx   46r  a_inode               0,14        0       59 inotify
receptor     748           awx   47r  a_inode               0,14        0       59 inotify
receptor     748           awx   48r  a_inode               0,14        0       59 inotify
receptor     748           awx   49r  a_inode               0,14        0       59 inotify
receptor     748           awx   50r  a_inode               0,14        0       59 inotify
receptor     748           awx   51r  a_inode               0,14        0       59 inotify
receptor     748           awx   52r  a_inode               0,14        0       59 inotify
receptor     748           awx   53r  a_inode               0,14        0       59 inotify
receptor     748           awx   54r  a_inode               0,14        0       59 inotify
receptor     748           awx   55r  a_inode               0,14        0       59 inotify
receptor     748           awx   56r  a_inode               0,14        0       59 inotify
receptor     748           awx   57r  a_inode               0,14        0       59 inotify
receptor     748           awx   58r  a_inode               0,14        0       59 inotify
receptor     748           awx   59r  a_inode               0,14        0       59 inotify
receptor     748           awx   60r  a_inode               0,14        0       59 inotify
receptor     748           awx   61r  a_inode               0,14        0       59 inotify
receptor     748           awx   62r  a_inode               0,14        0       59 inotify
receptor     748           awx   63w      REG              253,0    33936 51921930 /tmp/receptor/192.168.1.233/8k1O9WeJ/stdout
receptor     748           awx   70r      REG              253,0    33936 51921930 /tmp/receptor/192.168.1.233/8k1O9WeJ/stdout
chronyd      759        chrony    5u     IPv4              22678      0t0      UDP localhost:323 
chronyd      759        chrony    6u     IPv6              22679      0t0      UDP localhost:323 
NetworkMa    764          root   26u     IPv4              26052      0t0      UDP aap25-control.aap-test.local:bootpc->pi.hole:bootps 
sshd         790          root    3u     IPv4              25862      0t0      TCP *:ssh (LISTEN)
sshd         790          root    4u     IPv6              25864      0t0      TCP *:ssh (LISTEN)
node_expo   1103 node_exporter    3u     IPv6              26086      0t0      TCP *:jetdirect (LISTEN)
node_expo   1103 node_exporter    7u     IPv6              26561      0t0      TCP aap25-control.aap-test.local:jetdirect->monitoring-node.aap-test.local:46350 (ESTABLISHED)
daphne      1156           awx   14u     IPv4              24392      0t0      TCP aap25-control.aap-test.local:58186->aap25-database.aap-test.local:postgres (ESTABLISHED)
nginx       1163          root    8u     IPv4              26119      0t0      TCP *:https (LISTEN)
nginx       1163          root    9u     IPv6              26120      0t0      TCP *:https (LISTEN)
nginx       1163          root   10u     IPv4              26121      0t0      TCP *:http (LISTEN)
nginx       1163          root   11u     IPv6              26122      0t0      TCP *:http (LISTEN)
nginx       1164         nginx    4u     IPv4            4730644      0t0      TCP aap25-control.aap-test.local:https->192.168.1.30:57628 (ESTABLISHED)
nginx       1164         nginx    8u     IPv4              26119      0t0      TCP *:https (LISTEN)
nginx       1164         nginx    9u     IPv6              26120      0t0      TCP *:https (LISTEN)
nginx       1164         nginx   10u     IPv4              26121      0t0      TCP *:http (LISTEN)
nginx       1164         nginx   11u     IPv6              26122      0t0      TCP *:http (LISTEN)
nginx       1165         nginx    8u     IPv4              26119      0t0      TCP *:https (LISTEN)
nginx       1165         nginx    9u     IPv6              26120      0t0      TCP *:https (LISTEN)
nginx       1165         nginx   10u     IPv4              26121      0t0      TCP *:http (LISTEN)
nginx       1165         nginx   11u     IPv6              26122      0t0      TCP *:http (LISTEN)
nginx       1169         nginx    4u     IPv4            4744305      0t0      TCP aap25-control.aap-test.local:https->192.168.1.30:41934 (ESTABLISHED)
nginx       1169         nginx    8u     IPv4              26119      0t0      TCP *:https (LISTEN)
nginx       1169         nginx    9u     IPv6              26120      0t0      TCP *:https (LISTEN)
nginx       1169         nginx   10u     IPv4              26121      0t0      TCP *:http (LISTEN)
nginx       1169         nginx   11u     IPv6              26122      0t0      TCP *:http (LISTEN)
nginx       1170         nginx    4u     IPv4            4820637      0t0      TCP aap25-control.aap-test.local:https->192.168.1.30:54764 (ESTABLISHED)
nginx       1170         nginx    8u     IPv4              26119      0t0      TCP *:https (LISTEN)
nginx       1170         nginx    9u     IPv6              26120      0t0      TCP *:https (LISTEN)
nginx       1170         nginx   10u     IPv4              26121      0t0      TCP *:http (LISTEN)
nginx       1170         nginx   11u     IPv6              26122      0t0      TCP *:http (LISTEN)
awx-manag   1639           awx   15u     IPv6              24454      0t0      TCP localhost:8015 (LISTEN)
awx-manag   1639           awx   39u     IPv4              24471      0t0      TCP aap25-control.aap-test.local:58302->aap25-database.aap-test.local:postgres (ESTABLISHED)
awx-manag   1639           awx   40u     IPv4              24474      0t0      TCP aap25-control.aap-test.local:58306->aap25-database.aap-test.local:postgres (ESTABLISHED)
awx-manag   1640           awx   15u     IPv6              23442      0t0      TCP localhost:8014 (LISTEN)
awx-manag   1641           awx    9u     IPv6              26650      0t0      TCP localhost:8016 (LISTEN)
awx-manag   1641           awx   18u     IPv4              26653      0t0      TCP aap25-control.aap-test.local:58288->aap25-database.aap-test.local:postgres (ESTABLISHED)
awx-manag   1642           awx    9u     IPv4              26493      0t0      TCP aap25-control.aap-test.local:58258->aap25-database.aap-test.local:postgres (ESTABLISHED)
awx-manag   1655           awx    9u     IPv4              26549      0t0      TCP aap25-control.aap-test.local:58310->aap25-database.aap-test.local:postgres (ESTABLISHED)
awx-manag   1684           awx   15u     IPv6              24454      0t0      TCP localhost:8015 (LISTEN)
awx-manag   1685           awx   15u     IPv6              24454      0t0      TCP localhost:8015 (LISTEN)
awx-manag   1685           awx   29u     IPv4            4821997      0t0      TCP aap25-control.aap-test.local:47388->aap25-database.aap-test.local:postgres (ESTABLISHED)
awx-manag   1686           awx   15u     IPv6              24454      0t0      TCP localhost:8015 (LISTEN)
awx-manag   1686           awx   35u     IPv4            4823923      0t0      TCP aap25-control.aap-test.local:47378->aap25-database.aap-test.local:postgres (ESTABLISHED)
awx-manag   1687           awx   15u     IPv6              24454      0t0      TCP localhost:8015 (LISTEN)
awx-manag   1689           awx   15u     IPv6              23442      0t0      TCP localhost:8014 (LISTEN)
awx-manag   1690           awx   15u     IPv6              23442      0t0      TCP localhost:8014 (LISTEN)
awx-manag   1691           awx   15u     IPv6              23442      0t0      TCP localhost:8014 (LISTEN)
awx-manag   1692           awx   15u     IPv6              23442      0t0      TCP localhost:8014 (LISTEN)
awx-manag   1692           awx   36u     IPv4            4824032      0t0      TCP aap25-control.aap-test.local:47488->aap25-database.aap-test.local:postgres (ESTABLISHED)
sshd      759920          root    4u     IPv4            4814652      0t0      TCP aap25-control.aap-test.local:ssh->192.168.1.49:33560 (ESTABLISHED)
sshd      759940          root    4u     IPv4            4814652      0t0      TCP aap25-control.aap-test.local:ssh->192.168.1.49:33560 (ESTABLISHED)

    PID    PPID CMD                           RSS    VSZ %CPU %MEM     ELAPSED
 760078       1 bash -c  log_file="/tmp/mem  3456   7340  0.0  0.0       01:03
Receptor Child Processes for PID 760078:
      PID    PPID CMD                           RSS    VSZ %CPU %MEM     ELAPSED
Receptor Threads for PID 760078:
    PID    SPID %CPU %MEM   RSS COMMAND
 760078  760078  0.0  0.0  3456 bash
Receptor Network Connections for PID 760078:
COMMAND      PID          USER   FD   TYPE  DEVICE SIZE/OFF     NODE NAME
receptor     748           awx   15u  IPv6   23673      0t0      TCP *:27199 (LISTEN)
receptor     748           awx   23u  IPv6   24302      0t0      TCP aap25-control.aap-test.local:27199->aap25-execution.aap-test.local:35552 (ESTABLISHED)
chronyd      759        chrony    5u  IPv4   22678      0t0      UDP localhost:323 
chronyd      759        chrony    6u  IPv6   22679      0t0      UDP localhost:323 
NetworkMa    764          root   26u  IPv4   26052      0t0      UDP aap25-control.aap-test.local:bootpc->pi.hole:bootps 
sshd         790          root    3u  IPv4   25862      0t0      TCP *:ssh (LISTEN)
sshd         790          root    4u  IPv6   25864      0t0      TCP *:ssh (LISTEN)
node_expo   1103 node_exporter    3u  IPv6   26086      0t0      TCP *:jetdirect (LISTEN)
node_expo   1103 node_exporter    7u  IPv6   26561      0t0      TCP aap25-control.aap-test.local:jetdirect->monitoring-node.aap-test.local:46350 (ESTABLISHED)
daphne      1156           awx   14u  IPv4   24392      0t0      TCP aap25-control.aap-test.local:58186->aap25-database.aap-test.local:postgres (ESTABLISHED)
nginx       1163          root    8u  IPv4   26119      0t0      TCP *:https (LISTEN)
nginx       1163          root    9u  IPv6   26120      0t0      TCP *:https (LISTEN)
nginx       1163          root   10u  IPv4   26121      0t0      TCP *:http (LISTEN)
nginx       1163          root   11u  IPv6   26122      0t0      TCP *:http (LISTEN)
nginx       1164         nginx    4u  IPv4 4730644      0t0      TCP aap25-control.aap-test.local:https->192.168.1.30:57628 (ESTABLISHED)
nginx       1164         nginx    8u  IPv4   26119      0t0      TCP *:https (LISTEN)
nginx       1164         nginx    9u  IPv6   26120      0t0      TCP *:https (LISTEN)
nginx       1164         nginx   10u  IPv4   26121      0t0      TCP *:http (LISTEN)
nginx       1164         nginx   11u  IPv6   26122      0t0      TCP *:http (LISTEN)
nginx       1165         nginx    8u  IPv4   26119      0t0      TCP *:https (LISTEN)
nginx       1165         nginx    9u  IPv6   26120      0t0      TCP *:https (LISTEN)
nginx       1165         nginx   10u  IPv4   26121      0t0      TCP *:http (LISTEN)
nginx       1165         nginx   11u  IPv6   26122      0t0      TCP *:http (LISTEN)
nginx       1169         nginx    4u  IPv4 4744305      0t0      TCP aap25-control.aap-test.local:https->192.168.1.30:41934 (ESTABLISHED)
nginx       1169         nginx    8u  IPv4   26119      0t0      TCP *:https (LISTEN)
nginx       1169         nginx    9u  IPv6   26120      0t0      TCP *:https (LISTEN)
nginx       1169         nginx   10u  IPv4   26121      0t0      TCP *:http (LISTEN)
nginx       1169         nginx   11u  IPv6   26122      0t0      TCP *:http (LISTEN)
nginx       1170         nginx    4u  IPv4 4820637      0t0      TCP aap25-control.aap-test.local:https->192.168.1.30:54764 (ESTABLISHED)
nginx       1170         nginx    8u  IPv4   26119      0t0      TCP *:https (LISTEN)
nginx       1170         nginx    9u  IPv6   26120      0t0      TCP *:https (LISTEN)
nginx       1170         nginx   10u  IPv4   26121      0t0      TCP *:http (LISTEN)
nginx       1170         nginx   11u  IPv6   26122      0t0      TCP *:http (LISTEN)
awx-manag   1639           awx   15u  IPv6   24454      0t0      TCP localhost:8015 (LISTEN)
awx-manag   1639           awx   39u  IPv4   24471      0t0      TCP aap25-control.aap-test.local:58302->aap25-database.aap-test.local:postgres (ESTABLISHED)
awx-manag   1639           awx   40u  IPv4   24474      0t0      TCP aap25-control.aap-test.local:58306->aap25-database.aap-test.local:postgres (ESTABLISHED)
awx-manag   1640           awx   15u  IPv6   23442      0t0      TCP localhost:8014 (LISTEN)
awx-manag   1641           awx    9u  IPv6   26650      0t0      TCP localhost:8016 (LISTEN)
awx-manag   1641           awx   18u  IPv4   26653      0t0      TCP aap25-control.aap-test.local:58288->aap25-database.aap-test.local:postgres (ESTABLISHED)
awx-manag   1642           awx    9u  IPv4   26493      0t0      TCP aap25-control.aap-test.local:58258->aap25-database.aap-test.local:postgres (ESTABLISHED)
awx-manag   1655           awx    9u  IPv4   26549      0t0      TCP aap25-control.aap-test.local:58310->aap25-database.aap-test.local:postgres (ESTABLISHED)
awx-manag   1684           awx   15u  IPv6   24454      0t0      TCP localhost:8015 (LISTEN)
awx-manag   1685           awx   15u  IPv6   24454      0t0      TCP localhost:8015 (LISTEN)
awx-manag   1685           awx   29u  IPv4 4821997      0t0      TCP aap25-control.aap-test.local:47388->aap25-database.aap-test.local:postgres (ESTABLISHED)
awx-manag   1686           awx   15u  IPv6   24454      0t0      TCP localhost:8015 (LISTEN)
awx-manag   1686           awx   35u  IPv4 4823923      0t0      TCP aap25-control.aap-test.local:47378->aap25-database.aap-test.local:postgres (ESTABLISHED)
awx-manag   1687           awx   15u  IPv6   24454      0t0      TCP localhost:8015 (LISTEN)
awx-manag   1689           awx   15u  IPv6   23442      0t0      TCP localhost:8014 (LISTEN)
awx-manag   1690           awx   15u  IPv6   23442      0t0      TCP localhost:8014 (LISTEN)
awx-manag   1691           awx   15u  IPv6   23442      0t0      TCP localhost:8014 (LISTEN)
awx-manag   1692           awx   15u  IPv6   23442      0t0      TCP localhost:8014 (LISTEN)
awx-manag   1692           awx   36u  IPv4 4824032      0t0      TCP aap25-control.aap-test.local:47488->aap25-database.aap-test.local:postgres (ESTABLISHED)
sshd      759920          root    4u  IPv4 4814652      0t0      TCP aap25-control.aap-test.local:ssh->192.168.1.49:33560 (ESTABLISHED)
sshd      759940          root    4u  IPv4 4814652      0t0      TCP aap25-control.aap-test.local:ssh->192.168.1.49:33560 (ESTABLISHED)
bash      760078          root  cwd    DIR   253,0     4096 33685638 /root
bash      760078          root  rtd    DIR   253,0      235      128 /
bash      760078          root  txt    REG   253,0  1389072 33755766 /usr/bin/bash
bash      760078          root  mem    REG   253,0  2586930   223716 /usr/lib/locale/en_US.utf8/LC_COLLATE
bash      760078          root  mem    REG   253,0  2544344 50590560 /usr/lib64/libc.so.6
bash      760078          root  mem    REG   253,0   346132 50590237 /usr/lib/locale/C.utf8/LC_CTYPE
bash      760078          root  mem    REG   253,0       54   223719 /usr/lib/locale/en_US.utf8/LC_NUMERIC
bash      760078          root  mem    REG   253,0     3284 17219141 /usr/lib/locale/en_US.utf8/LC_TIME
bash      760078          root  mem    REG   253,0      286 17219139 /usr/lib/locale/en_US.utf8/LC_MONETARY
bash      760078          root  mem    REG   253,0       57 17219152 /usr/lib/locale/en_US.utf8/LC_MESSAGES/SYS_LC_MESSAGES
bash      760078          root  mem    REG   253,0    26988 33841777 /usr/lib64/gconv/gconv-modules.cache
bash      760078          root  mem    REG   253,0   195080 50590221 /usr/lib64/libtinfo.so.6.2
bash      760078          root  mem    REG   253,0       34 50590538 /usr/lib/locale/en_US.utf8/LC_PAPER
bash      760078          root  mem    REG   253,0       77   223718 /usr/lib/locale/en_US.utf8/LC_NAME
bash      760078          root  mem    REG   253,0      167 17219135 /usr/lib/locale/en_US.utf8/LC_ADDRESS
bash      760078          root  mem    REG   253,0       59 17219140 /usr/lib/locale/en_US.utf8/LC_TELEPHONE
bash      760078          root  mem    REG   253,0       23 17219138 /usr/lib/locale/en_US.utf8/LC_MEASUREMENT
bash      760078          root  mem    REG   253,0      369 17219137 /usr/lib/locale/en_US.utf8/LC_IDENTIFICATION
bash      760078          root  mem    REG   253,0   897856 50590556 /usr/lib64/ld-linux-x86-64.so.2
bash      760078          root    0r   CHR     1,3      0t0        4 /dev/null
bash      760078          root    1w   REG   253,0        0 18572042 /tmp/memory_monitor.log
bash      760078          root    2w   REG   253,0        0 18572042 /tmp/memory_monitor.log
bash      760078          root    3r  FIFO    0,13      0t0  4827153 pipe

    PID    PPID CMD                           RSS    VSZ %CPU %MEM     ELAPSED
Receptor Child Processes for PID 762662:
  No child processes found
Receptor Threads for PID 762662:
    PID    SPID %CPU %MEM   RSS COMMAND
Receptor Network Connections for PID 762662:
COMMAND      PID          USER   FD   TYPE  DEVICE SIZE/OFF NODE NAME
receptor     748           awx   15u  IPv6   23673      0t0  TCP *:27199 (LISTEN)
receptor     748           awx   23u  IPv6   24302      0t0  TCP aap25-control.aap-test.local:27199->aap25-execution.aap-test.local:35552 (ESTABLISHED)
chronyd      759        chrony    5u  IPv4   22678      0t0  UDP localhost:323 
chronyd      759        chrony    6u  IPv6   22679      0t0  UDP localhost:323 
NetworkMa    764          root   26u  IPv4   26052      0t0  UDP aap25-control.aap-test.local:bootpc->pi.hole:bootps 
sshd         790          root    3u  IPv4   25862      0t0  TCP *:ssh (LISTEN)
sshd         790          root    4u  IPv6   25864      0t0  TCP *:ssh (LISTEN)
node_expo   1103 node_exporter    3u  IPv6   26086      0t0  TCP *:jetdirect (LISTEN)
node_expo   1103 node_exporter    7u  IPv6   26561      0t0  TCP aap25-control.aap-test.local:jetdirect->monitoring-node.aap-test.local:46350 (ESTABLISHED)
daphne      1156           awx   14u  IPv4   24392      0t0  TCP aap25-control.aap-test.local:58186->aap25-database.aap-test.local:postgres (ESTABLISHED)
nginx       1163          root    8u  IPv4   26119      0t0  TCP *:https (LISTEN)
nginx       1163          root    9u  IPv6   26120      0t0  TCP *:https (LISTEN)
nginx       1163          root   10u  IPv4   26121      0t0  TCP *:http (LISTEN)
nginx       1163          root   11u  IPv6   26122      0t0  TCP *:http (LISTEN)
nginx       1164         nginx    4u  IPv4 4730644      0t0  TCP aap25-control.aap-test.local:https->192.168.1.30:57628 (ESTABLISHED)
nginx       1164         nginx    8u  IPv4   26119      0t0  TCP *:https (LISTEN)
nginx       1164         nginx    9u  IPv6   26120      0t0  TCP *:https (LISTEN)
nginx       1164         nginx   10u  IPv4   26121      0t0  TCP *:http (LISTEN)
nginx       1164         nginx   11u  IPv6   26122      0t0  TCP *:http (LISTEN)
nginx       1165         nginx    8u  IPv4   26119      0t0  TCP *:https (LISTEN)
nginx       1165         nginx    9u  IPv6   26120      0t0  TCP *:https (LISTEN)
nginx       1165         nginx   10u  IPv4   26121      0t0  TCP *:http (LISTEN)
nginx       1165         nginx   11u  IPv6   26122      0t0  TCP *:http (LISTEN)
nginx       1169         nginx    4u  IPv4 4744305      0t0  TCP aap25-control.aap-test.local:https->192.168.1.30:41934 (ESTABLISHED)
nginx       1169         nginx    8u  IPv4   26119      0t0  TCP *:https (LISTEN)
nginx       1169         nginx    9u  IPv6   26120      0t0  TCP *:https (LISTEN)
nginx       1169         nginx   10u  IPv4   26121      0t0  TCP *:http (LISTEN)
nginx       1169         nginx   11u  IPv6   26122      0t0  TCP *:http (LISTEN)
nginx       1170         nginx    4u  IPv4 4820637      0t0  TCP aap25-control.aap-test.local:https->192.168.1.30:54764 (ESTABLISHED)
nginx       1170         nginx    8u  IPv4   26119      0t0  TCP *:https (LISTEN)
nginx       1170         nginx    9u  IPv6   26120      0t0  TCP *:https (LISTEN)
nginx       1170         nginx   10u  IPv4   26121      0t0  TCP *:http (LISTEN)
nginx       1170         nginx   11u  IPv6   26122      0t0  TCP *:http (LISTEN)
awx-manag   1639           awx   15u  IPv6   24454      0t0  TCP localhost:8015 (LISTEN)
awx-manag   1639           awx   39u  IPv4   24471      0t0  TCP aap25-control.aap-test.local:58302->aap25-database.aap-test.local:postgres (ESTABLISHED)
awx-manag   1639           awx   40u  IPv4   24474      0t0  TCP aap25-control.aap-test.local:58306->aap25-database.aap-test.local:postgres (ESTABLISHED)
awx-manag   1640           awx   15u  IPv6   23442      0t0  TCP localhost:8014 (LISTEN)
awx-manag   1641           awx    9u  IPv6   26650      0t0  TCP localhost:8016 (LISTEN)
awx-manag   1641           awx   18u  IPv4   26653      0t0  TCP aap25-control.aap-test.local:58288->aap25-database.aap-test.local:postgres (ESTABLISHED)
awx-manag   1642           awx    9u  IPv4   26493      0t0  TCP aap25-control.aap-test.local:58258->aap25-database.aap-test.local:postgres (ESTABLISHED)
awx-manag   1655           awx    9u  IPv4   26549      0t0  TCP aap25-control.aap-test.local:58310->aap25-database.aap-test.local:postgres (ESTABLISHED)
awx-manag   1684           awx   15u  IPv6   24454      0t0  TCP localhost:8015 (LISTEN)
awx-manag   1685           awx   15u  IPv6   24454      0t0  TCP localhost:8015 (LISTEN)
awx-manag   1685           awx   29u  IPv4 4821997      0t0  TCP aap25-control.aap-test.local:47388->aap25-database.aap-test.local:postgres (ESTABLISHED)
awx-manag   1686           awx   15u  IPv6   24454      0t0  TCP localhost:8015 (LISTEN)
awx-manag   1686           awx   35u  IPv4 4823923      0t0  TCP aap25-control.aap-test.local:47378->aap25-database.aap-test.local:postgres (ESTABLISHED)
awx-manag   1687           awx   15u  IPv6   24454      0t0  TCP localhost:8015 (LISTEN)
awx-manag   1689           awx   15u  IPv6   23442      0t0  TCP localhost:8014 (LISTEN)
awx-manag   1690           awx   15u  IPv6   23442      0t0  TCP localhost:8014 (LISTEN)
awx-manag   1691           awx   15u  IPv6   23442      0t0  TCP localhost:8014 (LISTEN)
awx-manag   1692           awx   15u  IPv6   23442      0t0  TCP localhost:8014 (LISTEN)
awx-manag   1692           awx   36u  IPv4 4824032      0t0  TCP aap25-control.aap-test.local:47488->aap25-database.aap-test.local:postgres (ESTABLISHED)
sshd      759920          root    4u  IPv4 4814652      0t0  TCP aap25-control.aap-test.local:ssh->192.168.1.49:33560 (ESTABLISHED)
sshd      759940          root    4u  IPv4 4814652      0t0  TCP aap25-control.aap-test.local:ssh->192.168.1.49:33560 (ESTABLISHED)
  No network connections found

=== RECEPTOR MEMORY SUMMARY ===
Total Receptor RSS Memory: 63292 KB (61 MB)
Total Receptor VSZ Memory: 1797348 KB (1755 MB)
Number of Receptor Processes: 3

AAP-related Processes and Children:
=== AAP Service Processes ===
Process: receptor (PID: 748)
    PID    PPID CMD                           RSS
    748       1 /usr/bin/receptor -c /etc/r 59836

Process: redis-server (PID: 1105)
    PID    PPID CMD                           RSS
   1105       1 /usr/bin/redis-server unixs 13432

Process: uwsgi (PID: 1140)
    PID    PPID CMD                           RSS
   1140     774 /var/lib/awx/venv/awx/bin/u 144764
  Children of PID 1140:
    PID    PPID CMD                           RSS
 759750    1140 /var/lib/awx/venv/awx/bin/u 138340
    PID    PPID CMD                           RSS
 759751    1140 /var/lib/awx/venv/awx/bin/u 145636
    PID    PPID CMD                           RSS
 759752    1140 /var/lib/awx/venv/awx/bin/u 138084
    PID    PPID CMD                           RSS
 759753    1140 /var/lib/awx/venv/awx/bin/u 138596

Process: nginx (PID: 1163)
    PID    PPID CMD                           RSS
   1163       1 nginx: master process /usr/  2504
  Children of PID 1163:
    PID    PPID CMD                           RSS
   1164    1163 nginx: worker process        8136
    PID    PPID CMD                           RSS
   1165    1163 nginx: worker process        8392
    PID    PPID CMD                           RSS
   1169    1163 nginx: worker process        8264
    PID    PPID CMD                           RSS
   1170    1163 nginx: worker process        8136

Process: nginx (PID: 1164)
    PID    PPID CMD                           RSS
   1164    1163 nginx: worker process        8136

Process: nginx (PID: 1165)
    PID    PPID CMD                           RSS
   1165    1163 nginx: worker process        8392

Process: nginx (PID: 1169)
    PID    PPID CMD                           RSS
   1169    1163 nginx: worker process        8264

Process: nginx (PID: 1170)
    PID    PPID CMD                           RSS
   1170    1163 nginx: worker process        8136

Process: uwsgi (PID: 759750)
    PID    PPID CMD                           RSS
 759750    1140 /var/lib/awx/venv/awx/bin/u 138340

Process: uwsgi (PID: 759751)
    PID    PPID CMD                           RSS
 759751    1140 /var/lib/awx/venv/awx/bin/u 145636

Process: uwsgi (PID: 759752)
    PID    PPID CMD                           RSS
 759752    1140 /var/lib/awx/venv/awx/bin/u 138084

Process: uwsgi (PID: 759753)
    PID    PPID CMD                           RSS
 759753    1140 /var/lib/awx/venv/awx/bin/u 138596

Process: bash (PID: 760078)
    PID    PPID CMD                           RSS
 760078       1 bash -c  log_file="/tmp/mem  3456
  Children of PID 760078:
    PID    PPID CMD                           RSS
 762753  760078 bash -c  log_file="/tmp/mem  2132

Process: bash (PID: 762753)
    PID    PPID CMD                           RSS
 762753  760078 bash -c  log_file="/tmp/mem  2132
  Children of PID 762753:
    PID    PPID CMD                           RSS


Process Tree for AAP Services:
=== automation-controller Process Tree ===
bash(760078)---pstree(762808)
=== receptor Process Tree ===
receptor(748)-+-{receptor}(752)
              |-{receptor}(753)
              |-{receptor}(754)
              |-{receptor}(755)
              |-{receptor}(756)
              |-{receptor}(762)
              `-{receptor}(3478)
bash(760078)---pstree(762813)
=== nginx Process Tree ===
nginx(1163)-+-nginx(1164)
            |-nginx(1165)
            |-nginx(1169)
            `-nginx(1170)
nginx(1164)
nginx(1165)
nginx(1169)
nginx(1170)
bash(760078)---pstree(762822)
=== postgresql Process Tree ===
bash(760078)---pstree(762826)
=== redis Process Tree ===
redis-server(1105)-+-{redis-server}(1131)
                   |-{redis-server}(1132)
                   |-{redis-server}(1133)
                   `-{redis-server}(1135)
bash(760078)---pstree(762831)
=== uwsgi Process Tree ===
uwsgi(1140)-+-uwsgi(759750)
            |-uwsgi(759751)
            |-uwsgi(759752)
            `-uwsgi(759753)
uwsgi(759750)
uwsgi(759751)
uwsgi(759752)
uwsgi(759753)
bash(760078)---pstree(762840)
=== automation-hub Process Tree ===
bash(760078)---pstree(762844)
=== automation-eda Process Tree ===
bash(760078)---pstree(762848)

=================================================================================
2025-07-07 09:07:38
Memory Usage Report:
               total        used        free      shared  buff/cache   available
Mem:            7681        2596        4099          48        1325        5085
Swap:           3071           0        3071

Top 10 Processes by RSS Memory:
    PID    PPID CMD                           RSS
   1639     774 /var/lib/awx/venv/awx/bin/p 174964
   1655     774 /var/lib/awx/venv/awx/bin/p 167664
   1640     774 /var/lib/awx/venv/awx/bin/p 167644
   1687    1639 /var/lib/awx/venv/awx/bin/p 166896
   1686    1639 /var/lib/awx/venv/awx/bin/p 166764
   1685    1639 /var/lib/awx/venv/awx/bin/p 166560
   1684    1639 /var/lib/awx/venv/awx/bin/p 166500
   1156     774 /var/lib/awx/venv/awx/bin/p 156132
   1689    1640 /var/lib/awx/venv/awx/bin/p 155624
   1691    1640 /var/lib/awx/venv/awx/bin/p 155512

=== RECEPTOR PROCESS ANALYSIS ===
Receptor Main Processes:
    PID    PPID CMD                           RSS    VSZ %CPU %MEM     ELAPSED
    748       1 /usr/bin/receptor -c /etc/r 59396 1790028 0.0  0.7  3-19:04:36
Receptor Child Processes for PID 748:
  No child processes found
Receptor Threads for PID 748:
    PID    SPID %CPU %MEM   RSS COMMAND
    748     748  0.0  0.7 59396 receptor
    748     752  0.0  0.7 59396 receptor
    748     753  0.0  0.7 59396 receptor
    748     754  0.0  0.7 59396 receptor
    748     755  0.0  0.7 59396 receptor
    748     756  0.0  0.7 59396 receptor
    748     762  0.0  0.7 59396 receptor
    748    3478  0.0  0.7 59396 receptor
Receptor Network Connections for PID 748:
COMMAND      PID          USER   FD      TYPE             DEVICE SIZE/OFF     NODE NAME
receptor     748           awx  cwd       DIR              253,0      235      128 /
receptor     748           awx  rtd       DIR              253,0      235      128 /
receptor     748           awx  txt       REG              253,0 55920336 33952409 /usr/bin/receptor
receptor     748           awx  mem       REG              253,0  5436640 50591543 /usr/lib64/libcrypto.so.3.2.2
receptor     748           awx  mem       REG              253,0  2544344 50590560 /usr/lib64/libc.so.6
receptor     748           awx  mem       REG              253,0   102552 50590580 /usr/lib64/libz.so.1.2.11
receptor     748           awx  mem       REG              253,0    70520 50590571 /usr/lib64/libresolv.so.2
receptor     748           awx  mem       REG              253,0   897856 50590556 /usr/lib64/ld-linux-x86-64.so.2
receptor     748           awx    0r      CHR                1,3      0t0        4 /dev/null
receptor     748           awx    1w      REG              253,0     4004 17534110 /var/log/receptor/receptor.log
receptor     748           awx    2w      REG              253,0     4004 17534110 /var/log/receptor/receptor.log
receptor     748           awx    3r  a_inode               0,14        0       59 inotify
receptor     748           awx    4u  a_inode               0,14        0       59 [eventpoll:5,7,9,12,14,17,18,19,20,21,22,25,28,30,31,32,33,36,37,39,40,41,42,43,44,45,47,50,51,52,53,55...]
receptor     748           awx    5r     FIFO               0,13      0t0    23656 pipe
receptor     748           awx    6w     FIFO               0,13      0t0    23656 pipe
receptor     748           awx    7r  a_inode               0,14        0       59 inotify
receptor     748           awx    8r  a_inode               0,14        0       59 inotify
receptor     748           awx    9r  a_inode               0,14        0       59 inotify
receptor     748           awx   10r  a_inode               0,14        0       59 inotify
receptor     748           awx   11r  a_inode               0,14        0       59 inotify
receptor     748           awx   12r  a_inode               0,14        0       59 inotify
receptor     748           awx   13rW     REG               0,24        0      958 /run/awx-receptor/receptor.sock.lock
receptor     748           awx   14u     unix 0xffff9e4b07ccf300      0t0    22691 /var/run/awx-receptor/receptor.sock type=STREAM (LISTEN)
receptor     748           awx   15u     IPv6              23673      0t0      TCP *:27199 (LISTEN)
receptor     748           awx   16r  a_inode               0,14        0       59 inotify
receptor     748           awx   17r  a_inode               0,14        0       59 inotify
receptor     748           awx   18r  a_inode               0,14        0       59 inotify
receptor     748           awx   19r  a_inode               0,14        0       59 inotify
receptor     748           awx   20r  a_inode               0,14        0       59 inotify
receptor     748           awx   21r  a_inode               0,14        0       59 inotify
receptor     748           awx   22r  a_inode               0,14        0       59 inotify
receptor     748           awx   23u     IPv6              24302      0t0      TCP aap25-control.aap-test.local:27199->aap25-execution.aap-test.local:35552 (ESTABLISHED)
receptor     748           awx   24u     unix 0xffff9e4b0486a300      0t0  4825172 /var/run/awx-receptor/receptor.sock type=STREAM (CONNECTED)
receptor     748           awx   25r  a_inode               0,14        0       59 inotify
receptor     748           awx   26r  a_inode               0,14        0       59 inotify
receptor     748           awx   27r  a_inode               0,14        0       59 inotify
receptor     748           awx   28r  a_inode               0,14        0       59 inotify
receptor     748           awx   29r  a_inode               0,14        0       59 inotify
receptor     748           awx   30r  a_inode               0,14        0       59 inotify
receptor     748           awx   31r  a_inode               0,14        0       59 inotify
receptor     748           awx   32r  a_inode               0,14        0       59 inotify
receptor     748           awx   33r  a_inode               0,14        0       59 inotify
receptor     748           awx   34r  a_inode               0,14        0       59 inotify
receptor     748           awx   35r  a_inode               0,14        0       59 inotify
receptor     748           awx   36r  a_inode               0,14        0       59 inotify
receptor     748           awx   37r  a_inode               0,14        0       59 inotify
receptor     748           awx   38r  a_inode               0,14        0       59 inotify
receptor     748           awx   39r  a_inode               0,14        0       59 inotify
receptor     748           awx   40r  a_inode               0,14        0       59 inotify
receptor     748           awx   41r  a_inode               0,14        0       59 inotify
receptor     748           awx   42r  a_inode               0,14        0       59 inotify
receptor     748           awx   43r  a_inode               0,14        0       59 inotify
receptor     748           awx   44r  a_inode               0,14        0       59 inotify
receptor     748           awx   45r  a_inode               0,14        0       59 inotify
receptor     748           awx   46r  a_inode               0,14        0       59 inotify
receptor     748           awx   47r  a_inode               0,14        0       59 inotify
receptor     748           awx   48r  a_inode               0,14        0       59 inotify
receptor     748           awx   49r  a_inode               0,14        0       59 inotify
receptor     748           awx   50r  a_inode               0,14        0       59 inotify
receptor     748           awx   51r  a_inode               0,14        0       59 inotify
receptor     748           awx   52r  a_inode               0,14        0       59 inotify
receptor     748           awx   53r  a_inode               0,14        0       59 inotify
receptor     748           awx   54r  a_inode               0,14        0       59 inotify
receptor     748           awx   55r  a_inode               0,14        0       59 inotify
receptor     748           awx   56r  a_inode               0,14        0       59 inotify
receptor     748           awx   57r  a_inode               0,14        0       59 inotify
receptor     748           awx   58r  a_inode               0,14        0       59 inotify
receptor     748           awx   59r  a_inode               0,14        0       59 inotify
receptor     748           awx   60r  a_inode               0,14        0       59 inotify
receptor     748           awx   61r  a_inode               0,14        0       59 inotify
receptor     748           awx   62r  a_inode               0,14        0       59 inotify
receptor     748           awx   63w      REG              253,0    38068 51921930 /tmp/receptor/192.168.1.233/8k1O9WeJ/stdout
receptor     748           awx   70r      REG              253,0    38068 51921930 /tmp/receptor/192.168.1.233/8k1O9WeJ/stdout
chronyd      759        chrony    5u     IPv4              22678      0t0      UDP localhost:323 
chronyd      759        chrony    6u     IPv6              22679      0t0      UDP localhost:323 
NetworkMa    764          root   26u     IPv4              26052      0t0      UDP aap25-control.aap-test.local:bootpc->pi.hole:bootps 
sshd         790          root    3u     IPv4              25862      0t0      TCP *:ssh (LISTEN)
sshd         790          root    4u     IPv6              25864      0t0      TCP *:ssh (LISTEN)
node_expo   1103 node_exporter    3u     IPv6              26086      0t0      TCP *:jetdirect (LISTEN)
node_expo   1103 node_exporter    7u     IPv6              26561      0t0      TCP aap25-control.aap-test.local:jetdirect->monitoring-node.aap-test.local:46350 (ESTABLISHED)
daphne      1156           awx   14u     IPv4              24392      0t0      TCP aap25-control.aap-test.local:58186->aap25-database.aap-test.local:postgres (ESTABLISHED)
nginx       1163          root    8u     IPv4              26119      0t0      TCP *:https (LISTEN)
nginx       1163          root    9u     IPv6              26120      0t0      TCP *:https (LISTEN)
nginx       1163          root   10u     IPv4              26121      0t0      TCP *:http (LISTEN)
nginx       1163          root   11u     IPv6              26122      0t0      TCP *:http (LISTEN)
nginx       1164         nginx    4u     IPv4            4730644      0t0      TCP aap25-control.aap-test.local:https->192.168.1.30:57628 (ESTABLISHED)
nginx       1164         nginx    8u     IPv4              26119      0t0      TCP *:https (LISTEN)
nginx       1164         nginx    9u     IPv6              26120      0t0      TCP *:https (LISTEN)
nginx       1164         nginx   10u     IPv4              26121      0t0      TCP *:http (LISTEN)
nginx       1164         nginx   11u     IPv6              26122      0t0      TCP *:http (LISTEN)
nginx       1165         nginx    8u     IPv4              26119      0t0      TCP *:https (LISTEN)
nginx       1165         nginx    9u     IPv6              26120      0t0      TCP *:https (LISTEN)
nginx       1165         nginx   10u     IPv4              26121      0t0      TCP *:http (LISTEN)
nginx       1165         nginx   11u     IPv6              26122      0t0      TCP *:http (LISTEN)
nginx       1169         nginx    4u     IPv4            4744305      0t0      TCP aap25-control.aap-test.local:https->192.168.1.30:41934 (ESTABLISHED)
nginx       1169         nginx    8u     IPv4              26119      0t0      TCP *:https (LISTEN)
nginx       1169         nginx    9u     IPv6              26120      0t0      TCP *:https (LISTEN)
nginx       1169         nginx   10u     IPv4              26121      0t0      TCP *:http (LISTEN)
nginx       1169         nginx   11u     IPv6              26122      0t0      TCP *:http (LISTEN)
nginx       1170         nginx    4u     IPv4            4820637      0t0      TCP aap25-control.aap-test.local:https->192.168.1.30:54764 (ESTABLISHED)
nginx       1170         nginx    8u     IPv4              26119      0t0      TCP *:https (LISTEN)
nginx       1170         nginx    9u     IPv6              26120      0t0      TCP *:https (LISTEN)
nginx       1170         nginx   10u     IPv4              26121      0t0      TCP *:http (LISTEN)
nginx       1170         nginx   11u     IPv6              26122      0t0      TCP *:http (LISTEN)
awx-manag   1639           awx   15u     IPv6              24454      0t0      TCP localhost:8015 (LISTEN)
awx-manag   1639           awx   39u     IPv4              24471      0t0      TCP aap25-control.aap-test.local:58302->aap25-database.aap-test.local:postgres (ESTABLISHED)
awx-manag   1639           awx   40u     IPv4              24474      0t0      TCP aap25-control.aap-test.local:58306->aap25-database.aap-test.local:postgres (ESTABLISHED)
awx-manag   1640           awx   15u     IPv6              23442      0t0      TCP localhost:8014 (LISTEN)
awx-manag   1641           awx    9u     IPv6              26650      0t0      TCP localhost:8016 (LISTEN)
awx-manag   1641           awx   18u     IPv4              26653      0t0      TCP aap25-control.aap-test.local:58288->aap25-database.aap-test.local:postgres (ESTABLISHED)
awx-manag   1642           awx    9u     IPv4              26493      0t0      TCP aap25-control.aap-test.local:58258->aap25-database.aap-test.local:postgres (ESTABLISHED)
awx-manag   1655           awx    9u     IPv4              26549      0t0      TCP aap25-control.aap-test.local:58310->aap25-database.aap-test.local:postgres (ESTABLISHED)
awx-manag   1684           awx   15u     IPv6              24454      0t0      TCP localhost:8015 (LISTEN)
awx-manag   1685           awx   15u     IPv6              24454      0t0      TCP localhost:8015 (LISTEN)
awx-manag   1686           awx   15u     IPv6              24454      0t0      TCP localhost:8015 (LISTEN)
awx-manag   1686           awx   35u     IPv4            4827685      0t0      TCP aap25-control.aap-test.local:33570->aap25-database.aap-test.local:postgres (ESTABLISHED)
awx-manag   1687           awx   15u     IPv6              24454      0t0      TCP localhost:8015 (LISTEN)
awx-manag   1689           awx   15u     IPv6              23442      0t0      TCP localhost:8014 (LISTEN)
awx-manag   1690           awx   15u     IPv6              23442      0t0      TCP localhost:8014 (LISTEN)
awx-manag   1691           awx   15u     IPv6              23442      0t0      TCP localhost:8014 (LISTEN)
awx-manag   1692           awx   15u     IPv6              23442      0t0      TCP localhost:8014 (LISTEN)
sshd      759920          root    4u     IPv4            4814652      0t0      TCP aap25-control.aap-test.local:ssh->192.168.1.49:33560 (ESTABLISHED)
sshd      759940          root    4u     IPv4            4814652      0t0      TCP aap25-control.aap-test.local:ssh->192.168.1.49:33560 (ESTABLISHED)

    PID    PPID CMD                           RSS    VSZ %CPU %MEM     ELAPSED
 760078       1 bash -c  log_file="/tmp/mem  3456   7320  0.0  0.0       01:34
Receptor Child Processes for PID 760078:
      PID    PPID CMD                           RSS    VSZ %CPU %MEM     ELAPSED
Receptor Threads for PID 760078:
    PID    SPID %CPU %MEM   RSS COMMAND
 760078  760078  0.0  0.0  3456 bash
Receptor Network Connections for PID 760078:
COMMAND      PID          USER   FD   TYPE  DEVICE SIZE/OFF     NODE NAME
receptor     748           awx   15u  IPv6   23673      0t0      TCP *:27199 (LISTEN)
receptor     748           awx   23u  IPv6   24302      0t0      TCP aap25-control.aap-test.local:27199->aap25-execution.aap-test.local:35552 (ESTABLISHED)
chronyd      759        chrony    5u  IPv4   22678      0t0      UDP localhost:323 
chronyd      759        chrony    6u  IPv6   22679      0t0      UDP localhost:323 
NetworkMa    764          root   26u  IPv4   26052      0t0      UDP aap25-control.aap-test.local:bootpc->pi.hole:bootps 
sshd         790          root    3u  IPv4   25862      0t0      TCP *:ssh (LISTEN)
sshd         790          root    4u  IPv6   25864      0t0      TCP *:ssh (LISTEN)
node_expo   1103 node_exporter    3u  IPv6   26086      0t0      TCP *:jetdirect (LISTEN)
node_expo   1103 node_exporter    7u  IPv6   26561      0t0      TCP aap25-control.aap-test.local:jetdirect->monitoring-node.aap-test.local:46350 (ESTABLISHED)
daphne      1156           awx   14u  IPv4   24392      0t0      TCP aap25-control.aap-test.local:58186->aap25-database.aap-test.local:postgres (ESTABLISHED)
nginx       1163          root    8u  IPv4   26119      0t0      TCP *:https (LISTEN)
nginx       1163          root    9u  IPv6   26120      0t0      TCP *:https (LISTEN)
nginx       1163          root   10u  IPv4   26121      0t0      TCP *:http (LISTEN)
nginx       1163          root   11u  IPv6   26122      0t0      TCP *:http (LISTEN)
nginx       1164         nginx    4u  IPv4 4730644      0t0      TCP aap25-control.aap-test.local:https->192.168.1.30:57628 (ESTABLISHED)
nginx       1164         nginx    8u  IPv4   26119      0t0      TCP *:https (LISTEN)
nginx       1164         nginx    9u  IPv6   26120      0t0      TCP *:https (LISTEN)
nginx       1164         nginx   10u  IPv4   26121      0t0      TCP *:http (LISTEN)
nginx       1164         nginx   11u  IPv6   26122      0t0      TCP *:http (LISTEN)
nginx       1165         nginx    8u  IPv4   26119      0t0      TCP *:https (LISTEN)
nginx       1165         nginx    9u  IPv6   26120      0t0      TCP *:https (LISTEN)
nginx       1165         nginx   10u  IPv4   26121      0t0      TCP *:http (LISTEN)
nginx       1165         nginx   11u  IPv6   26122      0t0      TCP *:http (LISTEN)
nginx       1169         nginx    4u  IPv4 4744305      0t0      TCP aap25-control.aap-test.local:https->192.168.1.30:41934 (ESTABLISHED)
nginx       1169         nginx    8u  IPv4   26119      0t0      TCP *:https (LISTEN)
nginx       1169         nginx    9u  IPv6   26120      0t0      TCP *:https (LISTEN)
nginx       1169         nginx   10u  IPv4   26121      0t0      TCP *:http (LISTEN)
nginx       1169         nginx   11u  IPv6   26122      0t0      TCP *:http (LISTEN)
nginx       1170         nginx    4u  IPv4 4820637      0t0      TCP aap25-control.aap-test.local:https->192.168.1.30:54764 (ESTABLISHED)
nginx       1170         nginx    8u  IPv4   26119      0t0      TCP *:https (LISTEN)
nginx       1170         nginx    9u  IPv6   26120      0t0      TCP *:https (LISTEN)
nginx       1170         nginx   10u  IPv4   26121      0t0      TCP *:http (LISTEN)
nginx       1170         nginx   11u  IPv6   26122      0t0      TCP *:http (LISTEN)
awx-manag   1639           awx   15u  IPv6   24454      0t0      TCP localhost:8015 (LISTEN)
awx-manag   1639           awx   39u  IPv4   24471      0t0      TCP aap25-control.aap-test.local:58302->aap25-database.aap-test.local:postgres (ESTABLISHED)
awx-manag   1639           awx   40u  IPv4   24474      0t0      TCP aap25-control.aap-test.local:58306->aap25-database.aap-test.local:postgres (ESTABLISHED)
awx-manag   1640           awx   15u  IPv6   23442      0t0      TCP localhost:8014 (LISTEN)
awx-manag   1641           awx    9u  IPv6   26650      0t0      TCP localhost:8016 (LISTEN)
awx-manag   1641           awx   18u  IPv4   26653      0t0      TCP aap25-control.aap-test.local:58288->aap25-database.aap-test.local:postgres (ESTABLISHED)
awx-manag   1642           awx    9u  IPv4   26493      0t0      TCP aap25-control.aap-test.local:58258->aap25-database.aap-test.local:postgres (ESTABLISHED)
awx-manag   1655           awx    9u  IPv4   26549      0t0      TCP aap25-control.aap-test.local:58310->aap25-database.aap-test.local:postgres (ESTABLISHED)
awx-manag   1684           awx   15u  IPv6   24454      0t0      TCP localhost:8015 (LISTEN)
awx-manag   1685           awx   15u  IPv6   24454      0t0      TCP localhost:8015 (LISTEN)
awx-manag   1686           awx   15u  IPv6   24454      0t0      TCP localhost:8015 (LISTEN)
awx-manag   1686           awx   35u  IPv4 4827685      0t0      TCP aap25-control.aap-test.local:33570->aap25-database.aap-test.local:postgres (ESTABLISHED)
awx-manag   1687           awx   15u  IPv6   24454      0t0      TCP localhost:8015 (LISTEN)
awx-manag   1689           awx   15u  IPv6   23442      0t0      TCP localhost:8014 (LISTEN)
awx-manag   1690           awx   15u  IPv6   23442      0t0      TCP localhost:8014 (LISTEN)
awx-manag   1691           awx   15u  IPv6   23442      0t0      TCP localhost:8014 (LISTEN)
awx-manag   1692           awx   15u  IPv6   23442      0t0      TCP localhost:8014 (LISTEN)
sshd      759920          root    4u  IPv4 4814652      0t0      TCP aap25-control.aap-test.local:ssh->192.168.1.49:33560 (ESTABLISHED)
sshd      759940          root    4u  IPv4 4814652      0t0      TCP aap25-control.aap-test.local:ssh->192.168.1.49:33560 (ESTABLISHED)
bash      760078          root  cwd    DIR   253,0     4096 33685638 /root
bash      760078          root  rtd    DIR   253,0      235      128 /
bash      760078          root  txt    REG   253,0  1389072 33755766 /usr/bin/bash
bash      760078          root  mem    REG   253,0  2586930   223716 /usr/lib/locale/en_US.utf8/LC_COLLATE
bash      760078          root  mem    REG   253,0  2544344 50590560 /usr/lib64/libc.so.6
bash      760078          root  mem    REG   253,0   346132 50590237 /usr/lib/locale/C.utf8/LC_CTYPE
bash      760078          root  mem    REG   253,0       54   223719 /usr/lib/locale/en_US.utf8/LC_NUMERIC
bash      760078          root  mem    REG   253,0     3284 17219141 /usr/lib/locale/en_US.utf8/LC_TIME
bash      760078          root  mem    REG   253,0      286 17219139 /usr/lib/locale/en_US.utf8/LC_MONETARY
bash      760078          root  mem    REG   253,0       57 17219152 /usr/lib/locale/en_US.utf8/LC_MESSAGES/SYS_LC_MESSAGES
bash      760078          root  mem    REG   253,0    26988 33841777 /usr/lib64/gconv/gconv-modules.cache
bash      760078          root  mem    REG   253,0   195080 50590221 /usr/lib64/libtinfo.so.6.2
bash      760078          root  mem    REG   253,0       34 50590538 /usr/lib/locale/en_US.utf8/LC_PAPER
bash      760078          root  mem    REG   253,0       77   223718 /usr/lib/locale/en_US.utf8/LC_NAME
bash      760078          root  mem    REG   253,0      167 17219135 /usr/lib/locale/en_US.utf8/LC_ADDRESS
bash      760078          root  mem    REG   253,0       59 17219140 /usr/lib/locale/en_US.utf8/LC_TELEPHONE
bash      760078          root  mem    REG   253,0       23 17219138 /usr/lib/locale/en_US.utf8/LC_MEASUREMENT
bash      760078          root  mem    REG   253,0      369 17219137 /usr/lib/locale/en_US.utf8/LC_IDENTIFICATION
bash      760078          root  mem    REG   253,0   897856 50590556 /usr/lib64/ld-linux-x86-64.so.2
bash      760078          root    0r   CHR     1,3      0t0        4 /dev/null
bash      760078          root    1w   REG   253,0        0 18572042 /tmp/memory_monitor.log
bash      760078          root    2w   REG   253,0        0 18572042 /tmp/memory_monitor.log
bash      760078          root    3r  FIFO    0,13      0t0  4825732 pipe

    PID    PPID CMD                           RSS    VSZ %CPU %MEM     ELAPSED
Receptor Child Processes for PID 763426:
  No child processes found
Receptor Threads for PID 763426:
    PID    SPID %CPU %MEM   RSS COMMAND
Receptor Network Connections for PID 763426:
COMMAND      PID          USER   FD   TYPE  DEVICE SIZE/OFF NODE NAME
receptor     748           awx   15u  IPv6   23673      0t0  TCP *:27199 (LISTEN)
receptor     748           awx   23u  IPv6   24302      0t0  TCP aap25-control.aap-test.local:27199->aap25-execution.aap-test.local:35552 (ESTABLISHED)
chronyd      759        chrony    5u  IPv4   22678      0t0  UDP localhost:323 
chronyd      759        chrony    6u  IPv6   22679      0t0  UDP localhost:323 
NetworkMa    764          root   26u  IPv4   26052      0t0  UDP aap25-control.aap-test.local:bootpc->pi.hole:bootps 
sshd         790          root    3u  IPv4   25862      0t0  TCP *:ssh (LISTEN)
sshd         790          root    4u  IPv6   25864      0t0  TCP *:ssh (LISTEN)
node_expo   1103 node_exporter    3u  IPv6   26086      0t0  TCP *:jetdirect (LISTEN)
node_expo   1103 node_exporter    7u  IPv6   26561      0t0  TCP aap25-control.aap-test.local:jetdirect->monitoring-node.aap-test.local:46350 (ESTABLISHED)
daphne      1156           awx   14u  IPv4   24392      0t0  TCP aap25-control.aap-test.local:58186->aap25-database.aap-test.local:postgres (ESTABLISHED)
nginx       1163          root    8u  IPv4   26119      0t0  TCP *:https (LISTEN)
nginx       1163          root    9u  IPv6   26120      0t0  TCP *:https (LISTEN)
nginx       1163          root   10u  IPv4   26121      0t0  TCP *:http (LISTEN)
nginx       1163          root   11u  IPv6   26122      0t0  TCP *:http (LISTEN)
nginx       1164         nginx    4u  IPv4 4730644      0t0  TCP aap25-control.aap-test.local:https->192.168.1.30:57628 (ESTABLISHED)
nginx       1164         nginx    8u  IPv4   26119      0t0  TCP *:https (LISTEN)
nginx       1164         nginx    9u  IPv6   26120      0t0  TCP *:https (LISTEN)
nginx       1164         nginx   10u  IPv4   26121      0t0  TCP *:http (LISTEN)
nginx       1164         nginx   11u  IPv6   26122      0t0  TCP *:http (LISTEN)
nginx       1165         nginx    8u  IPv4   26119      0t0  TCP *:https (LISTEN)
nginx       1165         nginx    9u  IPv6   26120      0t0  TCP *:https (LISTEN)
nginx       1165         nginx   10u  IPv4   26121      0t0  TCP *:http (LISTEN)
nginx       1165         nginx   11u  IPv6   26122      0t0  TCP *:http (LISTEN)
nginx       1169         nginx    4u  IPv4 4744305      0t0  TCP aap25-control.aap-test.local:https->192.168.1.30:41934 (ESTABLISHED)
nginx       1169         nginx    8u  IPv4   26119      0t0  TCP *:https (LISTEN)
nginx       1169         nginx    9u  IPv6   26120      0t0  TCP *:https (LISTEN)
nginx       1169         nginx   10u  IPv4   26121      0t0  TCP *:http (LISTEN)
nginx       1169         nginx   11u  IPv6   26122      0t0  TCP *:http (LISTEN)
nginx       1170         nginx    4u  IPv4 4820637      0t0  TCP aap25-control.aap-test.local:https->192.168.1.30:54764 (ESTABLISHED)
nginx       1170         nginx    8u  IPv4   26119      0t0  TCP *:https (LISTEN)
nginx       1170         nginx    9u  IPv6   26120      0t0  TCP *:https (LISTEN)
nginx       1170         nginx   10u  IPv4   26121      0t0  TCP *:http (LISTEN)
nginx       1170         nginx   11u  IPv6   26122      0t0  TCP *:http (LISTEN)
awx-manag   1639           awx   15u  IPv6   24454      0t0  TCP localhost:8015 (LISTEN)
awx-manag   1639           awx   39u  IPv4   24471      0t0  TCP aap25-control.aap-test.local:58302->aap25-database.aap-test.local:postgres (ESTABLISHED)
awx-manag   1639           awx   40u  IPv4   24474      0t0  TCP aap25-control.aap-test.local:58306->aap25-database.aap-test.local:postgres (ESTABLISHED)
awx-manag   1640           awx   15u  IPv6   23442      0t0  TCP localhost:8014 (LISTEN)
awx-manag   1641           awx    9u  IPv6   26650      0t0  TCP localhost:8016 (LISTEN)
awx-manag   1641           awx   18u  IPv4   26653      0t0  TCP aap25-control.aap-test.local:58288->aap25-database.aap-test.local:postgres (ESTABLISHED)
awx-manag   1642           awx    9u  IPv4   26493      0t0  TCP aap25-control.aap-test.local:58258->aap25-database.aap-test.local:postgres (ESTABLISHED)
awx-manag   1655           awx    9u  IPv4   26549      0t0  TCP aap25-control.aap-test.local:58310->aap25-database.aap-test.local:postgres (ESTABLISHED)
awx-manag   1684           awx   15u  IPv6   24454      0t0  TCP localhost:8015 (LISTEN)
awx-manag   1685           awx   15u  IPv6   24454      0t0  TCP localhost:8015 (LISTEN)
awx-manag   1686           awx   15u  IPv6   24454      0t0  TCP localhost:8015 (LISTEN)
awx-manag   1686           awx   35u  IPv4 4827685      0t0  TCP aap25-control.aap-test.local:33570->aap25-database.aap-test.local:postgres (ESTABLISHED)
awx-manag   1687           awx   15u  IPv6   24454      0t0  TCP localhost:8015 (LISTEN)
awx-manag   1689           awx   15u  IPv6   23442      0t0  TCP localhost:8014 (LISTEN)
awx-manag   1690           awx   15u  IPv6   23442      0t0  TCP localhost:8014 (LISTEN)
awx-manag   1691           awx   15u  IPv6   23442      0t0  TCP localhost:8014 (LISTEN)
awx-manag   1692           awx   15u  IPv6   23442      0t0  TCP localhost:8014 (LISTEN)
sshd      759920          root    4u  IPv4 4814652      0t0  TCP aap25-control.aap-test.local:ssh->192.168.1.49:33560 (ESTABLISHED)
sshd      759940          root    4u  IPv4 4814652      0t0  TCP aap25-control.aap-test.local:ssh->192.168.1.49:33560 (ESTABLISHED)
  No network connections found

=== RECEPTOR MEMORY SUMMARY ===
Total Receptor RSS Memory: 62852 KB (61 MB)
Total Receptor VSZ Memory: 1797348 KB (1755 MB)
Number of Receptor Processes: 3

AAP-related Processes and Children:
=== AAP Service Processes ===
Process: receptor (PID: 748)
    PID    PPID CMD                           RSS
    748       1 /usr/bin/receptor -c /etc/r 59396

Process: redis-server (PID: 1105)
    PID    PPID CMD                           RSS
   1105       1 /usr/bin/redis-server unixs 13300

Process: uwsgi (PID: 1140)
    PID    PPID CMD                           RSS
   1140     774 /var/lib/awx/venv/awx/bin/u 144764
  Children of PID 1140:
    PID    PPID CMD                           RSS
 759750    1140 /var/lib/awx/venv/awx/bin/u 138340
    PID    PPID CMD                           RSS
 759751    1140 /var/lib/awx/venv/awx/bin/u 145636
    PID    PPID CMD                           RSS
 759752    1140 /var/lib/awx/venv/awx/bin/u 138724
    PID    PPID CMD                           RSS
 759753    1140 /var/lib/awx/venv/awx/bin/u 138852

Process: nginx (PID: 1163)
    PID    PPID CMD                           RSS
   1163       1 nginx: master process /usr/  2504
  Children of PID 1163:
    PID    PPID CMD                           RSS
   1164    1163 nginx: worker process        8136
    PID    PPID CMD                           RSS
   1165    1163 nginx: worker process        8392
    PID    PPID CMD                           RSS
   1169    1163 nginx: worker process        8264
    PID    PPID CMD                           RSS
   1170    1163 nginx: worker process        8136

Process: nginx (PID: 1164)
    PID    PPID CMD                           RSS
   1164    1163 nginx: worker process        8136

Process: nginx (PID: 1165)
    PID    PPID CMD                           RSS
   1165    1163 nginx: worker process        8392

Process: nginx (PID: 1169)
    PID    PPID CMD                           RSS
   1169    1163 nginx: worker process        8264

Process: nginx (PID: 1170)
    PID    PPID CMD                           RSS
   1170    1163 nginx: worker process        8136

Process: uwsgi (PID: 759750)
    PID    PPID CMD                           RSS
 759750    1140 /var/lib/awx/venv/awx/bin/u 138340

Process: uwsgi (PID: 759751)
    PID    PPID CMD                           RSS
 759751    1140 /var/lib/awx/venv/awx/bin/u 145636

Process: uwsgi (PID: 759752)
    PID    PPID CMD                           RSS
 759752    1140 /var/lib/awx/venv/awx/bin/u 138724

Process: uwsgi (PID: 759753)
    PID    PPID CMD                           RSS
 759753    1140 /var/lib/awx/venv/awx/bin/u 138852

Process: bash (PID: 760078)
    PID    PPID CMD                           RSS
 760078       1 bash -c  log_file="/tmp/mem  3456
  Children of PID 760078:
    PID    PPID CMD                           RSS
 763506  760078 bash -c  log_file="/tmp/mem  2132

Process: bash (PID: 763506)
    PID    PPID CMD                           RSS
 763506  760078 bash -c  log_file="/tmp/mem  2132
  Children of PID 763506:
    PID    PPID CMD                           RSS


Process Tree for AAP Services:
=== automation-controller Process Tree ===
bash(760078)---pstree(763561)
=== receptor Process Tree ===
receptor(748)-+-{receptor}(752)
              |-{receptor}(753)
              |-{receptor}(754)
              |-{receptor}(755)
              |-{receptor}(756)
              |-{receptor}(762)
              `-{receptor}(3478)
bash(760078)---pstree(763566)
=== nginx Process Tree ===
nginx(1163)-+-nginx(1164)
            |-nginx(1165)
            |-nginx(1169)
            `-nginx(1170)
nginx(1164)
nginx(1165)
nginx(1169)
nginx(1170)
bash(760078)---pstree(763575)
=== postgresql Process Tree ===
bash(760078)---pstree(763579)
=== redis Process Tree ===
redis-server(1105)-+-{redis-server}(1131)
                   |-{redis-server}(1132)
                   |-{redis-server}(1133)
                   `-{redis-server}(1135)
bash(760078)---pstree(763584)
=== uwsgi Process Tree ===
uwsgi(1140)-+-uwsgi(759750)
            |-uwsgi(759751)
            |-uwsgi(759752)
            `-uwsgi(759753)
uwsgi(759750)
uwsgi(759751)
uwsgi(759752)
uwsgi(759753)
bash(760078)---pstree(763593)
=== automation-hub Process Tree ===
bash(760078)---pstree(763597)
=== automation-eda Process Tree ===
bash(760078)---pstree(763601)

=================================================================================
2025-07-07 09:08:10
Memory Usage Report:
               total        used        free      shared  buff/cache   available
Mem:            7681        2574        4120          48        1325        5106
Swap:           3071           0        3071

Top 10 Processes by RSS Memory:
    PID    PPID CMD                           RSS
   1639     774 /var/lib/awx/venv/awx/bin/p 174964
   1655     774 /var/lib/awx/venv/awx/bin/p 167664
   1640     774 /var/lib/awx/venv/awx/bin/p 167644
   1687    1639 /var/lib/awx/venv/awx/bin/p 166896
   1686    1639 /var/lib/awx/venv/awx/bin/p 166764
   1685    1639 /var/lib/awx/venv/awx/bin/p 166688
   1684    1639 /var/lib/awx/venv/awx/bin/p 166500
   1156     774 /var/lib/awx/venv/awx/bin/p 156132
   1689    1640 /var/lib/awx/venv/awx/bin/p 155624
   1691    1640 /var/lib/awx/venv/awx/bin/p 155512

=== RECEPTOR PROCESS ANALYSIS ===
Receptor Main Processes:
    PID    PPID CMD                           RSS    VSZ %CPU %MEM     ELAPSED
    748       1 /usr/bin/receptor -c /etc/r 59524 1790028 0.0  0.7  3-19:05:07
Receptor Child Processes for PID 748:
  No child processes found
Receptor Threads for PID 748:
    PID    SPID %CPU %MEM   RSS COMMAND
    748     748  0.0  0.7 59524 receptor
    748     752  0.0  0.7 59524 receptor
    748     753  0.0  0.7 59524 receptor
    748     754  0.0  0.7 59524 receptor
    748     755  0.0  0.7 59524 receptor
    748     756  0.0  0.7 59524 receptor
    748     762  0.0  0.7 59524 receptor
    748    3478  0.0  0.7 59524 receptor
Receptor Network Connections for PID 748:
COMMAND      PID          USER   FD      TYPE             DEVICE SIZE/OFF     NODE NAME
receptor     748           awx  cwd       DIR              253,0      235      128 /
receptor     748           awx  rtd       DIR              253,0      235      128 /
receptor     748           awx  txt       REG              253,0 55920336 33952409 /usr/bin/receptor
receptor     748           awx  mem       REG              253,0  5436640 50591543 /usr/lib64/libcrypto.so.3.2.2
receptor     748           awx  mem       REG              253,0  2544344 50590560 /usr/lib64/libc.so.6
receptor     748           awx  mem       REG              253,0   102552 50590580 /usr/lib64/libz.so.1.2.11
receptor     748           awx  mem       REG              253,0    70520 50590571 /usr/lib64/libresolv.so.2
receptor     748           awx  mem       REG              253,0   897856 50590556 /usr/lib64/ld-linux-x86-64.so.2
receptor     748           awx    0r      CHR                1,3      0t0        4 /dev/null
receptor     748           awx    1w      REG              253,0     4004 17534110 /var/log/receptor/receptor.log
receptor     748           awx    2w      REG              253,0     4004 17534110 /var/log/receptor/receptor.log
receptor     748           awx    3r  a_inode               0,14        0       59 inotify
receptor     748           awx    4u  a_inode               0,14        0       59 [eventpoll:5,7,9,12,14,17,18,19,20,21,22,25,28,30,31,32,33,36,37,39,40,41,42,43,44,45,47,50,51,52,53,55...]
receptor     748           awx    5r     FIFO               0,13      0t0    23656 pipe
receptor     748           awx    6w     FIFO               0,13      0t0    23656 pipe
receptor     748           awx    7r  a_inode               0,14        0       59 inotify
receptor     748           awx    8r  a_inode               0,14        0       59 inotify
receptor     748           awx    9r  a_inode               0,14        0       59 inotify
receptor     748           awx   10r  a_inode               0,14        0       59 inotify
receptor     748           awx   11r  a_inode               0,14        0       59 inotify
receptor     748           awx   12r  a_inode               0,14        0       59 inotify
receptor     748           awx   13rW     REG               0,24        0      958 /run/awx-receptor/receptor.sock.lock
receptor     748           awx   14u     unix 0xffff9e4b07ccf300      0t0    22691 /var/run/awx-receptor/receptor.sock type=STREAM (LISTEN)
receptor     748           awx   15u     IPv6              23673      0t0      TCP *:27199 (LISTEN)
receptor     748           awx   16r  a_inode               0,14        0       59 inotify
receptor     748           awx   17r  a_inode               0,14        0       59 inotify
receptor     748           awx   18r  a_inode               0,14        0       59 inotify
receptor     748           awx   19r  a_inode               0,14        0       59 inotify
receptor     748           awx   20r  a_inode               0,14        0       59 inotify
receptor     748           awx   21r  a_inode               0,14        0       59 inotify
receptor     748           awx   22r  a_inode               0,14        0       59 inotify
receptor     748           awx   23u     IPv6              24302      0t0      TCP aap25-control.aap-test.local:27199->aap25-execution.aap-test.local:35552 (ESTABLISHED)
receptor     748           awx   24u     unix 0xffff9e4b0486a300      0t0  4825172 /var/run/awx-receptor/receptor.sock type=STREAM (CONNECTED)
receptor     748           awx   25r  a_inode               0,14        0       59 inotify
receptor     748           awx   26r  a_inode               0,14        0       59 inotify
receptor     748           awx   27r  a_inode               0,14        0       59 inotify
receptor     748           awx   28r  a_inode               0,14        0       59 inotify
receptor     748           awx   29r  a_inode               0,14        0       59 inotify
receptor     748           awx   30r  a_inode               0,14        0       59 inotify
receptor     748           awx   31r  a_inode               0,14        0       59 inotify
receptor     748           awx   32r  a_inode               0,14        0       59 inotify
receptor     748           awx   33r  a_inode               0,14        0       59 inotify
receptor     748           awx   34r  a_inode               0,14        0       59 inotify
receptor     748           awx   35r  a_inode               0,14        0       59 inotify
receptor     748           awx   36r  a_inode               0,14        0       59 inotify
receptor     748           awx   37r  a_inode               0,14        0       59 inotify
receptor     748           awx   38r  a_inode               0,14        0       59 inotify
receptor     748           awx   39r  a_inode               0,14        0       59 inotify
receptor     748           awx   40r  a_inode               0,14        0       59 inotify
receptor     748           awx   41r  a_inode               0,14        0       59 inotify
receptor     748           awx   42r  a_inode               0,14        0       59 inotify
receptor     748           awx   43r  a_inode               0,14        0       59 inotify
receptor     748           awx   44r  a_inode               0,14        0       59 inotify
receptor     748           awx   45r  a_inode               0,14        0       59 inotify
receptor     748           awx   46r  a_inode               0,14        0       59 inotify
receptor     748           awx   47r  a_inode               0,14        0       59 inotify
receptor     748           awx   48r  a_inode               0,14        0       59 inotify
receptor     748           awx   49r  a_inode               0,14        0       59 inotify
receptor     748           awx   50r  a_inode               0,14        0       59 inotify
receptor     748           awx   51r  a_inode               0,14        0       59 inotify
receptor     748           awx   52r  a_inode               0,14        0       59 inotify
receptor     748           awx   53r  a_inode               0,14        0       59 inotify
receptor     748           awx   54r  a_inode               0,14        0       59 inotify
receptor     748           awx   55r  a_inode               0,14        0       59 inotify
receptor     748           awx   56r  a_inode               0,14        0       59 inotify
receptor     748           awx   57r  a_inode               0,14        0       59 inotify
receptor     748           awx   58r  a_inode               0,14        0       59 inotify
receptor     748           awx   59r  a_inode               0,14        0       59 inotify
receptor     748           awx   60r  a_inode               0,14        0       59 inotify
receptor     748           awx   61r  a_inode               0,14        0       59 inotify
receptor     748           awx   62r  a_inode               0,14        0       59 inotify
receptor     748           awx   63w      REG              253,0    38068 51921930 /tmp/receptor/192.168.1.233/8k1O9WeJ/stdout
receptor     748           awx   70r      REG              253,0    38068 51921930 /tmp/receptor/192.168.1.233/8k1O9WeJ/stdout
chronyd      759        chrony    5u     IPv4              22678      0t0      UDP localhost:323 
chronyd      759        chrony    6u     IPv6              22679      0t0      UDP localhost:323 
NetworkMa    764          root   26u     IPv4              26052      0t0      UDP aap25-control.aap-test.local:bootpc->pi.hole:bootps 
sshd         790          root    3u     IPv4              25862      0t0      TCP *:ssh (LISTEN)
sshd         790          root    4u     IPv6              25864      0t0      TCP *:ssh (LISTEN)
node_expo   1103 node_exporter    3u     IPv6              26086      0t0      TCP *:jetdirect (LISTEN)
node_expo   1103 node_exporter    7u     IPv6              26561      0t0      TCP aap25-control.aap-test.local:jetdirect->monitoring-node.aap-test.local:46350 (ESTABLISHED)
daphne      1156           awx   14u     IPv4              24392      0t0      TCP aap25-control.aap-test.local:58186->aap25-database.aap-test.local:postgres (ESTABLISHED)
nginx       1163          root    8u     IPv4              26119      0t0      TCP *:https (LISTEN)
nginx       1163          root    9u     IPv6              26120      0t0      TCP *:https (LISTEN)
nginx       1163          root   10u     IPv4              26121      0t0      TCP *:http (LISTEN)
nginx       1163          root   11u     IPv6              26122      0t0      TCP *:http (LISTEN)
nginx       1164         nginx    4u     IPv4            4730644      0t0      TCP aap25-control.aap-test.local:https->192.168.1.30:57628 (ESTABLISHED)
nginx       1164         nginx    8u     IPv4              26119      0t0      TCP *:https (LISTEN)
nginx       1164         nginx    9u     IPv6              26120      0t0      TCP *:https (LISTEN)
nginx       1164         nginx   10u     IPv4              26121      0t0      TCP *:http (LISTEN)
nginx       1164         nginx   11u     IPv6              26122      0t0      TCP *:http (LISTEN)
nginx       1165         nginx    8u     IPv4              26119      0t0      TCP *:https (LISTEN)
nginx       1165         nginx    9u     IPv6              26120      0t0      TCP *:https (LISTEN)
nginx       1165         nginx   10u     IPv4              26121      0t0      TCP *:http (LISTEN)
nginx       1165         nginx   11u     IPv6              26122      0t0      TCP *:http (LISTEN)
nginx       1169         nginx    4u     IPv4            4744305      0t0      TCP aap25-control.aap-test.local:https->192.168.1.30:41934 (ESTABLISHED)
nginx       1169         nginx    8u     IPv4              26119      0t0      TCP *:https (LISTEN)
nginx       1169         nginx    9u     IPv6              26120      0t0      TCP *:https (LISTEN)
nginx       1169         nginx   10u     IPv4              26121      0t0      TCP *:http (LISTEN)
nginx       1169         nginx   11u     IPv6              26122      0t0      TCP *:http (LISTEN)
nginx       1170         nginx    8u     IPv4              26119      0t0      TCP *:https (LISTEN)
nginx       1170         nginx    9u     IPv6              26120      0t0      TCP *:https (LISTEN)
nginx       1170         nginx   10u     IPv4              26121      0t0      TCP *:http (LISTEN)
nginx       1170         nginx   11u     IPv6              26122      0t0      TCP *:http (LISTEN)
awx-manag   1639           awx   15u     IPv6              24454      0t0      TCP localhost:8015 (LISTEN)
awx-manag   1639           awx   39u     IPv4              24471      0t0      TCP aap25-control.aap-test.local:58302->aap25-database.aap-test.local:postgres (ESTABLISHED)
awx-manag   1639           awx   40u     IPv4              24474      0t0      TCP aap25-control.aap-test.local:58306->aap25-database.aap-test.local:postgres (ESTABLISHED)
awx-manag   1640           awx   15u     IPv6              23442      0t0      TCP localhost:8014 (LISTEN)
awx-manag   1641           awx    9u     IPv6              26650      0t0      TCP localhost:8016 (LISTEN)
awx-manag   1641           awx   18u     IPv4              26653      0t0      TCP aap25-control.aap-test.local:58288->aap25-database.aap-test.local:postgres (ESTABLISHED)
awx-manag   1642           awx    9u     IPv4              26493      0t0      TCP aap25-control.aap-test.local:58258->aap25-database.aap-test.local:postgres (ESTABLISHED)
awx-manag   1655           awx    9u     IPv4              26549      0t0      TCP aap25-control.aap-test.local:58310->aap25-database.aap-test.local:postgres (ESTABLISHED)
awx-manag   1684           awx   15u     IPv6              24454      0t0      TCP localhost:8015 (LISTEN)
awx-manag   1685           awx   15u     IPv6              24454      0t0      TCP localhost:8015 (LISTEN)
awx-manag   1685           awx   29u     IPv4            4826077      0t0      TCP aap25-control.aap-test.local:42608->aap25-database.aap-test.local:postgres (ESTABLISHED)
awx-manag   1686           awx   15u     IPv6              24454      0t0      TCP localhost:8015 (LISTEN)
awx-manag   1687           awx   15u     IPv6              24454      0t0      TCP localhost:8015 (LISTEN)
awx-manag   1689           awx   15u     IPv6              23442      0t0      TCP localhost:8014 (LISTEN)
awx-manag   1690           awx   15u     IPv6              23442      0t0      TCP localhost:8014 (LISTEN)
awx-manag   1691           awx   15u     IPv6              23442      0t0      TCP localhost:8014 (LISTEN)
awx-manag   1692           awx   15u     IPv6              23442      0t0      TCP localhost:8014 (LISTEN)
sshd      759920          root    4u     IPv4            4814652      0t0      TCP aap25-control.aap-test.local:ssh->192.168.1.49:33560 (ESTABLISHED)
sshd      759940          root    4u     IPv4            4814652      0t0      TCP aap25-control.aap-test.local:ssh->192.168.1.49:33560 (ESTABLISHED)

    PID    PPID CMD                           RSS    VSZ %CPU %MEM     ELAPSED
 760078       1 bash -c  log_file="/tmp/mem  3456   7320  0.0  0.0       02:05
Receptor Child Processes for PID 760078:
      PID    PPID CMD                           RSS    VSZ %CPU %MEM     ELAPSED
Receptor Threads for PID 760078:
    PID    SPID %CPU %MEM   RSS COMMAND
 760078  760078  0.0  0.0  3456 bash
Receptor Network Connections for PID 760078:
COMMAND      PID          USER   FD   TYPE  DEVICE SIZE/OFF     NODE NAME
receptor     748           awx   15u  IPv6   23673      0t0      TCP *:27199 (LISTEN)
receptor     748           awx   23u  IPv6   24302      0t0      TCP aap25-control.aap-test.local:27199->aap25-execution.aap-test.local:35552 (ESTABLISHED)
chronyd      759        chrony    5u  IPv4   22678      0t0      UDP localhost:323 
chronyd      759        chrony    6u  IPv6   22679      0t0      UDP localhost:323 
NetworkMa    764          root   26u  IPv4   26052      0t0      UDP aap25-control.aap-test.local:bootpc->pi.hole:bootps 
sshd         790          root    3u  IPv4   25862      0t0      TCP *:ssh (LISTEN)
sshd         790          root    4u  IPv6   25864      0t0      TCP *:ssh (LISTEN)
node_expo   1103 node_exporter    3u  IPv6   26086      0t0      TCP *:jetdirect (LISTEN)
node_expo   1103 node_exporter    7u  IPv6   26561      0t0      TCP aap25-control.aap-test.local:jetdirect->monitoring-node.aap-test.local:46350 (ESTABLISHED)
daphne      1156           awx   14u  IPv4   24392      0t0      TCP aap25-control.aap-test.local:58186->aap25-database.aap-test.local:postgres (ESTABLISHED)
nginx       1163          root    8u  IPv4   26119      0t0      TCP *:https (LISTEN)
nginx       1163          root    9u  IPv6   26120      0t0      TCP *:https (LISTEN)
nginx       1163          root   10u  IPv4   26121      0t0      TCP *:http (LISTEN)
nginx       1163          root   11u  IPv6   26122      0t0      TCP *:http (LISTEN)
nginx       1164         nginx    4u  IPv4 4730644      0t0      TCP aap25-control.aap-test.local:https->192.168.1.30:57628 (ESTABLISHED)
nginx       1164         nginx    8u  IPv4   26119      0t0      TCP *:https (LISTEN)
nginx       1164         nginx    9u  IPv6   26120      0t0      TCP *:https (LISTEN)
nginx       1164         nginx   10u  IPv4   26121      0t0      TCP *:http (LISTEN)
nginx       1164         nginx   11u  IPv6   26122      0t0      TCP *:http (LISTEN)
nginx       1165         nginx    8u  IPv4   26119      0t0      TCP *:https (LISTEN)
nginx       1165         nginx    9u  IPv6   26120      0t0      TCP *:https (LISTEN)
nginx       1165         nginx   10u  IPv4   26121      0t0      TCP *:http (LISTEN)
nginx       1165         nginx   11u  IPv6   26122      0t0      TCP *:http (LISTEN)
nginx       1169         nginx    4u  IPv4 4744305      0t0      TCP aap25-control.aap-test.local:https->192.168.1.30:41934 (ESTABLISHED)
nginx       1169         nginx    8u  IPv4   26119      0t0      TCP *:https (LISTEN)
nginx       1169         nginx    9u  IPv6   26120      0t0      TCP *:https (LISTEN)
nginx       1169         nginx   10u  IPv4   26121      0t0      TCP *:http (LISTEN)
nginx       1169         nginx   11u  IPv6   26122      0t0      TCP *:http (LISTEN)
nginx       1170         nginx    8u  IPv4   26119      0t0      TCP *:https (LISTEN)
nginx       1170         nginx    9u  IPv6   26120      0t0      TCP *:https (LISTEN)
nginx       1170         nginx   10u  IPv4   26121      0t0      TCP *:http (LISTEN)
nginx       1170         nginx   11u  IPv6   26122      0t0      TCP *:http (LISTEN)
awx-manag   1639           awx   15u  IPv6   24454      0t0      TCP localhost:8015 (LISTEN)
awx-manag   1639           awx   39u  IPv4   24471      0t0      TCP aap25-control.aap-test.local:58302->aap25-database.aap-test.local:postgres (ESTABLISHED)
awx-manag   1639           awx   40u  IPv4   24474      0t0      TCP aap25-control.aap-test.local:58306->aap25-database.aap-test.local:postgres (ESTABLISHED)
awx-manag   1640           awx   15u  IPv6   23442      0t0      TCP localhost:8014 (LISTEN)
awx-manag   1641           awx    9u  IPv6   26650      0t0      TCP localhost:8016 (LISTEN)
awx-manag   1641           awx   18u  IPv4   26653      0t0      TCP aap25-control.aap-test.local:58288->aap25-database.aap-test.local:postgres (ESTABLISHED)
awx-manag   1642           awx    9u  IPv4   26493      0t0      TCP aap25-control.aap-test.local:58258->aap25-database.aap-test.local:postgres (ESTABLISHED)
awx-manag   1655           awx    9u  IPv4   26549      0t0      TCP aap25-control.aap-test.local:58310->aap25-database.aap-test.local:postgres (ESTABLISHED)
awx-manag   1684           awx   15u  IPv6   24454      0t0      TCP localhost:8015 (LISTEN)
awx-manag   1685           awx   15u  IPv6   24454      0t0      TCP localhost:8015 (LISTEN)
awx-manag   1685           awx   29u  IPv4 4826077      0t0      TCP aap25-control.aap-test.local:42608->aap25-database.aap-test.local:postgres (ESTABLISHED)
awx-manag   1686           awx   15u  IPv6   24454      0t0      TCP localhost:8015 (LISTEN)
awx-manag   1687           awx   15u  IPv6   24454      0t0      TCP localhost:8015 (LISTEN)
awx-manag   1689           awx   15u  IPv6   23442      0t0      TCP localhost:8014 (LISTEN)
awx-manag   1690           awx   15u  IPv6   23442      0t0      TCP localhost:8014 (LISTEN)
awx-manag   1691           awx   15u  IPv6   23442      0t0      TCP localhost:8014 (LISTEN)
awx-manag   1692           awx   15u  IPv6   23442      0t0      TCP localhost:8014 (LISTEN)
sshd      759920          root    4u  IPv4 4814652      0t0      TCP aap25-control.aap-test.local:ssh->192.168.1.49:33560 (ESTABLISHED)
sshd      759940          root    4u  IPv4 4814652      0t0      TCP aap25-control.aap-test.local:ssh->192.168.1.49:33560 (ESTABLISHED)
bash      760078          root  cwd    DIR   253,0     4096 33685638 /root
bash      760078          root  rtd    DIR   253,0      235      128 /
bash      760078          root  txt    REG   253,0  1389072 33755766 /usr/bin/bash
bash      760078          root  mem    REG   253,0  2586930   223716 /usr/lib/locale/en_US.utf8/LC_COLLATE
bash      760078          root  mem    REG   253,0  2544344 50590560 /usr/lib64/libc.so.6
bash      760078          root  mem    REG   253,0   346132 50590237 /usr/lib/locale/C.utf8/LC_CTYPE
bash      760078          root  mem    REG   253,0       54   223719 /usr/lib/locale/en_US.utf8/LC_NUMERIC
bash      760078          root  mem    REG   253,0     3284 17219141 /usr/lib/locale/en_US.utf8/LC_TIME
bash      760078          root  mem    REG   253,0      286 17219139 /usr/lib/locale/en_US.utf8/LC_MONETARY
bash      760078          root  mem    REG   253,0       57 17219152 /usr/lib/locale/en_US.utf8/LC_MESSAGES/SYS_LC_MESSAGES
bash      760078          root  mem    REG   253,0    26988 33841777 /usr/lib64/gconv/gconv-modules.cache
bash      760078          root  mem    REG   253,0   195080 50590221 /usr/lib64/libtinfo.so.6.2
bash      760078          root  mem    REG   253,0       34 50590538 /usr/lib/locale/en_US.utf8/LC_PAPER
bash      760078          root  mem    REG   253,0       77   223718 /usr/lib/locale/en_US.utf8/LC_NAME
bash      760078          root  mem    REG   253,0      167 17219135 /usr/lib/locale/en_US.utf8/LC_ADDRESS
bash      760078          root  mem    REG   253,0       59 17219140 /usr/lib/locale/en_US.utf8/LC_TELEPHONE
bash      760078          root  mem    REG   253,0       23 17219138 /usr/lib/locale/en_US.utf8/LC_MEASUREMENT
bash      760078          root  mem    REG   253,0      369 17219137 /usr/lib/locale/en_US.utf8/LC_IDENTIFICATION
bash      760078          root  mem    REG   253,0   897856 50590556 /usr/lib64/ld-linux-x86-64.so.2
bash      760078          root    0r   CHR     1,3      0t0        4 /dev/null
bash      760078          root    1w   REG   253,0        0 18572042 /tmp/memory_monitor.log
bash      760078          root    2w   REG   253,0        0 18572042 /tmp/memory_monitor.log
bash      760078          root    3r  FIFO    0,13      0t0  4830598 pipe

    PID    PPID CMD                           RSS    VSZ %CPU %MEM     ELAPSED
Receptor Child Processes for PID 764179:
  No child processes found
Receptor Threads for PID 764179:
    PID    SPID %CPU %MEM   RSS COMMAND
Receptor Network Connections for PID 764179:
COMMAND      PID          USER   FD   TYPE  DEVICE SIZE/OFF NODE NAME
receptor     748           awx   15u  IPv6   23673      0t0  TCP *:27199 (LISTEN)
receptor     748           awx   23u  IPv6   24302      0t0  TCP aap25-control.aap-test.local:27199->aap25-execution.aap-test.local:35552 (ESTABLISHED)
chronyd      759        chrony    5u  IPv4   22678      0t0  UDP localhost:323 
chronyd      759        chrony    6u  IPv6   22679      0t0  UDP localhost:323 
NetworkMa    764          root   26u  IPv4   26052      0t0  UDP aap25-control.aap-test.local:bootpc->pi.hole:bootps 
sshd         790          root    3u  IPv4   25862      0t0  TCP *:ssh (LISTEN)
sshd         790          root    4u  IPv6   25864      0t0  TCP *:ssh (LISTEN)
node_expo   1103 node_exporter    3u  IPv6   26086      0t0  TCP *:jetdirect (LISTEN)
node_expo   1103 node_exporter    7u  IPv6   26561      0t0  TCP aap25-control.aap-test.local:jetdirect->monitoring-node.aap-test.local:46350 (ESTABLISHED)
daphne      1156           awx   14u  IPv4   24392      0t0  TCP aap25-control.aap-test.local:58186->aap25-database.aap-test.local:postgres (ESTABLISHED)
nginx       1163          root    8u  IPv4   26119      0t0  TCP *:https (LISTEN)
nginx       1163          root    9u  IPv6   26120      0t0  TCP *:https (LISTEN)
nginx       1163          root   10u  IPv4   26121      0t0  TCP *:http (LISTEN)
nginx       1163          root   11u  IPv6   26122      0t0  TCP *:http (LISTEN)
nginx       1164         nginx    4u  IPv4 4730644      0t0  TCP aap25-control.aap-test.local:https->192.168.1.30:57628 (ESTABLISHED)
nginx       1164         nginx    8u  IPv4   26119      0t0  TCP *:https (LISTEN)
nginx       1164         nginx    9u  IPv6   26120      0t0  TCP *:https (LISTEN)
nginx       1164         nginx   10u  IPv4   26121      0t0  TCP *:http (LISTEN)
nginx       1164         nginx   11u  IPv6   26122      0t0  TCP *:http (LISTEN)
nginx       1165         nginx    8u  IPv4   26119      0t0  TCP *:https (LISTEN)
nginx       1165         nginx    9u  IPv6   26120      0t0  TCP *:https (LISTEN)
nginx       1165         nginx   10u  IPv4   26121      0t0  TCP *:http (LISTEN)
nginx       1165         nginx   11u  IPv6   26122      0t0  TCP *:http (LISTEN)
nginx       1169         nginx    4u  IPv4 4744305      0t0  TCP aap25-control.aap-test.local:https->192.168.1.30:41934 (ESTABLISHED)
nginx       1169         nginx    8u  IPv4   26119      0t0  TCP *:https (LISTEN)
nginx       1169         nginx    9u  IPv6   26120      0t0  TCP *:https (LISTEN)
nginx       1169         nginx   10u  IPv4   26121      0t0  TCP *:http (LISTEN)
nginx       1169         nginx   11u  IPv6   26122      0t0  TCP *:http (LISTEN)
nginx       1170         nginx    8u  IPv4   26119      0t0  TCP *:https (LISTEN)
nginx       1170         nginx    9u  IPv6   26120      0t0  TCP *:https (LISTEN)
nginx       1170         nginx   10u  IPv4   26121      0t0  TCP *:http (LISTEN)
nginx       1170         nginx   11u  IPv6   26122      0t0  TCP *:http (LISTEN)
awx-manag   1639           awx   15u  IPv6   24454      0t0  TCP localhost:8015 (LISTEN)
awx-manag   1639           awx   39u  IPv4   24471      0t0  TCP aap25-control.aap-test.local:58302->aap25-database.aap-test.local:postgres (ESTABLISHED)
awx-manag   1639           awx   40u  IPv4   24474      0t0  TCP aap25-control.aap-test.local:58306->aap25-database.aap-test.local:postgres (ESTABLISHED)
awx-manag   1640           awx   15u  IPv6   23442      0t0  TCP localhost:8014 (LISTEN)
awx-manag   1641           awx    9u  IPv6   26650      0t0  TCP localhost:8016 (LISTEN)
awx-manag   1641           awx   18u  IPv4   26653      0t0  TCP aap25-control.aap-test.local:58288->aap25-database.aap-test.local:postgres (ESTABLISHED)
awx-manag   1642           awx    9u  IPv4   26493      0t0  TCP aap25-control.aap-test.local:58258->aap25-database.aap-test.local:postgres (ESTABLISHED)
awx-manag   1655           awx    9u  IPv4   26549      0t0  TCP aap25-control.aap-test.local:58310->aap25-database.aap-test.local:postgres (ESTABLISHED)
awx-manag   1684           awx   15u  IPv6   24454      0t0  TCP localhost:8015 (LISTEN)
awx-manag   1685           awx   15u  IPv6   24454      0t0  TCP localhost:8015 (LISTEN)
awx-manag   1685           awx   29u  IPv4 4826077      0t0  TCP aap25-control.aap-test.local:42608->aap25-database.aap-test.local:postgres (ESTABLISHED)
awx-manag   1686           awx   15u  IPv6   24454      0t0  TCP localhost:8015 (LISTEN)
awx-manag   1687           awx   15u  IPv6   24454      0t0  TCP localhost:8015 (LISTEN)
awx-manag   1689           awx   15u  IPv6   23442      0t0  TCP localhost:8014 (LISTEN)
awx-manag   1690           awx   15u  IPv6   23442      0t0  TCP localhost:8014 (LISTEN)
awx-manag   1691           awx   15u  IPv6   23442      0t0  TCP localhost:8014 (LISTEN)
awx-manag   1692           awx   15u  IPv6   23442      0t0  TCP localhost:8014 (LISTEN)
sshd      759920          root    4u  IPv4 4814652      0t0  TCP aap25-control.aap-test.local:ssh->192.168.1.49:33560 (ESTABLISHED)
sshd      759940          root    4u  IPv4 4814652      0t0  TCP aap25-control.aap-test.local:ssh->192.168.1.49:33560 (ESTABLISHED)
  No network connections found

=== RECEPTOR MEMORY SUMMARY ===
Total Receptor RSS Memory: 62980 KB (61 MB)
Total Receptor VSZ Memory: 1797348 KB (1755 MB)
Number of Receptor Processes: 3

AAP-related Processes and Children:
=== AAP Service Processes ===
Process: receptor (PID: 748)
    PID    PPID CMD                           RSS
    748       1 /usr/bin/receptor -c /etc/r 59524

Process: redis-server (PID: 1105)
    PID    PPID CMD                           RSS
   1105       1 /usr/bin/redis-server unixs 13300

Process: uwsgi (PID: 1140)
    PID    PPID CMD                           RSS
   1140     774 /var/lib/awx/venv/awx/bin/u 144764
  Children of PID 1140:
    PID    PPID CMD                           RSS
 759750    1140 /var/lib/awx/venv/awx/bin/u 138468
    PID    PPID CMD                           RSS
 759751    1140 /var/lib/awx/venv/awx/bin/u 145764
    PID    PPID CMD                           RSS
 759752    1140 /var/lib/awx/venv/awx/bin/u 138724
    PID    PPID CMD                           RSS
 759753    1140 /var/lib/awx/venv/awx/bin/u 139364

Process: nginx (PID: 1163)
    PID    PPID CMD                           RSS
   1163       1 nginx: master process /usr/  2504
  Children of PID 1163:
    PID    PPID CMD                           RSS
   1164    1163 nginx: worker process        8136
    PID    PPID CMD                           RSS
   1165    1163 nginx: worker process        8392
    PID    PPID CMD                           RSS
   1169    1163 nginx: worker process        8264
    PID    PPID CMD                           RSS
   1170    1163 nginx: worker process        8136

Process: nginx (PID: 1164)
    PID    PPID CMD                           RSS
   1164    1163 nginx: worker process        8136

Process: nginx (PID: 1165)
    PID    PPID CMD                           RSS
   1165    1163 nginx: worker process        8392

Process: nginx (PID: 1169)
    PID    PPID CMD                           RSS
   1169    1163 nginx: worker process        8264

Process: nginx (PID: 1170)
    PID    PPID CMD                           RSS
   1170    1163 nginx: worker process        8136

Process: uwsgi (PID: 759750)
    PID    PPID CMD                           RSS
 759750    1140 /var/lib/awx/venv/awx/bin/u 138468

Process: uwsgi (PID: 759751)
    PID    PPID CMD                           RSS
 759751    1140 /var/lib/awx/venv/awx/bin/u 145764

Process: uwsgi (PID: 759752)
    PID    PPID CMD                           RSS
 759752    1140 /var/lib/awx/venv/awx/bin/u 138724

Process: uwsgi (PID: 759753)
    PID    PPID CMD                           RSS
 759753    1140 /var/lib/awx/venv/awx/bin/u 139364

Process: bash (PID: 760078)
    PID    PPID CMD                           RSS
 760078       1 bash -c  log_file="/tmp/mem  3456
  Children of PID 760078:
    PID    PPID CMD                           RSS
 764259  760078 bash -c  log_file="/tmp/mem  2132

Process: bash (PID: 764259)
    PID    PPID CMD                           RSS
 764259  760078 bash -c  log_file="/tmp/mem  2132
  Children of PID 764259:
    PID    PPID CMD                           RSS


Process Tree for AAP Services:
=== automation-controller Process Tree ===
bash(760078)---pstree(764314)
=== receptor Process Tree ===
receptor(748)-+-{receptor}(752)
              |-{receptor}(753)
              |-{receptor}(754)
              |-{receptor}(755)
              |-{receptor}(756)
              |-{receptor}(762)
              `-{receptor}(3478)
bash(760078)---pstree(764319)
=== nginx Process Tree ===
nginx(1163)-+-nginx(1164)
            |-nginx(1165)
            |-nginx(1169)
            `-nginx(1170)
nginx(1164)
nginx(1165)
nginx(1169)
nginx(1170)
bash(760078)---pstree(764328)
=== postgresql Process Tree ===
bash(760078)---pstree(764332)
=== redis Process Tree ===
redis-server(1105)-+-{redis-server}(1131)
                   |-{redis-server}(1132)
                   |-{redis-server}(1133)
                   `-{redis-server}(1135)
bash(760078)---pstree(764337)
=== uwsgi Process Tree ===
uwsgi(1140)-+-uwsgi(759750)
            |-uwsgi(759751)
            |-uwsgi(759752)
            `-uwsgi(759753)
uwsgi(759750)
uwsgi(759751)
uwsgi(759752)
uwsgi(759753)
bash(760078)---pstree(764346)
=== automation-hub Process Tree ===
bash(760078)---pstree(764350)
=== automation-eda Process Tree ===
bash(760078)---pstree(764354)

=================================================================================
2025-07-07 09:08:41
Memory Usage Report:
               total        used        free      shared  buff/cache   available
Mem:            7681        2563        4132          48        1326        5117
Swap:           3071           0        3071

Top 10 Processes by RSS Memory:
    PID    PPID CMD                           RSS
   1639     774 /var/lib/awx/venv/awx/bin/p 174964
   1655     774 /var/lib/awx/venv/awx/bin/p 167664
   1640     774 /var/lib/awx/venv/awx/bin/p 167644
   1687    1639 /var/lib/awx/venv/awx/bin/p 166896
   1685    1639 /var/lib/awx/venv/awx/bin/p 166816
   1686    1639 /var/lib/awx/venv/awx/bin/p 166764
   1684    1639 /var/lib/awx/venv/awx/bin/p 166500
   1156     774 /var/lib/awx/venv/awx/bin/p 156132
   1689    1640 /var/lib/awx/venv/awx/bin/p 155624
   1691    1640 /var/lib/awx/venv/awx/bin/p 155512

=== RECEPTOR PROCESS ANALYSIS ===
Receptor Main Processes:
    PID    PPID CMD                           RSS    VSZ %CPU %MEM     ELAPSED
    748       1 /usr/bin/receptor -c /etc/r 59524 1790028 0.0  0.7  3-19:05:38
Receptor Child Processes for PID 748:
  No child processes found
Receptor Threads for PID 748:
    PID    SPID %CPU %MEM   RSS COMMAND
    748     748  0.0  0.7 59524 receptor
    748     752  0.0  0.7 59524 receptor
    748     753  0.0  0.7 59524 receptor
    748     754  0.0  0.7 59524 receptor
    748     755  0.0  0.7 59524 receptor
    748     756  0.0  0.7 59524 receptor
    748     762  0.0  0.7 59524 receptor
    748    3478  0.0  0.7 59524 receptor
Receptor Network Connections for PID 748:
COMMAND      PID          USER   FD      TYPE             DEVICE SIZE/OFF     NODE NAME
receptor     748           awx  cwd       DIR              253,0      235      128 /
receptor     748           awx  rtd       DIR              253,0      235      128 /
receptor     748           awx  txt       REG              253,0 55920336 33952409 /usr/bin/receptor
receptor     748           awx  mem       REG              253,0  5436640 50591543 /usr/lib64/libcrypto.so.3.2.2
receptor     748           awx  mem       REG              253,0  2544344 50590560 /usr/lib64/libc.so.6
receptor     748           awx  mem       REG              253,0   102552 50590580 /usr/lib64/libz.so.1.2.11
receptor     748           awx  mem       REG              253,0    70520 50590571 /usr/lib64/libresolv.so.2
receptor     748           awx  mem       REG              253,0   897856 50590556 /usr/lib64/ld-linux-x86-64.so.2
receptor     748           awx    0r      CHR                1,3      0t0        4 /dev/null
receptor     748           awx    1w      REG              253,0     4004 17534110 /var/log/receptor/receptor.log
receptor     748           awx    2w      REG              253,0     4004 17534110 /var/log/receptor/receptor.log
receptor     748           awx    3r  a_inode               0,14        0       59 inotify
receptor     748           awx    4u  a_inode               0,14        0       59 [eventpoll:5,7,9,12,14,17,18,19,20,21,22,25,28,30,31,32,33,36,37,39,40,41,42,43,44,45,47,50,51,52,53,55...]
receptor     748           awx    5r     FIFO               0,13      0t0    23656 pipe
receptor     748           awx    6w     FIFO               0,13      0t0    23656 pipe
receptor     748           awx    7r  a_inode               0,14        0       59 inotify
receptor     748           awx    8r  a_inode               0,14        0       59 inotify
receptor     748           awx    9r  a_inode               0,14        0       59 inotify
receptor     748           awx   10r  a_inode               0,14        0       59 inotify
receptor     748           awx   11r  a_inode               0,14        0       59 inotify
receptor     748           awx   12r  a_inode               0,14        0       59 inotify
receptor     748           awx   13rW     REG               0,24        0      958 /run/awx-receptor/receptor.sock.lock
receptor     748           awx   14u     unix 0xffff9e4b07ccf300      0t0    22691 /var/run/awx-receptor/receptor.sock type=STREAM (LISTEN)
receptor     748           awx   15u     IPv6              23673      0t0      TCP *:27199 (LISTEN)
receptor     748           awx   16r  a_inode               0,14        0       59 inotify
receptor     748           awx   17r  a_inode               0,14        0       59 inotify
receptor     748           awx   18r  a_inode               0,14        0       59 inotify
receptor     748           awx   19r  a_inode               0,14        0       59 inotify
receptor     748           awx   20r  a_inode               0,14        0       59 inotify
receptor     748           awx   21r  a_inode               0,14        0       59 inotify
receptor     748           awx   22r  a_inode               0,14        0       59 inotify
receptor     748           awx   23u     IPv6              24302      0t0      TCP aap25-control.aap-test.local:27199->aap25-execution.aap-test.local:35552 (ESTABLISHED)
receptor     748           awx   24u     unix 0xffff9e4b0486a300      0t0  4825172 /var/run/awx-receptor/receptor.sock type=STREAM (CONNECTED)
receptor     748           awx   25r  a_inode               0,14        0       59 inotify
receptor     748           awx   26r  a_inode               0,14        0       59 inotify
receptor     748           awx   27r  a_inode               0,14        0       59 inotify
receptor     748           awx   28r  a_inode               0,14        0       59 inotify
receptor     748           awx   29r  a_inode               0,14        0       59 inotify
receptor     748           awx   30r  a_inode               0,14        0       59 inotify
receptor     748           awx   31r  a_inode               0,14        0       59 inotify
receptor     748           awx   32r  a_inode               0,14        0       59 inotify
receptor     748           awx   33r  a_inode               0,14        0       59 inotify
receptor     748           awx   34r  a_inode               0,14        0       59 inotify
receptor     748           awx   35r  a_inode               0,14        0       59 inotify
receptor     748           awx   36r  a_inode               0,14        0       59 inotify
receptor     748           awx   37r  a_inode               0,14        0       59 inotify
receptor     748           awx   38r  a_inode               0,14        0       59 inotify
receptor     748           awx   39r  a_inode               0,14        0       59 inotify
receptor     748           awx   40r  a_inode               0,14        0       59 inotify
receptor     748           awx   41r  a_inode               0,14        0       59 inotify
receptor     748           awx   42r  a_inode               0,14        0       59 inotify
receptor     748           awx   43r  a_inode               0,14        0       59 inotify
receptor     748           awx   44r  a_inode               0,14        0       59 inotify
receptor     748           awx   45r  a_inode               0,14        0       59 inotify
receptor     748           awx   46r  a_inode               0,14        0       59 inotify
receptor     748           awx   47r  a_inode               0,14        0       59 inotify
receptor     748           awx   48r  a_inode               0,14        0       59 inotify
receptor     748           awx   49r  a_inode               0,14        0       59 inotify
receptor     748           awx   50r  a_inode               0,14        0       59 inotify
receptor     748           awx   51r  a_inode               0,14        0       59 inotify
receptor     748           awx   52r  a_inode               0,14        0       59 inotify
receptor     748           awx   53r  a_inode               0,14        0       59 inotify
receptor     748           awx   54r  a_inode               0,14        0       59 inotify
receptor     748           awx   55r  a_inode               0,14        0       59 inotify
receptor     748           awx   56r  a_inode               0,14        0       59 inotify
receptor     748           awx   57r  a_inode               0,14        0       59 inotify
receptor     748           awx   58r  a_inode               0,14        0       59 inotify
receptor     748           awx   59r  a_inode               0,14        0       59 inotify
receptor     748           awx   60r  a_inode               0,14        0       59 inotify
receptor     748           awx   61r  a_inode               0,14        0       59 inotify
receptor     748           awx   62r  a_inode               0,14        0       59 inotify
receptor     748           awx   63w      REG              253,0    38068 51921930 /tmp/receptor/192.168.1.233/8k1O9WeJ/stdout
receptor     748           awx   70r      REG              253,0    38068 51921930 /tmp/receptor/192.168.1.233/8k1O9WeJ/stdout
chronyd      759        chrony    5u     IPv4              22678      0t0      UDP localhost:323 
chronyd      759        chrony    6u     IPv6              22679      0t0      UDP localhost:323 
NetworkMa    764          root   26u     IPv4              26052      0t0      UDP aap25-control.aap-test.local:bootpc->pi.hole:bootps 
sshd         790          root    3u     IPv4              25862      0t0      TCP *:ssh (LISTEN)
sshd         790          root    4u     IPv6              25864      0t0      TCP *:ssh (LISTEN)
node_expo   1103 node_exporter    3u     IPv6              26086      0t0      TCP *:jetdirect (LISTEN)
node_expo   1103 node_exporter    7u     IPv6              26561      0t0      TCP aap25-control.aap-test.local:jetdirect->monitoring-node.aap-test.local:46350 (ESTABLISHED)
daphne      1156           awx   14u     IPv4              24392      0t0      TCP aap25-control.aap-test.local:58186->aap25-database.aap-test.local:postgres (ESTABLISHED)
nginx       1163          root    8u     IPv4              26119      0t0      TCP *:https (LISTEN)
nginx       1163          root    9u     IPv6              26120      0t0      TCP *:https (LISTEN)
nginx       1163          root   10u     IPv4              26121      0t0      TCP *:http (LISTEN)
nginx       1163          root   11u     IPv6              26122      0t0      TCP *:http (LISTEN)
nginx       1164         nginx    4u     IPv4            4730644      0t0      TCP aap25-control.aap-test.local:https->192.168.1.30:57628 (ESTABLISHED)
nginx       1164         nginx    8u     IPv4              26119      0t0      TCP *:https (LISTEN)
nginx       1164         nginx    9u     IPv6              26120      0t0      TCP *:https (LISTEN)
nginx       1164         nginx   10u     IPv4              26121      0t0      TCP *:http (LISTEN)
nginx       1164         nginx   11u     IPv6              26122      0t0      TCP *:http (LISTEN)
nginx       1165         nginx    8u     IPv4              26119      0t0      TCP *:https (LISTEN)
nginx       1165         nginx    9u     IPv6              26120      0t0      TCP *:https (LISTEN)
nginx       1165         nginx   10u     IPv4              26121      0t0      TCP *:http (LISTEN)
nginx       1165         nginx   11u     IPv6              26122      0t0      TCP *:http (LISTEN)
nginx       1169         nginx    4u     IPv4            4744305      0t0      TCP aap25-control.aap-test.local:https->192.168.1.30:41934 (ESTABLISHED)
nginx       1169         nginx    8u     IPv4              26119      0t0      TCP *:https (LISTEN)
nginx       1169         nginx    9u     IPv6              26120      0t0      TCP *:https (LISTEN)
nginx       1169         nginx   10u     IPv4              26121      0t0      TCP *:http (LISTEN)
nginx       1169         nginx   11u     IPv6              26122      0t0      TCP *:http (LISTEN)
nginx       1170         nginx    8u     IPv4              26119      0t0      TCP *:https (LISTEN)
nginx       1170         nginx    9u     IPv6              26120      0t0      TCP *:https (LISTEN)
nginx       1170         nginx   10u     IPv4              26121      0t0      TCP *:http (LISTEN)
nginx       1170         nginx   11u     IPv6              26122      0t0      TCP *:http (LISTEN)
awx-manag   1639           awx   15u     IPv6              24454      0t0      TCP localhost:8015 (LISTEN)
awx-manag   1639           awx   39u     IPv4              24471      0t0      TCP aap25-control.aap-test.local:58302->aap25-database.aap-test.local:postgres (ESTABLISHED)
awx-manag   1639           awx   40u     IPv4              24474      0t0      TCP aap25-control.aap-test.local:58306->aap25-database.aap-test.local:postgres (ESTABLISHED)
awx-manag   1640           awx   15u     IPv6              23442      0t0      TCP localhost:8014 (LISTEN)
awx-manag   1641           awx    9u     IPv6              26650      0t0      TCP localhost:8016 (LISTEN)
awx-manag   1641           awx   18u     IPv4              26653      0t0      TCP aap25-control.aap-test.local:58288->aap25-database.aap-test.local:postgres (ESTABLISHED)
awx-manag   1642           awx    9u     IPv4              26493      0t0      TCP aap25-control.aap-test.local:58258->aap25-database.aap-test.local:postgres (ESTABLISHED)
awx-manag   1655           awx    9u     IPv4              26549      0t0      TCP aap25-control.aap-test.local:58310->aap25-database.aap-test.local:postgres (ESTABLISHED)
awx-manag   1684           awx   15u     IPv6              24454      0t0      TCP localhost:8015 (LISTEN)
awx-manag   1684           awx   24u     IPv4            4830074      0t0      TCP aap25-control.aap-test.local:34072->aap25-database.aap-test.local:postgres (ESTABLISHED)
awx-manag   1685           awx   15u     IPv6              24454      0t0      TCP localhost:8015 (LISTEN)
awx-manag   1686           awx   15u     IPv6              24454      0t0      TCP localhost:8015 (LISTEN)
awx-manag   1686           awx   35u     IPv4            4831057      0t0      TCP aap25-control.aap-test.local:48886->aap25-database.aap-test.local:postgres (ESTABLISHED)
awx-manag   1687           awx   15u     IPv6              24454      0t0      TCP localhost:8015 (LISTEN)
awx-manag   1689           awx   15u     IPv6              23442      0t0      TCP localhost:8014 (LISTEN)
awx-manag   1690           awx   15u     IPv6              23442      0t0      TCP localhost:8014 (LISTEN)
awx-manag   1691           awx   15u     IPv6              23442      0t0      TCP localhost:8014 (LISTEN)
awx-manag   1692           awx   15u     IPv6              23442      0t0      TCP localhost:8014 (LISTEN)
sshd      759920          root    4u     IPv4            4814652      0t0      TCP aap25-control.aap-test.local:ssh->192.168.1.49:33560 (ESTABLISHED)
sshd      759940          root    4u     IPv4            4814652      0t0      TCP aap25-control.aap-test.local:ssh->192.168.1.49:33560 (ESTABLISHED)

    PID    PPID CMD                           RSS    VSZ %CPU %MEM     ELAPSED
 760078       1 bash -c  log_file="/tmp/mem  3456   7320  0.0  0.0       02:36
Receptor Child Processes for PID 760078:
      PID    PPID CMD                           RSS    VSZ %CPU %MEM     ELAPSED
Receptor Threads for PID 760078:
    PID    SPID %CPU %MEM   RSS COMMAND
 760078  760078  0.0  0.0  3456 bash
Receptor Network Connections for PID 760078:
COMMAND      PID          USER   FD   TYPE  DEVICE SIZE/OFF     NODE NAME
receptor     748           awx   15u  IPv6   23673      0t0      TCP *:27199 (LISTEN)
receptor     748           awx   23u  IPv6   24302      0t0      TCP aap25-control.aap-test.local:27199->aap25-execution.aap-test.local:35552 (ESTABLISHED)
chronyd      759        chrony    5u  IPv4   22678      0t0      UDP localhost:323 
chronyd      759        chrony    6u  IPv6   22679      0t0      UDP localhost:323 
NetworkMa    764          root   26u  IPv4   26052      0t0      UDP aap25-control.aap-test.local:bootpc->pi.hole:bootps 
sshd         790          root    3u  IPv4   25862      0t0      TCP *:ssh (LISTEN)
sshd         790          root    4u  IPv6   25864      0t0      TCP *:ssh (LISTEN)
node_expo   1103 node_exporter    3u  IPv6   26086      0t0      TCP *:jetdirect (LISTEN)
node_expo   1103 node_exporter    7u  IPv6   26561      0t0      TCP aap25-control.aap-test.local:jetdirect->monitoring-node.aap-test.local:46350 (ESTABLISHED)
daphne      1156           awx   14u  IPv4   24392      0t0      TCP aap25-control.aap-test.local:58186->aap25-database.aap-test.local:postgres (ESTABLISHED)
nginx       1163          root    8u  IPv4   26119      0t0      TCP *:https (LISTEN)
nginx       1163          root    9u  IPv6   26120      0t0      TCP *:https (LISTEN)
nginx       1163          root   10u  IPv4   26121      0t0      TCP *:http (LISTEN)
nginx       1163          root   11u  IPv6   26122      0t0      TCP *:http (LISTEN)
nginx       1164         nginx    4u  IPv4 4730644      0t0      TCP aap25-control.aap-test.local:https->192.168.1.30:57628 (ESTABLISHED)
nginx       1164         nginx    8u  IPv4   26119      0t0      TCP *:https (LISTEN)
nginx       1164         nginx    9u  IPv6   26120      0t0      TCP *:https (LISTEN)
nginx       1164         nginx   10u  IPv4   26121      0t0      TCP *:http (LISTEN)
nginx       1164         nginx   11u  IPv6   26122      0t0      TCP *:http (LISTEN)
nginx       1165         nginx    8u  IPv4   26119      0t0      TCP *:https (LISTEN)
nginx       1165         nginx    9u  IPv6   26120      0t0      TCP *:https (LISTEN)
nginx       1165         nginx   10u  IPv4   26121      0t0      TCP *:http (LISTEN)
nginx       1165         nginx   11u  IPv6   26122      0t0      TCP *:http (LISTEN)
nginx       1169         nginx    4u  IPv4 4744305      0t0      TCP aap25-control.aap-test.local:https->192.168.1.30:41934 (ESTABLISHED)
nginx       1169         nginx    8u  IPv4   26119      0t0      TCP *:https (LISTEN)
nginx       1169         nginx    9u  IPv6   26120      0t0      TCP *:https (LISTEN)
nginx       1169         nginx   10u  IPv4   26121      0t0      TCP *:http (LISTEN)
nginx       1169         nginx   11u  IPv6   26122      0t0      TCP *:http (LISTEN)
nginx       1170         nginx    8u  IPv4   26119      0t0      TCP *:https (LISTEN)
nginx       1170         nginx    9u  IPv6   26120      0t0      TCP *:https (LISTEN)
nginx       1170         nginx   10u  IPv4   26121      0t0      TCP *:http (LISTEN)
nginx       1170         nginx   11u  IPv6   26122      0t0      TCP *:http (LISTEN)
awx-manag   1639           awx   15u  IPv6   24454      0t0      TCP localhost:8015 (LISTEN)
awx-manag   1639           awx   39u  IPv4   24471      0t0      TCP aap25-control.aap-test.local:58302->aap25-database.aap-test.local:postgres (ESTABLISHED)
awx-manag   1639           awx   40u  IPv4   24474      0t0      TCP aap25-control.aap-test.local:58306->aap25-database.aap-test.local:postgres (ESTABLISHED)
awx-manag   1640           awx   15u  IPv6   23442      0t0      TCP localhost:8014 (LISTEN)
awx-manag   1641           awx    9u  IPv6   26650      0t0      TCP localhost:8016 (LISTEN)
awx-manag   1641           awx   18u  IPv4   26653      0t0      TCP aap25-control.aap-test.local:58288->aap25-database.aap-test.local:postgres (ESTABLISHED)
awx-manag   1642           awx    9u  IPv4   26493      0t0      TCP aap25-control.aap-test.local:58258->aap25-database.aap-test.local:postgres (ESTABLISHED)
awx-manag   1655           awx    9u  IPv4   26549      0t0      TCP aap25-control.aap-test.local:58310->aap25-database.aap-test.local:postgres (ESTABLISHED)
awx-manag   1684           awx   15u  IPv6   24454      0t0      TCP localhost:8015 (LISTEN)
awx-manag   1684           awx   24u  IPv4 4830074      0t0      TCP aap25-control.aap-test.local:34072->aap25-database.aap-test.local:postgres (ESTABLISHED)
awx-manag   1685           awx   15u  IPv6   24454      0t0      TCP localhost:8015 (LISTEN)
awx-manag   1686           awx   15u  IPv6   24454      0t0      TCP localhost:8015 (LISTEN)
awx-manag   1686           awx   35u  IPv4 4831057      0t0      TCP aap25-control.aap-test.local:48886->aap25-database.aap-test.local:postgres (ESTABLISHED)
awx-manag   1687           awx   15u  IPv6   24454      0t0      TCP localhost:8015 (LISTEN)
awx-manag   1689           awx   15u  IPv6   23442      0t0      TCP localhost:8014 (LISTEN)
awx-manag   1690           awx   15u  IPv6   23442      0t0      TCP localhost:8014 (LISTEN)
awx-manag   1691           awx   15u  IPv6   23442      0t0      TCP localhost:8014 (LISTEN)
awx-manag   1692           awx   15u  IPv6   23442      0t0      TCP localhost:8014 (LISTEN)
sshd      759920          root    4u  IPv4 4814652      0t0      TCP aap25-control.aap-test.local:ssh->192.168.1.49:33560 (ESTABLISHED)
sshd      759940          root    4u  IPv4 4814652      0t0      TCP aap25-control.aap-test.local:ssh->192.168.1.49:33560 (ESTABLISHED)
bash      760078          root  cwd    DIR   253,0     4096 33685638 /root
bash      760078          root  rtd    DIR   253,0      235      128 /
bash      760078          root  txt    REG   253,0  1389072 33755766 /usr/bin/bash
bash      760078          root  mem    REG   253,0  2586930   223716 /usr/lib/locale/en_US.utf8/LC_COLLATE
bash      760078          root  mem    REG   253,0  2544344 50590560 /usr/lib64/libc.so.6
bash      760078          root  mem    REG   253,0   346132 50590237 /usr/lib/locale/C.utf8/LC_CTYPE
bash      760078          root  mem    REG   253,0       54   223719 /usr/lib/locale/en_US.utf8/LC_NUMERIC
bash      760078          root  mem    REG   253,0     3284 17219141 /usr/lib/locale/en_US.utf8/LC_TIME
bash      760078          root  mem    REG   253,0      286 17219139 /usr/lib/locale/en_US.utf8/LC_MONETARY
bash      760078          root  mem    REG   253,0       57 17219152 /usr/lib/locale/en_US.utf8/LC_MESSAGES/SYS_LC_MESSAGES
bash      760078          root  mem    REG   253,0    26988 33841777 /usr/lib64/gconv/gconv-modules.cache
bash      760078          root  mem    REG   253,0   195080 50590221 /usr/lib64/libtinfo.so.6.2
bash      760078          root  mem    REG   253,0       34 50590538 /usr/lib/locale/en_US.utf8/LC_PAPER
bash      760078          root  mem    REG   253,0       77   223718 /usr/lib/locale/en_US.utf8/LC_NAME
bash      760078          root  mem    REG   253,0      167 17219135 /usr/lib/locale/en_US.utf8/LC_ADDRESS
bash      760078          root  mem    REG   253,0       59 17219140 /usr/lib/locale/en_US.utf8/LC_TELEPHONE
bash      760078          root  mem    REG   253,0       23 17219138 /usr/lib/locale/en_US.utf8/LC_MEASUREMENT
bash      760078          root  mem    REG   253,0      369 17219137 /usr/lib/locale/en_US.utf8/LC_IDENTIFICATION
bash      760078          root  mem    REG   253,0   897856 50590556 /usr/lib64/ld-linux-x86-64.so.2
bash      760078          root    0r   CHR     1,3      0t0        4 /dev/null
bash      760078          root    1w   REG   253,0        0 18572042 /tmp/memory_monitor.log
bash      760078          root    2w   REG   253,0        0 18572042 /tmp/memory_monitor.log
bash      760078          root    3r  FIFO    0,13      0t0  4833287 pipe

    PID    PPID CMD                           RSS    VSZ %CPU %MEM     ELAPSED
Receptor Child Processes for PID 764848:
  No child processes found
Receptor Threads for PID 764848:
    PID    SPID %CPU %MEM   RSS COMMAND
Receptor Network Connections for PID 764848:
COMMAND      PID          USER   FD   TYPE  DEVICE SIZE/OFF NODE NAME
receptor     748           awx   15u  IPv6   23673      0t0  TCP *:27199 (LISTEN)
receptor     748           awx   23u  IPv6   24302      0t0  TCP aap25-control.aap-test.local:27199->aap25-execution.aap-test.local:35552 (ESTABLISHED)
chronyd      759        chrony    5u  IPv4   22678      0t0  UDP localhost:323 
chronyd      759        chrony    6u  IPv6   22679      0t0  UDP localhost:323 
NetworkMa    764          root   26u  IPv4   26052      0t0  UDP aap25-control.aap-test.local:bootpc->pi.hole:bootps 
sshd         790          root    3u  IPv4   25862      0t0  TCP *:ssh (LISTEN)
sshd         790          root    4u  IPv6   25864      0t0  TCP *:ssh (LISTEN)
node_expo   1103 node_exporter    3u  IPv6   26086      0t0  TCP *:jetdirect (LISTEN)
node_expo   1103 node_exporter    7u  IPv6   26561      0t0  TCP aap25-control.aap-test.local:jetdirect->monitoring-node.aap-test.local:46350 (ESTABLISHED)
daphne      1156           awx   14u  IPv4   24392      0t0  TCP aap25-control.aap-test.local:58186->aap25-database.aap-test.local:postgres (ESTABLISHED)
nginx       1163          root    8u  IPv4   26119      0t0  TCP *:https (LISTEN)
nginx       1163          root    9u  IPv6   26120      0t0  TCP *:https (LISTEN)
nginx       1163          root   10u  IPv4   26121      0t0  TCP *:http (LISTEN)
nginx       1163          root   11u  IPv6   26122      0t0  TCP *:http (LISTEN)
nginx       1164         nginx    4u  IPv4 4730644      0t0  TCP aap25-control.aap-test.local:https->192.168.1.30:57628 (ESTABLISHED)
nginx       1164         nginx    8u  IPv4   26119      0t0  TCP *:https (LISTEN)
nginx       1164         nginx    9u  IPv6   26120      0t0  TCP *:https (LISTEN)
nginx       1164         nginx   10u  IPv4   26121      0t0  TCP *:http (LISTEN)
nginx       1164         nginx   11u  IPv6   26122      0t0  TCP *:http (LISTEN)
nginx       1165         nginx    8u  IPv4   26119      0t0  TCP *:https (LISTEN)
nginx       1165         nginx    9u  IPv6   26120      0t0  TCP *:https (LISTEN)
nginx       1165         nginx   10u  IPv4   26121      0t0  TCP *:http (LISTEN)
nginx       1165         nginx   11u  IPv6   26122      0t0  TCP *:http (LISTEN)
nginx       1169         nginx    4u  IPv4 4744305      0t0  TCP aap25-control.aap-test.local:https->192.168.1.30:41934 (ESTABLISHED)
nginx       1169         nginx    8u  IPv4   26119      0t0  TCP *:https (LISTEN)
nginx       1169         nginx    9u  IPv6   26120      0t0  TCP *:https (LISTEN)
nginx       1169         nginx   10u  IPv4   26121      0t0  TCP *:http (LISTEN)
nginx       1169         nginx   11u  IPv6   26122      0t0  TCP *:http (LISTEN)
nginx       1170         nginx    8u  IPv4   26119      0t0  TCP *:https (LISTEN)
nginx       1170         nginx    9u  IPv6   26120      0t0  TCP *:https (LISTEN)
nginx       1170         nginx   10u  IPv4   26121      0t0  TCP *:http (LISTEN)
nginx       1170         nginx   11u  IPv6   26122      0t0  TCP *:http (LISTEN)
awx-manag   1639           awx   15u  IPv6   24454      0t0  TCP localhost:8015 (LISTEN)
awx-manag   1639           awx   39u  IPv4   24471      0t0  TCP aap25-control.aap-test.local:58302->aap25-database.aap-test.local:postgres (ESTABLISHED)
awx-manag   1639           awx   40u  IPv4   24474      0t0  TCP aap25-control.aap-test.local:58306->aap25-database.aap-test.local:postgres (ESTABLISHED)
awx-manag   1640           awx   15u  IPv6   23442      0t0  TCP localhost:8014 (LISTEN)
awx-manag   1641           awx    9u  IPv6   26650      0t0  TCP localhost:8016 (LISTEN)
awx-manag   1641           awx   18u  IPv4   26653      0t0  TCP aap25-control.aap-test.local:58288->aap25-database.aap-test.local:postgres (ESTABLISHED)
awx-manag   1642           awx    9u  IPv4   26493      0t0  TCP aap25-control.aap-test.local:58258->aap25-database.aap-test.local:postgres (ESTABLISHED)
awx-manag   1655           awx    9u  IPv4   26549      0t0  TCP aap25-control.aap-test.local:58310->aap25-database.aap-test.local:postgres (ESTABLISHED)
awx-manag   1684           awx   15u  IPv6   24454      0t0  TCP localhost:8015 (LISTEN)
awx-manag   1684           awx   24u  IPv4 4830074      0t0  TCP aap25-control.aap-test.local:34072->aap25-database.aap-test.local:postgres (ESTABLISHED)
awx-manag   1685           awx   15u  IPv6   24454      0t0  TCP localhost:8015 (LISTEN)
awx-manag   1686           awx   15u  IPv6   24454      0t0  TCP localhost:8015 (LISTEN)
awx-manag   1686           awx   35u  IPv4 4831057      0t0  TCP aap25-control.aap-test.local:48886->aap25-database.aap-test.local:postgres (ESTABLISHED)
awx-manag   1687           awx   15u  IPv6   24454      0t0  TCP localhost:8015 (LISTEN)
awx-manag   1689           awx   15u  IPv6   23442      0t0  TCP localhost:8014 (LISTEN)
awx-manag   1690           awx   15u  IPv6   23442      0t0  TCP localhost:8014 (LISTEN)
awx-manag   1691           awx   15u  IPv6   23442      0t0  TCP localhost:8014 (LISTEN)
awx-manag   1692           awx   15u  IPv6   23442      0t0  TCP localhost:8014 (LISTEN)
sshd      759920          root    4u  IPv4 4814652      0t0  TCP aap25-control.aap-test.local:ssh->192.168.1.49:33560 (ESTABLISHED)
sshd      759940          root    4u  IPv4 4814652      0t0  TCP aap25-control.aap-test.local:ssh->192.168.1.49:33560 (ESTABLISHED)
  No network connections found

=== RECEPTOR MEMORY SUMMARY ===
Total Receptor RSS Memory: 62980 KB (61 MB)
Total Receptor VSZ Memory: 1797348 KB (1755 MB)
Number of Receptor Processes: 3

AAP-related Processes and Children:
=== AAP Service Processes ===
Process: receptor (PID: 748)
    PID    PPID CMD                           RSS
    748       1 /usr/bin/receptor -c /etc/r 59524

Process: redis-server (PID: 1105)
    PID    PPID CMD                           RSS
   1105       1 /usr/bin/redis-server unixs 13300

Process: uwsgi (PID: 1140)
    PID    PPID CMD                           RSS
   1140     774 /var/lib/awx/venv/awx/bin/u 144764
  Children of PID 1140:
    PID    PPID CMD                           RSS
 759750    1140 /var/lib/awx/venv/awx/bin/u 138596
    PID    PPID CMD                           RSS
 759751    1140 /var/lib/awx/venv/awx/bin/u 145764
    PID    PPID CMD                           RSS
 759752    1140 /var/lib/awx/venv/awx/bin/u 138852
    PID    PPID CMD                           RSS
 759753    1140 /var/lib/awx/venv/awx/bin/u 139364

Process: nginx (PID: 1163)
    PID    PPID CMD                           RSS
   1163       1 nginx: master process /usr/  2504
  Children of PID 1163:
    PID    PPID CMD                           RSS
   1164    1163 nginx: worker process        8136
    PID    PPID CMD                           RSS
   1165    1163 nginx: worker process        8392
    PID    PPID CMD                           RSS
   1169    1163 nginx: worker process        8264
    PID    PPID CMD                           RSS
   1170    1163 nginx: worker process        8136

Process: nginx (PID: 1164)
    PID    PPID CMD                           RSS
   1164    1163 nginx: worker process        8136

Process: nginx (PID: 1165)
    PID    PPID CMD                           RSS
   1165    1163 nginx: worker process        8392

Process: nginx (PID: 1169)
    PID    PPID CMD                           RSS
   1169    1163 nginx: worker process        8264

Process: nginx (PID: 1170)
    PID    PPID CMD                           RSS
   1170    1163 nginx: worker process        8136

Process: uwsgi (PID: 759750)
    PID    PPID CMD                           RSS
 759750    1140 /var/lib/awx/venv/awx/bin/u 138596

Process: uwsgi (PID: 759751)
    PID    PPID CMD                           RSS
 759751    1140 /var/lib/awx/venv/awx/bin/u 145764

Process: uwsgi (PID: 759752)
    PID    PPID CMD                           RSS
 759752    1140 /var/lib/awx/venv/awx/bin/u 138852

Process: uwsgi (PID: 759753)
    PID    PPID CMD                           RSS
 759753    1140 /var/lib/awx/venv/awx/bin/u 139364

Process: bash (PID: 760078)
    PID    PPID CMD                           RSS
 760078       1 bash -c  log_file="/tmp/mem  3456
  Children of PID 760078:
    PID    PPID CMD                           RSS
 764928  760078 bash -c  log_file="/tmp/mem  2132

Process: bash (PID: 764928)
    PID    PPID CMD                           RSS
 764928  760078 bash -c  log_file="/tmp/mem  2132
  Children of PID 764928:
    PID    PPID CMD                           RSS


Process Tree for AAP Services:
=== automation-controller Process Tree ===
bash(760078)---pstree(764983)
=== receptor Process Tree ===
receptor(748)-+-{receptor}(752)
              |-{receptor}(753)
              |-{receptor}(754)
              |-{receptor}(755)
              |-{receptor}(756)
              |-{receptor}(762)
              `-{receptor}(3478)
bash(760078)---pstree(765005)
=== nginx Process Tree ===
nginx(1163)-+-nginx(1164)
            |-nginx(1165)
            |-nginx(1169)
            `-nginx(1170)
nginx(1164)
nginx(1165)
nginx(1169)
nginx(1170)
bash(760078)---pstree(765061)
=== postgresql Process Tree ===
bash(760078)---pstree(765065)
=== redis Process Tree ===
redis-server(1105)-+-{redis-server}(1131)
                   |-{redis-server}(1132)
                   |-{redis-server}(1133)
                   `-{redis-server}(1135)
bash(760078)---pstree(765070)
=== uwsgi Process Tree ===
uwsgi(1140)-+-uwsgi(759750)
            |-uwsgi(759751)
            |-uwsgi(759752)
            `-uwsgi(759753)
uwsgi(759750)
uwsgi(759751)
uwsgi(759752)
uwsgi(759753)
bash(760078)---pstree(765079)
=== automation-hub Process Tree ===
bash(760078)---pstree(765083)
=== automation-eda Process Tree ===
bash(760078)---pstree(765090)

=================================================================================
2025-07-07 09:09:12
Memory Usage Report:
               total        used        free      shared  buff/cache   available
Mem:            7681        2571        4123          48        1326        5109
Swap:           3071           0        3071

Top 10 Processes by RSS Memory:
    PID    PPID CMD                           RSS
   1639     774 /var/lib/awx/venv/awx/bin/p 174964
   1655     774 /var/lib/awx/venv/awx/bin/p 167664
   1640     774 /var/lib/awx/venv/awx/bin/p 167644
   1687    1639 /var/lib/awx/venv/awx/bin/p 166896
   1686    1639 /var/lib/awx/venv/awx/bin/p 166892
   1685    1639 /var/lib/awx/venv/awx/bin/p 166816
   1684    1639 /var/lib/awx/venv/awx/bin/p 166500
   1156     774 /var/lib/awx/venv/awx/bin/p 156132
   1689    1640 /var/lib/awx/venv/awx/bin/p 155624
   1691    1640 /var/lib/awx/venv/awx/bin/p 155512

=== RECEPTOR PROCESS ANALYSIS ===
Receptor Main Processes:
    PID    PPID CMD                           RSS    VSZ %CPU %MEM     ELAPSED
    748       1 /usr/bin/receptor -c /etc/r 59524 1790028 0.0  0.7  3-19:06:09
Receptor Child Processes for PID 748:
  No child processes found
Receptor Threads for PID 748:
    PID    SPID %CPU %MEM   RSS COMMAND
    748     748  0.0  0.7 59524 receptor
    748     752  0.0  0.7 59524 receptor
    748     753  0.0  0.7 59524 receptor
    748     754  0.0  0.7 59524 receptor
    748     755  0.0  0.7 59524 receptor
    748     756  0.0  0.7 59524 receptor
    748     762  0.0  0.7 59524 receptor
    748    3478  0.0  0.7 59524 receptor
Receptor Network Connections for PID 748:
COMMAND      PID          USER   FD      TYPE             DEVICE SIZE/OFF     NODE NAME
receptor     748           awx  cwd       DIR              253,0      235      128 /
receptor     748           awx  rtd       DIR              253,0      235      128 /
receptor     748           awx  txt       REG              253,0 55920336 33952409 /usr/bin/receptor
receptor     748           awx  mem       REG              253,0  5436640 50591543 /usr/lib64/libcrypto.so.3.2.2
receptor     748           awx  mem       REG              253,0  2544344 50590560 /usr/lib64/libc.so.6
receptor     748           awx  mem       REG              253,0   102552 50590580 /usr/lib64/libz.so.1.2.11
receptor     748           awx  mem       REG              253,0    70520 50590571 /usr/lib64/libresolv.so.2
receptor     748           awx  mem       REG              253,0   897856 50590556 /usr/lib64/ld-linux-x86-64.so.2
receptor     748           awx    0r      CHR                1,3      0t0        4 /dev/null
receptor     748           awx    1w      REG              253,0     4004 17534110 /var/log/receptor/receptor.log
receptor     748           awx    2w      REG              253,0     4004 17534110 /var/log/receptor/receptor.log
receptor     748           awx    3r  a_inode               0,14        0       59 inotify
receptor     748           awx    4u  a_inode               0,14        0       59 [eventpoll:5,7,9,12,14,17,18,19,20,21,22,25,28,30,31,32,33,36,37,39,40,41,42,43,44,45,47,50,51,52,53,55...]
receptor     748           awx    5r     FIFO               0,13      0t0    23656 pipe
receptor     748           awx    6w     FIFO               0,13      0t0    23656 pipe
receptor     748           awx    7r  a_inode               0,14        0       59 inotify
receptor     748           awx    8r  a_inode               0,14        0       59 inotify
receptor     748           awx    9r  a_inode               0,14        0       59 inotify
receptor     748           awx   10r  a_inode               0,14        0       59 inotify
receptor     748           awx   11r  a_inode               0,14        0       59 inotify
receptor     748           awx   12r  a_inode               0,14        0       59 inotify
receptor     748           awx   13rW     REG               0,24        0      958 /run/awx-receptor/receptor.sock.lock
receptor     748           awx   14u     unix 0xffff9e4b07ccf300      0t0    22691 /var/run/awx-receptor/receptor.sock type=STREAM (LISTEN)
receptor     748           awx   15u     IPv6              23673      0t0      TCP *:27199 (LISTEN)
receptor     748           awx   16r  a_inode               0,14        0       59 inotify
receptor     748           awx   17r  a_inode               0,14        0       59 inotify
receptor     748           awx   18r  a_inode               0,14        0       59 inotify
receptor     748           awx   19r  a_inode               0,14        0       59 inotify
receptor     748           awx   20r  a_inode               0,14        0       59 inotify
receptor     748           awx   21r  a_inode               0,14        0       59 inotify
receptor     748           awx   22r  a_inode               0,14        0       59 inotify
receptor     748           awx   23u     IPv6              24302      0t0      TCP aap25-control.aap-test.local:27199->aap25-execution.aap-test.local:35552 (ESTABLISHED)
receptor     748           awx   24u     unix 0xffff9e4b0486a300      0t0  4825172 /var/run/awx-receptor/receptor.sock type=STREAM (CONNECTED)
receptor     748           awx   25r  a_inode               0,14        0       59 inotify
receptor     748           awx   26r  a_inode               0,14        0       59 inotify
receptor     748           awx   27r  a_inode               0,14        0       59 inotify
receptor     748           awx   28r  a_inode               0,14        0       59 inotify
receptor     748           awx   29r  a_inode               0,14        0       59 inotify
receptor     748           awx   30r  a_inode               0,14        0       59 inotify
receptor     748           awx   31r  a_inode               0,14        0       59 inotify
receptor     748           awx   32r  a_inode               0,14        0       59 inotify
receptor     748           awx   33r  a_inode               0,14        0       59 inotify
receptor     748           awx   34r  a_inode               0,14        0       59 inotify
receptor     748           awx   35r  a_inode               0,14        0       59 inotify
receptor     748           awx   36r  a_inode               0,14        0       59 inotify
receptor     748           awx   37r  a_inode               0,14        0       59 inotify
receptor     748           awx   38r  a_inode               0,14        0       59 inotify
receptor     748           awx   39r  a_inode               0,14        0       59 inotify
receptor     748           awx   40r  a_inode               0,14        0       59 inotify
receptor     748           awx   41r  a_inode               0,14        0       59 inotify
receptor     748           awx   42r  a_inode               0,14        0       59 inotify
receptor     748           awx   43r  a_inode               0,14        0       59 inotify
receptor     748           awx   44r  a_inode               0,14        0       59 inotify
receptor     748           awx   45r  a_inode               0,14        0       59 inotify
receptor     748           awx   46r  a_inode               0,14        0       59 inotify
receptor     748           awx   47r  a_inode               0,14        0       59 inotify
receptor     748           awx   48r  a_inode               0,14        0       59 inotify
receptor     748           awx   49r  a_inode               0,14        0       59 inotify
receptor     748           awx   50r  a_inode               0,14        0       59 inotify
receptor     748           awx   51r  a_inode               0,14        0       59 inotify
receptor     748           awx   52r  a_inode               0,14        0       59 inotify
receptor     748           awx   53r  a_inode               0,14        0       59 inotify
receptor     748           awx   54r  a_inode               0,14        0       59 inotify
receptor     748           awx   55r  a_inode               0,14        0       59 inotify
receptor     748           awx   56r  a_inode               0,14        0       59 inotify
receptor     748           awx   57r  a_inode               0,14        0       59 inotify
receptor     748           awx   58r  a_inode               0,14        0       59 inotify
receptor     748           awx   59r  a_inode               0,14        0       59 inotify
receptor     748           awx   60r  a_inode               0,14        0       59 inotify
receptor     748           awx   61r  a_inode               0,14        0       59 inotify
receptor     748           awx   62r  a_inode               0,14        0       59 inotify
receptor     748           awx   63w      REG              253,0    38068 51921930 /tmp/receptor/192.168.1.233/8k1O9WeJ/stdout
receptor     748           awx   70r      REG              253,0    38068 51921930 /tmp/receptor/192.168.1.233/8k1O9WeJ/stdout
chronyd      759        chrony    5u     IPv4              22678      0t0      UDP localhost:323 
chronyd      759        chrony    6u     IPv6              22679      0t0      UDP localhost:323 
NetworkMa    764          root   26u     IPv4              26052      0t0      UDP aap25-control.aap-test.local:bootpc->pi.hole:bootps 
sshd         790          root    3u     IPv4              25862      0t0      TCP *:ssh (LISTEN)
sshd         790          root    4u     IPv6              25864      0t0      TCP *:ssh (LISTEN)
node_expo   1103 node_exporter    3u     IPv6              26086      0t0      TCP *:jetdirect (LISTEN)
node_expo   1103 node_exporter    7u     IPv6              26561      0t0      TCP aap25-control.aap-test.local:jetdirect->monitoring-node.aap-test.local:46350 (ESTABLISHED)
daphne      1156           awx   14u     IPv4              24392      0t0      TCP aap25-control.aap-test.local:58186->aap25-database.aap-test.local:postgres (ESTABLISHED)
nginx       1163          root    8u     IPv4              26119      0t0      TCP *:https (LISTEN)
nginx       1163          root    9u     IPv6              26120      0t0      TCP *:https (LISTEN)
nginx       1163          root   10u     IPv4              26121      0t0      TCP *:http (LISTEN)
nginx       1163          root   11u     IPv6              26122      0t0      TCP *:http (LISTEN)
nginx       1164         nginx    4u     IPv4            4730644      0t0      TCP aap25-control.aap-test.local:https->192.168.1.30:57628 (ESTABLISHED)
nginx       1164         nginx    8u     IPv4              26119      0t0      TCP *:https (LISTEN)
nginx       1164         nginx    9u     IPv6              26120      0t0      TCP *:https (LISTEN)
nginx       1164         nginx   10u     IPv4              26121      0t0      TCP *:http (LISTEN)
nginx       1164         nginx   11u     IPv6              26122      0t0      TCP *:http (LISTEN)
nginx       1165         nginx    8u     IPv4              26119      0t0      TCP *:https (LISTEN)
nginx       1165         nginx    9u     IPv6              26120      0t0      TCP *:https (LISTEN)
nginx       1165         nginx   10u     IPv4              26121      0t0      TCP *:http (LISTEN)
nginx       1165         nginx   11u     IPv6              26122      0t0      TCP *:http (LISTEN)
nginx       1169         nginx    4u     IPv4            4744305      0t0      TCP aap25-control.aap-test.local:https->192.168.1.30:41934 (ESTABLISHED)
nginx       1169         nginx    8u     IPv4              26119      0t0      TCP *:https (LISTEN)
nginx       1169         nginx    9u     IPv6              26120      0t0      TCP *:https (LISTEN)
nginx       1169         nginx   10u     IPv4              26121      0t0      TCP *:http (LISTEN)
nginx       1169         nginx   11u     IPv6              26122      0t0      TCP *:http (LISTEN)
nginx       1170         nginx    8u     IPv4              26119      0t0      TCP *:https (LISTEN)
nginx       1170         nginx    9u     IPv6              26120      0t0      TCP *:https (LISTEN)
nginx       1170         nginx   10u     IPv4              26121      0t0      TCP *:http (LISTEN)
nginx       1170         nginx   11u     IPv6              26122      0t0      TCP *:http (LISTEN)
awx-manag   1639           awx   15u     IPv6              24454      0t0      TCP localhost:8015 (LISTEN)
awx-manag   1639           awx   39u     IPv4              24471      0t0      TCP aap25-control.aap-test.local:58302->aap25-database.aap-test.local:postgres (ESTABLISHED)
awx-manag   1639           awx   40u     IPv4              24474      0t0      TCP aap25-control.aap-test.local:58306->aap25-database.aap-test.local:postgres (ESTABLISHED)
awx-manag   1640           awx   15u     IPv6              23442      0t0      TCP localhost:8014 (LISTEN)
awx-manag   1641           awx    9u     IPv6              26650      0t0      TCP localhost:8016 (LISTEN)
awx-manag   1641           awx   18u     IPv4              26653      0t0      TCP aap25-control.aap-test.local:58288->aap25-database.aap-test.local:postgres (ESTABLISHED)
awx-manag   1642           awx    9u     IPv4              26493      0t0      TCP aap25-control.aap-test.local:58258->aap25-database.aap-test.local:postgres (ESTABLISHED)
awx-manag   1655           awx    9u     IPv4              26549      0t0      TCP aap25-control.aap-test.local:58310->aap25-database.aap-test.local:postgres (ESTABLISHED)
awx-manag   1684           awx   15u     IPv6              24454      0t0      TCP localhost:8015 (LISTEN)
awx-manag   1685           awx   15u     IPv6              24454      0t0      TCP localhost:8015 (LISTEN)
awx-manag   1686           awx   15u     IPv6              24454      0t0      TCP localhost:8015 (LISTEN)
awx-manag   1686           awx   35u     IPv4            4836535      0t0      TCP aap25-control.aap-test.local:57478->aap25-database.aap-test.local:postgres (ESTABLISHED)
awx-manag   1687           awx   15u     IPv6              24454      0t0      TCP localhost:8015 (LISTEN)
awx-manag   1689           awx   15u     IPv6              23442      0t0      TCP localhost:8014 (LISTEN)
awx-manag   1690           awx   15u     IPv6              23442      0t0      TCP localhost:8014 (LISTEN)
awx-manag   1691           awx   15u     IPv6              23442      0t0      TCP localhost:8014 (LISTEN)
awx-manag   1692           awx   15u     IPv6              23442      0t0      TCP localhost:8014 (LISTEN)
sshd      759920          root    4u     IPv4            4814652      0t0      TCP aap25-control.aap-test.local:ssh->192.168.1.49:33560 (ESTABLISHED)
sshd      759940          root    4u     IPv4            4814652      0t0      TCP aap25-control.aap-test.local:ssh->192.168.1.49:33560 (ESTABLISHED)

    PID    PPID CMD                           RSS    VSZ %CPU %MEM     ELAPSED
 760078       1 bash -c  log_file="/tmp/mem  3456   7320  0.0  0.0       03:07
Receptor Child Processes for PID 760078:
      PID    PPID CMD                           RSS    VSZ %CPU %MEM     ELAPSED
Receptor Threads for PID 760078:
    PID    SPID %CPU %MEM   RSS COMMAND
 760078  760078  0.0  0.0  3456 bash
Receptor Network Connections for PID 760078:
COMMAND      PID          USER   FD   TYPE  DEVICE SIZE/OFF     NODE NAME
receptor     748           awx   15u  IPv6   23673      0t0      TCP *:27199 (LISTEN)
receptor     748           awx   23u  IPv6   24302      0t0      TCP aap25-control.aap-test.local:27199->aap25-execution.aap-test.local:35552 (ESTABLISHED)
chronyd      759        chrony    5u  IPv4   22678      0t0      UDP localhost:323 
chronyd      759        chrony    6u  IPv6   22679      0t0      UDP localhost:323 
NetworkMa    764          root   26u  IPv4   26052      0t0      UDP aap25-control.aap-test.local:bootpc->pi.hole:bootps 
sshd         790          root    3u  IPv4   25862      0t0      TCP *:ssh (LISTEN)
sshd         790          root    4u  IPv6   25864      0t0      TCP *:ssh (LISTEN)
node_expo   1103 node_exporter    3u  IPv6   26086      0t0      TCP *:jetdirect (LISTEN)
node_expo   1103 node_exporter    7u  IPv6   26561      0t0      TCP aap25-control.aap-test.local:jetdirect->monitoring-node.aap-test.local:46350 (ESTABLISHED)
daphne      1156           awx   14u  IPv4   24392      0t0      TCP aap25-control.aap-test.local:58186->aap25-database.aap-test.local:postgres (ESTABLISHED)
nginx       1163          root    8u  IPv4   26119      0t0      TCP *:https (LISTEN)
nginx       1163          root    9u  IPv6   26120      0t0      TCP *:https (LISTEN)
nginx       1163          root   10u  IPv4   26121      0t0      TCP *:http (LISTEN)
nginx       1163          root   11u  IPv6   26122      0t0      TCP *:http (LISTEN)
nginx       1164         nginx    4u  IPv4 4730644      0t0      TCP aap25-control.aap-test.local:https->192.168.1.30:57628 (ESTABLISHED)
nginx       1164         nginx    8u  IPv4   26119      0t0      TCP *:https (LISTEN)
nginx       1164         nginx    9u  IPv6   26120      0t0      TCP *:https (LISTEN)
nginx       1164         nginx   10u  IPv4   26121      0t0      TCP *:http (LISTEN)
nginx       1164         nginx   11u  IPv6   26122      0t0      TCP *:http (LISTEN)
nginx       1165         nginx    8u  IPv4   26119      0t0      TCP *:https (LISTEN)
nginx       1165         nginx    9u  IPv6   26120      0t0      TCP *:https (LISTEN)
nginx       1165         nginx   10u  IPv4   26121      0t0      TCP *:http (LISTEN)
nginx       1165         nginx   11u  IPv6   26122      0t0      TCP *:http (LISTEN)
nginx       1169         nginx    4u  IPv4 4744305      0t0      TCP aap25-control.aap-test.local:https->192.168.1.30:41934 (ESTABLISHED)
nginx       1169         nginx    8u  IPv4   26119      0t0      TCP *:https (LISTEN)
nginx       1169         nginx    9u  IPv6   26120      0t0      TCP *:https (LISTEN)
nginx       1169         nginx   10u  IPv4   26121      0t0      TCP *:http (LISTEN)
nginx       1169         nginx   11u  IPv6   26122      0t0      TCP *:http (LISTEN)
nginx       1170         nginx    8u  IPv4   26119      0t0      TCP *:https (LISTEN)
nginx       1170         nginx    9u  IPv6   26120      0t0      TCP *:https (LISTEN)
nginx       1170         nginx   10u  IPv4   26121      0t0      TCP *:http (LISTEN)
nginx       1170         nginx   11u  IPv6   26122      0t0      TCP *:http (LISTEN)
awx-manag   1639           awx   15u  IPv6   24454      0t0      TCP localhost:8015 (LISTEN)
awx-manag   1639           awx   39u  IPv4   24471      0t0      TCP aap25-control.aap-test.local:58302->aap25-database.aap-test.local:postgres (ESTABLISHED)
awx-manag   1639           awx   40u  IPv4   24474      0t0      TCP aap25-control.aap-test.local:58306->aap25-database.aap-test.local:postgres (ESTABLISHED)
awx-manag   1640           awx   15u  IPv6   23442      0t0      TCP localhost:8014 (LISTEN)
awx-manag   1641           awx    9u  IPv6   26650      0t0      TCP localhost:8016 (LISTEN)
awx-manag   1641           awx   18u  IPv4   26653      0t0      TCP aap25-control.aap-test.local:58288->aap25-database.aap-test.local:postgres (ESTABLISHED)
awx-manag   1642           awx    9u  IPv4   26493      0t0      TCP aap25-control.aap-test.local:58258->aap25-database.aap-test.local:postgres (ESTABLISHED)
awx-manag   1655           awx    9u  IPv4   26549      0t0      TCP aap25-control.aap-test.local:58310->aap25-database.aap-test.local:postgres (ESTABLISHED)
awx-manag   1684           awx   15u  IPv6   24454      0t0      TCP localhost:8015 (LISTEN)
awx-manag   1685           awx   15u  IPv6   24454      0t0      TCP localhost:8015 (LISTEN)
awx-manag   1686           awx   15u  IPv6   24454      0t0      TCP localhost:8015 (LISTEN)
awx-manag   1686           awx   35u  IPv4 4836535      0t0      TCP aap25-control.aap-test.local:57478->aap25-database.aap-test.local:postgres (ESTABLISHED)
awx-manag   1687           awx   15u  IPv6   24454      0t0      TCP localhost:8015 (LISTEN)
awx-manag   1689           awx   15u  IPv6   23442      0t0      TCP localhost:8014 (LISTEN)
awx-manag   1690           awx   15u  IPv6   23442      0t0      TCP localhost:8014 (LISTEN)
awx-manag   1691           awx   15u  IPv6   23442      0t0      TCP localhost:8014 (LISTEN)
awx-manag   1692           awx   15u  IPv6   23442      0t0      TCP localhost:8014 (LISTEN)
sshd      759920          root    4u  IPv4 4814652      0t0      TCP aap25-control.aap-test.local:ssh->192.168.1.49:33560 (ESTABLISHED)
sshd      759940          root    4u  IPv4 4814652      0t0      TCP aap25-control.aap-test.local:ssh->192.168.1.49:33560 (ESTABLISHED)
bash      760078          root  cwd    DIR   253,0     4096 33685638 /root
bash      760078          root  rtd    DIR   253,0      235      128 /
bash      760078          root  txt    REG   253,0  1389072 33755766 /usr/bin/bash
bash      760078          root  mem    REG   253,0  2586930   223716 /usr/lib/locale/en_US.utf8/LC_COLLATE
bash      760078          root  mem    REG   253,0  2544344 50590560 /usr/lib64/libc.so.6
bash      760078          root  mem    REG   253,0   346132 50590237 /usr/lib/locale/C.utf8/LC_CTYPE
bash      760078          root  mem    REG   253,0       54   223719 /usr/lib/locale/en_US.utf8/LC_NUMERIC
bash      760078          root  mem    REG   253,0     3284 17219141 /usr/lib/locale/en_US.utf8/LC_TIME
bash      760078          root  mem    REG   253,0      286 17219139 /usr/lib/locale/en_US.utf8/LC_MONETARY
bash      760078          root  mem    REG   253,0       57 17219152 /usr/lib/locale/en_US.utf8/LC_MESSAGES/SYS_LC_MESSAGES
bash      760078          root  mem    REG   253,0    26988 33841777 /usr/lib64/gconv/gconv-modules.cache
bash      760078          root  mem    REG   253,0   195080 50590221 /usr/lib64/libtinfo.so.6.2
bash      760078          root  mem    REG   253,0       34 50590538 /usr/lib/locale/en_US.utf8/LC_PAPER
bash      760078          root  mem    REG   253,0       77   223718 /usr/lib/locale/en_US.utf8/LC_NAME
bash      760078          root  mem    REG   253,0      167 17219135 /usr/lib/locale/en_US.utf8/LC_ADDRESS
bash      760078          root  mem    REG   253,0       59 17219140 /usr/lib/locale/en_US.utf8/LC_TELEPHONE
bash      760078          root  mem    REG   253,0       23 17219138 /usr/lib/locale/en_US.utf8/LC_MEASUREMENT
bash      760078          root  mem    REG   253,0      369 17219137 /usr/lib/locale/en_US.utf8/LC_IDENTIFICATION
bash      760078          root  mem    REG   253,0   897856 50590556 /usr/lib64/ld-linux-x86-64.so.2
bash      760078          root    0r   CHR     1,3      0t0        4 /dev/null
bash      760078          root    1w   REG   253,0        0 18572042 /tmp/memory_monitor.log
bash      760078          root    2w   REG   253,0        0 18572042 /tmp/memory_monitor.log
bash      760078          root    3r  FIFO    0,13      0t0  4833880 pipe

    PID    PPID CMD                           RSS    VSZ %CPU %MEM     ELAPSED
Receptor Child Processes for PID 765601:
  No child processes found
Receptor Threads for PID 765601:
    PID    SPID %CPU %MEM   RSS COMMAND
Receptor Network Connections for PID 765601:
COMMAND      PID          USER   FD   TYPE  DEVICE SIZE/OFF NODE NAME
receptor     748           awx   15u  IPv6   23673      0t0  TCP *:27199 (LISTEN)
receptor     748           awx   23u  IPv6   24302      0t0  TCP aap25-control.aap-test.local:27199->aap25-execution.aap-test.local:35552 (ESTABLISHED)
chronyd      759        chrony    5u  IPv4   22678      0t0  UDP localhost:323 
chronyd      759        chrony    6u  IPv6   22679      0t0  UDP localhost:323 
NetworkMa    764          root   26u  IPv4   26052      0t0  UDP aap25-control.aap-test.local:bootpc->pi.hole:bootps 
sshd         790          root    3u  IPv4   25862      0t0  TCP *:ssh (LISTEN)
sshd         790          root    4u  IPv6   25864      0t0  TCP *:ssh (LISTEN)
node_expo   1103 node_exporter    3u  IPv6   26086      0t0  TCP *:jetdirect (LISTEN)
node_expo   1103 node_exporter    7u  IPv6   26561      0t0  TCP aap25-control.aap-test.local:jetdirect->monitoring-node.aap-test.local:46350 (ESTABLISHED)
daphne      1156           awx   14u  IPv4   24392      0t0  TCP aap25-control.aap-test.local:58186->aap25-database.aap-test.local:postgres (ESTABLISHED)
nginx       1163          root    8u  IPv4   26119      0t0  TCP *:https (LISTEN)
nginx       1163          root    9u  IPv6   26120      0t0  TCP *:https (LISTEN)
nginx       1163          root   10u  IPv4   26121      0t0  TCP *:http (LISTEN)
nginx       1163          root   11u  IPv6   26122      0t0  TCP *:http (LISTEN)
nginx       1164         nginx    4u  IPv4 4730644      0t0  TCP aap25-control.aap-test.local:https->192.168.1.30:57628 (ESTABLISHED)
nginx       1164         nginx    8u  IPv4   26119      0t0  TCP *:https (LISTEN)
nginx       1164         nginx    9u  IPv6   26120      0t0  TCP *:https (LISTEN)
nginx       1164         nginx   10u  IPv4   26121      0t0  TCP *:http (LISTEN)
nginx       1164         nginx   11u  IPv6   26122      0t0  TCP *:http (LISTEN)
nginx       1165         nginx    8u  IPv4   26119      0t0  TCP *:https (LISTEN)
nginx       1165         nginx    9u  IPv6   26120      0t0  TCP *:https (LISTEN)
nginx       1165         nginx   10u  IPv4   26121      0t0  TCP *:http (LISTEN)
nginx       1165         nginx   11u  IPv6   26122      0t0  TCP *:http (LISTEN)
nginx       1169         nginx    4u  IPv4 4744305      0t0  TCP aap25-control.aap-test.local:https->192.168.1.30:41934 (ESTABLISHED)
nginx       1169         nginx    8u  IPv4   26119      0t0  TCP *:https (LISTEN)
nginx       1169         nginx    9u  IPv6   26120      0t0  TCP *:https (LISTEN)
nginx       1169         nginx   10u  IPv4   26121      0t0  TCP *:http (LISTEN)
nginx       1169         nginx   11u  IPv6   26122      0t0  TCP *:http (LISTEN)
nginx       1170         nginx    8u  IPv4   26119      0t0  TCP *:https (LISTEN)
nginx       1170         nginx    9u  IPv6   26120      0t0  TCP *:https (LISTEN)
nginx       1170         nginx   10u  IPv4   26121      0t0  TCP *:http (LISTEN)
nginx       1170         nginx   11u  IPv6   26122      0t0  TCP *:http (LISTEN)
awx-manag   1639           awx   15u  IPv6   24454      0t0  TCP localhost:8015 (LISTEN)
awx-manag   1639           awx   39u  IPv4   24471      0t0  TCP aap25-control.aap-test.local:58302->aap25-database.aap-test.local:postgres (ESTABLISHED)
awx-manag   1639           awx   40u  IPv4   24474      0t0  TCP aap25-control.aap-test.local:58306->aap25-database.aap-test.local:postgres (ESTABLISHED)
awx-manag   1640           awx   15u  IPv6   23442      0t0  TCP localhost:8014 (LISTEN)
awx-manag   1641           awx    9u  IPv6   26650      0t0  TCP localhost:8016 (LISTEN)
awx-manag   1641           awx   18u  IPv4   26653      0t0  TCP aap25-control.aap-test.local:58288->aap25-database.aap-test.local:postgres (ESTABLISHED)
awx-manag   1642           awx    9u  IPv4   26493      0t0  TCP aap25-control.aap-test.local:58258->aap25-database.aap-test.local:postgres (ESTABLISHED)
awx-manag   1655           awx    9u  IPv4   26549      0t0  TCP aap25-control.aap-test.local:58310->aap25-database.aap-test.local:postgres (ESTABLISHED)
awx-manag   1684           awx   15u  IPv6   24454      0t0  TCP localhost:8015 (LISTEN)
awx-manag   1685           awx   15u  IPv6   24454      0t0  TCP localhost:8015 (LISTEN)
awx-manag   1686           awx   15u  IPv6   24454      0t0  TCP localhost:8015 (LISTEN)
awx-manag   1686           awx   35u  IPv4 4836535      0t0  TCP aap25-control.aap-test.local:57478->aap25-database.aap-test.local:postgres (ESTABLISHED)
awx-manag   1687           awx   15u  IPv6   24454      0t0  TCP localhost:8015 (LISTEN)
awx-manag   1689           awx   15u  IPv6   23442      0t0  TCP localhost:8014 (LISTEN)
awx-manag   1690           awx   15u  IPv6   23442      0t0  TCP localhost:8014 (LISTEN)
awx-manag   1691           awx   15u  IPv6   23442      0t0  TCP localhost:8014 (LISTEN)
awx-manag   1692           awx   15u  IPv6   23442      0t0  TCP localhost:8014 (LISTEN)
sshd      759920          root    4u  IPv4 4814652      0t0  TCP aap25-control.aap-test.local:ssh->192.168.1.49:33560 (ESTABLISHED)
sshd      759940          root    4u  IPv4 4814652      0t0  TCP aap25-control.aap-test.local:ssh->192.168.1.49:33560 (ESTABLISHED)
  No network connections found

=== RECEPTOR MEMORY SUMMARY ===
Total Receptor RSS Memory: 62980 KB (61 MB)
Total Receptor VSZ Memory: 1797348 KB (1755 MB)
Number of Receptor Processes: 3

AAP-related Processes and Children:
=== AAP Service Processes ===
Process: receptor (PID: 748)
    PID    PPID CMD                           RSS
    748       1 /usr/bin/receptor -c /etc/r 59524

Process: redis-server (PID: 1105)
    PID    PPID CMD                           RSS
   1105       1 /usr/bin/redis-server unixs 13428

Process: uwsgi (PID: 1140)
    PID    PPID CMD                           RSS
   1140     774 /var/lib/awx/venv/awx/bin/u 144764
  Children of PID 1140:
    PID    PPID CMD                           RSS
 759750    1140 /var/lib/awx/venv/awx/bin/u 139108
    PID    PPID CMD                           RSS
 759751    1140 /var/lib/awx/venv/awx/bin/u 145764
    PID    PPID CMD                           RSS
 759752    1140 /var/lib/awx/venv/awx/bin/u 138852
    PID    PPID CMD                           RSS
 759753    1140 /var/lib/awx/venv/awx/bin/u 139620

Process: nginx (PID: 1163)
    PID    PPID CMD                           RSS
   1163       1 nginx: master process /usr/  2504
  Children of PID 1163:
    PID    PPID CMD                           RSS
   1164    1163 nginx: worker process        8136
    PID    PPID CMD                           RSS
   1165    1163 nginx: worker process        8392
    PID    PPID CMD                           RSS
   1169    1163 nginx: worker process        8264
    PID    PPID CMD                           RSS
   1170    1163 nginx: worker process        8136

Process: nginx (PID: 1164)
    PID    PPID CMD                           RSS
   1164    1163 nginx: worker process        8136

Process: nginx (PID: 1165)
    PID    PPID CMD                           RSS
   1165    1163 nginx: worker process        8392

Process: nginx (PID: 1169)
    PID    PPID CMD                           RSS
   1169    1163 nginx: worker process        8264

Process: nginx (PID: 1170)
    PID    PPID CMD                           RSS
   1170    1163 nginx: worker process        8136

Process: uwsgi (PID: 759750)
    PID    PPID CMD                           RSS
 759750    1140 /var/lib/awx/venv/awx/bin/u 139108

Process: uwsgi (PID: 759751)
    PID    PPID CMD                           RSS
 759751    1140 /var/lib/awx/venv/awx/bin/u 145764

Process: uwsgi (PID: 759752)
    PID    PPID CMD                           RSS
 759752    1140 /var/lib/awx/venv/awx/bin/u 138852

Process: uwsgi (PID: 759753)
    PID    PPID CMD                           RSS
 759753    1140 /var/lib/awx/venv/awx/bin/u 139620

Process: bash (PID: 760078)
    PID    PPID CMD                           RSS
 760078       1 bash -c  log_file="/tmp/mem  3456
  Children of PID 760078:
    PID    PPID CMD                           RSS
 765681  760078 bash -c  log_file="/tmp/mem  2132

Process: bash (PID: 765681)
    PID    PPID CMD                           RSS
 765681  760078 bash -c  log_file="/tmp/mem  2132
  Children of PID 765681:
    PID    PPID CMD                           RSS


Process Tree for AAP Services:
=== automation-controller Process Tree ===
bash(760078)---pstree(765736)
=== receptor Process Tree ===
receptor(748)-+-{receptor}(752)
              |-{receptor}(753)
              |-{receptor}(754)
              |-{receptor}(755)
              |-{receptor}(756)
              |-{receptor}(762)
              `-{receptor}(3478)
bash(760078)---pstree(765741)
=== nginx Process Tree ===
nginx(1163)-+-nginx(1164)
            |-nginx(1165)
            |-nginx(1169)
            `-nginx(1170)
nginx(1164)
nginx(1165)
nginx(1169)
nginx(1170)
bash(760078)---pstree(765750)
=== postgresql Process Tree ===
bash(760078)---pstree(765754)
=== redis Process Tree ===
redis-server(1105)-+-{redis-server}(1131)
                   |-{redis-server}(1132)
                   |-{redis-server}(1133)
                   `-{redis-server}(1135)
bash(760078)---pstree(765759)
=== uwsgi Process Tree ===
uwsgi(1140)-+-uwsgi(759750)
            |-uwsgi(759751)
            |-uwsgi(759752)
            `-uwsgi(759753)
uwsgi(759750)
uwsgi(759751)
uwsgi(759752)
uwsgi(759753)
bash(760078)---pstree(765768)
=== automation-hub Process Tree ===
bash(760078)---pstree(765772)
=== automation-eda Process Tree ===
bash(760078)---pstree(765776)

=================================================================================
2025-07-07 09:09:43
Memory Usage Report:
               total        used        free      shared  buff/cache   available
Mem:            7681        2574        4120          48        1326        5106
Swap:           3071           0        3071

Top 10 Processes by RSS Memory:
    PID    PPID CMD                           RSS
   1639     774 /var/lib/awx/venv/awx/bin/p 174964
   1655     774 /var/lib/awx/venv/awx/bin/p 167664
   1640     774 /var/lib/awx/venv/awx/bin/p 167644
   1687    1639 /var/lib/awx/venv/awx/bin/p 166896
   1686    1639 /var/lib/awx/venv/awx/bin/p 166892
   1685    1639 /var/lib/awx/venv/awx/bin/p 166816
   1684    1639 /var/lib/awx/venv/awx/bin/p 166500
   1156     774 /var/lib/awx/venv/awx/bin/p 156132
   1689    1640 /var/lib/awx/venv/awx/bin/p 155624
   1691    1640 /var/lib/awx/venv/awx/bin/p 155512

=== RECEPTOR PROCESS ANALYSIS ===
Receptor Main Processes:
    PID    PPID CMD                           RSS    VSZ %CPU %MEM     ELAPSED
    748       1 /usr/bin/receptor -c /etc/r 59524 1790028 0.0  0.7  3-19:06:40
Receptor Child Processes for PID 748:
  No child processes found
Receptor Threads for PID 748:
    PID    SPID %CPU %MEM   RSS COMMAND
    748     748  0.0  0.7 59524 receptor
    748     752  0.0  0.7 59524 receptor
    748     753  0.0  0.7 59524 receptor
    748     754  0.0  0.7 59524 receptor
    748     755  0.0  0.7 59524 receptor
    748     756  0.0  0.7 59524 receptor
    748     762  0.0  0.7 59524 receptor
    748    3478  0.0  0.7 59524 receptor
Receptor Network Connections for PID 748:
COMMAND      PID          USER   FD      TYPE             DEVICE SIZE/OFF     NODE NAME
receptor     748           awx  cwd       DIR              253,0      235      128 /
receptor     748           awx  rtd       DIR              253,0      235      128 /
receptor     748           awx  txt       REG              253,0 55920336 33952409 /usr/bin/receptor
receptor     748           awx  mem       REG              253,0  5436640 50591543 /usr/lib64/libcrypto.so.3.2.2
receptor     748           awx  mem       REG              253,0  2544344 50590560 /usr/lib64/libc.so.6
receptor     748           awx  mem       REG              253,0   102552 50590580 /usr/lib64/libz.so.1.2.11
receptor     748           awx  mem       REG              253,0    70520 50590571 /usr/lib64/libresolv.so.2
receptor     748           awx  mem       REG              253,0   897856 50590556 /usr/lib64/ld-linux-x86-64.so.2
receptor     748           awx    0r      CHR                1,3      0t0        4 /dev/null
receptor     748           awx    1w      REG              253,0     4004 17534110 /var/log/receptor/receptor.log
receptor     748           awx    2w      REG              253,0     4004 17534110 /var/log/receptor/receptor.log
receptor     748           awx    3r  a_inode               0,14        0       59 inotify
receptor     748           awx    4u  a_inode               0,14        0       59 [eventpoll:5,7,9,12,14,17,18,19,20,21,22,25,28,30,31,32,33,36,37,39,40,41,42,43,44,45,47,50,51,52,53,55...]
receptor     748           awx    5r     FIFO               0,13      0t0    23656 pipe
receptor     748           awx    6w     FIFO               0,13      0t0    23656 pipe
receptor     748           awx    7r  a_inode               0,14        0       59 inotify
receptor     748           awx    8r  a_inode               0,14        0       59 inotify
receptor     748           awx    9r  a_inode               0,14        0       59 inotify
receptor     748           awx   10r  a_inode               0,14        0       59 inotify
receptor     748           awx   11r  a_inode               0,14        0       59 inotify
receptor     748           awx   12r  a_inode               0,14        0       59 inotify
receptor     748           awx   13rW     REG               0,24        0      958 /run/awx-receptor/receptor.sock.lock
receptor     748           awx   14u     unix 0xffff9e4b07ccf300      0t0    22691 /var/run/awx-receptor/receptor.sock type=STREAM (LISTEN)
receptor     748           awx   15u     IPv6              23673      0t0      TCP *:27199 (LISTEN)
receptor     748           awx   16r  a_inode               0,14        0       59 inotify
receptor     748           awx   17r  a_inode               0,14        0       59 inotify
receptor     748           awx   18r  a_inode               0,14        0       59 inotify
receptor     748           awx   19r  a_inode               0,14        0       59 inotify
receptor     748           awx   20r  a_inode               0,14        0       59 inotify
receptor     748           awx   21r  a_inode               0,14        0       59 inotify
receptor     748           awx   22r  a_inode               0,14        0       59 inotify
receptor     748           awx   23u     IPv6              24302      0t0      TCP aap25-control.aap-test.local:27199->aap25-execution.aap-test.local:35552 (ESTABLISHED)
receptor     748           awx   24u     unix 0xffff9e4b0486a300      0t0  4825172 /var/run/awx-receptor/receptor.sock type=STREAM (CONNECTED)
receptor     748           awx   25r  a_inode               0,14        0       59 inotify
receptor     748           awx   26r  a_inode               0,14        0       59 inotify
receptor     748           awx   27r  a_inode               0,14        0       59 inotify
receptor     748           awx   28r  a_inode               0,14        0       59 inotify
receptor     748           awx   29r  a_inode               0,14        0       59 inotify
receptor     748           awx   30r  a_inode               0,14        0       59 inotify
receptor     748           awx   31r  a_inode               0,14        0       59 inotify
receptor     748           awx   32r  a_inode               0,14        0       59 inotify
receptor     748           awx   33r  a_inode               0,14        0       59 inotify
receptor     748           awx   34r  a_inode               0,14        0       59 inotify
receptor     748           awx   35r  a_inode               0,14        0       59 inotify
receptor     748           awx   36r  a_inode               0,14        0       59 inotify
receptor     748           awx   37r  a_inode               0,14        0       59 inotify
receptor     748           awx   38r  a_inode               0,14        0       59 inotify
receptor     748           awx   39r  a_inode               0,14        0       59 inotify
receptor     748           awx   40r  a_inode               0,14        0       59 inotify
receptor     748           awx   41r  a_inode               0,14        0       59 inotify
receptor     748           awx   42r  a_inode               0,14        0       59 inotify
receptor     748           awx   43r  a_inode               0,14        0       59 inotify
receptor     748           awx   44r  a_inode               0,14        0       59 inotify
receptor     748           awx   45r  a_inode               0,14        0       59 inotify
receptor     748           awx   46r  a_inode               0,14        0       59 inotify
receptor     748           awx   47r  a_inode               0,14        0       59 inotify
receptor     748           awx   48r  a_inode               0,14        0       59 inotify
receptor     748           awx   49r  a_inode               0,14        0       59 inotify
receptor     748           awx   50r  a_inode               0,14        0       59 inotify
receptor     748           awx   51r  a_inode               0,14        0       59 inotify
receptor     748           awx   52r  a_inode               0,14        0       59 inotify
receptor     748           awx   53r  a_inode               0,14        0       59 inotify
receptor     748           awx   54r  a_inode               0,14        0       59 inotify
receptor     748           awx   55r  a_inode               0,14        0       59 inotify
receptor     748           awx   56r  a_inode               0,14        0       59 inotify
receptor     748           awx   57r  a_inode               0,14        0       59 inotify
receptor     748           awx   58r  a_inode               0,14        0       59 inotify
receptor     748           awx   59r  a_inode               0,14        0       59 inotify
receptor     748           awx   60r  a_inode               0,14        0       59 inotify
receptor     748           awx   61r  a_inode               0,14        0       59 inotify
receptor     748           awx   62r  a_inode               0,14        0       59 inotify
receptor     748           awx   63w      REG              253,0    38068 51921930 /tmp/receptor/192.168.1.233/8k1O9WeJ/stdout
receptor     748           awx   70r      REG              253,0    38068 51921930 /tmp/receptor/192.168.1.233/8k1O9WeJ/stdout
chronyd      759        chrony    5u     IPv4              22678      0t0      UDP localhost:323 
chronyd      759        chrony    6u     IPv6              22679      0t0      UDP localhost:323 
NetworkMa    764          root   26u     IPv4              26052      0t0      UDP aap25-control.aap-test.local:bootpc->pi.hole:bootps 
sshd         790          root    3u     IPv4              25862      0t0      TCP *:ssh (LISTEN)
sshd         790          root    4u     IPv6              25864      0t0      TCP *:ssh (LISTEN)
node_expo   1103 node_exporter    3u     IPv6              26086      0t0      TCP *:jetdirect (LISTEN)
node_expo   1103 node_exporter    7u     IPv6              26561      0t0      TCP aap25-control.aap-test.local:jetdirect->monitoring-node.aap-test.local:46350 (ESTABLISHED)
daphne      1156           awx   14u     IPv4              24392      0t0      TCP aap25-control.aap-test.local:58186->aap25-database.aap-test.local:postgres (ESTABLISHED)
nginx       1163          root    8u     IPv4              26119      0t0      TCP *:https (LISTEN)
nginx       1163          root    9u     IPv6              26120      0t0      TCP *:https (LISTEN)
nginx       1163          root   10u     IPv4              26121      0t0      TCP *:http (LISTEN)
nginx       1163          root   11u     IPv6              26122      0t0      TCP *:http (LISTEN)
nginx       1164         nginx    4u     IPv4            4730644      0t0      TCP aap25-control.aap-test.local:https->192.168.1.30:57628 (ESTABLISHED)
nginx       1164         nginx    8u     IPv4              26119      0t0      TCP *:https (LISTEN)
nginx       1164         nginx    9u     IPv6              26120      0t0      TCP *:https (LISTEN)
nginx       1164         nginx   10u     IPv4              26121      0t0      TCP *:http (LISTEN)
nginx       1164         nginx   11u     IPv6              26122      0t0      TCP *:http (LISTEN)
nginx       1165         nginx    8u     IPv4              26119      0t0      TCP *:https (LISTEN)
nginx       1165         nginx    9u     IPv6              26120      0t0      TCP *:https (LISTEN)
nginx       1165         nginx   10u     IPv4              26121      0t0      TCP *:http (LISTEN)
nginx       1165         nginx   11u     IPv6              26122      0t0      TCP *:http (LISTEN)
nginx       1169         nginx    4u     IPv4            4744305      0t0      TCP aap25-control.aap-test.local:https->192.168.1.30:41934 (ESTABLISHED)
nginx       1169         nginx    8u     IPv4              26119      0t0      TCP *:https (LISTEN)
nginx       1169         nginx    9u     IPv6              26120      0t0      TCP *:https (LISTEN)
nginx       1169         nginx   10u     IPv4              26121      0t0      TCP *:http (LISTEN)
nginx       1169         nginx   11u     IPv6              26122      0t0      TCP *:http (LISTEN)
nginx       1170         nginx    8u     IPv4              26119      0t0      TCP *:https (LISTEN)
nginx       1170         nginx    9u     IPv6              26120      0t0      TCP *:https (LISTEN)
nginx       1170         nginx   10u     IPv4              26121      0t0      TCP *:http (LISTEN)
nginx       1170         nginx   11u     IPv6              26122      0t0      TCP *:http (LISTEN)
awx-manag   1639           awx   15u     IPv6              24454      0t0      TCP localhost:8015 (LISTEN)
awx-manag   1639           awx   39u     IPv4              24471      0t0      TCP aap25-control.aap-test.local:58302->aap25-database.aap-test.local:postgres (ESTABLISHED)
awx-manag   1639           awx   40u     IPv4              24474      0t0      TCP aap25-control.aap-test.local:58306->aap25-database.aap-test.local:postgres (ESTABLISHED)
awx-manag   1640           awx   15u     IPv6              23442      0t0      TCP localhost:8014 (LISTEN)
awx-manag   1641           awx    9u     IPv6              26650      0t0      TCP localhost:8016 (LISTEN)
awx-manag   1641           awx   18u     IPv4              26653      0t0      TCP aap25-control.aap-test.local:58288->aap25-database.aap-test.local:postgres (ESTABLISHED)
awx-manag   1642           awx    9u     IPv4              26493      0t0      TCP aap25-control.aap-test.local:58258->aap25-database.aap-test.local:postgres (ESTABLISHED)
awx-manag   1655           awx    9u     IPv4              26549      0t0      TCP aap25-control.aap-test.local:58310->aap25-database.aap-test.local:postgres (ESTABLISHED)
awx-manag   1684           awx   15u     IPv6              24454      0t0      TCP localhost:8015 (LISTEN)
awx-manag   1684           awx   24u     IPv4            4835287      0t0      TCP aap25-control.aap-test.local:37368->aap25-database.aap-test.local:postgres (ESTABLISHED)
awx-manag   1685           awx   15u     IPv6              24454      0t0      TCP localhost:8015 (LISTEN)
awx-manag   1685           awx   29u     IPv4            4834226      0t0      TCP aap25-control.aap-test.local:36950->aap25-database.aap-test.local:postgres (ESTABLISHED)
awx-manag   1686           awx   15u     IPv6              24454      0t0      TCP localhost:8015 (LISTEN)
awx-manag   1686           awx   35u     IPv4            4834217      0t0      TCP aap25-control.aap-test.local:36942->aap25-database.aap-test.local:postgres (ESTABLISHED)
awx-manag   1687           awx   15u     IPv6              24454      0t0      TCP localhost:8015 (LISTEN)
awx-manag   1689           awx   15u     IPv6              23442      0t0      TCP localhost:8014 (LISTEN)
awx-manag   1690           awx   15u     IPv6              23442      0t0      TCP localhost:8014 (LISTEN)
awx-manag   1691           awx   15u     IPv6              23442      0t0      TCP localhost:8014 (LISTEN)
awx-manag   1692           awx   15u     IPv6              23442      0t0      TCP localhost:8014 (LISTEN)
sshd      759920          root    4u     IPv4            4814652      0t0      TCP aap25-control.aap-test.local:ssh->192.168.1.49:33560 (ESTABLISHED)
sshd      759940          root    4u     IPv4            4814652      0t0      TCP aap25-control.aap-test.local:ssh->192.168.1.49:33560 (ESTABLISHED)

    PID    PPID CMD                           RSS    VSZ %CPU %MEM     ELAPSED
 760078       1 bash -c  log_file="/tmp/mem  3456   7320  0.0  0.0       03:39
Receptor Child Processes for PID 760078:
      PID    PPID CMD                           RSS    VSZ %CPU %MEM     ELAPSED
Receptor Threads for PID 760078:
    PID    SPID %CPU %MEM   RSS COMMAND
 760078  760078  0.0  0.0  3456 bash
Receptor Network Connections for PID 760078:
COMMAND      PID          USER   FD   TYPE  DEVICE SIZE/OFF     NODE NAME
receptor     748           awx   15u  IPv6   23673      0t0      TCP *:27199 (LISTEN)
receptor     748           awx   23u  IPv6   24302      0t0      TCP aap25-control.aap-test.local:27199->aap25-execution.aap-test.local:35552 (ESTABLISHED)
chronyd      759        chrony    5u  IPv4   22678      0t0      UDP localhost:323 
chronyd      759        chrony    6u  IPv6   22679      0t0      UDP localhost:323 
NetworkMa    764          root   26u  IPv4   26052      0t0      UDP aap25-control.aap-test.local:bootpc->pi.hole:bootps 
sshd         790          root    3u  IPv4   25862      0t0      TCP *:ssh (LISTEN)
sshd         790          root    4u  IPv6   25864      0t0      TCP *:ssh (LISTEN)
node_expo   1103 node_exporter    3u  IPv6   26086      0t0      TCP *:jetdirect (LISTEN)
node_expo   1103 node_exporter    7u  IPv6   26561      0t0      TCP aap25-control.aap-test.local:jetdirect->monitoring-node.aap-test.local:46350 (ESTABLISHED)
daphne      1156           awx   14u  IPv4   24392      0t0      TCP aap25-control.aap-test.local:58186->aap25-database.aap-test.local:postgres (ESTABLISHED)
nginx       1163          root    8u  IPv4   26119      0t0      TCP *:https (LISTEN)
nginx       1163          root    9u  IPv6   26120      0t0      TCP *:https (LISTEN)
nginx       1163          root   10u  IPv4   26121      0t0      TCP *:http (LISTEN)
nginx       1163          root   11u  IPv6   26122      0t0      TCP *:http (LISTEN)
nginx       1164         nginx    4u  IPv4 4730644      0t0      TCP aap25-control.aap-test.local:https->192.168.1.30:57628 (ESTABLISHED)
nginx       1164         nginx    8u  IPv4   26119      0t0      TCP *:https (LISTEN)
nginx       1164         nginx    9u  IPv6   26120      0t0      TCP *:https (LISTEN)
nginx       1164         nginx   10u  IPv4   26121      0t0      TCP *:http (LISTEN)
nginx       1164         nginx   11u  IPv6   26122      0t0      TCP *:http (LISTEN)
nginx       1165         nginx    8u  IPv4   26119      0t0      TCP *:https (LISTEN)
nginx       1165         nginx    9u  IPv6   26120      0t0      TCP *:https (LISTEN)
nginx       1165         nginx   10u  IPv4   26121      0t0      TCP *:http (LISTEN)
nginx       1165         nginx   11u  IPv6   26122      0t0      TCP *:http (LISTEN)
nginx       1169         nginx    4u  IPv4 4744305      0t0      TCP aap25-control.aap-test.local:https->192.168.1.30:41934 (ESTABLISHED)
nginx       1169         nginx    8u  IPv4   26119      0t0      TCP *:https (LISTEN)
nginx       1169         nginx    9u  IPv6   26120      0t0      TCP *:https (LISTEN)
nginx       1169         nginx   10u  IPv4   26121      0t0      TCP *:http (LISTEN)
nginx       1169         nginx   11u  IPv6   26122      0t0      TCP *:http (LISTEN)
nginx       1170         nginx    8u  IPv4   26119      0t0      TCP *:https (LISTEN)
nginx       1170         nginx    9u  IPv6   26120      0t0      TCP *:https (LISTEN)
nginx       1170         nginx   10u  IPv4   26121      0t0      TCP *:http (LISTEN)
nginx       1170         nginx   11u  IPv6   26122      0t0      TCP *:http (LISTEN)
awx-manag   1639           awx   15u  IPv6   24454      0t0      TCP localhost:8015 (LISTEN)
awx-manag   1639           awx   39u  IPv4   24471      0t0      TCP aap25-control.aap-test.local:58302->aap25-database.aap-test.local:postgres (ESTABLISHED)
awx-manag   1639           awx   40u  IPv4   24474      0t0      TCP aap25-control.aap-test.local:58306->aap25-database.aap-test.local:postgres (ESTABLISHED)
awx-manag   1640           awx   15u  IPv6   23442      0t0      TCP localhost:8014 (LISTEN)
awx-manag   1641           awx    9u  IPv6   26650      0t0      TCP localhost:8016 (LISTEN)
awx-manag   1641           awx   18u  IPv4   26653      0t0      TCP aap25-control.aap-test.local:58288->aap25-database.aap-test.local:postgres (ESTABLISHED)
awx-manag   1642           awx    9u  IPv4   26493      0t0      TCP aap25-control.aap-test.local:58258->aap25-database.aap-test.local:postgres (ESTABLISHED)
awx-manag   1655           awx    9u  IPv4   26549      0t0      TCP aap25-control.aap-test.local:58310->aap25-database.aap-test.local:postgres (ESTABLISHED)
awx-manag   1684           awx   15u  IPv6   24454      0t0      TCP localhost:8015 (LISTEN)
awx-manag   1684           awx   24u  IPv4 4835287      0t0      TCP aap25-control.aap-test.local:37368->aap25-database.aap-test.local:postgres (ESTABLISHED)
awx-manag   1685           awx   15u  IPv6   24454      0t0      TCP localhost:8015 (LISTEN)
awx-manag   1685           awx   29u  IPv4 4834226      0t0      TCP aap25-control.aap-test.local:36950->aap25-database.aap-test.local:postgres (ESTABLISHED)
awx-manag   1686           awx   15u  IPv6   24454      0t0      TCP localhost:8015 (LISTEN)
awx-manag   1686           awx   35u  IPv4 4834217      0t0      TCP aap25-control.aap-test.local:36942->aap25-database.aap-test.local:postgres (ESTABLISHED)
awx-manag   1687           awx   15u  IPv6   24454      0t0      TCP localhost:8015 (LISTEN)
awx-manag   1689           awx   15u  IPv6   23442      0t0      TCP localhost:8014 (LISTEN)
awx-manag   1690           awx   15u  IPv6   23442      0t0      TCP localhost:8014 (LISTEN)
awx-manag   1691           awx   15u  IPv6   23442      0t0      TCP localhost:8014 (LISTEN)
awx-manag   1692           awx   15u  IPv6   23442      0t0      TCP localhost:8014 (LISTEN)
sshd      759920          root    4u  IPv4 4814652      0t0      TCP aap25-control.aap-test.local:ssh->192.168.1.49:33560 (ESTABLISHED)
sshd      759940          root    4u  IPv4 4814652      0t0      TCP aap25-control.aap-test.local:ssh->192.168.1.49:33560 (ESTABLISHED)
bash      760078          root  cwd    DIR   253,0     4096 33685638 /root
bash      760078          root  rtd    DIR   253,0      235      128 /
bash      760078          root  txt    REG   253,0  1389072 33755766 /usr/bin/bash
bash      760078          root  mem    REG   253,0  2586930   223716 /usr/lib/locale/en_US.utf8/LC_COLLATE
bash      760078          root  mem    REG   253,0  2544344 50590560 /usr/lib64/libc.so.6
bash      760078          root  mem    REG   253,0   346132 50590237 /usr/lib/locale/C.utf8/LC_CTYPE
bash      760078          root  mem    REG   253,0       54   223719 /usr/lib/locale/en_US.utf8/LC_NUMERIC
bash      760078          root  mem    REG   253,0     3284 17219141 /usr/lib/locale/en_US.utf8/LC_TIME
bash      760078          root  mem    REG   253,0      286 17219139 /usr/lib/locale/en_US.utf8/LC_MONETARY
bash      760078          root  mem    REG   253,0       57 17219152 /usr/lib/locale/en_US.utf8/LC_MESSAGES/SYS_LC_MESSAGES
bash      760078          root  mem    REG   253,0    26988 33841777 /usr/lib64/gconv/gconv-modules.cache
bash      760078          root  mem    REG   253,0   195080 50590221 /usr/lib64/libtinfo.so.6.2
bash      760078          root  mem    REG   253,0       34 50590538 /usr/lib/locale/en_US.utf8/LC_PAPER
bash      760078          root  mem    REG   253,0       77   223718 /usr/lib/locale/en_US.utf8/LC_NAME
bash      760078          root  mem    REG   253,0      167 17219135 /usr/lib/locale/en_US.utf8/LC_ADDRESS
bash      760078          root  mem    REG   253,0       59 17219140 /usr/lib/locale/en_US.utf8/LC_TELEPHONE
bash      760078          root  mem    REG   253,0       23 17219138 /usr/lib/locale/en_US.utf8/LC_MEASUREMENT
bash      760078          root  mem    REG   253,0      369 17219137 /usr/lib/locale/en_US.utf8/LC_IDENTIFICATION
bash      760078          root  mem    REG   253,0   897856 50590556 /usr/lib64/ld-linux-x86-64.so.2
bash      760078          root    0r   CHR     1,3      0t0        4 /dev/null
bash      760078          root    1w   REG   253,0        0 18572042 /tmp/memory_monitor.log
bash      760078          root    2w   REG   253,0        0 18572042 /tmp/memory_monitor.log
bash      760078          root    3r  FIFO    0,13      0t0  4835327 pipe

    PID    PPID CMD                           RSS    VSZ %CPU %MEM     ELAPSED
Receptor Child Processes for PID 766354:
  No child processes found
Receptor Threads for PID 766354:
    PID    SPID %CPU %MEM   RSS COMMAND
Receptor Network Connections for PID 766354:
COMMAND      PID          USER   FD   TYPE  DEVICE SIZE/OFF NODE NAME
receptor     748           awx   15u  IPv6   23673      0t0  TCP *:27199 (LISTEN)
receptor     748           awx   23u  IPv6   24302      0t0  TCP aap25-control.aap-test.local:27199->aap25-execution.aap-test.local:35552 (ESTABLISHED)
chronyd      759        chrony    5u  IPv4   22678      0t0  UDP localhost:323 
chronyd      759        chrony    6u  IPv6   22679      0t0  UDP localhost:323 
NetworkMa    764          root   26u  IPv4   26052      0t0  UDP aap25-control.aap-test.local:bootpc->pi.hole:bootps 
sshd         790          root    3u  IPv4   25862      0t0  TCP *:ssh (LISTEN)
sshd         790          root    4u  IPv6   25864      0t0  TCP *:ssh (LISTEN)
node_expo   1103 node_exporter    3u  IPv6   26086      0t0  TCP *:jetdirect (LISTEN)
node_expo   1103 node_exporter    7u  IPv6   26561      0t0  TCP aap25-control.aap-test.local:jetdirect->monitoring-node.aap-test.local:46350 (ESTABLISHED)
daphne      1156           awx   14u  IPv4   24392      0t0  TCP aap25-control.aap-test.local:58186->aap25-database.aap-test.local:postgres (ESTABLISHED)
nginx       1163          root    8u  IPv4   26119      0t0  TCP *:https (LISTEN)
nginx       1163          root    9u  IPv6   26120      0t0  TCP *:https (LISTEN)
nginx       1163          root   10u  IPv4   26121      0t0  TCP *:http (LISTEN)
nginx       1163          root   11u  IPv6   26122      0t0  TCP *:http (LISTEN)
nginx       1164         nginx    4u  IPv4 4730644      0t0  TCP aap25-control.aap-test.local:https->192.168.1.30:57628 (ESTABLISHED)
nginx       1164         nginx    8u  IPv4   26119      0t0  TCP *:https (LISTEN)
nginx       1164         nginx    9u  IPv6   26120      0t0  TCP *:https (LISTEN)
nginx       1164         nginx   10u  IPv4   26121      0t0  TCP *:http (LISTEN)
nginx       1164         nginx   11u  IPv6   26122      0t0  TCP *:http (LISTEN)
nginx       1165         nginx    8u  IPv4   26119      0t0  TCP *:https (LISTEN)
nginx       1165         nginx    9u  IPv6   26120      0t0  TCP *:https (LISTEN)
nginx       1165         nginx   10u  IPv4   26121      0t0  TCP *:http (LISTEN)
nginx       1165         nginx   11u  IPv6   26122      0t0  TCP *:http (LISTEN)
nginx       1169         nginx    4u  IPv4 4744305      0t0  TCP aap25-control.aap-test.local:https->192.168.1.30:41934 (ESTABLISHED)
nginx       1169         nginx    8u  IPv4   26119      0t0  TCP *:https (LISTEN)
nginx       1169         nginx    9u  IPv6   26120      0t0  TCP *:https (LISTEN)
nginx       1169         nginx   10u  IPv4   26121      0t0  TCP *:http (LISTEN)
nginx       1169         nginx   11u  IPv6   26122      0t0  TCP *:http (LISTEN)
nginx       1170         nginx    8u  IPv4   26119      0t0  TCP *:https (LISTEN)
nginx       1170         nginx    9u  IPv6   26120      0t0  TCP *:https (LISTEN)
nginx       1170         nginx   10u  IPv4   26121      0t0  TCP *:http (LISTEN)
nginx       1170         nginx   11u  IPv6   26122      0t0  TCP *:http (LISTEN)
awx-manag   1639           awx   15u  IPv6   24454      0t0  TCP localhost:8015 (LISTEN)
awx-manag   1639           awx   39u  IPv4   24471      0t0  TCP aap25-control.aap-test.local:58302->aap25-database.aap-test.local:postgres (ESTABLISHED)
awx-manag   1639           awx   40u  IPv4   24474      0t0  TCP aap25-control.aap-test.local:58306->aap25-database.aap-test.local:postgres (ESTABLISHED)
awx-manag   1640           awx   15u  IPv6   23442      0t0  TCP localhost:8014 (LISTEN)
awx-manag   1641           awx    9u  IPv6   26650      0t0  TCP localhost:8016 (LISTEN)
awx-manag   1641           awx   18u  IPv4   26653      0t0  TCP aap25-control.aap-test.local:58288->aap25-database.aap-test.local:postgres (ESTABLISHED)
awx-manag   1642           awx    9u  IPv4   26493      0t0  TCP aap25-control.aap-test.local:58258->aap25-database.aap-test.local:postgres (ESTABLISHED)
awx-manag   1655           awx    9u  IPv4   26549      0t0  TCP aap25-control.aap-test.local:58310->aap25-database.aap-test.local:postgres (ESTABLISHED)
awx-manag   1684           awx   15u  IPv6   24454      0t0  TCP localhost:8015 (LISTEN)
awx-manag   1684           awx   24u  IPv4 4835287      0t0  TCP aap25-control.aap-test.local:37368->aap25-database.aap-test.local:postgres (ESTABLISHED)
awx-manag   1685           awx   15u  IPv6   24454      0t0  TCP localhost:8015 (LISTEN)
awx-manag   1685           awx   29u  IPv4 4834226      0t0  TCP aap25-control.aap-test.local:36950->aap25-database.aap-test.local:postgres (ESTABLISHED)
awx-manag   1686           awx   15u  IPv6   24454      0t0  TCP localhost:8015 (LISTEN)
awx-manag   1686           awx   35u  IPv4 4834217      0t0  TCP aap25-control.aap-test.local:36942->aap25-database.aap-test.local:postgres (ESTABLISHED)
awx-manag   1687           awx   15u  IPv6   24454      0t0  TCP localhost:8015 (LISTEN)
awx-manag   1689           awx   15u  IPv6   23442      0t0  TCP localhost:8014 (LISTEN)
awx-manag   1690           awx   15u  IPv6   23442      0t0  TCP localhost:8014 (LISTEN)
awx-manag   1691           awx   15u  IPv6   23442      0t0  TCP localhost:8014 (LISTEN)
awx-manag   1692           awx   15u  IPv6   23442      0t0  TCP localhost:8014 (LISTEN)
sshd      759920          root    4u  IPv4 4814652      0t0  TCP aap25-control.aap-test.local:ssh->192.168.1.49:33560 (ESTABLISHED)
sshd      759940          root    4u  IPv4 4814652      0t0  TCP aap25-control.aap-test.local:ssh->192.168.1.49:33560 (ESTABLISHED)
  No network connections found

=== RECEPTOR MEMORY SUMMARY ===
Total Receptor RSS Memory: 62980 KB (61 MB)
Total Receptor VSZ Memory: 1797348 KB (1755 MB)
Number of Receptor Processes: 3

AAP-related Processes and Children:
=== AAP Service Processes ===
Process: receptor (PID: 748)
    PID    PPID CMD                           RSS
    748       1 /usr/bin/receptor -c /etc/r 59524

Process: redis-server (PID: 1105)
    PID    PPID CMD                           RSS
   1105       1 /usr/bin/redis-server unixs 13428

Process: uwsgi (PID: 1140)
    PID    PPID CMD                           RSS
   1140     774 /var/lib/awx/venv/awx/bin/u 144764
  Children of PID 1140:
    PID    PPID CMD                           RSS
 759750    1140 /var/lib/awx/venv/awx/bin/u 139108
    PID    PPID CMD                           RSS
 759751    1140 /var/lib/awx/venv/awx/bin/u 145892
    PID    PPID CMD                           RSS
 759752    1140 /var/lib/awx/venv/awx/bin/u 138852
    PID    PPID CMD                           RSS
 759753    1140 /var/lib/awx/venv/awx/bin/u 139620

Process: nginx (PID: 1163)
    PID    PPID CMD                           RSS
   1163       1 nginx: master process /usr/  2504
  Children of PID 1163:
    PID    PPID CMD                           RSS
   1164    1163 nginx: worker process        8136
    PID    PPID CMD                           RSS
   1165    1163 nginx: worker process        8392
    PID    PPID CMD                           RSS
   1169    1163 nginx: worker process        8264
    PID    PPID CMD                           RSS
   1170    1163 nginx: worker process        8136

Process: nginx (PID: 1164)
    PID    PPID CMD                           RSS
   1164    1163 nginx: worker process        8136

Process: nginx (PID: 1165)
    PID    PPID CMD                           RSS
   1165    1163 nginx: worker process        8392

Process: nginx (PID: 1169)
    PID    PPID CMD                           RSS
   1169    1163 nginx: worker process        8264

Process: nginx (PID: 1170)
    PID    PPID CMD                           RSS
   1170    1163 nginx: worker process        8136

Process: uwsgi (PID: 759750)
    PID    PPID CMD                           RSS
 759750    1140 /var/lib/awx/venv/awx/bin/u 139108

Process: uwsgi (PID: 759751)
    PID    PPID CMD                           RSS
 759751    1140 /var/lib/awx/venv/awx/bin/u 145892

Process: uwsgi (PID: 759752)
    PID    PPID CMD                           RSS
 759752    1140 /var/lib/awx/venv/awx/bin/u 138852

Process: uwsgi (PID: 759753)
    PID    PPID CMD                           RSS
 759753    1140 /var/lib/awx/venv/awx/bin/u 139620

Process: bash (PID: 760078)
    PID    PPID CMD                           RSS
 760078       1 bash -c  log_file="/tmp/mem  3456
  Children of PID 760078:
    PID    PPID CMD                           RSS
 766434  760078 bash -c  log_file="/tmp/mem  2132

Process: bash (PID: 766434)
    PID    PPID CMD                           RSS
 766434  760078 bash -c  log_file="/tmp/mem  2132
  Children of PID 766434:
    PID    PPID CMD                           RSS


Process Tree for AAP Services:
=== automation-controller Process Tree ===
bash(760078)---pstree(766500)
=== receptor Process Tree ===
receptor(748)-+-{receptor}(752)
              |-{receptor}(753)
              |-{receptor}(754)
              |-{receptor}(755)
              |-{receptor}(756)
              |-{receptor}(762)
              `-{receptor}(3478)
bash(760078)---pstree(766505)
=== nginx Process Tree ===
nginx(1163)-+-nginx(1164)
            |-nginx(1165)
            |-nginx(1169)
            `-nginx(1170)
nginx(1164)
nginx(1165)
nginx(1169)
nginx(1170)
bash(760078)---pstree(766514)
=== postgresql Process Tree ===
bash(760078)---pstree(766518)
=== redis Process Tree ===
redis-server(1105)-+-{redis-server}(1131)
                   |-{redis-server}(1132)
                   |-{redis-server}(1133)
                   `-{redis-server}(1135)
bash(760078)---pstree(766523)
=== uwsgi Process Tree ===
uwsgi(1140)-+-uwsgi(759750)
            |-uwsgi(759751)
            |-uwsgi(759752)
            `-uwsgi(759753)
uwsgi(759750)
uwsgi(759751)
uwsgi(759752)
uwsgi(759753)
bash(760078)---pstree(766532)
=== automation-hub Process Tree ===
bash(760078)---pstree(766536)
=== automation-eda Process Tree ===
bash(760078)---pstree(766540)

=================================================================================
2025-07-07 09:10:14
Memory Usage Report:
               total        used        free      shared  buff/cache   available
Mem:            7681        2571        4124          48        1325        5109
Swap:           3071           0        3071

Top 10 Processes by RSS Memory:
    PID    PPID CMD                           RSS
   1639     774 /var/lib/awx/venv/awx/bin/p 174964
   1655     774 /var/lib/awx/venv/awx/bin/p 167664
   1640     774 /var/lib/awx/venv/awx/bin/p 167644
   1686    1639 /var/lib/awx/venv/awx/bin/p 167020
   1687    1639 /var/lib/awx/venv/awx/bin/p 166896
   1685    1639 /var/lib/awx/venv/awx/bin/p 166816
   1684    1639 /var/lib/awx/venv/awx/bin/p 166500
   1156     774 /var/lib/awx/venv/awx/bin/p 156132
   1689    1640 /var/lib/awx/venv/awx/bin/p 155624
   1691    1640 /var/lib/awx/venv/awx/bin/p 155512

=== RECEPTOR PROCESS ANALYSIS ===
Receptor Main Processes:
    PID    PPID CMD                           RSS    VSZ %CPU %MEM     ELAPSED
    748       1 /usr/bin/receptor -c /etc/r 59524 1790028 0.0  0.7  3-19:07:11
Receptor Child Processes for PID 748:
  No child processes found
Receptor Threads for PID 748:
    PID    SPID %CPU %MEM   RSS COMMAND
    748     748  0.0  0.7 59524 receptor
    748     752  0.0  0.7 59524 receptor
    748     753  0.0  0.7 59524 receptor
    748     754  0.0  0.7 59524 receptor
    748     755  0.0  0.7 59524 receptor
    748     756  0.0  0.7 59524 receptor
    748     762  0.0  0.7 59524 receptor
    748    3478  0.0  0.7 59524 receptor
Receptor Network Connections for PID 748:
COMMAND      PID          USER   FD      TYPE             DEVICE SIZE/OFF     NODE NAME
receptor     748           awx  cwd       DIR              253,0      235      128 /
receptor     748           awx  rtd       DIR              253,0      235      128 /
receptor     748           awx  txt       REG              253,0 55920336 33952409 /usr/bin/receptor
receptor     748           awx  mem       REG              253,0  5436640 50591543 /usr/lib64/libcrypto.so.3.2.2
receptor     748           awx  mem       REG              253,0  2544344 50590560 /usr/lib64/libc.so.6
receptor     748           awx  mem       REG              253,0   102552 50590580 /usr/lib64/libz.so.1.2.11
receptor     748           awx  mem       REG              253,0    70520 50590571 /usr/lib64/libresolv.so.2
receptor     748           awx  mem       REG              253,0   897856 50590556 /usr/lib64/ld-linux-x86-64.so.2
receptor     748           awx    0r      CHR                1,3      0t0        4 /dev/null
receptor     748           awx    1w      REG              253,0     4290 17534110 /var/log/receptor/receptor.log
receptor     748           awx    2w      REG              253,0     4290 17534110 /var/log/receptor/receptor.log
receptor     748           awx    3r  a_inode               0,14        0       59 inotify
receptor     748           awx    4u  a_inode               0,14        0       59 [eventpoll:5,7,9,12,14,17,18,19,20,21,22,25,28,30,31,32,33,36,37,39,40,41,42,43,44,45,47,50,51,52,53,55...]
receptor     748           awx    5r     FIFO               0,13      0t0    23656 pipe
receptor     748           awx    6w     FIFO               0,13      0t0    23656 pipe
receptor     748           awx    7r  a_inode               0,14        0       59 inotify
receptor     748           awx    8r  a_inode               0,14        0       59 inotify
receptor     748           awx    9r  a_inode               0,14        0       59 inotify
receptor     748           awx   10r  a_inode               0,14        0       59 inotify
receptor     748           awx   11r  a_inode               0,14        0       59 inotify
receptor     748           awx   12r  a_inode               0,14        0       59 inotify
receptor     748           awx   13rW     REG               0,24        0      958 /run/awx-receptor/receptor.sock.lock
receptor     748           awx   14u     unix 0xffff9e4b07ccf300      0t0    22691 /var/run/awx-receptor/receptor.sock type=STREAM (LISTEN)
receptor     748           awx   15u     IPv6              23673      0t0      TCP *:27199 (LISTEN)
receptor     748           awx   16r  a_inode               0,14        0       59 inotify
receptor     748           awx   17r  a_inode               0,14        0       59 inotify
receptor     748           awx   18r  a_inode               0,14        0       59 inotify
receptor     748           awx   19r  a_inode               0,14        0       59 inotify
receptor     748           awx   20r  a_inode               0,14        0       59 inotify
receptor     748           awx   21r  a_inode               0,14        0       59 inotify
receptor     748           awx   22r  a_inode               0,14        0       59 inotify
receptor     748           awx   23u     IPv6              24302      0t0      TCP aap25-control.aap-test.local:27199->aap25-execution.aap-test.local:35552 (ESTABLISHED)
receptor     748           awx   25r  a_inode               0,14        0       59 inotify
receptor     748           awx   26r  a_inode               0,14        0       59 inotify
receptor     748           awx   27r  a_inode               0,14        0       59 inotify
receptor     748           awx   28r  a_inode               0,14        0       59 inotify
receptor     748           awx   29r  a_inode               0,14        0       59 inotify
receptor     748           awx   30r  a_inode               0,14        0       59 inotify
receptor     748           awx   31r  a_inode               0,14        0       59 inotify
receptor     748           awx   32r  a_inode               0,14        0       59 inotify
receptor     748           awx   33r  a_inode               0,14        0       59 inotify
receptor     748           awx   34r  a_inode               0,14        0       59 inotify
receptor     748           awx   35r  a_inode               0,14        0       59 inotify
receptor     748           awx   36r  a_inode               0,14        0       59 inotify
receptor     748           awx   37r  a_inode               0,14        0       59 inotify
receptor     748           awx   38r  a_inode               0,14        0       59 inotify
receptor     748           awx   39r  a_inode               0,14        0       59 inotify
receptor     748           awx   40r  a_inode               0,14        0       59 inotify
receptor     748           awx   41r  a_inode               0,14        0       59 inotify
receptor     748           awx   42r  a_inode               0,14        0       59 inotify
receptor     748           awx   43r  a_inode               0,14        0       59 inotify
receptor     748           awx   44r  a_inode               0,14        0       59 inotify
receptor     748           awx   45r  a_inode               0,14        0       59 inotify
receptor     748           awx   46r  a_inode               0,14        0       59 inotify
receptor     748           awx   47r  a_inode               0,14        0       59 inotify
receptor     748           awx   48r  a_inode               0,14        0       59 inotify
receptor     748           awx   49r  a_inode               0,14        0       59 inotify
receptor     748           awx   50r  a_inode               0,14        0       59 inotify
receptor     748           awx   51r  a_inode               0,14        0       59 inotify
receptor     748           awx   52r  a_inode               0,14        0       59 inotify
receptor     748           awx   53r  a_inode               0,14        0       59 inotify
receptor     748           awx   54r  a_inode               0,14        0       59 inotify
receptor     748           awx   55r  a_inode               0,14        0       59 inotify
receptor     748           awx   56r  a_inode               0,14        0       59 inotify
receptor     748           awx   57r  a_inode               0,14        0       59 inotify
receptor     748           awx   58r  a_inode               0,14        0       59 inotify
receptor     748           awx   59r  a_inode               0,14        0       59 inotify
receptor     748           awx   60r  a_inode               0,14        0       59 inotify
receptor     748           awx   61r  a_inode               0,14        0       59 inotify
receptor     748           awx   62r  a_inode               0,14        0       59 inotify
receptor     748           awx   63w      REG              253,0   116829 51921930 /tmp/receptor/192.168.1.233/8k1O9WeJ/stdout
chronyd      759        chrony    5u     IPv4              22678      0t0      UDP localhost:323 
chronyd      759        chrony    6u     IPv6              22679      0t0      UDP localhost:323 
NetworkMa    764          root   26u     IPv4              26052      0t0      UDP aap25-control.aap-test.local:bootpc->pi.hole:bootps 
sshd         790          root    3u     IPv4              25862      0t0      TCP *:ssh (LISTEN)
sshd         790          root    4u     IPv6              25864      0t0      TCP *:ssh (LISTEN)
node_expo   1103 node_exporter    3u     IPv6              26086      0t0      TCP *:jetdirect (LISTEN)
node_expo   1103 node_exporter    7u     IPv6              26561      0t0      TCP aap25-control.aap-test.local:jetdirect->monitoring-node.aap-test.local:46350 (ESTABLISHED)
daphne      1156           awx   14u     IPv4              24392      0t0      TCP aap25-control.aap-test.local:58186->aap25-database.aap-test.local:postgres (ESTABLISHED)
nginx       1163          root    8u     IPv4              26119      0t0      TCP *:https (LISTEN)
nginx       1163          root    9u     IPv6              26120      0t0      TCP *:https (LISTEN)
nginx       1163          root   10u     IPv4              26121      0t0      TCP *:http (LISTEN)
nginx       1163          root   11u     IPv6              26122      0t0      TCP *:http (LISTEN)
nginx       1164         nginx    4u     IPv4            4730644      0t0      TCP aap25-control.aap-test.local:https->192.168.1.30:57628 (ESTABLISHED)
nginx       1164         nginx    8u     IPv4              26119      0t0      TCP *:https (LISTEN)
nginx       1164         nginx    9u     IPv6              26120      0t0      TCP *:https (LISTEN)
nginx       1164         nginx   10u     IPv4              26121      0t0      TCP *:http (LISTEN)
nginx       1164         nginx   11u     IPv6              26122      0t0      TCP *:http (LISTEN)
nginx       1165         nginx    4u     IPv4            4840077      0t0      TCP aap25-control.aap-test.local:https->192.168.1.30:48516 (ESTABLISHED)
nginx       1165         nginx    8u     IPv4              26119      0t0      TCP *:https (LISTEN)
nginx       1165         nginx    9u     IPv6              26120      0t0      TCP *:https (LISTEN)
nginx       1165         nginx   10u     IPv4              26121      0t0      TCP *:http (LISTEN)
nginx       1165         nginx   11u     IPv6              26122      0t0      TCP *:http (LISTEN)
nginx       1169         nginx    4u     IPv4            4744305      0t0      TCP aap25-control.aap-test.local:https->192.168.1.30:41934 (ESTABLISHED)
nginx       1169         nginx    8u     IPv4              26119      0t0      TCP *:https (LISTEN)
nginx       1169         nginx    9u     IPv6              26120      0t0      TCP *:https (LISTEN)
nginx       1169         nginx   10u     IPv4              26121      0t0      TCP *:http (LISTEN)
nginx       1169         nginx   11u     IPv6              26122      0t0      TCP *:http (LISTEN)
nginx       1170         nginx    8u     IPv4              26119      0t0      TCP *:https (LISTEN)
nginx       1170         nginx    9u     IPv6              26120      0t0      TCP *:https (LISTEN)
nginx       1170         nginx   10u     IPv4              26121      0t0      TCP *:http (LISTEN)
nginx       1170         nginx   11u     IPv6              26122      0t0      TCP *:http (LISTEN)
awx-manag   1639           awx   15u     IPv6              24454      0t0      TCP localhost:8015 (LISTEN)
awx-manag   1639           awx   39u     IPv4              24471      0t0      TCP aap25-control.aap-test.local:58302->aap25-database.aap-test.local:postgres (ESTABLISHED)
awx-manag   1639           awx   40u     IPv4              24474      0t0      TCP aap25-control.aap-test.local:58306->aap25-database.aap-test.local:postgres (ESTABLISHED)
awx-manag   1640           awx   15u     IPv6              23442      0t0      TCP localhost:8014 (LISTEN)
awx-manag   1641           awx    9u     IPv6              26650      0t0      TCP localhost:8016 (LISTEN)
awx-manag   1641           awx   18u     IPv4              26653      0t0      TCP aap25-control.aap-test.local:58288->aap25-database.aap-test.local:postgres (ESTABLISHED)
awx-manag   1642           awx    9u     IPv4              26493      0t0      TCP aap25-control.aap-test.local:58258->aap25-database.aap-test.local:postgres (ESTABLISHED)
awx-manag   1655           awx    9u     IPv4              26549      0t0      TCP aap25-control.aap-test.local:58310->aap25-database.aap-test.local:postgres (ESTABLISHED)
awx-manag   1684           awx   15u     IPv6              24454      0t0      TCP localhost:8015 (LISTEN)
awx-manag   1684           awx   24u     IPv4            4835287      0t0      TCP aap25-control.aap-test.local:37368->aap25-database.aap-test.local:postgres (ESTABLISHED)
awx-manag   1685           awx   15u     IPv6              24454      0t0      TCP localhost:8015 (LISTEN)
awx-manag   1685           awx   29u     IPv4            4840675      0t0      TCP aap25-control.aap-test.local:38538->aap25-database.aap-test.local:postgres (ESTABLISHED)
awx-manag   1686           awx   15u     IPv6              24454      0t0      TCP localhost:8015 (LISTEN)
awx-manag   1686           awx   35u     IPv4            4840599      0t0      TCP aap25-control.aap-test.local:38490->aap25-database.aap-test.local:postgres (ESTABLISHED)
awx-manag   1687           awx   15u     IPv6              24454      0t0      TCP localhost:8015 (LISTEN)
awx-manag   1687           awx   41u     IPv4            4840069      0t0      TCP aap25-control.aap-test.local:38528->aap25-database.aap-test.local:postgres (ESTABLISHED)
awx-manag   1689           awx   15u     IPv6              23442      0t0      TCP localhost:8014 (LISTEN)
awx-manag   1690           awx   15u     IPv6              23442      0t0      TCP localhost:8014 (LISTEN)
awx-manag   1691           awx   15u     IPv6              23442      0t0      TCP localhost:8014 (LISTEN)
awx-manag   1692           awx   15u     IPv6              23442      0t0      TCP localhost:8014 (LISTEN)
sshd      759920          root    4u     IPv4            4814652      0t0      TCP aap25-control.aap-test.local:ssh->192.168.1.49:33560 (ESTABLISHED)
sshd      759940          root    4u     IPv4            4814652      0t0      TCP aap25-control.aap-test.local:ssh->192.168.1.49:33560 (ESTABLISHED)

    PID    PPID CMD                           RSS    VSZ %CPU %MEM     ELAPSED
 760078       1 bash -c  log_file="/tmp/mem  3456   7320  0.0  0.0       04:10
Receptor Child Processes for PID 760078:
      PID    PPID CMD                           RSS    VSZ %CPU %MEM     ELAPSED
Receptor Threads for PID 760078:
    PID    SPID %CPU %MEM   RSS COMMAND
 760078  760078  0.0  0.0  3456 bash
Receptor Network Connections for PID 760078:
COMMAND      PID          USER   FD   TYPE  DEVICE SIZE/OFF     NODE NAME
receptor     748           awx   15u  IPv6   23673      0t0      TCP *:27199 (LISTEN)
receptor     748           awx   23u  IPv6   24302      0t0      TCP aap25-control.aap-test.local:27199->aap25-execution.aap-test.local:35552 (ESTABLISHED)
chronyd      759        chrony    5u  IPv4   22678      0t0      UDP localhost:323 
chronyd      759        chrony    6u  IPv6   22679      0t0      UDP localhost:323 
NetworkMa    764          root   26u  IPv4   26052      0t0      UDP aap25-control.aap-test.local:bootpc->pi.hole:bootps 
sshd         790          root    3u  IPv4   25862      0t0      TCP *:ssh (LISTEN)
sshd         790          root    4u  IPv6   25864      0t0      TCP *:ssh (LISTEN)
node_expo   1103 node_exporter    3u  IPv6   26086      0t0      TCP *:jetdirect (LISTEN)
node_expo   1103 node_exporter    7u  IPv6   26561      0t0      TCP aap25-control.aap-test.local:jetdirect->monitoring-node.aap-test.local:46350 (ESTABLISHED)
daphne      1156           awx   14u  IPv4   24392      0t0      TCP aap25-control.aap-test.local:58186->aap25-database.aap-test.local:postgres (ESTABLISHED)
nginx       1163          root    8u  IPv4   26119      0t0      TCP *:https (LISTEN)
nginx       1163          root    9u  IPv6   26120      0t0      TCP *:https (LISTEN)
nginx       1163          root   10u  IPv4   26121      0t0      TCP *:http (LISTEN)
nginx       1163          root   11u  IPv6   26122      0t0      TCP *:http (LISTEN)
nginx       1164         nginx    4u  IPv4 4730644      0t0      TCP aap25-control.aap-test.local:https->192.168.1.30:57628 (ESTABLISHED)
nginx       1164         nginx    8u  IPv4   26119      0t0      TCP *:https (LISTEN)
nginx       1164         nginx    9u  IPv6   26120      0t0      TCP *:https (LISTEN)
nginx       1164         nginx   10u  IPv4   26121      0t0      TCP *:http (LISTEN)
nginx       1164         nginx   11u  IPv6   26122      0t0      TCP *:http (LISTEN)
nginx       1165         nginx    4u  IPv4 4840077      0t0      TCP aap25-control.aap-test.local:https->192.168.1.30:48516 (ESTABLISHED)
nginx       1165         nginx    8u  IPv4   26119      0t0      TCP *:https (LISTEN)
nginx       1165         nginx    9u  IPv6   26120      0t0      TCP *:https (LISTEN)
nginx       1165         nginx   10u  IPv4   26121      0t0      TCP *:http (LISTEN)
nginx       1165         nginx   11u  IPv6   26122      0t0      TCP *:http (LISTEN)
nginx       1169         nginx    4u  IPv4 4744305      0t0      TCP aap25-control.aap-test.local:https->192.168.1.30:41934 (ESTABLISHED)
nginx       1169         nginx    8u  IPv4   26119      0t0      TCP *:https (LISTEN)
nginx       1169         nginx    9u  IPv6   26120      0t0      TCP *:https (LISTEN)
nginx       1169         nginx   10u  IPv4   26121      0t0      TCP *:http (LISTEN)
nginx       1169         nginx   11u  IPv6   26122      0t0      TCP *:http (LISTEN)
nginx       1170         nginx    8u  IPv4   26119      0t0      TCP *:https (LISTEN)
nginx       1170         nginx    9u  IPv6   26120      0t0      TCP *:https (LISTEN)
nginx       1170         nginx   10u  IPv4   26121      0t0      TCP *:http (LISTEN)
nginx       1170         nginx   11u  IPv6   26122      0t0      TCP *:http (LISTEN)
awx-manag   1639           awx   15u  IPv6   24454      0t0      TCP localhost:8015 (LISTEN)
awx-manag   1639           awx   39u  IPv4   24471      0t0      TCP aap25-control.aap-test.local:58302->aap25-database.aap-test.local:postgres (ESTABLISHED)
awx-manag   1639           awx   40u  IPv4   24474      0t0      TCP aap25-control.aap-test.local:58306->aap25-database.aap-test.local:postgres (ESTABLISHED)
awx-manag   1640           awx   15u  IPv6   23442      0t0      TCP localhost:8014 (LISTEN)
awx-manag   1641           awx    9u  IPv6   26650      0t0      TCP localhost:8016 (LISTEN)
awx-manag   1641           awx   18u  IPv4   26653      0t0      TCP aap25-control.aap-test.local:58288->aap25-database.aap-test.local:postgres (ESTABLISHED)
awx-manag   1642           awx    9u  IPv4   26493      0t0      TCP aap25-control.aap-test.local:58258->aap25-database.aap-test.local:postgres (ESTABLISHED)
awx-manag   1655           awx    9u  IPv4   26549      0t0      TCP aap25-control.aap-test.local:58310->aap25-database.aap-test.local:postgres (ESTABLISHED)
awx-manag   1684           awx   15u  IPv6   24454      0t0      TCP localhost:8015 (LISTEN)
awx-manag   1684           awx   24u  IPv4 4835287      0t0      TCP aap25-control.aap-test.local:37368->aap25-database.aap-test.local:postgres (ESTABLISHED)
awx-manag   1685           awx   15u  IPv6   24454      0t0      TCP localhost:8015 (LISTEN)
awx-manag   1685           awx   29u  IPv4 4840675      0t0      TCP aap25-control.aap-test.local:38538->aap25-database.aap-test.local:postgres (ESTABLISHED)
awx-manag   1686           awx   15u  IPv6   24454      0t0      TCP localhost:8015 (LISTEN)
awx-manag   1686           awx   35u  IPv4 4840599      0t0      TCP aap25-control.aap-test.local:38490->aap25-database.aap-test.local:postgres (ESTABLISHED)
awx-manag   1687           awx   15u  IPv6   24454      0t0      TCP localhost:8015 (LISTEN)
awx-manag   1687           awx   41u  IPv4 4840069      0t0      TCP aap25-control.aap-test.local:38528->aap25-database.aap-test.local:postgres (ESTABLISHED)
awx-manag   1689           awx   15u  IPv6   23442      0t0      TCP localhost:8014 (LISTEN)
awx-manag   1690           awx   15u  IPv6   23442      0t0      TCP localhost:8014 (LISTEN)
awx-manag   1691           awx   15u  IPv6   23442      0t0      TCP localhost:8014 (LISTEN)
awx-manag   1692           awx   15u  IPv6   23442      0t0      TCP localhost:8014 (LISTEN)
sshd      759920          root    4u  IPv4 4814652      0t0      TCP aap25-control.aap-test.local:ssh->192.168.1.49:33560 (ESTABLISHED)
sshd      759940          root    4u  IPv4 4814652      0t0      TCP aap25-control.aap-test.local:ssh->192.168.1.49:33560 (ESTABLISHED)
bash      760078          root  cwd    DIR   253,0     4096 33685638 /root
bash      760078          root  rtd    DIR   253,0      235      128 /
bash      760078          root  txt    REG   253,0  1389072 33755766 /usr/bin/bash
bash      760078          root  mem    REG   253,0  2586930   223716 /usr/lib/locale/en_US.utf8/LC_COLLATE
bash      760078          root  mem    REG   253,0  2544344 50590560 /usr/lib64/libc.so.6
bash      760078          root  mem    REG   253,0   346132 50590237 /usr/lib/locale/C.utf8/LC_CTYPE
bash      760078          root  mem    REG   253,0       54   223719 /usr/lib/locale/en_US.utf8/LC_NUMERIC
bash      760078          root  mem    REG   253,0     3284 17219141 /usr/lib/locale/en_US.utf8/LC_TIME
bash      760078          root  mem    REG   253,0      286 17219139 /usr/lib/locale/en_US.utf8/LC_MONETARY
bash      760078          root  mem    REG   253,0       57 17219152 /usr/lib/locale/en_US.utf8/LC_MESSAGES/SYS_LC_MESSAGES
bash      760078          root  mem    REG   253,0    26988 33841777 /usr/lib64/gconv/gconv-modules.cache
bash      760078          root  mem    REG   253,0   195080 50590221 /usr/lib64/libtinfo.so.6.2
bash      760078          root  mem    REG   253,0       34 50590538 /usr/lib/locale/en_US.utf8/LC_PAPER
bash      760078          root  mem    REG   253,0       77   223718 /usr/lib/locale/en_US.utf8/LC_NAME
bash      760078          root  mem    REG   253,0      167 17219135 /usr/lib/locale/en_US.utf8/LC_ADDRESS
bash      760078          root  mem    REG   253,0       59 17219140 /usr/lib/locale/en_US.utf8/LC_TELEPHONE
bash      760078          root  mem    REG   253,0       23 17219138 /usr/lib/locale/en_US.utf8/LC_MEASUREMENT
bash      760078          root  mem    REG   253,0      369 17219137 /usr/lib/locale/en_US.utf8/LC_IDENTIFICATION
bash      760078          root  mem    REG   253,0   897856 50590556 /usr/lib64/ld-linux-x86-64.so.2
bash      760078          root    0r   CHR     1,3      0t0        4 /dev/null
bash      760078          root    1w   REG   253,0        0 18572042 /tmp/memory_monitor.log
bash      760078          root    2w   REG   253,0        0 18572042 /tmp/memory_monitor.log
bash      760078          root    3r  FIFO    0,13      0t0  4840832 pipe

    PID    PPID CMD                           RSS    VSZ %CPU %MEM     ELAPSED
Receptor Child Processes for PID 767182:
  No child processes found
Receptor Threads for PID 767182:
    PID    SPID %CPU %MEM   RSS COMMAND
Receptor Network Connections for PID 767182:
COMMAND      PID          USER   FD   TYPE  DEVICE SIZE/OFF NODE NAME
receptor     748           awx   15u  IPv6   23673      0t0  TCP *:27199 (LISTEN)
receptor     748           awx   23u  IPv6   24302      0t0  TCP aap25-control.aap-test.local:27199->aap25-execution.aap-test.local:35552 (ESTABLISHED)
chronyd      759        chrony    5u  IPv4   22678      0t0  UDP localhost:323 
chronyd      759        chrony    6u  IPv6   22679      0t0  UDP localhost:323 
NetworkMa    764          root   26u  IPv4   26052      0t0  UDP aap25-control.aap-test.local:bootpc->pi.hole:bootps 
sshd         790          root    3u  IPv4   25862      0t0  TCP *:ssh (LISTEN)
sshd         790          root    4u  IPv6   25864      0t0  TCP *:ssh (LISTEN)
node_expo   1103 node_exporter    3u  IPv6   26086      0t0  TCP *:jetdirect (LISTEN)
node_expo   1103 node_exporter    7u  IPv6   26561      0t0  TCP aap25-control.aap-test.local:jetdirect->monitoring-node.aap-test.local:46350 (ESTABLISHED)
daphne      1156           awx   14u  IPv4   24392      0t0  TCP aap25-control.aap-test.local:58186->aap25-database.aap-test.local:postgres (ESTABLISHED)
nginx       1163          root    8u  IPv4   26119      0t0  TCP *:https (LISTEN)
nginx       1163          root    9u  IPv6   26120      0t0  TCP *:https (LISTEN)
nginx       1163          root   10u  IPv4   26121      0t0  TCP *:http (LISTEN)
nginx       1163          root   11u  IPv6   26122      0t0  TCP *:http (LISTEN)
nginx       1164         nginx    4u  IPv4 4730644      0t0  TCP aap25-control.aap-test.local:https->192.168.1.30:57628 (ESTABLISHED)
nginx       1164         nginx    8u  IPv4   26119      0t0  TCP *:https (LISTEN)
nginx       1164         nginx    9u  IPv6   26120      0t0  TCP *:https (LISTEN)
nginx       1164         nginx   10u  IPv4   26121      0t0  TCP *:http (LISTEN)
nginx       1164         nginx   11u  IPv6   26122      0t0  TCP *:http (LISTEN)
nginx       1165         nginx    4u  IPv4 4840077      0t0  TCP aap25-control.aap-test.local:https->192.168.1.30:48516 (ESTABLISHED)
nginx       1165         nginx    8u  IPv4   26119      0t0  TCP *:https (LISTEN)
nginx       1165         nginx    9u  IPv6   26120      0t0  TCP *:https (LISTEN)
nginx       1165         nginx   10u  IPv4   26121      0t0  TCP *:http (LISTEN)
nginx       1165         nginx   11u  IPv6   26122      0t0  TCP *:http (LISTEN)
nginx       1169         nginx    4u  IPv4 4744305      0t0  TCP aap25-control.aap-test.local:https->192.168.1.30:41934 (ESTABLISHED)
nginx       1169         nginx    8u  IPv4   26119      0t0  TCP *:https (LISTEN)
nginx       1169         nginx    9u  IPv6   26120      0t0  TCP *:https (LISTEN)
nginx       1169         nginx   10u  IPv4   26121      0t0  TCP *:http (LISTEN)
nginx       1169         nginx   11u  IPv6   26122      0t0  TCP *:http (LISTEN)
nginx       1170         nginx    8u  IPv4   26119      0t0  TCP *:https (LISTEN)
nginx       1170         nginx    9u  IPv6   26120      0t0  TCP *:https (LISTEN)
nginx       1170         nginx   10u  IPv4   26121      0t0  TCP *:http (LISTEN)
nginx       1170         nginx   11u  IPv6   26122      0t0  TCP *:http (LISTEN)
awx-manag   1639           awx   15u  IPv6   24454      0t0  TCP localhost:8015 (LISTEN)
awx-manag   1639           awx   39u  IPv4   24471      0t0  TCP aap25-control.aap-test.local:58302->aap25-database.aap-test.local:postgres (ESTABLISHED)
awx-manag   1639           awx   40u  IPv4   24474      0t0  TCP aap25-control.aap-test.local:58306->aap25-database.aap-test.local:postgres (ESTABLISHED)
awx-manag   1640           awx   15u  IPv6   23442      0t0  TCP localhost:8014 (LISTEN)
awx-manag   1641           awx    9u  IPv6   26650      0t0  TCP localhost:8016 (LISTEN)
awx-manag   1641           awx   18u  IPv4   26653      0t0  TCP aap25-control.aap-test.local:58288->aap25-database.aap-test.local:postgres (ESTABLISHED)
awx-manag   1642           awx    9u  IPv4   26493      0t0  TCP aap25-control.aap-test.local:58258->aap25-database.aap-test.local:postgres (ESTABLISHED)
awx-manag   1655           awx    9u  IPv4   26549      0t0  TCP aap25-control.aap-test.local:58310->aap25-database.aap-test.local:postgres (ESTABLISHED)
awx-manag   1684           awx   15u  IPv6   24454      0t0  TCP localhost:8015 (LISTEN)
awx-manag   1684           awx   24u  IPv4 4835287      0t0  TCP aap25-control.aap-test.local:37368->aap25-database.aap-test.local:postgres (ESTABLISHED)
awx-manag   1685           awx   15u  IPv6   24454      0t0  TCP localhost:8015 (LISTEN)
awx-manag   1685           awx   29u  IPv4 4840675      0t0  TCP aap25-control.aap-test.local:38538->aap25-database.aap-test.local:postgres (ESTABLISHED)
awx-manag   1686           awx   15u  IPv6   24454      0t0  TCP localhost:8015 (LISTEN)
awx-manag   1686           awx   35u  IPv4 4840599      0t0  TCP aap25-control.aap-test.local:38490->aap25-database.aap-test.local:postgres (ESTABLISHED)
awx-manag   1687           awx   15u  IPv6   24454      0t0  TCP localhost:8015 (LISTEN)
awx-manag   1687           awx   41u  IPv4 4840069      0t0  TCP aap25-control.aap-test.local:38528->aap25-database.aap-test.local:postgres (ESTABLISHED)
awx-manag   1689           awx   15u  IPv6   23442      0t0  TCP localhost:8014 (LISTEN)
awx-manag   1690           awx   15u  IPv6   23442      0t0  TCP localhost:8014 (LISTEN)
awx-manag   1691           awx   15u  IPv6   23442      0t0  TCP localhost:8014 (LISTEN)
awx-manag   1692           awx   15u  IPv6   23442      0t0  TCP localhost:8014 (LISTEN)
sshd      759920          root    4u  IPv4 4814652      0t0  TCP aap25-control.aap-test.local:ssh->192.168.1.49:33560 (ESTABLISHED)
sshd      759940          root    4u  IPv4 4814652      0t0  TCP aap25-control.aap-test.local:ssh->192.168.1.49:33560 (ESTABLISHED)
  No network connections found

=== RECEPTOR MEMORY SUMMARY ===
Total Receptor RSS Memory: 62980 KB (61 MB)
Total Receptor VSZ Memory: 1797348 KB (1755 MB)
Number of Receptor Processes: 3

AAP-related Processes and Children:
=== AAP Service Processes ===
Process: receptor (PID: 748)
    PID    PPID CMD                           RSS
    748       1 /usr/bin/receptor -c /etc/r 59524

Process: redis-server (PID: 1105)
    PID    PPID CMD                           RSS
   1105       1 /usr/bin/redis-server unixs 13556

Process: uwsgi (PID: 1140)
    PID    PPID CMD                           RSS
   1140     774 /var/lib/awx/venv/awx/bin/u 144764
  Children of PID 1140:
    PID    PPID CMD                           RSS
 759750    1140 /var/lib/awx/venv/awx/bin/u 139108
    PID    PPID CMD                           RSS
 759751    1140 /var/lib/awx/venv/awx/bin/u 146020
    PID    PPID CMD                           RSS
 759752    1140 /var/lib/awx/venv/awx/bin/u 138852
    PID    PPID CMD                           RSS
 759753    1140 /var/lib/awx/venv/awx/bin/u 139748

Process: nginx (PID: 1163)
    PID    PPID CMD                           RSS
   1163       1 nginx: master process /usr/  2504
  Children of PID 1163:
    PID    PPID CMD                           RSS
   1164    1163 nginx: worker process        8136
    PID    PPID CMD                           RSS
   1165    1163 nginx: worker process        8392
    PID    PPID CMD                           RSS
   1169    1163 nginx: worker process        8264
    PID    PPID CMD                           RSS
   1170    1163 nginx: worker process        8136

Process: nginx (PID: 1164)
    PID    PPID CMD                           RSS
   1164    1163 nginx: worker process        8136

Process: nginx (PID: 1165)
    PID    PPID CMD                           RSS
   1165    1163 nginx: worker process        8392

Process: nginx (PID: 1169)
    PID    PPID CMD                           RSS
   1169    1163 nginx: worker process        8264

Process: nginx (PID: 1170)
    PID    PPID CMD                           RSS
   1170    1163 nginx: worker process        8136

Process: uwsgi (PID: 759750)
    PID    PPID CMD                           RSS
 759750    1140 /var/lib/awx/venv/awx/bin/u 139108

Process: uwsgi (PID: 759751)
    PID    PPID CMD                           RSS
 759751    1140 /var/lib/awx/venv/awx/bin/u 146020

Process: uwsgi (PID: 759752)
    PID    PPID CMD                           RSS
 759752    1140 /var/lib/awx/venv/awx/bin/u 138852

Process: uwsgi (PID: 759753)
    PID    PPID CMD                           RSS
 759753    1140 /var/lib/awx/venv/awx/bin/u 139748

Process: bash (PID: 760078)
    PID    PPID CMD                           RSS
 760078       1 bash -c  log_file="/tmp/mem  3456
  Children of PID 760078:
    PID    PPID CMD                           RSS
 767282  760078 bash -c  log_file="/tmp/mem  2132

Process: bash (PID: 767282)
    PID    PPID CMD                           RSS
 767282  760078 bash -c  log_file="/tmp/mem  2132
  Children of PID 767282:
    PID    PPID CMD                           RSS


Process Tree for AAP Services:
=== automation-controller Process Tree ===
bash(760078)---pstree(767337)
=== receptor Process Tree ===
receptor(748)-+-{receptor}(752)
              |-{receptor}(753)
              |-{receptor}(754)
              |-{receptor}(755)
              |-{receptor}(756)
              |-{receptor}(762)
              `-{receptor}(3478)
bash(760078)---pstree(767342)
=== nginx Process Tree ===
nginx(1163)-+-nginx(1164)
            |-nginx(1165)
            |-nginx(1169)
            `-nginx(1170)
nginx(1164)
nginx(1165)
nginx(1169)
nginx(1170)
bash(760078)---pstree(767351)
=== postgresql Process Tree ===
bash(760078)---pstree(767355)
=== redis Process Tree ===
redis-server(1105)-+-{redis-server}(1131)
                   |-{redis-server}(1132)
                   |-{redis-server}(1133)
                   `-{redis-server}(1135)
bash(760078)---pstree(767360)
=== uwsgi Process Tree ===
uwsgi(1140)-+-uwsgi(759750)
            |-uwsgi(759751)
            |-uwsgi(759752)
            `-uwsgi(759753)
uwsgi(759750)
uwsgi(759751)
uwsgi(759752)
uwsgi(759753)
bash(760078)---pstree(767369)
=== automation-hub Process Tree ===
bash(760078)---pstree(767373)
=== automation-eda Process Tree ===
bash(760078)---pstree(767377)

=================================================================================
2025-07-07 09:10:45
Memory Usage Report:
               total        used        free      shared  buff/cache   available
Mem:            7681        2585        4109          48        1326        5095
Swap:           3071           0        3071

Top 10 Processes by RSS Memory:
    PID    PPID CMD                           RSS
   1639     774 /var/lib/awx/venv/awx/bin/p 174964
   1655     774 /var/lib/awx/venv/awx/bin/p 167664
   1640     774 /var/lib/awx/venv/awx/bin/p 167644
   1686    1639 /var/lib/awx/venv/awx/bin/p 167020
   1687    1639 /var/lib/awx/venv/awx/bin/p 166896
   1685    1639 /var/lib/awx/venv/awx/bin/p 166816
   1684    1639 /var/lib/awx/venv/awx/bin/p 166500
   1156     774 /var/lib/awx/venv/awx/bin/p 156132
   1690    1640 /var/lib/awx/venv/awx/bin/p 155632
   1689    1640 /var/lib/awx/venv/awx/bin/p 155624

=== RECEPTOR PROCESS ANALYSIS ===
Receptor Main Processes:
    PID    PPID CMD                           RSS    VSZ %CPU %MEM     ELAPSED
    748       1 /usr/bin/receptor -c /etc/r 57860 1790028 0.0  0.7  3-19:07:42
Receptor Child Processes for PID 748:
  No child processes found
Receptor Threads for PID 748:
    PID    SPID %CPU %MEM   RSS COMMAND
    748     748  0.0  0.7 57860 receptor
    748     752  0.0  0.7 57860 receptor
    748     753  0.0  0.7 57860 receptor
    748     754  0.0  0.7 57860 receptor
    748     755  0.0  0.7 57860 receptor
    748     756  0.0  0.7 57860 receptor
    748     762  0.0  0.7 57860 receptor
    748    3478  0.0  0.7 57860 receptor
Receptor Network Connections for PID 748:
COMMAND      PID          USER   FD      TYPE             DEVICE SIZE/OFF     NODE NAME
receptor     748           awx  cwd       DIR              253,0      235      128 /
receptor     748           awx  rtd       DIR              253,0      235      128 /
receptor     748           awx  txt       REG              253,0 55920336 33952409 /usr/bin/receptor
receptor     748           awx  mem       REG              253,0  5436640 50591543 /usr/lib64/libcrypto.so.3.2.2
receptor     748           awx  mem       REG              253,0  2544344 50590560 /usr/lib64/libc.so.6
receptor     748           awx  mem       REG              253,0   102552 50590580 /usr/lib64/libz.so.1.2.11
receptor     748           awx  mem       REG              253,0    70520 50590571 /usr/lib64/libresolv.so.2
receptor     748           awx  mem       REG              253,0   897856 50590556 /usr/lib64/ld-linux-x86-64.so.2
receptor     748           awx    0r      CHR                1,3      0t0        4 /dev/null
receptor     748           awx    1w      REG              253,0     4290 17534110 /var/log/receptor/receptor.log
receptor     748           awx    2w      REG              253,0     4290 17534110 /var/log/receptor/receptor.log
receptor     748           awx    3r  a_inode               0,14        0       59 inotify
receptor     748           awx    4u  a_inode               0,14        0       59 [eventpoll:5,7,9,12,14,17,18,19,20,21,22,24,28,30,31,32,33,36,37,40,41,42,43,44,45,47,50,51,52,53,55,64...]
receptor     748           awx    5r     FIFO               0,13      0t0    23656 pipe
receptor     748           awx    6w     FIFO               0,13      0t0    23656 pipe
receptor     748           awx    7r  a_inode               0,14        0       59 inotify
receptor     748           awx    8r  a_inode               0,14        0       59 inotify
receptor     748           awx    9r  a_inode               0,14        0       59 inotify
receptor     748           awx   10r  a_inode               0,14        0       59 inotify
receptor     748           awx   11r  a_inode               0,14        0       59 inotify
receptor     748           awx   12r  a_inode               0,14        0       59 inotify
receptor     748           awx   13rW     REG               0,24        0      958 /run/awx-receptor/receptor.sock.lock
receptor     748           awx   14u     unix 0xffff9e4b07ccf300      0t0    22691 /var/run/awx-receptor/receptor.sock type=STREAM (LISTEN)
receptor     748           awx   15u     IPv6              23673      0t0      TCP *:27199 (LISTEN)
receptor     748           awx   16r  a_inode               0,14        0       59 inotify
receptor     748           awx   17r  a_inode               0,14        0       59 inotify
receptor     748           awx   18r  a_inode               0,14        0       59 inotify
receptor     748           awx   19r  a_inode               0,14        0       59 inotify
receptor     748           awx   20r  a_inode               0,14        0       59 inotify
receptor     748           awx   21r  a_inode               0,14        0       59 inotify
receptor     748           awx   22r  a_inode               0,14        0       59 inotify
receptor     748           awx   23u     IPv6              24302      0t0      TCP aap25-control.aap-test.local:27199->aap25-execution.aap-test.local:35552 (ESTABLISHED)
receptor     748           awx   24u     unix 0xffff9e4b0d16ee00      0t0  4841561 /var/run/awx-receptor/receptor.sock type=STREAM (CONNECTED)
receptor     748           awx   25r  a_inode               0,14        0       59 inotify
receptor     748           awx   26r  a_inode               0,14        0       59 inotify
receptor     748           awx   27r  a_inode               0,14        0       59 inotify
receptor     748           awx   28r  a_inode               0,14        0       59 inotify
receptor     748           awx   29r  a_inode               0,14        0       59 inotify
receptor     748           awx   30r  a_inode               0,14        0       59 inotify
receptor     748           awx   31r  a_inode               0,14        0       59 inotify
receptor     748           awx   32r  a_inode               0,14        0       59 inotify
receptor     748           awx   33r  a_inode               0,14        0       59 inotify
receptor     748           awx   34r  a_inode               0,14        0       59 inotify
receptor     748           awx   35r  a_inode               0,14        0       59 inotify
receptor     748           awx   36r  a_inode               0,14        0       59 inotify
receptor     748           awx   37r  a_inode               0,14        0       59 inotify
receptor     748           awx   38r  a_inode               0,14        0       59 inotify
receptor     748           awx   39r  a_inode               0,14        0       59 inotify
receptor     748           awx   40r  a_inode               0,14        0       59 inotify
receptor     748           awx   41r  a_inode               0,14        0       59 inotify
receptor     748           awx   42r  a_inode               0,14        0       59 inotify
receptor     748           awx   43r  a_inode               0,14        0       59 inotify
receptor     748           awx   44r  a_inode               0,14        0       59 inotify
receptor     748           awx   45r  a_inode               0,14        0       59 inotify
receptor     748           awx   46r  a_inode               0,14        0       59 inotify
receptor     748           awx   47r  a_inode               0,14        0       59 inotify
receptor     748           awx   48r  a_inode               0,14        0       59 inotify
receptor     748           awx   49r  a_inode               0,14        0       59 inotify
receptor     748           awx   50r  a_inode               0,14        0       59 inotify
receptor     748           awx   51r  a_inode               0,14        0       59 inotify
receptor     748           awx   52r  a_inode               0,14        0       59 inotify
receptor     748           awx   53r  a_inode               0,14        0       59 inotify
receptor     748           awx   54r  a_inode               0,14        0       59 inotify
receptor     748           awx   55r  a_inode               0,14        0       59 inotify
receptor     748           awx   56r  a_inode               0,14        0       59 inotify
receptor     748           awx   57r  a_inode               0,14        0       59 inotify
receptor     748           awx   58r  a_inode               0,14        0       59 inotify
receptor     748           awx   59r  a_inode               0,14        0       59 inotify
receptor     748           awx   60r  a_inode               0,14        0       59 inotify
receptor     748           awx   61r  a_inode               0,14        0       59 inotify
receptor     748           awx   62r  a_inode               0,14        0       59 inotify
receptor     748           awx   64r  a_inode               0,14        0       59 inotify
receptor     748           awx   65r      REG              253,0    38066 35807786 /tmp/receptor/192.168.1.233/IbfuJOwz/stdout
receptor     748           awx   68w      REG              253,0    38066 35807786 /tmp/receptor/192.168.1.233/IbfuJOwz/stdout
chronyd      759        chrony    5u     IPv4              22678      0t0      UDP localhost:323 
chronyd      759        chrony    6u     IPv6              22679      0t0      UDP localhost:323 
NetworkMa    764          root   26u     IPv4              26052      0t0      UDP aap25-control.aap-test.local:bootpc->pi.hole:bootps 
sshd         790          root    3u     IPv4              25862      0t0      TCP *:ssh (LISTEN)
sshd         790          root    4u     IPv6              25864      0t0      TCP *:ssh (LISTEN)
node_expo   1103 node_exporter    3u     IPv6              26086      0t0      TCP *:jetdirect (LISTEN)
node_expo   1103 node_exporter    7u     IPv6              26561      0t0      TCP aap25-control.aap-test.local:jetdirect->monitoring-node.aap-test.local:46350 (ESTABLISHED)
daphne      1156           awx   14u     IPv4              24392      0t0      TCP aap25-control.aap-test.local:58186->aap25-database.aap-test.local:postgres (ESTABLISHED)
nginx       1163          root    8u     IPv4              26119      0t0      TCP *:https (LISTEN)
nginx       1163          root    9u     IPv6              26120      0t0      TCP *:https (LISTEN)
nginx       1163          root   10u     IPv4              26121      0t0      TCP *:http (LISTEN)
nginx       1163          root   11u     IPv6              26122      0t0      TCP *:http (LISTEN)
nginx       1164         nginx    4u     IPv4            4730644      0t0      TCP aap25-control.aap-test.local:https->192.168.1.30:57628 (ESTABLISHED)
nginx       1164         nginx    8u     IPv4              26119      0t0      TCP *:https (LISTEN)
nginx       1164         nginx    9u     IPv6              26120      0t0      TCP *:https (LISTEN)
nginx       1164         nginx   10u     IPv4              26121      0t0      TCP *:http (LISTEN)
nginx       1164         nginx   11u     IPv6              26122      0t0      TCP *:http (LISTEN)
nginx       1165         nginx    4u     IPv4            4840077      0t0      TCP aap25-control.aap-test.local:https->192.168.1.30:48516 (ESTABLISHED)
nginx       1165         nginx    8u     IPv4              26119      0t0      TCP *:https (LISTEN)
nginx       1165         nginx    9u     IPv6              26120      0t0      TCP *:https (LISTEN)
nginx       1165         nginx   10u     IPv4              26121      0t0      TCP *:http (LISTEN)
nginx       1165         nginx   11u     IPv6              26122      0t0      TCP *:http (LISTEN)
nginx       1169         nginx    4u     IPv4            4744305      0t0      TCP aap25-control.aap-test.local:https->192.168.1.30:41934 (ESTABLISHED)
nginx       1169         nginx    8u     IPv4              26119      0t0      TCP *:https (LISTEN)
nginx       1169         nginx    9u     IPv6              26120      0t0      TCP *:https (LISTEN)
nginx       1169         nginx   10u     IPv4              26121      0t0      TCP *:http (LISTEN)
nginx       1169         nginx   11u     IPv6              26122      0t0      TCP *:http (LISTEN)
nginx       1170         nginx    8u     IPv4              26119      0t0      TCP *:https (LISTEN)
nginx       1170         nginx    9u     IPv6              26120      0t0      TCP *:https (LISTEN)
nginx       1170         nginx   10u     IPv4              26121      0t0      TCP *:http (LISTEN)
nginx       1170         nginx   11u     IPv6              26122      0t0      TCP *:http (LISTEN)
awx-manag   1639           awx   15u     IPv6              24454      0t0      TCP localhost:8015 (LISTEN)
awx-manag   1639           awx   39u     IPv4              24471      0t0      TCP aap25-control.aap-test.local:58302->aap25-database.aap-test.local:postgres (ESTABLISHED)
awx-manag   1639           awx   40u     IPv4              24474      0t0      TCP aap25-control.aap-test.local:58306->aap25-database.aap-test.local:postgres (ESTABLISHED)
awx-manag   1640           awx   15u     IPv6              23442      0t0      TCP localhost:8014 (LISTEN)
awx-manag   1641           awx    9u     IPv6              26650      0t0      TCP localhost:8016 (LISTEN)
awx-manag   1641           awx   18u     IPv4              26653      0t0      TCP aap25-control.aap-test.local:58288->aap25-database.aap-test.local:postgres (ESTABLISHED)
awx-manag   1642           awx    9u     IPv4              26493      0t0      TCP aap25-control.aap-test.local:58258->aap25-database.aap-test.local:postgres (ESTABLISHED)
awx-manag   1655           awx    9u     IPv4              26549      0t0      TCP aap25-control.aap-test.local:58310->aap25-database.aap-test.local:postgres (ESTABLISHED)
awx-manag   1684           awx   15u     IPv6              24454      0t0      TCP localhost:8015 (LISTEN)
awx-manag   1684           awx   24u     IPv4            4841790      0t0      TCP aap25-control.aap-test.local:56076->aap25-database.aap-test.local:postgres (ESTABLISHED)
awx-manag   1685           awx   15u     IPv6              24454      0t0      TCP localhost:8015 (LISTEN)
awx-manag   1685           awx   29u     IPv4            4843604      0t0      TCP aap25-control.aap-test.local:39610->aap25-database.aap-test.local:postgres (ESTABLISHED)
awx-manag   1686           awx   15u     IPv6              24454      0t0      TCP localhost:8015 (LISTEN)
awx-manag   1687           awx   15u     IPv6              24454      0t0      TCP localhost:8015 (LISTEN)
awx-manag   1689           awx   15u     IPv6              23442      0t0      TCP localhost:8014 (LISTEN)
awx-manag   1690           awx   15u     IPv6              23442      0t0      TCP localhost:8014 (LISTEN)
awx-manag   1691           awx   15u     IPv6              23442      0t0      TCP localhost:8014 (LISTEN)
awx-manag   1692           awx   15u     IPv6              23442      0t0      TCP localhost:8014 (LISTEN)
sshd      759920          root    4u     IPv4            4814652      0t0      TCP aap25-control.aap-test.local:ssh->192.168.1.49:33560 (ESTABLISHED)
sshd      759940          root    4u     IPv4            4814652      0t0      TCP aap25-control.aap-test.local:ssh->192.168.1.49:33560 (ESTABLISHED)

    PID    PPID CMD                           RSS    VSZ %CPU %MEM     ELAPSED
 760078       1 bash -c  log_file="/tmp/mem  3456   7320  0.0  0.0       04:41
Receptor Child Processes for PID 760078:
      PID    PPID CMD                           RSS    VSZ %CPU %MEM     ELAPSED
Receptor Threads for PID 760078:
    PID    SPID %CPU %MEM   RSS COMMAND
 760078  760078  0.0  0.0  3456 bash
Receptor Network Connections for PID 760078:
COMMAND      PID          USER   FD   TYPE  DEVICE SIZE/OFF     NODE NAME
receptor     748           awx   15u  IPv6   23673      0t0      TCP *:27199 (LISTEN)
receptor     748           awx   23u  IPv6   24302      0t0      TCP aap25-control.aap-test.local:27199->aap25-execution.aap-test.local:35552 (ESTABLISHED)
chronyd      759        chrony    5u  IPv4   22678      0t0      UDP localhost:323 
chronyd      759        chrony    6u  IPv6   22679      0t0      UDP localhost:323 
NetworkMa    764          root   26u  IPv4   26052      0t0      UDP aap25-control.aap-test.local:bootpc->pi.hole:bootps 
sshd         790          root    3u  IPv4   25862      0t0      TCP *:ssh (LISTEN)
sshd         790          root    4u  IPv6   25864      0t0      TCP *:ssh (LISTEN)
node_expo   1103 node_exporter    3u  IPv6   26086      0t0      TCP *:jetdirect (LISTEN)
node_expo   1103 node_exporter    7u  IPv6   26561      0t0      TCP aap25-control.aap-test.local:jetdirect->monitoring-node.aap-test.local:46350 (ESTABLISHED)
daphne      1156           awx   14u  IPv4   24392      0t0      TCP aap25-control.aap-test.local:58186->aap25-database.aap-test.local:postgres (ESTABLISHED)
nginx       1163          root    8u  IPv4   26119      0t0      TCP *:https (LISTEN)
nginx       1163          root    9u  IPv6   26120      0t0      TCP *:https (LISTEN)
nginx       1163          root   10u  IPv4   26121      0t0      TCP *:http (LISTEN)
nginx       1163          root   11u  IPv6   26122      0t0      TCP *:http (LISTEN)
nginx       1164         nginx    4u  IPv4 4730644      0t0      TCP aap25-control.aap-test.local:https->192.168.1.30:57628 (ESTABLISHED)
nginx       1164         nginx    8u  IPv4   26119      0t0      TCP *:https (LISTEN)
nginx       1164         nginx    9u  IPv6   26120      0t0      TCP *:https (LISTEN)
nginx       1164         nginx   10u  IPv4   26121      0t0      TCP *:http (LISTEN)
nginx       1164         nginx   11u  IPv6   26122      0t0      TCP *:http (LISTEN)
nginx       1165         nginx    4u  IPv4 4840077      0t0      TCP aap25-control.aap-test.local:https->192.168.1.30:48516 (ESTABLISHED)
nginx       1165         nginx    8u  IPv4   26119      0t0      TCP *:https (LISTEN)
nginx       1165         nginx    9u  IPv6   26120      0t0      TCP *:https (LISTEN)
nginx       1165         nginx   10u  IPv4   26121      0t0      TCP *:http (LISTEN)
nginx       1165         nginx   11u  IPv6   26122      0t0      TCP *:http (LISTEN)
nginx       1169         nginx    4u  IPv4 4744305      0t0      TCP aap25-control.aap-test.local:https->192.168.1.30:41934 (ESTABLISHED)
nginx       1169         nginx    8u  IPv4   26119      0t0      TCP *:https (LISTEN)
nginx       1169         nginx    9u  IPv6   26120      0t0      TCP *:https (LISTEN)
nginx       1169         nginx   10u  IPv4   26121      0t0      TCP *:http (LISTEN)
nginx       1169         nginx   11u  IPv6   26122      0t0      TCP *:http (LISTEN)
nginx       1170         nginx    8u  IPv4   26119      0t0      TCP *:https (LISTEN)
nginx       1170         nginx    9u  IPv6   26120      0t0      TCP *:https (LISTEN)
nginx       1170         nginx   10u  IPv4   26121      0t0      TCP *:http (LISTEN)
nginx       1170         nginx   11u  IPv6   26122      0t0      TCP *:http (LISTEN)
awx-manag   1639           awx   15u  IPv6   24454      0t0      TCP localhost:8015 (LISTEN)
awx-manag   1639           awx   39u  IPv4   24471      0t0      TCP aap25-control.aap-test.local:58302->aap25-database.aap-test.local:postgres (ESTABLISHED)
awx-manag   1639           awx   40u  IPv4   24474      0t0      TCP aap25-control.aap-test.local:58306->aap25-database.aap-test.local:postgres (ESTABLISHED)
awx-manag   1640           awx   15u  IPv6   23442      0t0      TCP localhost:8014 (LISTEN)
awx-manag   1641           awx    9u  IPv6   26650      0t0      TCP localhost:8016 (LISTEN)
awx-manag   1641           awx   18u  IPv4   26653      0t0      TCP aap25-control.aap-test.local:58288->aap25-database.aap-test.local:postgres (ESTABLISHED)
awx-manag   1642           awx    9u  IPv4   26493      0t0      TCP aap25-control.aap-test.local:58258->aap25-database.aap-test.local:postgres (ESTABLISHED)
awx-manag   1655           awx    9u  IPv4   26549      0t0      TCP aap25-control.aap-test.local:58310->aap25-database.aap-test.local:postgres (ESTABLISHED)
awx-manag   1684           awx   15u  IPv6   24454      0t0      TCP localhost:8015 (LISTEN)
awx-manag   1684           awx   24u  IPv4 4841790      0t0      TCP aap25-control.aap-test.local:56076->aap25-database.aap-test.local:postgres (ESTABLISHED)
awx-manag   1685           awx   15u  IPv6   24454      0t0      TCP localhost:8015 (LISTEN)
awx-manag   1685           awx   29u  IPv4 4843604      0t0      TCP aap25-control.aap-test.local:39610->aap25-database.aap-test.local:postgres (ESTABLISHED)
awx-manag   1686           awx   15u  IPv6   24454      0t0      TCP localhost:8015 (LISTEN)
awx-manag   1687           awx   15u  IPv6   24454      0t0      TCP localhost:8015 (LISTEN)
awx-manag   1689           awx   15u  IPv6   23442      0t0      TCP localhost:8014 (LISTEN)
awx-manag   1690           awx   15u  IPv6   23442      0t0      TCP localhost:8014 (LISTEN)
awx-manag   1691           awx   15u  IPv6   23442      0t0      TCP localhost:8014 (LISTEN)
awx-manag   1692           awx   15u  IPv6   23442      0t0      TCP localhost:8014 (LISTEN)
sshd      759920          root    4u  IPv4 4814652      0t0      TCP aap25-control.aap-test.local:ssh->192.168.1.49:33560 (ESTABLISHED)
sshd      759940          root    4u  IPv4 4814652      0t0      TCP aap25-control.aap-test.local:ssh->192.168.1.49:33560 (ESTABLISHED)
bash      760078          root  cwd    DIR   253,0     4096 33685638 /root
bash      760078          root  rtd    DIR   253,0      235      128 /
bash      760078          root  txt    REG   253,0  1389072 33755766 /usr/bin/bash
bash      760078          root  mem    REG   253,0  2586930   223716 /usr/lib/locale/en_US.utf8/LC_COLLATE
bash      760078          root  mem    REG   253,0  2544344 50590560 /usr/lib64/libc.so.6
bash      760078          root  mem    REG   253,0   346132 50590237 /usr/lib/locale/C.utf8/LC_CTYPE
bash      760078          root  mem    REG   253,0       54   223719 /usr/lib/locale/en_US.utf8/LC_NUMERIC
bash      760078          root  mem    REG   253,0     3284 17219141 /usr/lib/locale/en_US.utf8/LC_TIME
bash      760078          root  mem    REG   253,0      286 17219139 /usr/lib/locale/en_US.utf8/LC_MONETARY
bash      760078          root  mem    REG   253,0       57 17219152 /usr/lib/locale/en_US.utf8/LC_MESSAGES/SYS_LC_MESSAGES
bash      760078          root  mem    REG   253,0    26988 33841777 /usr/lib64/gconv/gconv-modules.cache
bash      760078          root  mem    REG   253,0   195080 50590221 /usr/lib64/libtinfo.so.6.2
bash      760078          root  mem    REG   253,0       34 50590538 /usr/lib/locale/en_US.utf8/LC_PAPER
bash      760078          root  mem    REG   253,0       77   223718 /usr/lib/locale/en_US.utf8/LC_NAME
bash      760078          root  mem    REG   253,0      167 17219135 /usr/lib/locale/en_US.utf8/LC_ADDRESS
bash      760078          root  mem    REG   253,0       59 17219140 /usr/lib/locale/en_US.utf8/LC_TELEPHONE
bash      760078          root  mem    REG   253,0       23 17219138 /usr/lib/locale/en_US.utf8/LC_MEASUREMENT
bash      760078          root  mem    REG   253,0      369 17219137 /usr/lib/locale/en_US.utf8/LC_IDENTIFICATION
bash      760078          root  mem    REG   253,0   897856 50590556 /usr/lib64/ld-linux-x86-64.so.2
bash      760078          root    0r   CHR     1,3      0t0        4 /dev/null
bash      760078          root    1w   REG   253,0        0 18572042 /tmp/memory_monitor.log
bash      760078          root    2w   REG   253,0        0 18572042 /tmp/memory_monitor.log
bash      760078          root    3r  FIFO    0,13      0t0  4844691 pipe

    PID    PPID CMD                           RSS    VSZ %CPU %MEM     ELAPSED
Receptor Child Processes for PID 767874:
  No child processes found
Receptor Threads for PID 767874:
    PID    SPID %CPU %MEM   RSS COMMAND
Receptor Network Connections for PID 767874:
COMMAND      PID          USER   FD   TYPE  DEVICE SIZE/OFF NODE NAME
receptor     748           awx   15u  IPv6   23673      0t0  TCP *:27199 (LISTEN)
receptor     748           awx   23u  IPv6   24302      0t0  TCP aap25-control.aap-test.local:27199->aap25-execution.aap-test.local:35552 (ESTABLISHED)
chronyd      759        chrony    5u  IPv4   22678      0t0  UDP localhost:323 
chronyd      759        chrony    6u  IPv6   22679      0t0  UDP localhost:323 
NetworkMa    764          root   26u  IPv4   26052      0t0  UDP aap25-control.aap-test.local:bootpc->pi.hole:bootps 
sshd         790          root    3u  IPv4   25862      0t0  TCP *:ssh (LISTEN)
sshd         790          root    4u  IPv6   25864      0t0  TCP *:ssh (LISTEN)
node_expo   1103 node_exporter    3u  IPv6   26086      0t0  TCP *:jetdirect (LISTEN)
node_expo   1103 node_exporter    7u  IPv6   26561      0t0  TCP aap25-control.aap-test.local:jetdirect->monitoring-node.aap-test.local:46350 (ESTABLISHED)
daphne      1156           awx   14u  IPv4   24392      0t0  TCP aap25-control.aap-test.local:58186->aap25-database.aap-test.local:postgres (ESTABLISHED)
nginx       1163          root    8u  IPv4   26119      0t0  TCP *:https (LISTEN)
nginx       1163          root    9u  IPv6   26120      0t0  TCP *:https (LISTEN)
nginx       1163          root   10u  IPv4   26121      0t0  TCP *:http (LISTEN)
nginx       1163          root   11u  IPv6   26122      0t0  TCP *:http (LISTEN)
nginx       1164         nginx    4u  IPv4 4730644      0t0  TCP aap25-control.aap-test.local:https->192.168.1.30:57628 (ESTABLISHED)
nginx       1164         nginx    8u  IPv4   26119      0t0  TCP *:https (LISTEN)
nginx       1164         nginx    9u  IPv6   26120      0t0  TCP *:https (LISTEN)
nginx       1164         nginx   10u  IPv4   26121      0t0  TCP *:http (LISTEN)
nginx       1164         nginx   11u  IPv6   26122      0t0  TCP *:http (LISTEN)
nginx       1165         nginx    4u  IPv4 4840077      0t0  TCP aap25-control.aap-test.local:https->192.168.1.30:48516 (ESTABLISHED)
nginx       1165         nginx    8u  IPv4   26119      0t0  TCP *:https (LISTEN)
nginx       1165         nginx    9u  IPv6   26120      0t0  TCP *:https (LISTEN)
nginx       1165         nginx   10u  IPv4   26121      0t0  TCP *:http (LISTEN)
nginx       1165         nginx   11u  IPv6   26122      0t0  TCP *:http (LISTEN)
nginx       1169         nginx    4u  IPv4 4744305      0t0  TCP aap25-control.aap-test.local:https->192.168.1.30:41934 (ESTABLISHED)
nginx       1169         nginx    8u  IPv4   26119      0t0  TCP *:https (LISTEN)
nginx       1169         nginx    9u  IPv6   26120      0t0  TCP *:https (LISTEN)
nginx       1169         nginx   10u  IPv4   26121      0t0  TCP *:http (LISTEN)
nginx       1169         nginx   11u  IPv6   26122      0t0  TCP *:http (LISTEN)
nginx       1170         nginx    8u  IPv4   26119      0t0  TCP *:https (LISTEN)
nginx       1170         nginx    9u  IPv6   26120      0t0  TCP *:https (LISTEN)
nginx       1170         nginx   10u  IPv4   26121      0t0  TCP *:http (LISTEN)
nginx       1170         nginx   11u  IPv6   26122      0t0  TCP *:http (LISTEN)
awx-manag   1639           awx   15u  IPv6   24454      0t0  TCP localhost:8015 (LISTEN)
awx-manag   1639           awx   39u  IPv4   24471      0t0  TCP aap25-control.aap-test.local:58302->aap25-database.aap-test.local:postgres (ESTABLISHED)
awx-manag   1639           awx   40u  IPv4   24474      0t0  TCP aap25-control.aap-test.local:58306->aap25-database.aap-test.local:postgres (ESTABLISHED)
awx-manag   1640           awx   15u  IPv6   23442      0t0  TCP localhost:8014 (LISTEN)
awx-manag   1641           awx    9u  IPv6   26650      0t0  TCP localhost:8016 (LISTEN)
awx-manag   1641           awx   18u  IPv4   26653      0t0  TCP aap25-control.aap-test.local:58288->aap25-database.aap-test.local:postgres (ESTABLISHED)
awx-manag   1642           awx    9u  IPv4   26493      0t0  TCP aap25-control.aap-test.local:58258->aap25-database.aap-test.local:postgres (ESTABLISHED)
awx-manag   1655           awx    9u  IPv4   26549      0t0  TCP aap25-control.aap-test.local:58310->aap25-database.aap-test.local:postgres (ESTABLISHED)
awx-manag   1684           awx   15u  IPv6   24454      0t0  TCP localhost:8015 (LISTEN)
awx-manag   1684           awx   24u  IPv4 4841790      0t0  TCP aap25-control.aap-test.local:56076->aap25-database.aap-test.local:postgres (ESTABLISHED)
awx-manag   1685           awx   15u  IPv6   24454      0t0  TCP localhost:8015 (LISTEN)
awx-manag   1685           awx   29u  IPv4 4843604      0t0  TCP aap25-control.aap-test.local:39610->aap25-database.aap-test.local:postgres (ESTABLISHED)
awx-manag   1686           awx   15u  IPv6   24454      0t0  TCP localhost:8015 (LISTEN)
awx-manag   1687           awx   15u  IPv6   24454      0t0  TCP localhost:8015 (LISTEN)
awx-manag   1689           awx   15u  IPv6   23442      0t0  TCP localhost:8014 (LISTEN)
awx-manag   1690           awx   15u  IPv6   23442      0t0  TCP localhost:8014 (LISTEN)
awx-manag   1691           awx   15u  IPv6   23442      0t0  TCP localhost:8014 (LISTEN)
awx-manag   1692           awx   15u  IPv6   23442      0t0  TCP localhost:8014 (LISTEN)
sshd      759920          root    4u  IPv4 4814652      0t0  TCP aap25-control.aap-test.local:ssh->192.168.1.49:33560 (ESTABLISHED)
sshd      759940          root    4u  IPv4 4814652      0t0  TCP aap25-control.aap-test.local:ssh->192.168.1.49:33560 (ESTABLISHED)
  No network connections found

=== RECEPTOR MEMORY SUMMARY ===
Total Receptor RSS Memory: 61316 KB (59 MB)
Total Receptor VSZ Memory: 1797348 KB (1755 MB)
Number of Receptor Processes: 3

AAP-related Processes and Children:
=== AAP Service Processes ===
Process: receptor (PID: 748)
    PID    PPID CMD                           RSS
    748       1 /usr/bin/receptor -c /etc/r 57860

Process: redis-server (PID: 1105)
    PID    PPID CMD                           RSS
   1105       1 /usr/bin/redis-server unixs 13428

Process: uwsgi (PID: 1140)
    PID    PPID CMD                           RSS
   1140     774 /var/lib/awx/venv/awx/bin/u 144764
  Children of PID 1140:
    PID    PPID CMD                           RSS
 759750    1140 /var/lib/awx/venv/awx/bin/u 139236
    PID    PPID CMD                           RSS
 759751    1140 /var/lib/awx/venv/awx/bin/u 146020
    PID    PPID CMD                           RSS
 759752    1140 /var/lib/awx/venv/awx/bin/u 138852
    PID    PPID CMD                           RSS
 759753    1140 /var/lib/awx/venv/awx/bin/u 139748

Process: nginx (PID: 1163)
    PID    PPID CMD                           RSS
   1163       1 nginx: master process /usr/  2504
  Children of PID 1163:
    PID    PPID CMD                           RSS
   1164    1163 nginx: worker process        8136
    PID    PPID CMD                           RSS
   1165    1163 nginx: worker process        8392
    PID    PPID CMD                           RSS
   1169    1163 nginx: worker process        8264
    PID    PPID CMD                           RSS
   1170    1163 nginx: worker process        8136

Process: nginx (PID: 1164)
    PID    PPID CMD                           RSS
   1164    1163 nginx: worker process        8136

Process: nginx (PID: 1165)
    PID    PPID CMD                           RSS
   1165    1163 nginx: worker process        8392

Process: nginx (PID: 1169)
    PID    PPID CMD                           RSS
   1169    1163 nginx: worker process        8264

Process: nginx (PID: 1170)
    PID    PPID CMD                           RSS
   1170    1163 nginx: worker process        8136

Process: uwsgi (PID: 759750)
    PID    PPID CMD                           RSS
 759750    1140 /var/lib/awx/venv/awx/bin/u 139236

Process: uwsgi (PID: 759751)
    PID    PPID CMD                           RSS
 759751    1140 /var/lib/awx/venv/awx/bin/u 146020

Process: uwsgi (PID: 759752)
    PID    PPID CMD                           RSS
 759752    1140 /var/lib/awx/venv/awx/bin/u 138852

Process: uwsgi (PID: 759753)
    PID    PPID CMD                           RSS
 759753    1140 /var/lib/awx/venv/awx/bin/u 139748

Process: bash (PID: 760078)
    PID    PPID CMD                           RSS
 760078       1 bash -c  log_file="/tmp/mem  3456
  Children of PID 760078:
    PID    PPID CMD                           RSS
 767954  760078 bash -c  log_file="/tmp/mem  2132

Process: bash (PID: 767954)
    PID    PPID CMD                           RSS
 767954  760078 bash -c  log_file="/tmp/mem  2132
  Children of PID 767954:
    PID    PPID CMD                           RSS


Process Tree for AAP Services:
=== automation-controller Process Tree ===
bash(760078)---pstree(768009)
=== receptor Process Tree ===
receptor(748)-+-{receptor}(752)
              |-{receptor}(753)
              |-{receptor}(754)
              |-{receptor}(755)
              |-{receptor}(756)
              |-{receptor}(762)
              `-{receptor}(3478)
bash(760078)---pstree(768014)
=== nginx Process Tree ===
nginx(1163)-+-nginx(1164)
            |-nginx(1165)
            |-nginx(1169)
            `-nginx(1170)
nginx(1164)
nginx(1165)
nginx(1169)
nginx(1170)
bash(760078)---pstree(768023)
=== postgresql Process Tree ===
bash(760078)---pstree(768027)
=== redis Process Tree ===
redis-server(1105)-+-{redis-server}(1131)
                   |-{redis-server}(1132)
                   |-{redis-server}(1133)
                   `-{redis-server}(1135)
bash(760078)---pstree(768032)
=== uwsgi Process Tree ===
uwsgi(1140)-+-uwsgi(759750)
            |-uwsgi(759751)
            |-uwsgi(759752)
            `-uwsgi(759753)
uwsgi(759750)
uwsgi(759751)
uwsgi(759752)
uwsgi(759753)
bash(760078)---pstree(768041)
=== automation-hub Process Tree ===
bash(760078)---pstree(768045)
=== automation-eda Process Tree ===
bash(760078)---pstree(768049)

=================================================================================
2025-07-07 09:11:16
Memory Usage Report:
               total        used        free      shared  buff/cache   available
Mem:            7681        2581        4113          48        1326        5099
Swap:           3071           0        3071

Top 10 Processes by RSS Memory:
    PID    PPID CMD                           RSS
   1639     774 /var/lib/awx/venv/awx/bin/p 174964
   1655     774 /var/lib/awx/venv/awx/bin/p 167664
   1640     774 /var/lib/awx/venv/awx/bin/p 167644
   1686    1639 /var/lib/awx/venv/awx/bin/p 167020
   1687    1639 /var/lib/awx/venv/awx/bin/p 166896
   1685    1639 /var/lib/awx/venv/awx/bin/p 166816
   1684    1639 /var/lib/awx/venv/awx/bin/p 166500
   1156     774 /var/lib/awx/venv/awx/bin/p 156132
   1690    1640 /var/lib/awx/venv/awx/bin/p 155632
   1689    1640 /var/lib/awx/venv/awx/bin/p 155624

=== RECEPTOR PROCESS ANALYSIS ===
Receptor Main Processes:
    PID    PPID CMD                           RSS    VSZ %CPU %MEM     ELAPSED
    748       1 /usr/bin/receptor -c /etc/r 57804 1790028 0.0  0.7  3-19:08:13
Receptor Child Processes for PID 748:
  No child processes found
Receptor Threads for PID 748:
    PID    SPID %CPU %MEM   RSS COMMAND
    748     748  0.0  0.7 57804 receptor
    748     752  0.0  0.7 57804 receptor
    748     753  0.0  0.7 57804 receptor
    748     754  0.0  0.7 57804 receptor
    748     755  0.0  0.7 57804 receptor
    748     756  0.0  0.7 57804 receptor
    748     762  0.0  0.7 57804 receptor
    748    3478  0.0  0.7 57804 receptor
Receptor Network Connections for PID 748:
COMMAND      PID          USER   FD      TYPE             DEVICE SIZE/OFF     NODE NAME
receptor     748           awx  cwd       DIR              253,0      235      128 /
receptor     748           awx  rtd       DIR              253,0      235      128 /
receptor     748           awx  txt       REG              253,0 55920336 33952409 /usr/bin/receptor
receptor     748           awx  mem       REG              253,0  5436640 50591543 /usr/lib64/libcrypto.so.3.2.2
receptor     748           awx  mem       REG              253,0  2544344 50590560 /usr/lib64/libc.so.6
receptor     748           awx  mem       REG              253,0   102552 50590580 /usr/lib64/libz.so.1.2.11
receptor     748           awx  mem       REG              253,0    70520 50590571 /usr/lib64/libresolv.so.2
receptor     748           awx  mem       REG              253,0   897856 50590556 /usr/lib64/ld-linux-x86-64.so.2
receptor     748           awx    0r      CHR                1,3      0t0        4 /dev/null
receptor     748           awx    1w      REG              253,0     4290 17534110 /var/log/receptor/receptor.log
receptor     748           awx    2w      REG              253,0     4290 17534110 /var/log/receptor/receptor.log
receptor     748           awx    3r  a_inode               0,14        0       59 inotify
receptor     748           awx    4u  a_inode               0,14        0       59 [eventpoll:5,7,9,12,14,17,18,19,20,21,22,24,28,30,31,32,33,36,37,40,41,42,43,44,45,47,50,51,52,53,55,64...]
receptor     748           awx    5r     FIFO               0,13      0t0    23656 pipe
receptor     748           awx    6w     FIFO               0,13      0t0    23656 pipe
receptor     748           awx    7r  a_inode               0,14        0       59 inotify
receptor     748           awx    8r  a_inode               0,14        0       59 inotify
receptor     748           awx    9r  a_inode               0,14        0       59 inotify
receptor     748           awx   10r  a_inode               0,14        0       59 inotify
receptor     748           awx   11r  a_inode               0,14        0       59 inotify
receptor     748           awx   12r  a_inode               0,14        0       59 inotify
receptor     748           awx   13rW     REG               0,24        0      958 /run/awx-receptor/receptor.sock.lock
receptor     748           awx   14u     unix 0xffff9e4b07ccf300      0t0    22691 /var/run/awx-receptor/receptor.sock type=STREAM (LISTEN)
receptor     748           awx   15u     IPv6              23673      0t0      TCP *:27199 (LISTEN)
receptor     748           awx   16r  a_inode               0,14        0       59 inotify
receptor     748           awx   17r  a_inode               0,14        0       59 inotify
receptor     748           awx   18r  a_inode               0,14        0       59 inotify
receptor     748           awx   19r  a_inode               0,14        0       59 inotify
receptor     748           awx   20r  a_inode               0,14        0       59 inotify
receptor     748           awx   21r  a_inode               0,14        0       59 inotify
receptor     748           awx   22r  a_inode               0,14        0       59 inotify
receptor     748           awx   23u     IPv6              24302      0t0      TCP aap25-control.aap-test.local:27199->aap25-execution.aap-test.local:35552 (ESTABLISHED)
receptor     748           awx   24u     unix 0xffff9e4b0d16ee00      0t0  4841561 /var/run/awx-receptor/receptor.sock type=STREAM (CONNECTED)
receptor     748           awx   25r  a_inode               0,14        0       59 inotify
receptor     748           awx   26r  a_inode               0,14        0       59 inotify
receptor     748           awx   27r  a_inode               0,14        0       59 inotify
receptor     748           awx   28r  a_inode               0,14        0       59 inotify
receptor     748           awx   29r  a_inode               0,14        0       59 inotify
receptor     748           awx   30r  a_inode               0,14        0       59 inotify
receptor     748           awx   31r  a_inode               0,14        0       59 inotify
receptor     748           awx   32r  a_inode               0,14        0       59 inotify
receptor     748           awx   33r  a_inode               0,14        0       59 inotify
receptor     748           awx   34r  a_inode               0,14        0       59 inotify
receptor     748           awx   35r  a_inode               0,14        0       59 inotify
receptor     748           awx   36r  a_inode               0,14        0       59 inotify
receptor     748           awx   37r  a_inode               0,14        0       59 inotify
receptor     748           awx   38r  a_inode               0,14        0       59 inotify
receptor     748           awx   39r  a_inode               0,14        0       59 inotify
receptor     748           awx   40r  a_inode               0,14        0       59 inotify
receptor     748           awx   41r  a_inode               0,14        0       59 inotify
receptor     748           awx   42r  a_inode               0,14        0       59 inotify
receptor     748           awx   43r  a_inode               0,14        0       59 inotify
receptor     748           awx   44r  a_inode               0,14        0       59 inotify
receptor     748           awx   45r  a_inode               0,14        0       59 inotify
receptor     748           awx   46r  a_inode               0,14        0       59 inotify
receptor     748           awx   47r  a_inode               0,14        0       59 inotify
receptor     748           awx   48r  a_inode               0,14        0       59 inotify
receptor     748           awx   49r  a_inode               0,14        0       59 inotify
receptor     748           awx   50r  a_inode               0,14        0       59 inotify
receptor     748           awx   51r  a_inode               0,14        0       59 inotify
receptor     748           awx   52r  a_inode               0,14        0       59 inotify
receptor     748           awx   53r  a_inode               0,14        0       59 inotify
receptor     748           awx   54r  a_inode               0,14        0       59 inotify
receptor     748           awx   55r  a_inode               0,14        0       59 inotify
receptor     748           awx   56r  a_inode               0,14        0       59 inotify
receptor     748           awx   57r  a_inode               0,14        0       59 inotify
receptor     748           awx   58r  a_inode               0,14        0       59 inotify
receptor     748           awx   59r  a_inode               0,14        0       59 inotify
receptor     748           awx   60r  a_inode               0,14        0       59 inotify
receptor     748           awx   61r  a_inode               0,14        0       59 inotify
receptor     748           awx   62r  a_inode               0,14        0       59 inotify
receptor     748           awx   64r  a_inode               0,14        0       59 inotify
receptor     748           awx   65r      REG              253,0    38066 35807786 /tmp/receptor/192.168.1.233/IbfuJOwz/stdout
receptor     748           awx   68w      REG              253,0    38066 35807786 /tmp/receptor/192.168.1.233/IbfuJOwz/stdout
chronyd      759        chrony    5u     IPv4              22678      0t0      UDP localhost:323 
chronyd      759        chrony    6u     IPv6              22679      0t0      UDP localhost:323 
NetworkMa    764          root   26u     IPv4              26052      0t0      UDP aap25-control.aap-test.local:bootpc->pi.hole:bootps 
sshd         790          root    3u     IPv4              25862      0t0      TCP *:ssh (LISTEN)
sshd         790          root    4u     IPv6              25864      0t0      TCP *:ssh (LISTEN)
node_expo   1103 node_exporter    3u     IPv6              26086      0t0      TCP *:jetdirect (LISTEN)
node_expo   1103 node_exporter    7u     IPv6              26561      0t0      TCP aap25-control.aap-test.local:jetdirect->monitoring-node.aap-test.local:46350 (ESTABLISHED)
daphne      1156           awx   14u     IPv4              24392      0t0      TCP aap25-control.aap-test.local:58186->aap25-database.aap-test.local:postgres (ESTABLISHED)
nginx       1163          root    8u     IPv4              26119      0t0      TCP *:https (LISTEN)
nginx       1163          root    9u     IPv6              26120      0t0      TCP *:https (LISTEN)
nginx       1163          root   10u     IPv4              26121      0t0      TCP *:http (LISTEN)
nginx       1163          root   11u     IPv6              26122      0t0      TCP *:http (LISTEN)
nginx       1164         nginx    4u     IPv4            4730644      0t0      TCP aap25-control.aap-test.local:https->192.168.1.30:57628 (ESTABLISHED)
nginx       1164         nginx    8u     IPv4              26119      0t0      TCP *:https (LISTEN)
nginx       1164         nginx    9u     IPv6              26120      0t0      TCP *:https (LISTEN)
nginx       1164         nginx   10u     IPv4              26121      0t0      TCP *:http (LISTEN)
nginx       1164         nginx   11u     IPv6              26122      0t0      TCP *:http (LISTEN)
nginx       1165         nginx    4u     IPv4            4840077      0t0      TCP aap25-control.aap-test.local:https->192.168.1.30:48516 (ESTABLISHED)
nginx       1165         nginx    8u     IPv4              26119      0t0      TCP *:https (LISTEN)
nginx       1165         nginx    9u     IPv6              26120      0t0      TCP *:https (LISTEN)
nginx       1165         nginx   10u     IPv4              26121      0t0      TCP *:http (LISTEN)
nginx       1165         nginx   11u     IPv6              26122      0t0      TCP *:http (LISTEN)
nginx       1169         nginx    4u     IPv4            4744305      0t0      TCP aap25-control.aap-test.local:https->192.168.1.30:41934 (ESTABLISHED)
nginx       1169         nginx    8u     IPv4              26119      0t0      TCP *:https (LISTEN)
nginx       1169         nginx    9u     IPv6              26120      0t0      TCP *:https (LISTEN)
nginx       1169         nginx   10u     IPv4              26121      0t0      TCP *:http (LISTEN)
nginx       1169         nginx   11u     IPv6              26122      0t0      TCP *:http (LISTEN)
nginx       1170         nginx    8u     IPv4              26119      0t0      TCP *:https (LISTEN)
nginx       1170         nginx    9u     IPv6              26120      0t0      TCP *:https (LISTEN)
nginx       1170         nginx   10u     IPv4              26121      0t0      TCP *:http (LISTEN)
nginx       1170         nginx   11u     IPv6              26122      0t0      TCP *:http (LISTEN)
awx-manag   1639           awx   15u     IPv6              24454      0t0      TCP localhost:8015 (LISTEN)
awx-manag   1639           awx   39u     IPv4              24471      0t0      TCP aap25-control.aap-test.local:58302->aap25-database.aap-test.local:postgres (ESTABLISHED)
awx-manag   1639           awx   40u     IPv4              24474      0t0      TCP aap25-control.aap-test.local:58306->aap25-database.aap-test.local:postgres (ESTABLISHED)
awx-manag   1640           awx   15u     IPv6              23442      0t0      TCP localhost:8014 (LISTEN)
awx-manag   1641           awx    9u     IPv6              26650      0t0      TCP localhost:8016 (LISTEN)
awx-manag   1641           awx   18u     IPv4              26653      0t0      TCP aap25-control.aap-test.local:58288->aap25-database.aap-test.local:postgres (ESTABLISHED)
awx-manag   1642           awx    9u     IPv4              26493      0t0      TCP aap25-control.aap-test.local:58258->aap25-database.aap-test.local:postgres (ESTABLISHED)
awx-manag   1655           awx    9u     IPv4              26549      0t0      TCP aap25-control.aap-test.local:58310->aap25-database.aap-test.local:postgres (ESTABLISHED)
awx-manag   1684           awx   15u     IPv6              24454      0t0      TCP localhost:8015 (LISTEN)
awx-manag   1685           awx   15u     IPv6              24454      0t0      TCP localhost:8015 (LISTEN)
awx-manag   1686           awx   15u     IPv6              24454      0t0      TCP localhost:8015 (LISTEN)
awx-manag   1687           awx   15u     IPv6              24454      0t0      TCP localhost:8015 (LISTEN)
awx-manag   1687           awx   41u     IPv4            4843293      0t0      TCP aap25-control.aap-test.local:39936->aap25-database.aap-test.local:postgres (ESTABLISHED)
awx-manag   1689           awx   15u     IPv6              23442      0t0      TCP localhost:8014 (LISTEN)
awx-manag   1690           awx   15u     IPv6              23442      0t0      TCP localhost:8014 (LISTEN)
awx-manag   1691           awx   15u     IPv6              23442      0t0      TCP localhost:8014 (LISTEN)
awx-manag   1692           awx   15u     IPv6              23442      0t0      TCP localhost:8014 (LISTEN)
sshd      759920          root    4u     IPv4            4814652      0t0      TCP aap25-control.aap-test.local:ssh->192.168.1.49:33560 (ESTABLISHED)
sshd      759940          root    4u     IPv4            4814652      0t0      TCP aap25-control.aap-test.local:ssh->192.168.1.49:33560 (ESTABLISHED)

    PID    PPID CMD                           RSS    VSZ %CPU %MEM     ELAPSED
 760078       1 bash -c  log_file="/tmp/mem  3456   7320  0.0  0.0       05:12
Receptor Child Processes for PID 760078:
      PID    PPID CMD                           RSS    VSZ %CPU %MEM     ELAPSED
Receptor Threads for PID 760078:
    PID    SPID %CPU %MEM   RSS COMMAND
 760078  760078  0.0  0.0  3456 bash
Receptor Network Connections for PID 760078:
COMMAND      PID          USER   FD   TYPE  DEVICE SIZE/OFF     NODE NAME
receptor     748           awx   15u  IPv6   23673      0t0      TCP *:27199 (LISTEN)
receptor     748           awx   23u  IPv6   24302      0t0      TCP aap25-control.aap-test.local:27199->aap25-execution.aap-test.local:35552 (ESTABLISHED)
chronyd      759        chrony    5u  IPv4   22678      0t0      UDP localhost:323 
chronyd      759        chrony    6u  IPv6   22679      0t0      UDP localhost:323 
NetworkMa    764          root   26u  IPv4   26052      0t0      UDP aap25-control.aap-test.local:bootpc->pi.hole:bootps 
sshd         790          root    3u  IPv4   25862      0t0      TCP *:ssh (LISTEN)
sshd         790          root    4u  IPv6   25864      0t0      TCP *:ssh (LISTEN)
node_expo   1103 node_exporter    3u  IPv6   26086      0t0      TCP *:jetdirect (LISTEN)
node_expo   1103 node_exporter    7u  IPv6   26561      0t0      TCP aap25-control.aap-test.local:jetdirect->monitoring-node.aap-test.local:46350 (ESTABLISHED)
daphne      1156           awx   14u  IPv4   24392      0t0      TCP aap25-control.aap-test.local:58186->aap25-database.aap-test.local:postgres (ESTABLISHED)
nginx       1163          root    8u  IPv4   26119      0t0      TCP *:https (LISTEN)
nginx       1163          root    9u  IPv6   26120      0t0      TCP *:https (LISTEN)
nginx       1163          root   10u  IPv4   26121      0t0      TCP *:http (LISTEN)
nginx       1163          root   11u  IPv6   26122      0t0      TCP *:http (LISTEN)
nginx       1164         nginx    4u  IPv4 4730644      0t0      TCP aap25-control.aap-test.local:https->192.168.1.30:57628 (ESTABLISHED)
nginx       1164         nginx    8u  IPv4   26119      0t0      TCP *:https (LISTEN)
nginx       1164         nginx    9u  IPv6   26120      0t0      TCP *:https (LISTEN)
nginx       1164         nginx   10u  IPv4   26121      0t0      TCP *:http (LISTEN)
nginx       1164         nginx   11u  IPv6   26122      0t0      TCP *:http (LISTEN)
nginx       1165         nginx    4u  IPv4 4840077      0t0      TCP aap25-control.aap-test.local:https->192.168.1.30:48516 (ESTABLISHED)
nginx       1165         nginx    8u  IPv4   26119      0t0      TCP *:https (LISTEN)
nginx       1165         nginx    9u  IPv6   26120      0t0      TCP *:https (LISTEN)
nginx       1165         nginx   10u  IPv4   26121      0t0      TCP *:http (LISTEN)
nginx       1165         nginx   11u  IPv6   26122      0t0      TCP *:http (LISTEN)
nginx       1169         nginx    4u  IPv4 4744305      0t0      TCP aap25-control.aap-test.local:https->192.168.1.30:41934 (ESTABLISHED)
nginx       1169         nginx    8u  IPv4   26119      0t0      TCP *:https (LISTEN)
nginx       1169         nginx    9u  IPv6   26120      0t0      TCP *:https (LISTEN)
nginx       1169         nginx   10u  IPv4   26121      0t0      TCP *:http (LISTEN)
nginx       1169         nginx   11u  IPv6   26122      0t0      TCP *:http (LISTEN)
nginx       1170         nginx    8u  IPv4   26119      0t0      TCP *:https (LISTEN)
nginx       1170         nginx    9u  IPv6   26120      0t0      TCP *:https (LISTEN)
nginx       1170         nginx   10u  IPv4   26121      0t0      TCP *:http (LISTEN)
nginx       1170         nginx   11u  IPv6   26122      0t0      TCP *:http (LISTEN)
awx-manag   1639           awx   15u  IPv6   24454      0t0      TCP localhost:8015 (LISTEN)
awx-manag   1639           awx   39u  IPv4   24471      0t0      TCP aap25-control.aap-test.local:58302->aap25-database.aap-test.local:postgres (ESTABLISHED)
awx-manag   1639           awx   40u  IPv4   24474      0t0      TCP aap25-control.aap-test.local:58306->aap25-database.aap-test.local:postgres (ESTABLISHED)
awx-manag   1640           awx   15u  IPv6   23442      0t0      TCP localhost:8014 (LISTEN)
awx-manag   1641           awx    9u  IPv6   26650      0t0      TCP localhost:8016 (LISTEN)
awx-manag   1641           awx   18u  IPv4   26653      0t0      TCP aap25-control.aap-test.local:58288->aap25-database.aap-test.local:postgres (ESTABLISHED)
awx-manag   1642           awx    9u  IPv4   26493      0t0      TCP aap25-control.aap-test.local:58258->aap25-database.aap-test.local:postgres (ESTABLISHED)
awx-manag   1655           awx    9u  IPv4   26549      0t0      TCP aap25-control.aap-test.local:58310->aap25-database.aap-test.local:postgres (ESTABLISHED)
awx-manag   1684           awx   15u  IPv6   24454      0t0      TCP localhost:8015 (LISTEN)
awx-manag   1685           awx   15u  IPv6   24454      0t0      TCP localhost:8015 (LISTEN)
awx-manag   1686           awx   15u  IPv6   24454      0t0      TCP localhost:8015 (LISTEN)
awx-manag   1687           awx   15u  IPv6   24454      0t0      TCP localhost:8015 (LISTEN)
awx-manag   1687           awx   41u  IPv4 4843293      0t0      TCP aap25-control.aap-test.local:39936->aap25-database.aap-test.local:postgres (ESTABLISHED)
awx-manag   1689           awx   15u  IPv6   23442      0t0      TCP localhost:8014 (LISTEN)
awx-manag   1690           awx   15u  IPv6   23442      0t0      TCP localhost:8014 (LISTEN)
awx-manag   1691           awx   15u  IPv6   23442      0t0      TCP localhost:8014 (LISTEN)
awx-manag   1692           awx   15u  IPv6   23442      0t0      TCP localhost:8014 (LISTEN)
sshd      759920          root    4u  IPv4 4814652      0t0      TCP aap25-control.aap-test.local:ssh->192.168.1.49:33560 (ESTABLISHED)
sshd      759940          root    4u  IPv4 4814652      0t0      TCP aap25-control.aap-test.local:ssh->192.168.1.49:33560 (ESTABLISHED)
bash      760078          root  cwd    DIR   253,0     4096 33685638 /root
bash      760078          root  rtd    DIR   253,0      235      128 /
bash      760078          root  txt    REG   253,0  1389072 33755766 /usr/bin/bash
bash      760078          root  mem    REG   253,0  2586930   223716 /usr/lib/locale/en_US.utf8/LC_COLLATE
bash      760078          root  mem    REG   253,0  2544344 50590560 /usr/lib64/libc.so.6
bash      760078          root  mem    REG   253,0   346132 50590237 /usr/lib/locale/C.utf8/LC_CTYPE
bash      760078          root  mem    REG   253,0       54   223719 /usr/lib/locale/en_US.utf8/LC_NUMERIC
bash      760078          root  mem    REG   253,0     3284 17219141 /usr/lib/locale/en_US.utf8/LC_TIME
bash      760078          root  mem    REG   253,0      286 17219139 /usr/lib/locale/en_US.utf8/LC_MONETARY
bash      760078          root  mem    REG   253,0       57 17219152 /usr/lib/locale/en_US.utf8/LC_MESSAGES/SYS_LC_MESSAGES
bash      760078          root  mem    REG   253,0    26988 33841777 /usr/lib64/gconv/gconv-modules.cache
bash      760078          root  mem    REG   253,0   195080 50590221 /usr/lib64/libtinfo.so.6.2
bash      760078          root  mem    REG   253,0       34 50590538 /usr/lib/locale/en_US.utf8/LC_PAPER
bash      760078          root  mem    REG   253,0       77   223718 /usr/lib/locale/en_US.utf8/LC_NAME
bash      760078          root  mem    REG   253,0      167 17219135 /usr/lib/locale/en_US.utf8/LC_ADDRESS
bash      760078          root  mem    REG   253,0       59 17219140 /usr/lib/locale/en_US.utf8/LC_TELEPHONE
bash      760078          root  mem    REG   253,0       23 17219138 /usr/lib/locale/en_US.utf8/LC_MEASUREMENT
bash      760078          root  mem    REG   253,0      369 17219137 /usr/lib/locale/en_US.utf8/LC_IDENTIFICATION
bash      760078          root  mem    REG   253,0   897856 50590556 /usr/lib64/ld-linux-x86-64.so.2
bash      760078          root    0r   CHR     1,3      0t0        4 /dev/null
bash      760078          root    1w   REG   253,0        0 18572042 /tmp/memory_monitor.log
bash      760078          root    2w   REG   253,0        0 18572042 /tmp/memory_monitor.log
bash      760078          root    3r  FIFO    0,13      0t0  4845149 pipe

    PID    PPID CMD                           RSS    VSZ %CPU %MEM     ELAPSED
Receptor Child Processes for PID 768628:
  No child processes found
Receptor Threads for PID 768628:
    PID    SPID %CPU %MEM   RSS COMMAND
Receptor Network Connections for PID 768628:
COMMAND      PID          USER   FD   TYPE  DEVICE SIZE/OFF NODE NAME
receptor     748           awx   15u  IPv6   23673      0t0  TCP *:27199 (LISTEN)
receptor     748           awx   23u  IPv6   24302      0t0  TCP aap25-control.aap-test.local:27199->aap25-execution.aap-test.local:35552 (ESTABLISHED)
chronyd      759        chrony    5u  IPv4   22678      0t0  UDP localhost:323 
chronyd      759        chrony    6u  IPv6   22679      0t0  UDP localhost:323 
NetworkMa    764          root   26u  IPv4   26052      0t0  UDP aap25-control.aap-test.local:bootpc->pi.hole:bootps 
sshd         790          root    3u  IPv4   25862      0t0  TCP *:ssh (LISTEN)
sshd         790          root    4u  IPv6   25864      0t0  TCP *:ssh (LISTEN)
node_expo   1103 node_exporter    3u  IPv6   26086      0t0  TCP *:jetdirect (LISTEN)
node_expo   1103 node_exporter    7u  IPv6   26561      0t0  TCP aap25-control.aap-test.local:jetdirect->monitoring-node.aap-test.local:46350 (ESTABLISHED)
daphne      1156           awx   14u  IPv4   24392      0t0  TCP aap25-control.aap-test.local:58186->aap25-database.aap-test.local:postgres (ESTABLISHED)
nginx       1163          root    8u  IPv4   26119      0t0  TCP *:https (LISTEN)
nginx       1163          root    9u  IPv6   26120      0t0  TCP *:https (LISTEN)
nginx       1163          root   10u  IPv4   26121      0t0  TCP *:http (LISTEN)
nginx       1163          root   11u  IPv6   26122      0t0  TCP *:http (LISTEN)
nginx       1164         nginx    4u  IPv4 4730644      0t0  TCP aap25-control.aap-test.local:https->192.168.1.30:57628 (ESTABLISHED)
nginx       1164         nginx    8u  IPv4   26119      0t0  TCP *:https (LISTEN)
nginx       1164         nginx    9u  IPv6   26120      0t0  TCP *:https (LISTEN)
nginx       1164         nginx   10u  IPv4   26121      0t0  TCP *:http (LISTEN)
nginx       1164         nginx   11u  IPv6   26122      0t0  TCP *:http (LISTEN)
nginx       1165         nginx    4u  IPv4 4840077      0t0  TCP aap25-control.aap-test.local:https->192.168.1.30:48516 (ESTABLISHED)
nginx       1165         nginx    8u  IPv4   26119      0t0  TCP *:https (LISTEN)
nginx       1165         nginx    9u  IPv6   26120      0t0  TCP *:https (LISTEN)
nginx       1165         nginx   10u  IPv4   26121      0t0  TCP *:http (LISTEN)
nginx       1165         nginx   11u  IPv6   26122      0t0  TCP *:http (LISTEN)
nginx       1169         nginx    4u  IPv4 4744305      0t0  TCP aap25-control.aap-test.local:https->192.168.1.30:41934 (ESTABLISHED)
nginx       1169         nginx    8u  IPv4   26119      0t0  TCP *:https (LISTEN)
nginx       1169         nginx    9u  IPv6   26120      0t0  TCP *:https (LISTEN)
nginx       1169         nginx   10u  IPv4   26121      0t0  TCP *:http (LISTEN)
nginx       1169         nginx   11u  IPv6   26122      0t0  TCP *:http (LISTEN)
nginx       1170         nginx    8u  IPv4   26119      0t0  TCP *:https (LISTEN)
nginx       1170         nginx    9u  IPv6   26120      0t0  TCP *:https (LISTEN)
nginx       1170         nginx   10u  IPv4   26121      0t0  TCP *:http (LISTEN)
nginx       1170         nginx   11u  IPv6   26122      0t0  TCP *:http (LISTEN)
awx-manag   1639           awx   15u  IPv6   24454      0t0  TCP localhost:8015 (LISTEN)
awx-manag   1639           awx   39u  IPv4   24471      0t0  TCP aap25-control.aap-test.local:58302->aap25-database.aap-test.local:postgres (ESTABLISHED)
awx-manag   1639           awx   40u  IPv4   24474      0t0  TCP aap25-control.aap-test.local:58306->aap25-database.aap-test.local:postgres (ESTABLISHED)
awx-manag   1640           awx   15u  IPv6   23442      0t0  TCP localhost:8014 (LISTEN)
awx-manag   1641           awx    9u  IPv6   26650      0t0  TCP localhost:8016 (LISTEN)
awx-manag   1641           awx   18u  IPv4   26653      0t0  TCP aap25-control.aap-test.local:58288->aap25-database.aap-test.local:postgres (ESTABLISHED)
awx-manag   1642           awx    9u  IPv4   26493      0t0  TCP aap25-control.aap-test.local:58258->aap25-database.aap-test.local:postgres (ESTABLISHED)
awx-manag   1655           awx    9u  IPv4   26549      0t0  TCP aap25-control.aap-test.local:58310->aap25-database.aap-test.local:postgres (ESTABLISHED)
awx-manag   1684           awx   15u  IPv6   24454      0t0  TCP localhost:8015 (LISTEN)
awx-manag   1685           awx   15u  IPv6   24454      0t0  TCP localhost:8015 (LISTEN)
awx-manag   1686           awx   15u  IPv6   24454      0t0  TCP localhost:8015 (LISTEN)
awx-manag   1687           awx   15u  IPv6   24454      0t0  TCP localhost:8015 (LISTEN)
awx-manag   1687           awx   41u  IPv4 4843293      0t0  TCP aap25-control.aap-test.local:39936->aap25-database.aap-test.local:postgres (ESTABLISHED)
awx-manag   1689           awx   15u  IPv6   23442      0t0  TCP localhost:8014 (LISTEN)
awx-manag   1690           awx   15u  IPv6   23442      0t0  TCP localhost:8014 (LISTEN)
awx-manag   1691           awx   15u  IPv6   23442      0t0  TCP localhost:8014 (LISTEN)
awx-manag   1692           awx   15u  IPv6   23442      0t0  TCP localhost:8014 (LISTEN)
sshd      759920          root    4u  IPv4 4814652      0t0  TCP aap25-control.aap-test.local:ssh->192.168.1.49:33560 (ESTABLISHED)
sshd      759940          root    4u  IPv4 4814652      0t0  TCP aap25-control.aap-test.local:ssh->192.168.1.49:33560 (ESTABLISHED)
  No network connections found

=== RECEPTOR MEMORY SUMMARY ===
Total Receptor RSS Memory: 61260 KB (59 MB)
Total Receptor VSZ Memory: 1797348 KB (1755 MB)
Number of Receptor Processes: 3

AAP-related Processes and Children:
=== AAP Service Processes ===
Process: receptor (PID: 748)
    PID    PPID CMD                           RSS
    748       1 /usr/bin/receptor -c /etc/r 57804

Process: redis-server (PID: 1105)
    PID    PPID CMD                           RSS
   1105       1 /usr/bin/redis-server unixs 13428

Process: uwsgi (PID: 1140)
    PID    PPID CMD                           RSS
   1140     774 /var/lib/awx/venv/awx/bin/u 144764
  Children of PID 1140:
    PID    PPID CMD                           RSS
 759750    1140 /var/lib/awx/venv/awx/bin/u 139236
    PID    PPID CMD                           RSS
 759751    1140 /var/lib/awx/venv/awx/bin/u 146404
    PID    PPID CMD                           RSS
 759752    1140 /var/lib/awx/venv/awx/bin/u 138852
    PID    PPID CMD                           RSS
 759753    1140 /var/lib/awx/venv/awx/bin/u 139748

Process: nginx (PID: 1163)
    PID    PPID CMD                           RSS
   1163       1 nginx: master process /usr/  2504
  Children of PID 1163:
    PID    PPID CMD                           RSS
   1164    1163 nginx: worker process        8136
    PID    PPID CMD                           RSS
   1165    1163 nginx: worker process        8392
    PID    PPID CMD                           RSS
   1169    1163 nginx: worker process        8264
    PID    PPID CMD                           RSS
   1170    1163 nginx: worker process        8136

Process: nginx (PID: 1164)
    PID    PPID CMD                           RSS
   1164    1163 nginx: worker process        8136

Process: nginx (PID: 1165)
    PID    PPID CMD                           RSS
   1165    1163 nginx: worker process        8392

Process: nginx (PID: 1169)
    PID    PPID CMD                           RSS
   1169    1163 nginx: worker process        8264

Process: nginx (PID: 1170)
    PID    PPID CMD                           RSS
   1170    1163 nginx: worker process        8136

Process: uwsgi (PID: 759750)
    PID    PPID CMD                           RSS
 759750    1140 /var/lib/awx/venv/awx/bin/u 139236

Process: uwsgi (PID: 759751)
    PID    PPID CMD                           RSS
 759751    1140 /var/lib/awx/venv/awx/bin/u 146404

Process: uwsgi (PID: 759752)
    PID    PPID CMD                           RSS
 759752    1140 /var/lib/awx/venv/awx/bin/u 138852

Process: uwsgi (PID: 759753)
    PID    PPID CMD                           RSS
 759753    1140 /var/lib/awx/venv/awx/bin/u 139748

Process: bash (PID: 760078)
    PID    PPID CMD                           RSS
 760078       1 bash -c  log_file="/tmp/mem  3456
  Children of PID 760078:
    PID    PPID CMD                           RSS
 768708  760078 bash -c  log_file="/tmp/mem  2132

Process: bash (PID: 768708)
    PID    PPID CMD                           RSS
 768708  760078 bash -c  log_file="/tmp/mem  2132
  Children of PID 768708:
    PID    PPID CMD                           RSS


Process Tree for AAP Services:
=== automation-controller Process Tree ===
bash(760078)---pstree(768763)
=== receptor Process Tree ===
receptor(748)-+-{receptor}(752)
              |-{receptor}(753)
              |-{receptor}(754)
              |-{receptor}(755)
              |-{receptor}(756)
              |-{receptor}(762)
              `-{receptor}(3478)
bash(760078)---pstree(768768)
=== nginx Process Tree ===
nginx(1163)-+-nginx(1164)
            |-nginx(1165)
            |-nginx(1169)
            `-nginx(1170)
nginx(1164)
nginx(1165)
nginx(1169)
nginx(1170)
bash(760078)---pstree(768777)
=== postgresql Process Tree ===
bash(760078)---pstree(768781)
=== redis Process Tree ===
redis-server(1105)-+-{redis-server}(1131)
                   |-{redis-server}(1132)
                   |-{redis-server}(1133)
                   `-{redis-server}(1135)
bash(760078)---pstree(768786)
=== uwsgi Process Tree ===
uwsgi(1140)-+-uwsgi(759750)
            |-uwsgi(759751)
            |-uwsgi(759752)
            `-uwsgi(759753)
uwsgi(759750)
uwsgi(759751)
uwsgi(759752)
uwsgi(759753)
bash(760078)---pstree(768795)
=== automation-hub Process Tree ===
bash(760078)---pstree(768799)
=== automation-eda Process Tree ===
bash(760078)---pstree(768803)

=================================================================================
2025-07-07 09:11:47
Memory Usage Report:
               total        used        free      shared  buff/cache   available
Mem:            7681        2560        4134          48        1326        5120
Swap:           3071           0        3071

Top 10 Processes by RSS Memory:
    PID    PPID CMD                           RSS
   1639     774 /var/lib/awx/venv/awx/bin/p 174964
   1655     774 /var/lib/awx/venv/awx/bin/p 167664
   1640     774 /var/lib/awx/venv/awx/bin/p 167644
   1686    1639 /var/lib/awx/venv/awx/bin/p 167020
   1687    1639 /var/lib/awx/venv/awx/bin/p 166896
   1685    1639 /var/lib/awx/venv/awx/bin/p 166816
   1684    1639 /var/lib/awx/venv/awx/bin/p 166500
   1156     774 /var/lib/awx/venv/awx/bin/p 156132
   1690    1640 /var/lib/awx/venv/awx/bin/p 155632
   1689    1640 /var/lib/awx/venv/awx/bin/p 155624

=== RECEPTOR PROCESS ANALYSIS ===
Receptor Main Processes:
    PID    PPID CMD                           RSS    VSZ %CPU %MEM     ELAPSED
    748       1 /usr/bin/receptor -c /etc/r 57676 1790028 0.0  0.7  3-19:08:44
Receptor Child Processes for PID 748:
  No child processes found
Receptor Threads for PID 748:
    PID    SPID %CPU %MEM   RSS COMMAND
    748     748  0.0  0.7 57676 receptor
    748     752  0.0  0.7 57676 receptor
    748     753  0.0  0.7 57676 receptor
    748     754  0.0  0.7 57676 receptor
    748     755  0.0  0.7 57676 receptor
    748     756  0.0  0.7 57676 receptor
    748     762  0.0  0.7 57676 receptor
    748    3478  0.0  0.7 57676 receptor
Receptor Network Connections for PID 748:
COMMAND      PID          USER   FD      TYPE             DEVICE SIZE/OFF     NODE NAME
receptor     748           awx  cwd       DIR              253,0      235      128 /
receptor     748           awx  rtd       DIR              253,0      235      128 /
receptor     748           awx  txt       REG              253,0 55920336 33952409 /usr/bin/receptor
receptor     748           awx  mem       REG              253,0  5436640 50591543 /usr/lib64/libcrypto.so.3.2.2
receptor     748           awx  mem       REG              253,0  2544344 50590560 /usr/lib64/libc.so.6
receptor     748           awx  mem       REG              253,0   102552 50590580 /usr/lib64/libz.so.1.2.11
receptor     748           awx  mem       REG              253,0    70520 50590571 /usr/lib64/libresolv.so.2
receptor     748           awx  mem       REG              253,0   897856 50590556 /usr/lib64/ld-linux-x86-64.so.2
receptor     748           awx    0r      CHR                1,3      0t0        4 /dev/null
receptor     748           awx    1w      REG              253,0     4290 17534110 /var/log/receptor/receptor.log
receptor     748           awx    2w      REG              253,0     4290 17534110 /var/log/receptor/receptor.log
receptor     748           awx    3r  a_inode               0,14        0       59 inotify
receptor     748           awx    4u  a_inode               0,14        0       59 [eventpoll:5,7,9,12,14,17,18,19,20,21,22,24,28,30,31,32,33,36,37,40,41,42,43,44,45,47,50,51,52,53,55,64...]
receptor     748           awx    5r     FIFO               0,13      0t0    23656 pipe
receptor     748           awx    6w     FIFO               0,13      0t0    23656 pipe
receptor     748           awx    7r  a_inode               0,14        0       59 inotify
receptor     748           awx    8r  a_inode               0,14        0       59 inotify
receptor     748           awx    9r  a_inode               0,14        0       59 inotify
receptor     748           awx   10r  a_inode               0,14        0       59 inotify
receptor     748           awx   11r  a_inode               0,14        0       59 inotify
receptor     748           awx   12r  a_inode               0,14        0       59 inotify
receptor     748           awx   13rW     REG               0,24        0      958 /run/awx-receptor/receptor.sock.lock
receptor     748           awx   14u     unix 0xffff9e4b07ccf300      0t0    22691 /var/run/awx-receptor/receptor.sock type=STREAM (LISTEN)
receptor     748           awx   15u     IPv6              23673      0t0      TCP *:27199 (LISTEN)
receptor     748           awx   16r  a_inode               0,14        0       59 inotify
receptor     748           awx   17r  a_inode               0,14        0       59 inotify
receptor     748           awx   18r  a_inode               0,14        0       59 inotify
receptor     748           awx   19r  a_inode               0,14        0       59 inotify
receptor     748           awx   20r  a_inode               0,14        0       59 inotify
receptor     748           awx   21r  a_inode               0,14        0       59 inotify
receptor     748           awx   22r  a_inode               0,14        0       59 inotify
receptor     748           awx   23u     IPv6              24302      0t0      TCP aap25-control.aap-test.local:27199->aap25-execution.aap-test.local:35552 (ESTABLISHED)
receptor     748           awx   24u     unix 0xffff9e4b0d16ee00      0t0  4841561 /var/run/awx-receptor/receptor.sock type=STREAM (CONNECTED)
receptor     748           awx   25r  a_inode               0,14        0       59 inotify
receptor     748           awx   26r  a_inode               0,14        0       59 inotify
receptor     748           awx   27r  a_inode               0,14        0       59 inotify
receptor     748           awx   28r  a_inode               0,14        0       59 inotify
receptor     748           awx   29r  a_inode               0,14        0       59 inotify
receptor     748           awx   30r  a_inode               0,14        0       59 inotify
receptor     748           awx   31r  a_inode               0,14        0       59 inotify
receptor     748           awx   32r  a_inode               0,14        0       59 inotify
receptor     748           awx   33r  a_inode               0,14        0       59 inotify
receptor     748           awx   34r  a_inode               0,14        0       59 inotify
receptor     748           awx   35r  a_inode               0,14        0       59 inotify
receptor     748           awx   36r  a_inode               0,14        0       59 inotify
receptor     748           awx   37r  a_inode               0,14        0       59 inotify
receptor     748           awx   38r  a_inode               0,14        0       59 inotify
receptor     748           awx   39r  a_inode               0,14        0       59 inotify
receptor     748           awx   40r  a_inode               0,14        0       59 inotify
receptor     748           awx   41r  a_inode               0,14        0       59 inotify
receptor     748           awx   42r  a_inode               0,14        0       59 inotify
receptor     748           awx   43r  a_inode               0,14        0       59 inotify
receptor     748           awx   44r  a_inode               0,14        0       59 inotify
receptor     748           awx   45r  a_inode               0,14        0       59 inotify
receptor     748           awx   46r  a_inode               0,14        0       59 inotify
receptor     748           awx   47r  a_inode               0,14        0       59 inotify
receptor     748           awx   48r  a_inode               0,14        0       59 inotify
receptor     748           awx   49r  a_inode               0,14        0       59 inotify
receptor     748           awx   50r  a_inode               0,14        0       59 inotify
receptor     748           awx   51r  a_inode               0,14        0       59 inotify
receptor     748           awx   52r  a_inode               0,14        0       59 inotify
receptor     748           awx   53r  a_inode               0,14        0       59 inotify
receptor     748           awx   54r  a_inode               0,14        0       59 inotify
receptor     748           awx   55r  a_inode               0,14        0       59 inotify
receptor     748           awx   56r  a_inode               0,14        0       59 inotify
receptor     748           awx   57r  a_inode               0,14        0       59 inotify
receptor     748           awx   58r  a_inode               0,14        0       59 inotify
receptor     748           awx   59r  a_inode               0,14        0       59 inotify
receptor     748           awx   60r  a_inode               0,14        0       59 inotify
receptor     748           awx   61r  a_inode               0,14        0       59 inotify
receptor     748           awx   62r  a_inode               0,14        0       59 inotify
receptor     748           awx   64r  a_inode               0,14        0       59 inotify
receptor     748           awx   65r      REG              253,0    38066 35807786 /tmp/receptor/192.168.1.233/IbfuJOwz/stdout
receptor     748           awx   68w      REG              253,0    38066 35807786 /tmp/receptor/192.168.1.233/IbfuJOwz/stdout
chronyd      759        chrony    5u     IPv4              22678      0t0      UDP localhost:323 
chronyd      759        chrony    6u     IPv6              22679      0t0      UDP localhost:323 
NetworkMa    764          root   26u     IPv4              26052      0t0      UDP aap25-control.aap-test.local:bootpc->pi.hole:bootps 
sshd         790          root    3u     IPv4              25862      0t0      TCP *:ssh (LISTEN)
sshd         790          root    4u     IPv6              25864      0t0      TCP *:ssh (LISTEN)
node_expo   1103 node_exporter    3u     IPv6              26086      0t0      TCP *:jetdirect (LISTEN)
node_expo   1103 node_exporter    7u     IPv6              26561      0t0      TCP aap25-control.aap-test.local:jetdirect->monitoring-node.aap-test.local:46350 (ESTABLISHED)
daphne      1156           awx   14u     IPv4              24392      0t0      TCP aap25-control.aap-test.local:58186->aap25-database.aap-test.local:postgres (ESTABLISHED)
nginx       1163          root    8u     IPv4              26119      0t0      TCP *:https (LISTEN)
nginx       1163          root    9u     IPv6              26120      0t0      TCP *:https (LISTEN)
nginx       1163          root   10u     IPv4              26121      0t0      TCP *:http (LISTEN)
nginx       1163          root   11u     IPv6              26122      0t0      TCP *:http (LISTEN)
nginx       1164         nginx    4u     IPv4            4730644      0t0      TCP aap25-control.aap-test.local:https->192.168.1.30:57628 (ESTABLISHED)
nginx       1164         nginx    8u     IPv4              26119      0t0      TCP *:https (LISTEN)
nginx       1164         nginx    9u     IPv6              26120      0t0      TCP *:https (LISTEN)
nginx       1164         nginx   10u     IPv4              26121      0t0      TCP *:http (LISTEN)
nginx       1164         nginx   11u     IPv6              26122      0t0      TCP *:http (LISTEN)
nginx       1165         nginx    8u     IPv4              26119      0t0      TCP *:https (LISTEN)
nginx       1165         nginx    9u     IPv6              26120      0t0      TCP *:https (LISTEN)
nginx       1165         nginx   10u     IPv4              26121      0t0      TCP *:http (LISTEN)
nginx       1165         nginx   11u     IPv6              26122      0t0      TCP *:http (LISTEN)
nginx       1169         nginx    4u     IPv4            4744305      0t0      TCP aap25-control.aap-test.local:https->192.168.1.30:41934 (ESTABLISHED)
nginx       1169         nginx    8u     IPv4              26119      0t0      TCP *:https (LISTEN)
nginx       1169         nginx    9u     IPv6              26120      0t0      TCP *:https (LISTEN)
nginx       1169         nginx   10u     IPv4              26121      0t0      TCP *:http (LISTEN)
nginx       1169         nginx   11u     IPv6              26122      0t0      TCP *:http (LISTEN)
nginx       1170         nginx    8u     IPv4              26119      0t0      TCP *:https (LISTEN)
nginx       1170         nginx    9u     IPv6              26120      0t0      TCP *:https (LISTEN)
nginx       1170         nginx   10u     IPv4              26121      0t0      TCP *:http (LISTEN)
nginx       1170         nginx   11u     IPv6              26122      0t0      TCP *:http (LISTEN)
awx-manag   1639           awx   15u     IPv6              24454      0t0      TCP localhost:8015 (LISTEN)
awx-manag   1639           awx   39u     IPv4              24471      0t0      TCP aap25-control.aap-test.local:58302->aap25-database.aap-test.local:postgres (ESTABLISHED)
awx-manag   1639           awx   40u     IPv4              24474      0t0      TCP aap25-control.aap-test.local:58306->aap25-database.aap-test.local:postgres (ESTABLISHED)
awx-manag   1640           awx   15u     IPv6              23442      0t0      TCP localhost:8014 (LISTEN)
awx-manag   1641           awx    9u     IPv6              26650      0t0      TCP localhost:8016 (LISTEN)
awx-manag   1641           awx   18u     IPv4              26653      0t0      TCP aap25-control.aap-test.local:58288->aap25-database.aap-test.local:postgres (ESTABLISHED)
awx-manag   1642           awx    9u     IPv4              26493      0t0      TCP aap25-control.aap-test.local:58258->aap25-database.aap-test.local:postgres (ESTABLISHED)
awx-manag   1655           awx    9u     IPv4              26549      0t0      TCP aap25-control.aap-test.local:58310->aap25-database.aap-test.local:postgres (ESTABLISHED)
awx-manag   1684           awx   15u     IPv6              24454      0t0      TCP localhost:8015 (LISTEN)
awx-manag   1684           awx   24u     IPv4            4846275      0t0      TCP aap25-control.aap-test.local:38782->aap25-database.aap-test.local:postgres (ESTABLISHED)
awx-manag   1685           awx   15u     IPv6              24454      0t0      TCP localhost:8015 (LISTEN)
awx-manag   1685           awx   29u     IPv4            4848783      0t0      TCP aap25-control.aap-test.local:38808->aap25-database.aap-test.local:postgres (ESTABLISHED)
awx-manag   1686           awx   15u     IPv6              24454      0t0      TCP localhost:8015 (LISTEN)
awx-manag   1687           awx   15u     IPv6              24454      0t0      TCP localhost:8015 (LISTEN)
awx-manag   1689           awx   15u     IPv6              23442      0t0      TCP localhost:8014 (LISTEN)
awx-manag   1690           awx   15u     IPv6              23442      0t0      TCP localhost:8014 (LISTEN)
awx-manag   1691           awx   15u     IPv6              23442      0t0      TCP localhost:8014 (LISTEN)
awx-manag   1692           awx   15u     IPv6              23442      0t0      TCP localhost:8014 (LISTEN)
sshd      759920          root    4u     IPv4            4814652      0t0      TCP aap25-control.aap-test.local:ssh->192.168.1.49:33560 (ESTABLISHED)
sshd      759940          root    4u     IPv4            4814652      0t0      TCP aap25-control.aap-test.local:ssh->192.168.1.49:33560 (ESTABLISHED)

    PID    PPID CMD                           RSS    VSZ %CPU %MEM     ELAPSED
 760078       1 bash -c  log_file="/tmp/mem  3456   7320  0.0  0.0       05:43
Receptor Child Processes for PID 760078:
      PID    PPID CMD                           RSS    VSZ %CPU %MEM     ELAPSED
Receptor Threads for PID 760078:
    PID    SPID %CPU %MEM   RSS COMMAND
 760078  760078  0.0  0.0  3456 bash
Receptor Network Connections for PID 760078:
COMMAND      PID          USER   FD   TYPE  DEVICE SIZE/OFF     NODE NAME
receptor     748           awx   15u  IPv6   23673      0t0      TCP *:27199 (LISTEN)
receptor     748           awx   23u  IPv6   24302      0t0      TCP aap25-control.aap-test.local:27199->aap25-execution.aap-test.local:35552 (ESTABLISHED)
chronyd      759        chrony    5u  IPv4   22678      0t0      UDP localhost:323 
chronyd      759        chrony    6u  IPv6   22679      0t0      UDP localhost:323 
NetworkMa    764          root   26u  IPv4   26052      0t0      UDP aap25-control.aap-test.local:bootpc->pi.hole:bootps 
sshd         790          root    3u  IPv4   25862      0t0      TCP *:ssh (LISTEN)
sshd         790          root    4u  IPv6   25864      0t0      TCP *:ssh (LISTEN)
node_expo   1103 node_exporter    3u  IPv6   26086      0t0      TCP *:jetdirect (LISTEN)
node_expo   1103 node_exporter    7u  IPv6   26561      0t0      TCP aap25-control.aap-test.local:jetdirect->monitoring-node.aap-test.local:46350 (ESTABLISHED)
daphne      1156           awx   14u  IPv4   24392      0t0      TCP aap25-control.aap-test.local:58186->aap25-database.aap-test.local:postgres (ESTABLISHED)
nginx       1163          root    8u  IPv4   26119      0t0      TCP *:https (LISTEN)
nginx       1163          root    9u  IPv6   26120      0t0      TCP *:https (LISTEN)
nginx       1163          root   10u  IPv4   26121      0t0      TCP *:http (LISTEN)
nginx       1163          root   11u  IPv6   26122      0t0      TCP *:http (LISTEN)
nginx       1164         nginx    4u  IPv4 4730644      0t0      TCP aap25-control.aap-test.local:https->192.168.1.30:57628 (ESTABLISHED)
nginx       1164         nginx    8u  IPv4   26119      0t0      TCP *:https (LISTEN)
nginx       1164         nginx    9u  IPv6   26120      0t0      TCP *:https (LISTEN)
nginx       1164         nginx   10u  IPv4   26121      0t0      TCP *:http (LISTEN)
nginx       1164         nginx   11u  IPv6   26122      0t0      TCP *:http (LISTEN)
nginx       1165         nginx    8u  IPv4   26119      0t0      TCP *:https (LISTEN)
nginx       1165         nginx    9u  IPv6   26120      0t0      TCP *:https (LISTEN)
nginx       1165         nginx   10u  IPv4   26121      0t0      TCP *:http (LISTEN)
nginx       1165         nginx   11u  IPv6   26122      0t0      TCP *:http (LISTEN)
nginx       1169         nginx    4u  IPv4 4744305      0t0      TCP aap25-control.aap-test.local:https->192.168.1.30:41934 (ESTABLISHED)
nginx       1169         nginx    8u  IPv4   26119      0t0      TCP *:https (LISTEN)
nginx       1169         nginx    9u  IPv6   26120      0t0      TCP *:https (LISTEN)
nginx       1169         nginx   10u  IPv4   26121      0t0      TCP *:http (LISTEN)
nginx       1169         nginx   11u  IPv6   26122      0t0      TCP *:http (LISTEN)
nginx       1170         nginx    8u  IPv4   26119      0t0      TCP *:https (LISTEN)
nginx       1170         nginx    9u  IPv6   26120      0t0      TCP *:https (LISTEN)
nginx       1170         nginx   10u  IPv4   26121      0t0      TCP *:http (LISTEN)
nginx       1170         nginx   11u  IPv6   26122      0t0      TCP *:http (LISTEN)
awx-manag   1639           awx   15u  IPv6   24454      0t0      TCP localhost:8015 (LISTEN)
awx-manag   1639           awx   39u  IPv4   24471      0t0      TCP aap25-control.aap-test.local:58302->aap25-database.aap-test.local:postgres (ESTABLISHED)
awx-manag   1639           awx   40u  IPv4   24474      0t0      TCP aap25-control.aap-test.local:58306->aap25-database.aap-test.local:postgres (ESTABLISHED)
awx-manag   1640           awx   15u  IPv6   23442      0t0      TCP localhost:8014 (LISTEN)
awx-manag   1641           awx    9u  IPv6   26650      0t0      TCP localhost:8016 (LISTEN)
awx-manag   1641           awx   18u  IPv4   26653      0t0      TCP aap25-control.aap-test.local:58288->aap25-database.aap-test.local:postgres (ESTABLISHED)
awx-manag   1642           awx    9u  IPv4   26493      0t0      TCP aap25-control.aap-test.local:58258->aap25-database.aap-test.local:postgres (ESTABLISHED)
awx-manag   1655           awx    9u  IPv4   26549      0t0      TCP aap25-control.aap-test.local:58310->aap25-database.aap-test.local:postgres (ESTABLISHED)
awx-manag   1684           awx   15u  IPv6   24454      0t0      TCP localhost:8015 (LISTEN)
awx-manag   1684           awx   24u  IPv4 4846275      0t0      TCP aap25-control.aap-test.local:38782->aap25-database.aap-test.local:postgres (ESTABLISHED)
awx-manag   1685           awx   15u  IPv6   24454      0t0      TCP localhost:8015 (LISTEN)
awx-manag   1685           awx   29u  IPv4 4848783      0t0      TCP aap25-control.aap-test.local:38808->aap25-database.aap-test.local:postgres (ESTABLISHED)
awx-manag   1686           awx   15u  IPv6   24454      0t0      TCP localhost:8015 (LISTEN)
awx-manag   1687           awx   15u  IPv6   24454      0t0      TCP localhost:8015 (LISTEN)
awx-manag   1689           awx   15u  IPv6   23442      0t0      TCP localhost:8014 (LISTEN)
awx-manag   1690           awx   15u  IPv6   23442      0t0      TCP localhost:8014 (LISTEN)
awx-manag   1691           awx   15u  IPv6   23442      0t0      TCP localhost:8014 (LISTEN)
awx-manag   1692           awx   15u  IPv6   23442      0t0      TCP localhost:8014 (LISTEN)
sshd      759920          root    4u  IPv4 4814652      0t0      TCP aap25-control.aap-test.local:ssh->192.168.1.49:33560 (ESTABLISHED)
sshd      759940          root    4u  IPv4 4814652      0t0      TCP aap25-control.aap-test.local:ssh->192.168.1.49:33560 (ESTABLISHED)
bash      760078          root  cwd    DIR   253,0     4096 33685638 /root
bash      760078          root  rtd    DIR   253,0      235      128 /
bash      760078          root  txt    REG   253,0  1389072 33755766 /usr/bin/bash
bash      760078          root  mem    REG   253,0  2586930   223716 /usr/lib/locale/en_US.utf8/LC_COLLATE
bash      760078          root  mem    REG   253,0  2544344 50590560 /usr/lib64/libc.so.6
bash      760078          root  mem    REG   253,0   346132 50590237 /usr/lib/locale/C.utf8/LC_CTYPE
bash      760078          root  mem    REG   253,0       54   223719 /usr/lib/locale/en_US.utf8/LC_NUMERIC
bash      760078          root  mem    REG   253,0     3284 17219141 /usr/lib/locale/en_US.utf8/LC_TIME
bash      760078          root  mem    REG   253,0      286 17219139 /usr/lib/locale/en_US.utf8/LC_MONETARY
bash      760078          root  mem    REG   253,0       57 17219152 /usr/lib/locale/en_US.utf8/LC_MESSAGES/SYS_LC_MESSAGES
bash      760078          root  mem    REG   253,0    26988 33841777 /usr/lib64/gconv/gconv-modules.cache
bash      760078          root  mem    REG   253,0   195080 50590221 /usr/lib64/libtinfo.so.6.2
bash      760078          root  mem    REG   253,0       34 50590538 /usr/lib/locale/en_US.utf8/LC_PAPER
bash      760078          root  mem    REG   253,0       77   223718 /usr/lib/locale/en_US.utf8/LC_NAME
bash      760078          root  mem    REG   253,0      167 17219135 /usr/lib/locale/en_US.utf8/LC_ADDRESS
bash      760078          root  mem    REG   253,0       59 17219140 /usr/lib/locale/en_US.utf8/LC_TELEPHONE
bash      760078          root  mem    REG   253,0       23 17219138 /usr/lib/locale/en_US.utf8/LC_MEASUREMENT
bash      760078          root  mem    REG   253,0      369 17219137 /usr/lib/locale/en_US.utf8/LC_IDENTIFICATION
bash      760078          root  mem    REG   253,0   897856 50590556 /usr/lib64/ld-linux-x86-64.so.2
bash      760078          root    0r   CHR     1,3      0t0        4 /dev/null
bash      760078          root    1w   REG   253,0        0 18572042 /tmp/memory_monitor.log
bash      760078          root    2w   REG   253,0        0 18572042 /tmp/memory_monitor.log
bash      760078          root    3r  FIFO    0,13      0t0  4846401 pipe

    PID    PPID CMD                           RSS    VSZ %CPU %MEM     ELAPSED
Receptor Child Processes for PID 769382:
  No child processes found
Receptor Threads for PID 769382:
    PID    SPID %CPU %MEM   RSS COMMAND
Receptor Network Connections for PID 769382:
COMMAND      PID          USER   FD   TYPE  DEVICE SIZE/OFF NODE NAME
receptor     748           awx   15u  IPv6   23673      0t0  TCP *:27199 (LISTEN)
receptor     748           awx   23u  IPv6   24302      0t0  TCP aap25-control.aap-test.local:27199->aap25-execution.aap-test.local:35552 (ESTABLISHED)
chronyd      759        chrony    5u  IPv4   22678      0t0  UDP localhost:323 
chronyd      759        chrony    6u  IPv6   22679      0t0  UDP localhost:323 
NetworkMa    764          root   26u  IPv4   26052      0t0  UDP aap25-control.aap-test.local:bootpc->pi.hole:bootps 
sshd         790          root    3u  IPv4   25862      0t0  TCP *:ssh (LISTEN)
sshd         790          root    4u  IPv6   25864      0t0  TCP *:ssh (LISTEN)
node_expo   1103 node_exporter    3u  IPv6   26086      0t0  TCP *:jetdirect (LISTEN)
node_expo   1103 node_exporter    7u  IPv6   26561      0t0  TCP aap25-control.aap-test.local:jetdirect->monitoring-node.aap-test.local:46350 (ESTABLISHED)
daphne      1156           awx   14u  IPv4   24392      0t0  TCP aap25-control.aap-test.local:58186->aap25-database.aap-test.local:postgres (ESTABLISHED)
nginx       1163          root    8u  IPv4   26119      0t0  TCP *:https (LISTEN)
nginx       1163          root    9u  IPv6   26120      0t0  TCP *:https (LISTEN)
nginx       1163          root   10u  IPv4   26121      0t0  TCP *:http (LISTEN)
nginx       1163          root   11u  IPv6   26122      0t0  TCP *:http (LISTEN)
nginx       1164         nginx    4u  IPv4 4730644      0t0  TCP aap25-control.aap-test.local:https->192.168.1.30:57628 (ESTABLISHED)
nginx       1164         nginx    8u  IPv4   26119      0t0  TCP *:https (LISTEN)
nginx       1164         nginx    9u  IPv6   26120      0t0  TCP *:https (LISTEN)
nginx       1164         nginx   10u  IPv4   26121      0t0  TCP *:http (LISTEN)
nginx       1164         nginx   11u  IPv6   26122      0t0  TCP *:http (LISTEN)
nginx       1165         nginx    8u  IPv4   26119      0t0  TCP *:https (LISTEN)
nginx       1165         nginx    9u  IPv6   26120      0t0  TCP *:https (LISTEN)
nginx       1165         nginx   10u  IPv4   26121      0t0  TCP *:http (LISTEN)
nginx       1165         nginx   11u  IPv6   26122      0t0  TCP *:http (LISTEN)
nginx       1169         nginx    4u  IPv4 4744305      0t0  TCP aap25-control.aap-test.local:https->192.168.1.30:41934 (ESTABLISHED)
nginx       1169         nginx    8u  IPv4   26119      0t0  TCP *:https (LISTEN)
nginx       1169         nginx    9u  IPv6   26120      0t0  TCP *:https (LISTEN)
nginx       1169         nginx   10u  IPv4   26121      0t0  TCP *:http (LISTEN)
nginx       1169         nginx   11u  IPv6   26122      0t0  TCP *:http (LISTEN)
nginx       1170         nginx    8u  IPv4   26119      0t0  TCP *:https (LISTEN)
nginx       1170         nginx    9u  IPv6   26120      0t0  TCP *:https (LISTEN)
nginx       1170         nginx   10u  IPv4   26121      0t0  TCP *:http (LISTEN)
nginx       1170         nginx   11u  IPv6   26122      0t0  TCP *:http (LISTEN)
awx-manag   1639           awx   15u  IPv6   24454      0t0  TCP localhost:8015 (LISTEN)
awx-manag   1639           awx   39u  IPv4   24471      0t0  TCP aap25-control.aap-test.local:58302->aap25-database.aap-test.local:postgres (ESTABLISHED)
awx-manag   1639           awx   40u  IPv4   24474      0t0  TCP aap25-control.aap-test.local:58306->aap25-database.aap-test.local:postgres (ESTABLISHED)
awx-manag   1640           awx   15u  IPv6   23442      0t0  TCP localhost:8014 (LISTEN)
awx-manag   1641           awx    9u  IPv6   26650      0t0  TCP localhost:8016 (LISTEN)
awx-manag   1641           awx   18u  IPv4   26653      0t0  TCP aap25-control.aap-test.local:58288->aap25-database.aap-test.local:postgres (ESTABLISHED)
awx-manag   1642           awx    9u  IPv4   26493      0t0  TCP aap25-control.aap-test.local:58258->aap25-database.aap-test.local:postgres (ESTABLISHED)
awx-manag   1655           awx    9u  IPv4   26549      0t0  TCP aap25-control.aap-test.local:58310->aap25-database.aap-test.local:postgres (ESTABLISHED)
awx-manag   1684           awx   15u  IPv6   24454      0t0  TCP localhost:8015 (LISTEN)
awx-manag   1684           awx   24u  IPv4 4846275      0t0  TCP aap25-control.aap-test.local:38782->aap25-database.aap-test.local:postgres (ESTABLISHED)
awx-manag   1685           awx   15u  IPv6   24454      0t0  TCP localhost:8015 (LISTEN)
awx-manag   1685           awx   29u  IPv4 4848783      0t0  TCP aap25-control.aap-test.local:38808->aap25-database.aap-test.local:postgres (ESTABLISHED)
awx-manag   1686           awx   15u  IPv6   24454      0t0  TCP localhost:8015 (LISTEN)
awx-manag   1687           awx   15u  IPv6   24454      0t0  TCP localhost:8015 (LISTEN)
awx-manag   1689           awx   15u  IPv6   23442      0t0  TCP localhost:8014 (LISTEN)
awx-manag   1690           awx   15u  IPv6   23442      0t0  TCP localhost:8014 (LISTEN)
awx-manag   1691           awx   15u  IPv6   23442      0t0  TCP localhost:8014 (LISTEN)
awx-manag   1692           awx   15u  IPv6   23442      0t0  TCP localhost:8014 (LISTEN)
sshd      759920          root    4u  IPv4 4814652      0t0  TCP aap25-control.aap-test.local:ssh->192.168.1.49:33560 (ESTABLISHED)
sshd      759940          root    4u  IPv4 4814652      0t0  TCP aap25-control.aap-test.local:ssh->192.168.1.49:33560 (ESTABLISHED)
  No network connections found

=== RECEPTOR MEMORY SUMMARY ===
Total Receptor RSS Memory: 61132 KB (59 MB)
Total Receptor VSZ Memory: 1797348 KB (1755 MB)
Number of Receptor Processes: 3

AAP-related Processes and Children:
=== AAP Service Processes ===
Process: receptor (PID: 748)
    PID    PPID CMD                           RSS
    748       1 /usr/bin/receptor -c /etc/r 57676

Process: redis-server (PID: 1105)
    PID    PPID CMD                           RSS
   1105       1 /usr/bin/redis-server unixs 13428

Process: uwsgi (PID: 1140)
    PID    PPID CMD                           RSS
   1140     774 /var/lib/awx/venv/awx/bin/u 144764
  Children of PID 1140:
    PID    PPID CMD                           RSS
 759750    1140 /var/lib/awx/venv/awx/bin/u 139236
    PID    PPID CMD                           RSS
 759751    1140 /var/lib/awx/venv/awx/bin/u 146532
    PID    PPID CMD                           RSS
 759752    1140 /var/lib/awx/venv/awx/bin/u 138980
    PID    PPID CMD                           RSS
 759753    1140 /var/lib/awx/venv/awx/bin/u 139748

Process: nginx (PID: 1163)
    PID    PPID CMD                           RSS
   1163       1 nginx: master process /usr/  2504
  Children of PID 1163:
    PID    PPID CMD                           RSS
   1164    1163 nginx: worker process        8136
    PID    PPID CMD                           RSS
   1165    1163 nginx: worker process        8392
    PID    PPID CMD                           RSS
   1169    1163 nginx: worker process        8264
    PID    PPID CMD                           RSS
   1170    1163 nginx: worker process        8136

Process: nginx (PID: 1164)
    PID    PPID CMD                           RSS
   1164    1163 nginx: worker process        8136

Process: nginx (PID: 1165)
    PID    PPID CMD                           RSS
   1165    1163 nginx: worker process        8392

Process: nginx (PID: 1169)
    PID    PPID CMD                           RSS
   1169    1163 nginx: worker process        8264

Process: nginx (PID: 1170)
    PID    PPID CMD                           RSS
   1170    1163 nginx: worker process        8136

Process: uwsgi (PID: 759750)
    PID    PPID CMD                           RSS
 759750    1140 /var/lib/awx/venv/awx/bin/u 139236

Process: uwsgi (PID: 759751)
    PID    PPID CMD                           RSS
 759751    1140 /var/lib/awx/venv/awx/bin/u 146532

Process: uwsgi (PID: 759752)
    PID    PPID CMD                           RSS
 759752    1140 /var/lib/awx/venv/awx/bin/u 138980

Process: uwsgi (PID: 759753)
    PID    PPID CMD                           RSS
 759753    1140 /var/lib/awx/venv/awx/bin/u 139748

Process: bash (PID: 760078)
    PID    PPID CMD                           RSS
 760078       1 bash -c  log_file="/tmp/mem  3456
  Children of PID 760078:
    PID    PPID CMD                           RSS
 769462  760078 bash -c  log_file="/tmp/mem  2132

Process: bash (PID: 769462)
    PID    PPID CMD                           RSS
 769462  760078 bash -c  log_file="/tmp/mem  2132
  Children of PID 769462:
    PID    PPID CMD                           RSS


Process Tree for AAP Services:
=== automation-controller Process Tree ===
bash(760078)---pstree(769517)
=== receptor Process Tree ===
receptor(748)-+-{receptor}(752)
              |-{receptor}(753)
              |-{receptor}(754)
              |-{receptor}(755)
              |-{receptor}(756)
              |-{receptor}(762)
              `-{receptor}(3478)
bash(760078)---pstree(769522)
=== nginx Process Tree ===
nginx(1163)-+-nginx(1164)
            |-nginx(1165)
            |-nginx(1169)
            `-nginx(1170)
nginx(1164)
nginx(1165)
nginx(1169)
nginx(1170)
bash(760078)---pstree(769531)
=== postgresql Process Tree ===
bash(760078)---pstree(769535)
=== redis Process Tree ===
redis-server(1105)-+-{redis-server}(1131)
                   |-{redis-server}(1132)
                   |-{redis-server}(1133)
                   `-{redis-server}(1135)
bash(760078)---pstree(769540)
=== uwsgi Process Tree ===
uwsgi(1140)-+-uwsgi(759750)
            |-uwsgi(759751)
            |-uwsgi(759752)
            `-uwsgi(759753)
uwsgi(759750)
uwsgi(759751)
uwsgi(759752)
uwsgi(759753)
bash(760078)---pstree(769549)
=== automation-hub Process Tree ===
bash(760078)---pstree(769553)
=== automation-eda Process Tree ===
bash(760078)---pstree(769557)

Memory monitoring completed for aap25 medium test at Mon Jul  7 09:12:18 AM PDT 2025
