Starting memory monitoring for aap25 medium test at Thu Jul  3 11:58:45 AM EDT 2025
=================================================================================
2025-07-03 11:58:45
Memory Usage Report:
               total        used        free      shared  buff/cache   available
Mem:            7555        1235        5775           9         811        6319
Swap:           5327           0        5327

Top 10 Processes by RSS Memory:
    PID    PPID CMD                           RSS
   1165    1123 uwsgi /etc/ansible-automati 119724
   1167    1123 uwsgi /etc/ansible-automati 118968
   1579    1124 /usr/bin/python3.11 -sP /us 118836
   1575    1124 /usr/bin/python3.11 -sP /us 118512
   1166    1123 uwsgi /etc/ansible-automati 118248
   1163    1123 uwsgi /etc/ansible-automati 117100
   1164    1123 uwsgi /etc/ansible-automati 116060
   1124     774 /usr/bin/python3.11 -sP /us 114040
   1578    1124 /usr/bin/python3.11 -sP /us 99016
   1576    1124 /usr/bin/python3.11 -sP /us 98888

=== RECEPTOR PROCESS ANALYSIS ===
Receptor Main Processes:
    PID    PPID CMD                           RSS    VSZ %CPU %MEM     ELAPSED
   7512       1 bash -c  log_file="/tmp/mem  3456   7260  0.0  0.0       00:00
Receptor Child Processes for PID 7512:
      PID    PPID CMD                           RSS    VSZ %CPU %MEM     ELAPSED
Receptor Threads for PID 7512:
    PID    SPID %CPU %MEM   RSS COMMAND
   7512    7512  0.0  0.0  3456 bash
Receptor Network Connections for PID 7512:
COMMAND    PID   USER   FD   TYPE DEVICE SIZE/OFF     NODE NAME
envoy      727   root   22u  IPv4  73949      0t0      TCP localhost.localdomain:43534->localhost.localdomain:pcsync-https (ESTABLISHED)
envoy      727   root   31u  IPv4  23339      0t0      TCP localhost.localdomain:60444->localhost.localdomain:pcsync-https (ESTABLISHED)
envoy      727   root   32u  IPv4  23341      0t0      TCP localhost.localdomain:41216->aap25-control.lan:https (ESTABLISHED)
envoy      727   root   34u  IPv4  23358      0t0      TCP *:https (LISTEN)
envoy      727   root   35u  IPv4  23359      0t0      TCP *:https (LISTEN)
envoy      727   root   36u  IPv4  80762      0t0      TCP localhost.localdomain:https->192.168.1.49:57898 (ESTABLISHED)
envoy      727   root   37u  IPv4  24888      0t0      TCP localhost:49764->localhost:50051 (ESTABLISHED)
envoy      727   root   38u  IPv4  65989      0t0      TCP localhost.localdomain:59008->localhost.localdomain:pcsync-https (ESTABLISHED)
envoy      727   root   39u  IPv4  27862      0t0      TCP localhost:50600->localhost:50051 (ESTABLISHED)
envoy      727   root   40u  IPv4  65459      0t0      TCP localhost.localdomain:45204->localhost.localdomain:pcsync-https (ESTABLISHED)
envoy      727   root   41u  IPv4  81296      0t0      TCP localhost.localdomain:https->192.168.1.49:57916 (ESTABLISHED)
envoy      727   root   42u  IPv4  80764      0t0      TCP localhost.localdomain:https->192.168.1.49:57950 (ESTABLISHED)
envoy      727   root   43u  IPv4  80766      0t0      TCP localhost.localdomain:https->192.168.1.49:57964 (ESTABLISHED)
envoy      727   root   45u  IPv4  82116      0t0      TCP localhost.localdomain:https->192.168.1.49:56876 (ESTABLISHED)
envoy      727   root   49u  IPv4  81665      0t0      TCP localhost.localdomain:https->192.168.1.49:56866 (ESTABLISHED)
envoy      727   root   50u  IPv4  81708      0t0      TCP localhost.localdomain:https->192.168.1.49:44012 (ESTABLISHED)
envoy      727   root   53u  IPv4  81710      0t0      TCP localhost.localdomain:44784->aap25-control.lan:https (ESTABLISHED)
envoy      727   root   55u  IPv4  81718      0t0      TCP localhost.localdomain:44798->aap25-control.lan:https (ESTABLISHED)
chronyd    745 chrony    5u  IPv4  21055      0t0      UDP localhost:323 
chronyd    745 chrony    6u  IPv6  21056      0t0      UDP localhost:323 
NetworkMa  764   root   26u  IPv4  22715      0t0      UDP localhost.localdomain:bootpc->pi.hole:bootps 
sshd       795   root    3u  IPv4  21297      0t0      TCP *:ssh (LISTEN)
sshd       795   root    4u  IPv6  21299      0t0      TCP *:ssh (LISTEN)
redis-ser 1074  redis    6u  IPv4  22809      0t0      TCP *:redis (LISTEN)
redis-ser 1074  redis    7u  IPv6  22810      0t0      TCP *:redis (LISTEN)
redis-ser 1074  redis    8u  IPv4  23343      0t0      TCP localhost.localdomain:redis->localhost.localdomain:39864 (ESTABLISHED)
redis-ser 1074  redis    9u  IPv4  23381      0t0      TCP localhost.localdomain:redis->localhost.localdomain:39870 (ESTABLISHED)
redis-ser 1074  redis   10u  IPv4  24388      0t0      TCP localhost.localdomain:redis->localhost.localdomain:37148 (ESTABLISHED)
redis-ser 1074  redis   11u  IPv4  24882      0t0      TCP localhost.localdomain:redis->localhost.localdomain:59062 (ESTABLISHED)
redis-ser 1074  redis   12u  IPv4  26422      0t0      TCP localhost.localdomain:redis->localhost.localdomain:59074 (ESTABLISHED)
redis-ser 1074  redis   13u  IPv4  31079      0t0      TCP localhost.localdomain:redis->localhost.localdomain:54200 (ESTABLISHED)
redis-ser 1074  redis   14u  IPv4  27889      0t0      TCP localhost.localdomain:redis->localhost.localdomain:47160 (ESTABLISHED)
redis-ser 1074  redis   15u  IPv4  78636      0t0      TCP localhost.localdomain:redis->localhost.localdomain:49930 (ESTABLISHED)
redis-ser 1074  redis   16u  IPv4  78637      0t0      TCP localhost.localdomain:redis->localhost.localdomain:49932 (ESTABLISHED)
redis-ser 1074  redis   17u  IPv4  79305      0t0      TCP localhost.localdomain:redis->localhost.localdomain:45260 (ESTABLISHED)
redis-ser 1074  redis   18u  IPv4  79496      0t0      TCP localhost.localdomain:redis->localhost.localdomain:43842 (ESTABLISHED)
nginx     1112   root    6u  IPv4  22847      0t0      TCP *:pcsync-https (LISTEN)
nginx     1113  nginx    6u  IPv4  22847      0t0      TCP *:pcsync-https (LISTEN)
nginx     1113  nginx   11u  IPv4  24240      0t0      TCP localhost.localdomain:pcsync-https->localhost.localdomain:60444 (ESTABLISHED)
nginx     1114  nginx    6u  IPv4  22847      0t0      TCP *:pcsync-https (LISTEN)
nginx     1114  nginx    7u  IPv4  65649      0t0      TCP localhost.localdomain:pcsync-https->localhost.localdomain:45204 (ESTABLISHED)
nginx     1114  nginx    8u  IPv4  66842      0t0      TCP localhost.localdomain:pcsync-https->localhost.localdomain:59008 (ESTABLISHED)
nginx     1114  nginx   15u  IPv4  73950      0t0      TCP localhost.localdomain:pcsync-https->localhost.localdomain:43534 (ESTABLISHED)
uwsgi     1123   root    3u  IPv4  24000      0t0      TCP localhost:8050 (LISTEN)
uwsgi     1163   root    3u  IPv4  24000      0t0      TCP localhost:8050 (LISTEN)
uwsgi     1163   root    9u  IPv4  24329      0t0      TCP localhost.localdomain:39870->localhost.localdomain:redis (ESTABLISHED)
uwsgi     1164   root    3u  IPv4  24000      0t0      TCP localhost:8050 (LISTEN)
uwsgi     1164   root    8u  IPv4  26415      0t0      TCP localhost.localdomain:59062->localhost.localdomain:redis (ESTABLISHED)
uwsgi     1165   root    3u  IPv4  24000      0t0      TCP localhost:8050 (LISTEN)
uwsgi     1165   root    7u  IPv4  24248      0t0      TCP localhost.localdomain:39864->localhost.localdomain:redis (ESTABLISHED)
uwsgi     1166   root    3u  IPv4  24000      0t0      TCP localhost:8050 (LISTEN)
uwsgi     1166   root    8u  IPv4  31108      0t0      TCP localhost.localdomain:47160->localhost.localdomain:redis (ESTABLISHED)
uwsgi     1167   root    3u  IPv4  24000      0t0      TCP localhost:8050 (LISTEN)
uwsgi     1167   root    8u  IPv4  23458      0t0      TCP localhost.localdomain:37148->localhost.localdomain:redis (ESTABLISHED)
aap-gatew 1575   root    9u  IPv6  24217      0t0      TCP *:50051 (LISTEN)
aap-gatew 1575   root   10u  IPv6  31077      0t0      TCP localhost:50051->localhost:50600 (ESTABLISHED)
aap-gatew 1575   root   11u  IPv4  27863      0t0      TCP localhost.localdomain:54200->localhost.localdomain:redis (ESTABLISHED)
aap-gatew 1575   root   12u  IPv4  54461      0t0      TCP localhost.localdomain:36124->aap25-database.lan:postgres (ESTABLISHED)
aap-gatew 1575   root   13u  IPv4  79304      0t0      TCP localhost.localdomain:45260->localhost.localdomain:redis (ESTABLISHED)
aap-gatew 1575   root   14u  IPv4  79307      0t0      TCP localhost.localdomain:39522->aap25-database.lan:postgres (ESTABLISHED)
aap-gatew 1575   root   15u  IPv4  79312      0t0      TCP localhost.localdomain:39526->aap25-database.lan:postgres (ESTABLISHED)
aap-gatew 1575   root   16u  IPv4  80005      0t0      TCP localhost.localdomain:43842->localhost.localdomain:redis (ESTABLISHED)
aap-gatew 1575   root   17u  IPv4  80042      0t0      TCP localhost.localdomain:33938->aap25-database.lan:postgres (ESTABLISHED)
aap-gatew 1576   root   11u  IPv6  24220      0t0      TCP *:50051 (LISTEN)
aap-gatew 1577   root   13u  IPv6  24223      0t0      TCP *:50051 (LISTEN)
aap-gatew 1578   root   15u  IPv6  23305      0t0      TCP *:50051 (LISTEN)
aap-gatew 1579   root   17u  IPv6  23302      0t0      TCP *:50051 (LISTEN)
aap-gatew 1579   root   18u  IPv6  26420      0t0      TCP localhost:50051->localhost:49764 (ESTABLISHED)
aap-gatew 1579   root   19u  IPv4  24889      0t0      TCP localhost.localdomain:59074->localhost.localdomain:redis (ESTABLISHED)
aap-gatew 1579   root   20u  IPv4  24890      0t0      TCP localhost.localdomain:49120->aap25-database.lan:postgres (ESTABLISHED)
aap-gatew 1579   root   21u  IPv4  79220      0t0      TCP localhost.localdomain:49930->localhost.localdomain:redis (ESTABLISHED)
aap-gatew 1579   root   22u  IPv4  78635      0t0      TCP localhost.localdomain:49932->localhost.localdomain:redis (ESTABLISHED)
aap-gatew 1579   root   23u  IPv4  79280      0t0      TCP localhost.localdomain:58526->aap25-database.lan:postgres (ESTABLISHED)
aap-gatew 1579   root   24u  IPv4  81677      0t0      TCP localhost.localdomain:58422->aap25-database.lan:postgres (ESTABLISHED)
aap-gatew 1579   root   25u  IPv4  79283      0t0      TCP localhost.localdomain:58528->aap25-database.lan:postgres (ESTABLISHED)
sshd      7364   root    4u  IPv4  83376      0t0      TCP localhost.localdomain:ssh->192.168.1.49:43512 (ESTABLISHED)
sshd      7385   root    4u  IPv4  83376      0t0      TCP localhost.localdomain:ssh->192.168.1.49:43512 (ESTABLISHED)
bash      7512   root  cwd    DIR  253,0      185 50331782 /root
bash      7512   root  rtd    DIR  253,0      235      128 /
bash      7512   root  txt    REG  253,0  1389072 50367435 /usr/bin/bash
bash      7512   root  mem    REG  253,0  2586930 50367720 /usr/lib/locale/en_US.utf8/LC_COLLATE
bash      7512   root  mem    REG  253,0  2544344     2597 /usr/lib64/libc.so.6
bash      7512   root  mem    REG  253,0   346132 33699956 /usr/lib/locale/C.utf8/LC_CTYPE
bash      7512   root  mem    REG  253,0       54 50367723 /usr/lib/locale/en_US.utf8/LC_NUMERIC
bash      7512   root  mem    REG  253,0     3284     2565 /usr/lib/locale/en_US.utf8/LC_TIME
bash      7512   root  mem    REG  253,0      286     2563 /usr/lib/locale/en_US.utf8/LC_MONETARY
bash      7512   root  mem    REG  253,0       57     2576 /usr/lib/locale/en_US.utf8/LC_MESSAGES/SYS_LC_MESSAGES
bash      7512   root  mem    REG  253,0    26988 16780452 /usr/lib64/gconv/gconv-modules.cache
bash      7512   root  mem    REG  253,0   195080     2316 /usr/lib64/libtinfo.so.6.2
bash      7512   root  mem    REG  253,0       34 33700259 /usr/lib/locale/en_US.utf8/LC_PAPER
bash      7512   root  mem    REG  253,0       77 50367722 /usr/lib/locale/en_US.utf8/LC_NAME
bash      7512   root  mem    REG  253,0      167     2559 /usr/lib/locale/en_US.utf8/LC_ADDRESS
bash      7512   root  mem    REG  253,0       59     2564 /usr/lib/locale/en_US.utf8/LC_TELEPHONE
bash      7512   root  mem    REG  253,0       23     2562 /usr/lib/locale/en_US.utf8/LC_MEASUREMENT
bash      7512   root  mem    REG  253,0      369     2561 /usr/lib/locale/en_US.utf8/LC_IDENTIFICATION
bash      7512   root  mem    REG  253,0   897856     2593 /usr/lib64/ld-linux-x86-64.so.2
bash      7512   root    0r   CHR    1,3      0t0        4 /dev/null
bash      7512   root    1w   REG  253,0        0 34669828 /tmp/memory_monitor.log
bash      7512   root    2w   REG  253,0        0 34669828 /tmp/memory_monitor.log
bash      7512   root    3r  FIFO   0,13      0t0    83785 pipe

    PID    PPID CMD                           RSS    VSZ %CPU %MEM     ELAPSED
Receptor Child Processes for PID 7520:
  No child processes found
Receptor Threads for PID 7520:
    PID    SPID %CPU %MEM   RSS COMMAND
Receptor Network Connections for PID 7520:
COMMAND    PID   USER   FD   TYPE DEVICE SIZE/OFF NODE NAME
envoy      727   root   22u  IPv4  73949      0t0  TCP localhost.localdomain:43534->localhost.localdomain:pcsync-https (ESTABLISHED)
envoy      727   root   31u  IPv4  23339      0t0  TCP localhost.localdomain:60444->localhost.localdomain:pcsync-https (ESTABLISHED)
envoy      727   root   32u  IPv4  23341      0t0  TCP localhost.localdomain:41216->aap25-control.lan:https (ESTABLISHED)
envoy      727   root   34u  IPv4  23358      0t0  TCP *:https (LISTEN)
envoy      727   root   35u  IPv4  23359      0t0  TCP *:https (LISTEN)
envoy      727   root   36u  IPv4  80762      0t0  TCP localhost.localdomain:https->192.168.1.49:57898 (ESTABLISHED)
envoy      727   root   37u  IPv4  24888      0t0  TCP localhost:49764->localhost:50051 (ESTABLISHED)
envoy      727   root   38u  IPv4  65989      0t0  TCP localhost.localdomain:59008->localhost.localdomain:pcsync-https (ESTABLISHED)
envoy      727   root   39u  IPv4  27862      0t0  TCP localhost:50600->localhost:50051 (ESTABLISHED)
envoy      727   root   40u  IPv4  65459      0t0  TCP localhost.localdomain:45204->localhost.localdomain:pcsync-https (ESTABLISHED)
envoy      727   root   41u  IPv4  81296      0t0  TCP localhost.localdomain:https->192.168.1.49:57916 (ESTABLISHED)
envoy      727   root   42u  IPv4  80764      0t0  TCP localhost.localdomain:https->192.168.1.49:57950 (ESTABLISHED)
envoy      727   root   43u  IPv4  80766      0t0  TCP localhost.localdomain:https->192.168.1.49:57964 (ESTABLISHED)
envoy      727   root   45u  IPv4  82116      0t0  TCP localhost.localdomain:https->192.168.1.49:56876 (ESTABLISHED)
envoy      727   root   49u  IPv4  81665      0t0  TCP localhost.localdomain:https->192.168.1.49:56866 (ESTABLISHED)
envoy      727   root   50u  IPv4  81708      0t0  TCP localhost.localdomain:https->192.168.1.49:44012 (ESTABLISHED)
envoy      727   root   53u  IPv4  81710      0t0  TCP localhost.localdomain:44784->aap25-control.lan:https (ESTABLISHED)
envoy      727   root   55u  IPv4  81718      0t0  TCP localhost.localdomain:44798->aap25-control.lan:https (ESTABLISHED)
chronyd    745 chrony    5u  IPv4  21055      0t0  UDP localhost:323 
chronyd    745 chrony    6u  IPv6  21056      0t0  UDP localhost:323 
NetworkMa  764   root   26u  IPv4  22715      0t0  UDP localhost.localdomain:bootpc->pi.hole:bootps 
sshd       795   root    3u  IPv4  21297      0t0  TCP *:ssh (LISTEN)
sshd       795   root    4u  IPv6  21299      0t0  TCP *:ssh (LISTEN)
redis-ser 1074  redis    6u  IPv4  22809      0t0  TCP *:redis (LISTEN)
redis-ser 1074  redis    7u  IPv6  22810      0t0  TCP *:redis (LISTEN)
redis-ser 1074  redis    8u  IPv4  23343      0t0  TCP localhost.localdomain:redis->localhost.localdomain:39864 (ESTABLISHED)
redis-ser 1074  redis    9u  IPv4  23381      0t0  TCP localhost.localdomain:redis->localhost.localdomain:39870 (ESTABLISHED)
redis-ser 1074  redis   10u  IPv4  24388      0t0  TCP localhost.localdomain:redis->localhost.localdomain:37148 (ESTABLISHED)
redis-ser 1074  redis   11u  IPv4  24882      0t0  TCP localhost.localdomain:redis->localhost.localdomain:59062 (ESTABLISHED)
redis-ser 1074  redis   12u  IPv4  26422      0t0  TCP localhost.localdomain:redis->localhost.localdomain:59074 (ESTABLISHED)
redis-ser 1074  redis   13u  IPv4  31079      0t0  TCP localhost.localdomain:redis->localhost.localdomain:54200 (ESTABLISHED)
redis-ser 1074  redis   14u  IPv4  27889      0t0  TCP localhost.localdomain:redis->localhost.localdomain:47160 (ESTABLISHED)
redis-ser 1074  redis   15u  IPv4  78636      0t0  TCP localhost.localdomain:redis->localhost.localdomain:49930 (ESTABLISHED)
redis-ser 1074  redis   16u  IPv4  78637      0t0  TCP localhost.localdomain:redis->localhost.localdomain:49932 (ESTABLISHED)
redis-ser 1074  redis   17u  IPv4  79305      0t0  TCP localhost.localdomain:redis->localhost.localdomain:45260 (ESTABLISHED)
redis-ser 1074  redis   18u  IPv4  79496      0t0  TCP localhost.localdomain:redis->localhost.localdomain:43842 (ESTABLISHED)
nginx     1112   root    6u  IPv4  22847      0t0  TCP *:pcsync-https (LISTEN)
nginx     1113  nginx    6u  IPv4  22847      0t0  TCP *:pcsync-https (LISTEN)
nginx     1113  nginx   11u  IPv4  24240      0t0  TCP localhost.localdomain:pcsync-https->localhost.localdomain:60444 (ESTABLISHED)
nginx     1114  nginx    6u  IPv4  22847      0t0  TCP *:pcsync-https (LISTEN)
nginx     1114  nginx    7u  IPv4  65649      0t0  TCP localhost.localdomain:pcsync-https->localhost.localdomain:45204 (ESTABLISHED)
nginx     1114  nginx    8u  IPv4  66842      0t0  TCP localhost.localdomain:pcsync-https->localhost.localdomain:59008 (ESTABLISHED)
nginx     1114  nginx   15u  IPv4  73950      0t0  TCP localhost.localdomain:pcsync-https->localhost.localdomain:43534 (ESTABLISHED)
uwsgi     1123   root    3u  IPv4  24000      0t0  TCP localhost:8050 (LISTEN)
uwsgi     1163   root    3u  IPv4  24000      0t0  TCP localhost:8050 (LISTEN)
uwsgi     1163   root    9u  IPv4  24329      0t0  TCP localhost.localdomain:39870->localhost.localdomain:redis (ESTABLISHED)
uwsgi     1164   root    3u  IPv4  24000      0t0  TCP localhost:8050 (LISTEN)
uwsgi     1164   root    8u  IPv4  26415      0t0  TCP localhost.localdomain:59062->localhost.localdomain:redis (ESTABLISHED)
uwsgi     1165   root    3u  IPv4  24000      0t0  TCP localhost:8050 (LISTEN)
uwsgi     1165   root    7u  IPv4  24248      0t0  TCP localhost.localdomain:39864->localhost.localdomain:redis (ESTABLISHED)
uwsgi     1166   root    3u  IPv4  24000      0t0  TCP localhost:8050 (LISTEN)
uwsgi     1166   root    8u  IPv4  31108      0t0  TCP localhost.localdomain:47160->localhost.localdomain:redis (ESTABLISHED)
uwsgi     1167   root    3u  IPv4  24000      0t0  TCP localhost:8050 (LISTEN)
uwsgi     1167   root    8u  IPv4  23458      0t0  TCP localhost.localdomain:37148->localhost.localdomain:redis (ESTABLISHED)
aap-gatew 1575   root    9u  IPv6  24217      0t0  TCP *:50051 (LISTEN)
aap-gatew 1575   root   10u  IPv6  31077      0t0  TCP localhost:50051->localhost:50600 (ESTABLISHED)
aap-gatew 1575   root   11u  IPv4  27863      0t0  TCP localhost.localdomain:54200->localhost.localdomain:redis (ESTABLISHED)
aap-gatew 1575   root   12u  IPv4  54461      0t0  TCP localhost.localdomain:36124->aap25-database.lan:postgres (ESTABLISHED)
aap-gatew 1575   root   13u  IPv4  79304      0t0  TCP localhost.localdomain:45260->localhost.localdomain:redis (ESTABLISHED)
aap-gatew 1575   root   14u  IPv4  79307      0t0  TCP localhost.localdomain:39522->aap25-database.lan:postgres (ESTABLISHED)
aap-gatew 1575   root   15u  IPv4  79312      0t0  TCP localhost.localdomain:39526->aap25-database.lan:postgres (ESTABLISHED)
aap-gatew 1575   root   16u  IPv4  80005      0t0  TCP localhost.localdomain:43842->localhost.localdomain:redis (ESTABLISHED)
aap-gatew 1575   root   17u  IPv4  80042      0t0  TCP localhost.localdomain:33938->aap25-database.lan:postgres (ESTABLISHED)
aap-gatew 1576   root   11u  IPv6  24220      0t0  TCP *:50051 (LISTEN)
aap-gatew 1577   root   13u  IPv6  24223      0t0  TCP *:50051 (LISTEN)
aap-gatew 1578   root   15u  IPv6  23305      0t0  TCP *:50051 (LISTEN)
aap-gatew 1579   root   17u  IPv6  23302      0t0  TCP *:50051 (LISTEN)
aap-gatew 1579   root   18u  IPv6  26420      0t0  TCP localhost:50051->localhost:49764 (ESTABLISHED)
aap-gatew 1579   root   19u  IPv4  24889      0t0  TCP localhost.localdomain:59074->localhost.localdomain:redis (ESTABLISHED)
aap-gatew 1579   root   20u  IPv4  24890      0t0  TCP localhost.localdomain:49120->aap25-database.lan:postgres (ESTABLISHED)
aap-gatew 1579   root   21u  IPv4  79220      0t0  TCP localhost.localdomain:49930->localhost.localdomain:redis (ESTABLISHED)
aap-gatew 1579   root   22u  IPv4  78635      0t0  TCP localhost.localdomain:49932->localhost.localdomain:redis (ESTABLISHED)
aap-gatew 1579   root   23u  IPv4  79280      0t0  TCP localhost.localdomain:58526->aap25-database.lan:postgres (ESTABLISHED)
aap-gatew 1579   root   24u  IPv4  81677      0t0  TCP localhost.localdomain:58422->aap25-database.lan:postgres (ESTABLISHED)
aap-gatew 1579   root   25u  IPv4  79283      0t0  TCP localhost.localdomain:58528->aap25-database.lan:postgres (ESTABLISHED)
sshd      7364   root    4u  IPv4  83376      0t0  TCP localhost.localdomain:ssh->192.168.1.49:43512 (ESTABLISHED)
sshd      7385   root    4u  IPv4  83376      0t0  TCP localhost.localdomain:ssh->192.168.1.49:43512 (ESTABLISHED)
  No network connections found

=== RECEPTOR MEMORY SUMMARY ===
Total Receptor RSS Memory: 3456 KB (3 MB)
Total Receptor VSZ Memory: 7260 KB (7 MB)
Number of Receptor Processes: 2

AAP-related Processes and Children:
=== AAP Service Processes ===
Process: redis-server (PID: 1074)
    PID    PPID CMD                           RSS
   1074       1 /usr/bin/redis-server *:637 16212

Process: nginx (PID: 1112)
    PID    PPID CMD                           RSS
   1112       1 nginx: master process /usr/  2104
  Children of PID 1112:
    PID    PPID CMD                           RSS
   1113    1112 nginx: worker process        8376
    PID    PPID CMD                           RSS
   1114    1112 nginx: worker process        8376

Process: nginx (PID: 1113)
    PID    PPID CMD                           RSS
   1113    1112 nginx: worker process        8376

Process: nginx (PID: 1114)
    PID    PPID CMD                           RSS
   1114    1112 nginx: worker process        8376

Process: uwsgi (PID: 1123)
    PID    PPID CMD                           RSS
   1123     774 uwsgi /etc/ansible-automati 13952
  Children of PID 1123:
    PID    PPID CMD                           RSS
   1163    1123 uwsgi /etc/ansible-automati 117100
    PID    PPID CMD                           RSS
   1164    1123 uwsgi /etc/ansible-automati 116060
    PID    PPID CMD                           RSS
   1165    1123 uwsgi /etc/ansible-automati 119724
    PID    PPID CMD                           RSS
   1166    1123 uwsgi /etc/ansible-automati 118248
    PID    PPID CMD                           RSS
   1167    1123 uwsgi /etc/ansible-automati 118968

Process: uwsgi (PID: 1163)
    PID    PPID CMD                           RSS
   1163    1123 uwsgi /etc/ansible-automati 117100

Process: uwsgi (PID: 1164)
    PID    PPID CMD                           RSS
   1164    1123 uwsgi /etc/ansible-automati 116060

Process: uwsgi (PID: 1165)
    PID    PPID CMD                           RSS
   1165    1123 uwsgi /etc/ansible-automati 119724

Process: uwsgi (PID: 1166)
    PID    PPID CMD                           RSS
   1166    1123 uwsgi /etc/ansible-automati 118248

Process: uwsgi (PID: 1167)
    PID    PPID CMD                           RSS
   1167    1123 uwsgi /etc/ansible-automati 118968

Process: bash (PID: 7512)
    PID    PPID CMD                           RSS
   7512       1 bash -c  log_file="/tmp/mem  3456
  Children of PID 7512:
    PID    PPID CMD                           RSS
   7579    7512 bash -c  log_file="/tmp/mem  2468

Process: bash (PID: 7579)
    PID    PPID CMD                           RSS
   7579    7512 bash -c  log_file="/tmp/mem  2468
  Children of PID 7579:
    PID    PPID CMD                           RSS


Process Tree for AAP Services:
=== automation-controller Process Tree ===
bash(7512)---pstree(7627)
=== receptor Process Tree ===
bash(7512)---pstree(7631)
=== nginx Process Tree ===
nginx(1112)-+-nginx(1113)
            `-nginx(1114)
nginx(1113)
nginx(1114)
bash(7512)---pstree(7638)
=== postgresql Process Tree ===
bash(7512)---pstree(7642)
=== redis Process Tree ===
redis-server(1074)-+-{redis-server}(1083)
                   |-{redis-server}(1084)
                   |-{redis-server}(1085)
                   `-{redis-server}(1086)
bash(7512)---pstree(7647)
=== uwsgi Process Tree ===
uwsgi(1123)-+-uwsgi(1163)
            |-uwsgi(1164)
            |-uwsgi(1165)
            |-uwsgi(1166)
            `-uwsgi(1167)
uwsgi(1163)
uwsgi(1164)
uwsgi(1165)
uwsgi(1166)
uwsgi(1167)
bash(7512)---pstree(7657)
=== automation-hub Process Tree ===
bash(7512)---pstree(7661)
=== automation-eda Process Tree ===
bash(7512)---pstree(7665)

=================================================================================
2025-07-03 11:59:16
Memory Usage Report:
               total        used        free      shared  buff/cache   available
Mem:            7555        1216        5794           9         811        6339
Swap:           5327           0        5327

Top 10 Processes by RSS Memory:
    PID    PPID CMD                           RSS
   1165    1123 uwsgi /etc/ansible-automati 119724
   1167    1123 uwsgi /etc/ansible-automati 118968
   1579    1124 /usr/bin/python3.11 -sP /us 118836
   1575    1124 /usr/bin/python3.11 -sP /us 118512
   1166    1123 uwsgi /etc/ansible-automati 118248
   1163    1123 uwsgi /etc/ansible-automati 117356
   1164    1123 uwsgi /etc/ansible-automati 116060
   1124     774 /usr/bin/python3.11 -sP /us 114040
   1578    1124 /usr/bin/python3.11 -sP /us 99016
   1576    1124 /usr/bin/python3.11 -sP /us 98888

=== RECEPTOR PROCESS ANALYSIS ===
Receptor Main Processes:
    PID    PPID CMD                           RSS    VSZ %CPU %MEM     ELAPSED
   7512       1 bash -c  log_file="/tmp/mem  3456   7260  0.0  0.0       00:31
Receptor Child Processes for PID 7512:
      PID    PPID CMD                           RSS    VSZ %CPU %MEM     ELAPSED
Receptor Threads for PID 7512:
    PID    SPID %CPU %MEM   RSS COMMAND
   7512    7512  0.0  0.0  3456 bash
Receptor Network Connections for PID 7512:
COMMAND    PID   USER   FD   TYPE DEVICE SIZE/OFF     NODE NAME
envoy      727   root   22u  IPv4  73949      0t0      TCP localhost.localdomain:43534->localhost.localdomain:pcsync-https (ESTABLISHED)
envoy      727   root   31u  IPv4  23339      0t0      TCP localhost.localdomain:60444->localhost.localdomain:pcsync-https (ESTABLISHED)
envoy      727   root   32u  IPv4  23341      0t0      TCP localhost.localdomain:41216->aap25-control.lan:https (ESTABLISHED)
envoy      727   root   34u  IPv4  23358      0t0      TCP *:https (LISTEN)
envoy      727   root   35u  IPv4  23359      0t0      TCP *:https (LISTEN)
envoy      727   root   36u  IPv4  80762      0t0      TCP localhost.localdomain:https->192.168.1.49:57898 (ESTABLISHED)
envoy      727   root   37u  IPv4  24888      0t0      TCP localhost:49764->localhost:50051 (ESTABLISHED)
envoy      727   root   38u  IPv4  65989      0t0      TCP localhost.localdomain:59008->localhost.localdomain:pcsync-https (ESTABLISHED)
envoy      727   root   39u  IPv4  27862      0t0      TCP localhost:50600->localhost:50051 (ESTABLISHED)
envoy      727   root   40u  IPv4  65459      0t0      TCP localhost.localdomain:45204->localhost.localdomain:pcsync-https (ESTABLISHED)
envoy      727   root   41u  IPv4  81296      0t0      TCP localhost.localdomain:https->192.168.1.49:57916 (ESTABLISHED)
envoy      727   root   42u  IPv4  80764      0t0      TCP localhost.localdomain:https->192.168.1.49:57950 (ESTABLISHED)
envoy      727   root   43u  IPv4  80766      0t0      TCP localhost.localdomain:https->192.168.1.49:57964 (ESTABLISHED)
envoy      727   root   45u  IPv4  82116      0t0      TCP localhost.localdomain:https->192.168.1.49:56876 (ESTABLISHED)
envoy      727   root   49u  IPv4  81665      0t0      TCP localhost.localdomain:https->192.168.1.49:56866 (ESTABLISHED)
envoy      727   root   50u  IPv4  81708      0t0      TCP localhost.localdomain:https->192.168.1.49:44012 (ESTABLISHED)
envoy      727   root   53u  IPv4  81710      0t0      TCP localhost.localdomain:44784->aap25-control.lan:https (ESTABLISHED)
envoy      727   root   55u  IPv4  81718      0t0      TCP localhost.localdomain:44798->aap25-control.lan:https (ESTABLISHED)
chronyd    745 chrony    5u  IPv4  21055      0t0      UDP localhost:323 
chronyd    745 chrony    6u  IPv6  21056      0t0      UDP localhost:323 
NetworkMa  764   root   26u  IPv4  22715      0t0      UDP localhost.localdomain:bootpc->pi.hole:bootps 
sshd       795   root    3u  IPv4  21297      0t0      TCP *:ssh (LISTEN)
sshd       795   root    4u  IPv6  21299      0t0      TCP *:ssh (LISTEN)
redis-ser 1074  redis    6u  IPv4  22809      0t0      TCP *:redis (LISTEN)
redis-ser 1074  redis    7u  IPv6  22810      0t0      TCP *:redis (LISTEN)
redis-ser 1074  redis    8u  IPv4  23343      0t0      TCP localhost.localdomain:redis->localhost.localdomain:39864 (ESTABLISHED)
redis-ser 1074  redis    9u  IPv4  23381      0t0      TCP localhost.localdomain:redis->localhost.localdomain:39870 (ESTABLISHED)
redis-ser 1074  redis   10u  IPv4  24388      0t0      TCP localhost.localdomain:redis->localhost.localdomain:37148 (ESTABLISHED)
redis-ser 1074  redis   11u  IPv4  24882      0t0      TCP localhost.localdomain:redis->localhost.localdomain:59062 (ESTABLISHED)
redis-ser 1074  redis   12u  IPv4  26422      0t0      TCP localhost.localdomain:redis->localhost.localdomain:59074 (ESTABLISHED)
redis-ser 1074  redis   13u  IPv4  31079      0t0      TCP localhost.localdomain:redis->localhost.localdomain:54200 (ESTABLISHED)
redis-ser 1074  redis   14u  IPv4  27889      0t0      TCP localhost.localdomain:redis->localhost.localdomain:47160 (ESTABLISHED)
redis-ser 1074  redis   15u  IPv4  78636      0t0      TCP localhost.localdomain:redis->localhost.localdomain:49930 (ESTABLISHED)
redis-ser 1074  redis   16u  IPv4  78637      0t0      TCP localhost.localdomain:redis->localhost.localdomain:49932 (ESTABLISHED)
redis-ser 1074  redis   17u  IPv4  79305      0t0      TCP localhost.localdomain:redis->localhost.localdomain:45260 (ESTABLISHED)
redis-ser 1074  redis   18u  IPv4  79496      0t0      TCP localhost.localdomain:redis->localhost.localdomain:43842 (ESTABLISHED)
nginx     1112   root    6u  IPv4  22847      0t0      TCP *:pcsync-https (LISTEN)
nginx     1113  nginx    6u  IPv4  22847      0t0      TCP *:pcsync-https (LISTEN)
nginx     1113  nginx   11u  IPv4  24240      0t0      TCP localhost.localdomain:pcsync-https->localhost.localdomain:60444 (ESTABLISHED)
nginx     1114  nginx    6u  IPv4  22847      0t0      TCP *:pcsync-https (LISTEN)
nginx     1114  nginx    7u  IPv4  65649      0t0      TCP localhost.localdomain:pcsync-https->localhost.localdomain:45204 (ESTABLISHED)
nginx     1114  nginx    8u  IPv4  66842      0t0      TCP localhost.localdomain:pcsync-https->localhost.localdomain:59008 (ESTABLISHED)
nginx     1114  nginx   15u  IPv4  73950      0t0      TCP localhost.localdomain:pcsync-https->localhost.localdomain:43534 (ESTABLISHED)
uwsgi     1123   root    3u  IPv4  24000      0t0      TCP localhost:8050 (LISTEN)
uwsgi     1163   root    3u  IPv4  24000      0t0      TCP localhost:8050 (LISTEN)
uwsgi     1163   root    9u  IPv4  24329      0t0      TCP localhost.localdomain:39870->localhost.localdomain:redis (ESTABLISHED)
uwsgi     1164   root    3u  IPv4  24000      0t0      TCP localhost:8050 (LISTEN)
uwsgi     1164   root    8u  IPv4  26415      0t0      TCP localhost.localdomain:59062->localhost.localdomain:redis (ESTABLISHED)
uwsgi     1165   root    3u  IPv4  24000      0t0      TCP localhost:8050 (LISTEN)
uwsgi     1165   root    7u  IPv4  24248      0t0      TCP localhost.localdomain:39864->localhost.localdomain:redis (ESTABLISHED)
uwsgi     1166   root    3u  IPv4  24000      0t0      TCP localhost:8050 (LISTEN)
uwsgi     1166   root    8u  IPv4  31108      0t0      TCP localhost.localdomain:47160->localhost.localdomain:redis (ESTABLISHED)
uwsgi     1167   root    3u  IPv4  24000      0t0      TCP localhost:8050 (LISTEN)
uwsgi     1167   root    8u  IPv4  23458      0t0      TCP localhost.localdomain:37148->localhost.localdomain:redis (ESTABLISHED)
aap-gatew 1575   root    9u  IPv6  24217      0t0      TCP *:50051 (LISTEN)
aap-gatew 1575   root   10u  IPv6  31077      0t0      TCP localhost:50051->localhost:50600 (ESTABLISHED)
aap-gatew 1575   root   11u  IPv4  27863      0t0      TCP localhost.localdomain:54200->localhost.localdomain:redis (ESTABLISHED)
aap-gatew 1575   root   12u  IPv4  54461      0t0      TCP localhost.localdomain:36124->aap25-database.lan:postgres (ESTABLISHED)
aap-gatew 1575   root   13u  IPv4  79304      0t0      TCP localhost.localdomain:45260->localhost.localdomain:redis (ESTABLISHED)
aap-gatew 1575   root   14u  IPv4  79307      0t0      TCP localhost.localdomain:39522->aap25-database.lan:postgres (ESTABLISHED)
aap-gatew 1575   root   15u  IPv4  79312      0t0      TCP localhost.localdomain:39526->aap25-database.lan:postgres (ESTABLISHED)
aap-gatew 1575   root   16u  IPv4  80005      0t0      TCP localhost.localdomain:43842->localhost.localdomain:redis (ESTABLISHED)
aap-gatew 1575   root   17u  IPv4  80042      0t0      TCP localhost.localdomain:33938->aap25-database.lan:postgres (ESTABLISHED)
aap-gatew 1576   root   11u  IPv6  24220      0t0      TCP *:50051 (LISTEN)
aap-gatew 1577   root   13u  IPv6  24223      0t0      TCP *:50051 (LISTEN)
aap-gatew 1578   root   15u  IPv6  23305      0t0      TCP *:50051 (LISTEN)
aap-gatew 1579   root   17u  IPv6  23302      0t0      TCP *:50051 (LISTEN)
aap-gatew 1579   root   18u  IPv6  26420      0t0      TCP localhost:50051->localhost:49764 (ESTABLISHED)
aap-gatew 1579   root   19u  IPv4  24889      0t0      TCP localhost.localdomain:59074->localhost.localdomain:redis (ESTABLISHED)
aap-gatew 1579   root   20u  IPv4  24890      0t0      TCP localhost.localdomain:49120->aap25-database.lan:postgres (ESTABLISHED)
aap-gatew 1579   root   21u  IPv4  79220      0t0      TCP localhost.localdomain:49930->localhost.localdomain:redis (ESTABLISHED)
aap-gatew 1579   root   22u  IPv4  78635      0t0      TCP localhost.localdomain:49932->localhost.localdomain:redis (ESTABLISHED)
aap-gatew 1579   root   23u  IPv4  79280      0t0      TCP localhost.localdomain:58526->aap25-database.lan:postgres (ESTABLISHED)
aap-gatew 1579   root   24u  IPv4  81677      0t0      TCP localhost.localdomain:58422->aap25-database.lan:postgres (ESTABLISHED)
aap-gatew 1579   root   25u  IPv4  79283      0t0      TCP localhost.localdomain:58528->aap25-database.lan:postgres (ESTABLISHED)
sshd      7364   root    4u  IPv4  83376      0t0      TCP localhost.localdomain:ssh->192.168.1.49:43512 (ESTABLISHED)
sshd      7385   root    4u  IPv4  83376      0t0      TCP localhost.localdomain:ssh->192.168.1.49:43512 (ESTABLISHED)
bash      7512   root  cwd    DIR  253,0      185 50331782 /root
bash      7512   root  rtd    DIR  253,0      235      128 /
bash      7512   root  txt    REG  253,0  1389072 50367435 /usr/bin/bash
bash      7512   root  mem    REG  253,0  2586930 50367720 /usr/lib/locale/en_US.utf8/LC_COLLATE
bash      7512   root  mem    REG  253,0  2544344     2597 /usr/lib64/libc.so.6
bash      7512   root  mem    REG  253,0   346132 33699956 /usr/lib/locale/C.utf8/LC_CTYPE
bash      7512   root  mem    REG  253,0       54 50367723 /usr/lib/locale/en_US.utf8/LC_NUMERIC
bash      7512   root  mem    REG  253,0     3284     2565 /usr/lib/locale/en_US.utf8/LC_TIME
bash      7512   root  mem    REG  253,0      286     2563 /usr/lib/locale/en_US.utf8/LC_MONETARY
bash      7512   root  mem    REG  253,0       57     2576 /usr/lib/locale/en_US.utf8/LC_MESSAGES/SYS_LC_MESSAGES
bash      7512   root  mem    REG  253,0    26988 16780452 /usr/lib64/gconv/gconv-modules.cache
bash      7512   root  mem    REG  253,0   195080     2316 /usr/lib64/libtinfo.so.6.2
bash      7512   root  mem    REG  253,0       34 33700259 /usr/lib/locale/en_US.utf8/LC_PAPER
bash      7512   root  mem    REG  253,0       77 50367722 /usr/lib/locale/en_US.utf8/LC_NAME
bash      7512   root  mem    REG  253,0      167     2559 /usr/lib/locale/en_US.utf8/LC_ADDRESS
bash      7512   root  mem    REG  253,0       59     2564 /usr/lib/locale/en_US.utf8/LC_TELEPHONE
bash      7512   root  mem    REG  253,0       23     2562 /usr/lib/locale/en_US.utf8/LC_MEASUREMENT
bash      7512   root  mem    REG  253,0      369     2561 /usr/lib/locale/en_US.utf8/LC_IDENTIFICATION
bash      7512   root  mem    REG  253,0   897856     2593 /usr/lib64/ld-linux-x86-64.so.2
bash      7512   root    0r   CHR    1,3      0t0        4 /dev/null
bash      7512   root    1w   REG  253,0        0 34669828 /tmp/memory_monitor.log
bash      7512   root    2w   REG  253,0        0 34669828 /tmp/memory_monitor.log
bash      7512   root    3r  FIFO   0,13      0t0    84629 pipe

    PID    PPID CMD                           RSS    VSZ %CPU %MEM     ELAPSED
Receptor Child Processes for PID 7673:
  No child processes found
Receptor Threads for PID 7673:
    PID    SPID %CPU %MEM   RSS COMMAND
Receptor Network Connections for PID 7673:
COMMAND    PID   USER   FD   TYPE DEVICE SIZE/OFF NODE NAME
envoy      727   root   22u  IPv4  73949      0t0  TCP localhost.localdomain:43534->localhost.localdomain:pcsync-https (ESTABLISHED)
envoy      727   root   31u  IPv4  23339      0t0  TCP localhost.localdomain:60444->localhost.localdomain:pcsync-https (ESTABLISHED)
envoy      727   root   32u  IPv4  23341      0t0  TCP localhost.localdomain:41216->aap25-control.lan:https (ESTABLISHED)
envoy      727   root   34u  IPv4  23358      0t0  TCP *:https (LISTEN)
envoy      727   root   35u  IPv4  23359      0t0  TCP *:https (LISTEN)
envoy      727   root   36u  IPv4  80762      0t0  TCP localhost.localdomain:https->192.168.1.49:57898 (ESTABLISHED)
envoy      727   root   37u  IPv4  24888      0t0  TCP localhost:49764->localhost:50051 (ESTABLISHED)
envoy      727   root   38u  IPv4  65989      0t0  TCP localhost.localdomain:59008->localhost.localdomain:pcsync-https (ESTABLISHED)
envoy      727   root   39u  IPv4  27862      0t0  TCP localhost:50600->localhost:50051 (ESTABLISHED)
envoy      727   root   40u  IPv4  65459      0t0  TCP localhost.localdomain:45204->localhost.localdomain:pcsync-https (ESTABLISHED)
envoy      727   root   41u  IPv4  81296      0t0  TCP localhost.localdomain:https->192.168.1.49:57916 (ESTABLISHED)
envoy      727   root   42u  IPv4  80764      0t0  TCP localhost.localdomain:https->192.168.1.49:57950 (ESTABLISHED)
envoy      727   root   43u  IPv4  80766      0t0  TCP localhost.localdomain:https->192.168.1.49:57964 (ESTABLISHED)
envoy      727   root   45u  IPv4  82116      0t0  TCP localhost.localdomain:https->192.168.1.49:56876 (ESTABLISHED)
envoy      727   root   49u  IPv4  81665      0t0  TCP localhost.localdomain:https->192.168.1.49:56866 (ESTABLISHED)
envoy      727   root   50u  IPv4  81708      0t0  TCP localhost.localdomain:https->192.168.1.49:44012 (ESTABLISHED)
envoy      727   root   53u  IPv4  81710      0t0  TCP localhost.localdomain:44784->aap25-control.lan:https (ESTABLISHED)
envoy      727   root   55u  IPv4  81718      0t0  TCP localhost.localdomain:44798->aap25-control.lan:https (ESTABLISHED)
chronyd    745 chrony    5u  IPv4  21055      0t0  UDP localhost:323 
chronyd    745 chrony    6u  IPv6  21056      0t0  UDP localhost:323 
NetworkMa  764   root   26u  IPv4  22715      0t0  UDP localhost.localdomain:bootpc->pi.hole:bootps 
sshd       795   root    3u  IPv4  21297      0t0  TCP *:ssh (LISTEN)
sshd       795   root    4u  IPv6  21299      0t0  TCP *:ssh (LISTEN)
redis-ser 1074  redis    6u  IPv4  22809      0t0  TCP *:redis (LISTEN)
redis-ser 1074  redis    7u  IPv6  22810      0t0  TCP *:redis (LISTEN)
redis-ser 1074  redis    8u  IPv4  23343      0t0  TCP localhost.localdomain:redis->localhost.localdomain:39864 (ESTABLISHED)
redis-ser 1074  redis    9u  IPv4  23381      0t0  TCP localhost.localdomain:redis->localhost.localdomain:39870 (ESTABLISHED)
redis-ser 1074  redis   10u  IPv4  24388      0t0  TCP localhost.localdomain:redis->localhost.localdomain:37148 (ESTABLISHED)
redis-ser 1074  redis   11u  IPv4  24882      0t0  TCP localhost.localdomain:redis->localhost.localdomain:59062 (ESTABLISHED)
redis-ser 1074  redis   12u  IPv4  26422      0t0  TCP localhost.localdomain:redis->localhost.localdomain:59074 (ESTABLISHED)
redis-ser 1074  redis   13u  IPv4  31079      0t0  TCP localhost.localdomain:redis->localhost.localdomain:54200 (ESTABLISHED)
redis-ser 1074  redis   14u  IPv4  27889      0t0  TCP localhost.localdomain:redis->localhost.localdomain:47160 (ESTABLISHED)
redis-ser 1074  redis   15u  IPv4  78636      0t0  TCP localhost.localdomain:redis->localhost.localdomain:49930 (ESTABLISHED)
redis-ser 1074  redis   16u  IPv4  78637      0t0  TCP localhost.localdomain:redis->localhost.localdomain:49932 (ESTABLISHED)
redis-ser 1074  redis   17u  IPv4  79305      0t0  TCP localhost.localdomain:redis->localhost.localdomain:45260 (ESTABLISHED)
redis-ser 1074  redis   18u  IPv4  79496      0t0  TCP localhost.localdomain:redis->localhost.localdomain:43842 (ESTABLISHED)
nginx     1112   root    6u  IPv4  22847      0t0  TCP *:pcsync-https (LISTEN)
nginx     1113  nginx    6u  IPv4  22847      0t0  TCP *:pcsync-https (LISTEN)
nginx     1113  nginx   11u  IPv4  24240      0t0  TCP localhost.localdomain:pcsync-https->localhost.localdomain:60444 (ESTABLISHED)
nginx     1114  nginx    6u  IPv4  22847      0t0  TCP *:pcsync-https (LISTEN)
nginx     1114  nginx    7u  IPv4  65649      0t0  TCP localhost.localdomain:pcsync-https->localhost.localdomain:45204 (ESTABLISHED)
nginx     1114  nginx    8u  IPv4  66842      0t0  TCP localhost.localdomain:pcsync-https->localhost.localdomain:59008 (ESTABLISHED)
nginx     1114  nginx   15u  IPv4  73950      0t0  TCP localhost.localdomain:pcsync-https->localhost.localdomain:43534 (ESTABLISHED)
uwsgi     1123   root    3u  IPv4  24000      0t0  TCP localhost:8050 (LISTEN)
uwsgi     1163   root    3u  IPv4  24000      0t0  TCP localhost:8050 (LISTEN)
uwsgi     1163   root    9u  IPv4  24329      0t0  TCP localhost.localdomain:39870->localhost.localdomain:redis (ESTABLISHED)
uwsgi     1164   root    3u  IPv4  24000      0t0  TCP localhost:8050 (LISTEN)
uwsgi     1164   root    8u  IPv4  26415      0t0  TCP localhost.localdomain:59062->localhost.localdomain:redis (ESTABLISHED)
uwsgi     1165   root    3u  IPv4  24000      0t0  TCP localhost:8050 (LISTEN)
uwsgi     1165   root    7u  IPv4  24248      0t0  TCP localhost.localdomain:39864->localhost.localdomain:redis (ESTABLISHED)
uwsgi     1166   root    3u  IPv4  24000      0t0  TCP localhost:8050 (LISTEN)
uwsgi     1166   root    8u  IPv4  31108      0t0  TCP localhost.localdomain:47160->localhost.localdomain:redis (ESTABLISHED)
uwsgi     1167   root    3u  IPv4  24000      0t0  TCP localhost:8050 (LISTEN)
uwsgi     1167   root    8u  IPv4  23458      0t0  TCP localhost.localdomain:37148->localhost.localdomain:redis (ESTABLISHED)
aap-gatew 1575   root    9u  IPv6  24217      0t0  TCP *:50051 (LISTEN)
aap-gatew 1575   root   10u  IPv6  31077      0t0  TCP localhost:50051->localhost:50600 (ESTABLISHED)
aap-gatew 1575   root   11u  IPv4  27863      0t0  TCP localhost.localdomain:54200->localhost.localdomain:redis (ESTABLISHED)
aap-gatew 1575   root   12u  IPv4  54461      0t0  TCP localhost.localdomain:36124->aap25-database.lan:postgres (ESTABLISHED)
aap-gatew 1575   root   13u  IPv4  79304      0t0  TCP localhost.localdomain:45260->localhost.localdomain:redis (ESTABLISHED)
aap-gatew 1575   root   14u  IPv4  79307      0t0  TCP localhost.localdomain:39522->aap25-database.lan:postgres (ESTABLISHED)
aap-gatew 1575   root   15u  IPv4  79312      0t0  TCP localhost.localdomain:39526->aap25-database.lan:postgres (ESTABLISHED)
aap-gatew 1575   root   16u  IPv4  80005      0t0  TCP localhost.localdomain:43842->localhost.localdomain:redis (ESTABLISHED)
aap-gatew 1575   root   17u  IPv4  80042      0t0  TCP localhost.localdomain:33938->aap25-database.lan:postgres (ESTABLISHED)
aap-gatew 1576   root   11u  IPv6  24220      0t0  TCP *:50051 (LISTEN)
aap-gatew 1577   root   13u  IPv6  24223      0t0  TCP *:50051 (LISTEN)
aap-gatew 1578   root   15u  IPv6  23305      0t0  TCP *:50051 (LISTEN)
aap-gatew 1579   root   17u  IPv6  23302      0t0  TCP *:50051 (LISTEN)
aap-gatew 1579   root   18u  IPv6  26420      0t0  TCP localhost:50051->localhost:49764 (ESTABLISHED)
aap-gatew 1579   root   19u  IPv4  24889      0t0  TCP localhost.localdomain:59074->localhost.localdomain:redis (ESTABLISHED)
aap-gatew 1579   root   20u  IPv4  24890      0t0  TCP localhost.localdomain:49120->aap25-database.lan:postgres (ESTABLISHED)
aap-gatew 1579   root   21u  IPv4  79220      0t0  TCP localhost.localdomain:49930->localhost.localdomain:redis (ESTABLISHED)
aap-gatew 1579   root   22u  IPv4  78635      0t0  TCP localhost.localdomain:49932->localhost.localdomain:redis (ESTABLISHED)
aap-gatew 1579   root   23u  IPv4  79280      0t0  TCP localhost.localdomain:58526->aap25-database.lan:postgres (ESTABLISHED)
aap-gatew 1579   root   24u  IPv4  81677      0t0  TCP localhost.localdomain:58422->aap25-database.lan:postgres (ESTABLISHED)
aap-gatew 1579   root   25u  IPv4  79283      0t0  TCP localhost.localdomain:58528->aap25-database.lan:postgres (ESTABLISHED)
sshd      7364   root    4u  IPv4  83376      0t0  TCP localhost.localdomain:ssh->192.168.1.49:43512 (ESTABLISHED)
sshd      7385   root    4u  IPv4  83376      0t0  TCP localhost.localdomain:ssh->192.168.1.49:43512 (ESTABLISHED)
  No network connections found

=== RECEPTOR MEMORY SUMMARY ===
Total Receptor RSS Memory: 3456 KB (3 MB)
Total Receptor VSZ Memory: 7260 KB (7 MB)
Number of Receptor Processes: 2

AAP-related Processes and Children:
=== AAP Service Processes ===
Process: redis-server (PID: 1074)
    PID    PPID CMD                           RSS
   1074       1 /usr/bin/redis-server *:637 16212

Process: nginx (PID: 1112)
    PID    PPID CMD                           RSS
   1112       1 nginx: master process /usr/  2104
  Children of PID 1112:
    PID    PPID CMD                           RSS
   1113    1112 nginx: worker process        8376
    PID    PPID CMD                           RSS
   1114    1112 nginx: worker process        8376

Process: nginx (PID: 1113)
    PID    PPID CMD                           RSS
   1113    1112 nginx: worker process        8376

Process: nginx (PID: 1114)
    PID    PPID CMD                           RSS
   1114    1112 nginx: worker process        8376

Process: uwsgi (PID: 1123)
    PID    PPID CMD                           RSS
   1123     774 uwsgi /etc/ansible-automati 13952
  Children of PID 1123:
    PID    PPID CMD                           RSS
   1163    1123 uwsgi /etc/ansible-automati 117356
    PID    PPID CMD                           RSS
   1164    1123 uwsgi /etc/ansible-automati 116060
    PID    PPID CMD                           RSS
   1165    1123 uwsgi /etc/ansible-automati 119724
    PID    PPID CMD                           RSS
   1166    1123 uwsgi /etc/ansible-automati 118248
    PID    PPID CMD                           RSS
   1167    1123 uwsgi /etc/ansible-automati 118968

Process: uwsgi (PID: 1163)
    PID    PPID CMD                           RSS
   1163    1123 uwsgi /etc/ansible-automati 117356

Process: uwsgi (PID: 1164)
    PID    PPID CMD                           RSS
   1164    1123 uwsgi /etc/ansible-automati 116060

Process: uwsgi (PID: 1165)
    PID    PPID CMD                           RSS
   1165    1123 uwsgi /etc/ansible-automati 119724

Process: uwsgi (PID: 1166)
    PID    PPID CMD                           RSS
   1166    1123 uwsgi /etc/ansible-automati 118248

Process: uwsgi (PID: 1167)
    PID    PPID CMD                           RSS
   1167    1123 uwsgi /etc/ansible-automati 118968

Process: bash (PID: 7512)
    PID    PPID CMD                           RSS
   7512       1 bash -c  log_file="/tmp/mem  3456
  Children of PID 7512:
    PID    PPID CMD                           RSS
   7732    7512 bash -c  log_file="/tmp/mem  2476

Process: bash (PID: 7732)
    PID    PPID CMD                           RSS
   7732    7512 bash -c  log_file="/tmp/mem  2476
  Children of PID 7732:
    PID    PPID CMD                           RSS


Process Tree for AAP Services:
=== automation-controller Process Tree ===
bash(7512)---pstree(7780)
=== receptor Process Tree ===
bash(7512)---pstree(7784)
=== nginx Process Tree ===
nginx(1112)-+-nginx(1113)
            `-nginx(1114)
nginx(1113)
nginx(1114)
bash(7512)---pstree(7791)
=== postgresql Process Tree ===
bash(7512)---pstree(7795)
=== redis Process Tree ===
redis-server(1074)-+-{redis-server}(1083)
                   |-{redis-server}(1084)
                   |-{redis-server}(1085)
                   `-{redis-server}(1086)
bash(7512)---pstree(7800)
=== uwsgi Process Tree ===
uwsgi(1123)-+-uwsgi(1163)
            |-uwsgi(1164)
            |-uwsgi(1165)
            |-uwsgi(1166)
            `-uwsgi(1167)
uwsgi(1163)
uwsgi(1164)
uwsgi(1165)
uwsgi(1166)
uwsgi(1167)
bash(7512)---pstree(7810)
=== automation-hub Process Tree ===
bash(7512)---pstree(7814)
=== automation-eda Process Tree ===
bash(7512)---pstree(7818)

=================================================================================
2025-07-03 11:59:47
Memory Usage Report:
               total        used        free      shared  buff/cache   available
Mem:            7555        1209        5801           9         811        6345
Swap:           5327           0        5327

Top 10 Processes by RSS Memory:
    PID    PPID CMD                           RSS
   1165    1123 uwsgi /etc/ansible-automati 119724
   1167    1123 uwsgi /etc/ansible-automati 118968
   1579    1124 /usr/bin/python3.11 -sP /us 118964
   1575    1124 /usr/bin/python3.11 -sP /us 118512
   1166    1123 uwsgi /etc/ansible-automati 118248
   1163    1123 uwsgi /etc/ansible-automati 117356
   1164    1123 uwsgi /etc/ansible-automati 116060
   1124     774 /usr/bin/python3.11 -sP /us 114040
   1578    1124 /usr/bin/python3.11 -sP /us 99016
   1576    1124 /usr/bin/python3.11 -sP /us 98888

=== RECEPTOR PROCESS ANALYSIS ===
Receptor Main Processes:
    PID    PPID CMD                           RSS    VSZ %CPU %MEM     ELAPSED
   7512       1 bash -c  log_file="/tmp/mem  3456   7260  0.0  0.0       01:02
Receptor Child Processes for PID 7512:
      PID    PPID CMD                           RSS    VSZ %CPU %MEM     ELAPSED
Receptor Threads for PID 7512:
    PID    SPID %CPU %MEM   RSS COMMAND
   7512    7512  0.0  0.0  3456 bash
Receptor Network Connections for PID 7512:
COMMAND    PID   USER   FD   TYPE DEVICE SIZE/OFF     NODE NAME
envoy      727   root   22u  IPv4  73949      0t0      TCP localhost.localdomain:43534->localhost.localdomain:pcsync-https (ESTABLISHED)
envoy      727   root   31u  IPv4  23339      0t0      TCP localhost.localdomain:60444->localhost.localdomain:pcsync-https (ESTABLISHED)
envoy      727   root   32u  IPv4  23341      0t0      TCP localhost.localdomain:41216->aap25-control.lan:https (ESTABLISHED)
envoy      727   root   34u  IPv4  23358      0t0      TCP *:https (LISTEN)
envoy      727   root   35u  IPv4  23359      0t0      TCP *:https (LISTEN)
envoy      727   root   36u  IPv4  80762      0t0      TCP localhost.localdomain:https->192.168.1.49:57898 (ESTABLISHED)
envoy      727   root   37u  IPv4  24888      0t0      TCP localhost:49764->localhost:50051 (ESTABLISHED)
envoy      727   root   38u  IPv4  65989      0t0      TCP localhost.localdomain:59008->localhost.localdomain:pcsync-https (ESTABLISHED)
envoy      727   root   39u  IPv4  27862      0t0      TCP localhost:50600->localhost:50051 (ESTABLISHED)
envoy      727   root   40u  IPv4  65459      0t0      TCP localhost.localdomain:45204->localhost.localdomain:pcsync-https (ESTABLISHED)
envoy      727   root   41u  IPv4  81296      0t0      TCP localhost.localdomain:https->192.168.1.49:57916 (ESTABLISHED)
envoy      727   root   42u  IPv4  80764      0t0      TCP localhost.localdomain:https->192.168.1.49:57950 (ESTABLISHED)
envoy      727   root   43u  IPv4  80766      0t0      TCP localhost.localdomain:https->192.168.1.49:57964 (ESTABLISHED)
envoy      727   root   44u  IPv4  86301      0t0      TCP localhost.localdomain:37064->aap25-control.lan:https (ESTABLISHED)
envoy      727   root   45u  IPv4  82116      0t0      TCP localhost.localdomain:https->192.168.1.49:56876 (ESTABLISHED)
envoy      727   root   46u  IPv4  86328      0t0      TCP localhost.localdomain:37072->aap25-control.lan:https (ESTABLISHED)
envoy      727   root   47u  IPv4  86326      0t0      TCP localhost.localdomain:60070->localhost.localdomain:pcsync-https (ESTABLISHED)
envoy      727   root   48u  IPv4  87316      0t0      TCP localhost.localdomain:https->localhost.localdomain:39674 (ESTABLISHED)
envoy      727   root   49u  IPv4  81665      0t0      TCP localhost.localdomain:https->192.168.1.49:56866 (ESTABLISHED)
envoy      727   root   50u  IPv4  81708      0t0      TCP localhost.localdomain:https->192.168.1.49:44012 (ESTABLISHED)
envoy      727   root   53u  IPv4  81710      0t0      TCP localhost.localdomain:44784->aap25-control.lan:https (ESTABLISHED)
envoy      727   root   55u  IPv4  81718      0t0      TCP localhost.localdomain:44798->aap25-control.lan:https (ESTABLISHED)
chronyd    745 chrony    5u  IPv4  21055      0t0      UDP localhost:323 
chronyd    745 chrony    6u  IPv6  21056      0t0      UDP localhost:323 
NetworkMa  764   root   26u  IPv4  22715      0t0      UDP localhost.localdomain:bootpc->pi.hole:bootps 
sshd       795   root    3u  IPv4  21297      0t0      TCP *:ssh (LISTEN)
sshd       795   root    4u  IPv6  21299      0t0      TCP *:ssh (LISTEN)
redis-ser 1074  redis    6u  IPv4  22809      0t0      TCP *:redis (LISTEN)
redis-ser 1074  redis    7u  IPv6  22810      0t0      TCP *:redis (LISTEN)
redis-ser 1074  redis    8u  IPv4  23343      0t0      TCP localhost.localdomain:redis->localhost.localdomain:39864 (ESTABLISHED)
redis-ser 1074  redis    9u  IPv4  23381      0t0      TCP localhost.localdomain:redis->localhost.localdomain:39870 (ESTABLISHED)
redis-ser 1074  redis   10u  IPv4  24388      0t0      TCP localhost.localdomain:redis->localhost.localdomain:37148 (ESTABLISHED)
redis-ser 1074  redis   11u  IPv4  24882      0t0      TCP localhost.localdomain:redis->localhost.localdomain:59062 (ESTABLISHED)
redis-ser 1074  redis   12u  IPv4  26422      0t0      TCP localhost.localdomain:redis->localhost.localdomain:59074 (ESTABLISHED)
redis-ser 1074  redis   13u  IPv4  31079      0t0      TCP localhost.localdomain:redis->localhost.localdomain:54200 (ESTABLISHED)
redis-ser 1074  redis   14u  IPv4  27889      0t0      TCP localhost.localdomain:redis->localhost.localdomain:47160 (ESTABLISHED)
redis-ser 1074  redis   15u  IPv4  78636      0t0      TCP localhost.localdomain:redis->localhost.localdomain:49930 (ESTABLISHED)
redis-ser 1074  redis   16u  IPv4  78637      0t0      TCP localhost.localdomain:redis->localhost.localdomain:49932 (ESTABLISHED)
redis-ser 1074  redis   17u  IPv4  79305      0t0      TCP localhost.localdomain:redis->localhost.localdomain:45260 (ESTABLISHED)
redis-ser 1074  redis   18u  IPv4  79496      0t0      TCP localhost.localdomain:redis->localhost.localdomain:43842 (ESTABLISHED)
nginx     1112   root    6u  IPv4  22847      0t0      TCP *:pcsync-https (LISTEN)
nginx     1113  nginx    6u  IPv4  22847      0t0      TCP *:pcsync-https (LISTEN)
nginx     1113  nginx   11u  IPv4  24240      0t0      TCP localhost.localdomain:pcsync-https->localhost.localdomain:60444 (ESTABLISHED)
nginx     1113  nginx   12u  IPv4  86360      0t0      TCP localhost:59012->localhost:8050 (ESTABLISHED)
nginx     1114  nginx    6u  IPv4  22847      0t0      TCP *:pcsync-https (LISTEN)
nginx     1114  nginx    7u  IPv4  65649      0t0      TCP localhost.localdomain:pcsync-https->localhost.localdomain:45204 (ESTABLISHED)
nginx     1114  nginx    8u  IPv4  66842      0t0      TCP localhost.localdomain:pcsync-https->localhost.localdomain:59008 (ESTABLISHED)
nginx     1114  nginx   14u  IPv4  86327      0t0      TCP localhost.localdomain:pcsync-https->localhost.localdomain:60070 (ESTABLISHED)
nginx     1114  nginx   15u  IPv4  73950      0t0      TCP localhost.localdomain:pcsync-https->localhost.localdomain:43534 (ESTABLISHED)
uwsgi     1123   root    3u  IPv4  24000      0t0      TCP localhost:8050 (LISTEN)
uwsgi     1163   root    3u  IPv4  24000      0t0      TCP localhost:8050 (LISTEN)
uwsgi     1163   root    9u  IPv4  24329      0t0      TCP localhost.localdomain:39870->localhost.localdomain:redis (ESTABLISHED)
uwsgi     1164   root    3u  IPv4  24000      0t0      TCP localhost:8050 (LISTEN)
uwsgi     1164   root    8u  IPv4  26415      0t0      TCP localhost.localdomain:59062->localhost.localdomain:redis (ESTABLISHED)
uwsgi     1165   root    3u  IPv4  24000      0t0      TCP localhost:8050 (LISTEN)
uwsgi     1165   root    6u  IPv4  86361      0t0      TCP localhost:8050->localhost:59012 (ESTABLISHED)
uwsgi     1165   root    7u  IPv4  24248      0t0      TCP localhost.localdomain:39864->localhost.localdomain:redis (ESTABLISHED)
uwsgi     1165   root    8u  IPv4  86362      0t0      TCP localhost.localdomain:34354->aap25-database.lan:postgres (ESTABLISHED)
uwsgi     1165   root   10u  IPv4  86365      0t0      TCP localhost.localdomain:39674->localhost.localdomain:https (ESTABLISHED)
uwsgi     1166   root    3u  IPv4  24000      0t0      TCP localhost:8050 (LISTEN)
uwsgi     1166   root    8u  IPv4  31108      0t0      TCP localhost.localdomain:47160->localhost.localdomain:redis (ESTABLISHED)
uwsgi     1167   root    3u  IPv4  24000      0t0      TCP localhost:8050 (LISTEN)
uwsgi     1167   root    8u  IPv4  23458      0t0      TCP localhost.localdomain:37148->localhost.localdomain:redis (ESTABLISHED)
aap-gatew 1575   root    9u  IPv6  24217      0t0      TCP *:50051 (LISTEN)
aap-gatew 1575   root   10u  IPv6  31077      0t0      TCP localhost:50051->localhost:50600 (ESTABLISHED)
aap-gatew 1575   root   11u  IPv4  27863      0t0      TCP localhost.localdomain:54200->localhost.localdomain:redis (ESTABLISHED)
aap-gatew 1575   root   12u  IPv4  54461      0t0      TCP localhost.localdomain:36124->aap25-database.lan:postgres (ESTABLISHED)
aap-gatew 1575   root   13u  IPv4  79304      0t0      TCP localhost.localdomain:45260->localhost.localdomain:redis (ESTABLISHED)
aap-gatew 1575   root   14u  IPv4  79307      0t0      TCP localhost.localdomain:39522->aap25-database.lan:postgres (ESTABLISHED)
aap-gatew 1575   root   15u  IPv4  79312      0t0      TCP localhost.localdomain:39526->aap25-database.lan:postgres (ESTABLISHED)
aap-gatew 1575   root   16u  IPv4  80005      0t0      TCP localhost.localdomain:43842->localhost.localdomain:redis (ESTABLISHED)
aap-gatew 1575   root   17u  IPv4  80042      0t0      TCP localhost.localdomain:33938->aap25-database.lan:postgres (ESTABLISHED)
aap-gatew 1576   root   11u  IPv6  24220      0t0      TCP *:50051 (LISTEN)
aap-gatew 1577   root   13u  IPv6  24223      0t0      TCP *:50051 (LISTEN)
aap-gatew 1578   root   15u  IPv6  23305      0t0      TCP *:50051 (LISTEN)
aap-gatew 1579   root   17u  IPv6  23302      0t0      TCP *:50051 (LISTEN)
aap-gatew 1579   root   18u  IPv6  26420      0t0      TCP localhost:50051->localhost:49764 (ESTABLISHED)
aap-gatew 1579   root   19u  IPv4  24889      0t0      TCP localhost.localdomain:59074->localhost.localdomain:redis (ESTABLISHED)
aap-gatew 1579   root   20u  IPv4  24890      0t0      TCP localhost.localdomain:49120->aap25-database.lan:postgres (ESTABLISHED)
aap-gatew 1579   root   21u  IPv4  79220      0t0      TCP localhost.localdomain:49930->localhost.localdomain:redis (ESTABLISHED)
aap-gatew 1579   root   22u  IPv4  78635      0t0      TCP localhost.localdomain:49932->localhost.localdomain:redis (ESTABLISHED)
aap-gatew 1579   root   23u  IPv4  79280      0t0      TCP localhost.localdomain:58526->aap25-database.lan:postgres (ESTABLISHED)
aap-gatew 1579   root   24u  IPv4  81677      0t0      TCP localhost.localdomain:58422->aap25-database.lan:postgres (ESTABLISHED)
aap-gatew 1579   root   25u  IPv4  79283      0t0      TCP localhost.localdomain:58528->aap25-database.lan:postgres (ESTABLISHED)
sshd      7364   root    4u  IPv4  83376      0t0      TCP localhost.localdomain:ssh->192.168.1.49:43512 (ESTABLISHED)
sshd      7385   root    4u  IPv4  83376      0t0      TCP localhost.localdomain:ssh->192.168.1.49:43512 (ESTABLISHED)
bash      7512   root  cwd    DIR  253,0      185 50331782 /root
bash      7512   root  rtd    DIR  253,0      235      128 /
bash      7512   root  txt    REG  253,0  1389072 50367435 /usr/bin/bash
bash      7512   root  mem    REG  253,0  2586930 50367720 /usr/lib/locale/en_US.utf8/LC_COLLATE
bash      7512   root  mem    REG  253,0  2544344     2597 /usr/lib64/libc.so.6
bash      7512   root  mem    REG  253,0   346132 33699956 /usr/lib/locale/C.utf8/LC_CTYPE
bash      7512   root  mem    REG  253,0       54 50367723 /usr/lib/locale/en_US.utf8/LC_NUMERIC
bash      7512   root  mem    REG  253,0     3284     2565 /usr/lib/locale/en_US.utf8/LC_TIME
bash      7512   root  mem    REG  253,0      286     2563 /usr/lib/locale/en_US.utf8/LC_MONETARY
bash      7512   root  mem    REG  253,0       57     2576 /usr/lib/locale/en_US.utf8/LC_MESSAGES/SYS_LC_MESSAGES
bash      7512   root  mem    REG  253,0    26988 16780452 /usr/lib64/gconv/gconv-modules.cache
bash      7512   root  mem    REG  253,0   195080     2316 /usr/lib64/libtinfo.so.6.2
bash      7512   root  mem    REG  253,0       34 33700259 /usr/lib/locale/en_US.utf8/LC_PAPER
bash      7512   root  mem    REG  253,0       77 50367722 /usr/lib/locale/en_US.utf8/LC_NAME
bash      7512   root  mem    REG  253,0      167     2559 /usr/lib/locale/en_US.utf8/LC_ADDRESS
bash      7512   root  mem    REG  253,0       59     2564 /usr/lib/locale/en_US.utf8/LC_TELEPHONE
bash      7512   root  mem    REG  253,0       23     2562 /usr/lib/locale/en_US.utf8/LC_MEASUREMENT
bash      7512   root  mem    REG  253,0      369     2561 /usr/lib/locale/en_US.utf8/LC_IDENTIFICATION
bash      7512   root  mem    REG  253,0   897856     2593 /usr/lib64/ld-linux-x86-64.so.2
bash      7512   root    0r   CHR    1,3      0t0        4 /dev/null
bash      7512   root    1w   REG  253,0        0 34669828 /tmp/memory_monitor.log
bash      7512   root    2w   REG  253,0        0 34669828 /tmp/memory_monitor.log
bash      7512   root    3r  FIFO   0,13      0t0    86427 pipe

    PID    PPID CMD                           RSS    VSZ %CPU %MEM     ELAPSED
Receptor Child Processes for PID 7852:
  No child processes found
Receptor Threads for PID 7852:
    PID    SPID %CPU %MEM   RSS COMMAND
Receptor Network Connections for PID 7852:
COMMAND    PID   USER   FD   TYPE DEVICE SIZE/OFF NODE NAME
envoy      727   root   22u  IPv4  73949      0t0  TCP localhost.localdomain:43534->localhost.localdomain:pcsync-https (ESTABLISHED)
envoy      727   root   31u  IPv4  23339      0t0  TCP localhost.localdomain:60444->localhost.localdomain:pcsync-https (ESTABLISHED)
envoy      727   root   32u  IPv4  23341      0t0  TCP localhost.localdomain:41216->aap25-control.lan:https (ESTABLISHED)
envoy      727   root   34u  IPv4  23358      0t0  TCP *:https (LISTEN)
envoy      727   root   35u  IPv4  23359      0t0  TCP *:https (LISTEN)
envoy      727   root   36u  IPv4  80762      0t0  TCP localhost.localdomain:https->192.168.1.49:57898 (ESTABLISHED)
envoy      727   root   37u  IPv4  24888      0t0  TCP localhost:49764->localhost:50051 (ESTABLISHED)
envoy      727   root   38u  IPv4  65989      0t0  TCP localhost.localdomain:59008->localhost.localdomain:pcsync-https (ESTABLISHED)
envoy      727   root   39u  IPv4  27862      0t0  TCP localhost:50600->localhost:50051 (ESTABLISHED)
envoy      727   root   40u  IPv4  65459      0t0  TCP localhost.localdomain:45204->localhost.localdomain:pcsync-https (ESTABLISHED)
envoy      727   root   41u  IPv4  81296      0t0  TCP localhost.localdomain:https->192.168.1.49:57916 (ESTABLISHED)
envoy      727   root   42u  IPv4  80764      0t0  TCP localhost.localdomain:https->192.168.1.49:57950 (ESTABLISHED)
envoy      727   root   43u  IPv4  80766      0t0  TCP localhost.localdomain:https->192.168.1.49:57964 (ESTABLISHED)
envoy      727   root   44u  IPv4  86301      0t0  TCP localhost.localdomain:37064->aap25-control.lan:https (ESTABLISHED)
envoy      727   root   45u  IPv4  82116      0t0  TCP localhost.localdomain:https->192.168.1.49:56876 (ESTABLISHED)
envoy      727   root   46u  IPv4  86328      0t0  TCP localhost.localdomain:37072->aap25-control.lan:https (ESTABLISHED)
envoy      727   root   47u  IPv4  86326      0t0  TCP localhost.localdomain:60070->localhost.localdomain:pcsync-https (ESTABLISHED)
envoy      727   root   49u  IPv4  81665      0t0  TCP localhost.localdomain:https->192.168.1.49:56866 (ESTABLISHED)
envoy      727   root   50u  IPv4  81708      0t0  TCP localhost.localdomain:https->192.168.1.49:44012 (ESTABLISHED)
envoy      727   root   53u  IPv4  81710      0t0  TCP localhost.localdomain:44784->aap25-control.lan:https (ESTABLISHED)
envoy      727   root   55u  IPv4  81718      0t0  TCP localhost.localdomain:44798->aap25-control.lan:https (ESTABLISHED)
chronyd    745 chrony    5u  IPv4  21055      0t0  UDP localhost:323 
chronyd    745 chrony    6u  IPv6  21056      0t0  UDP localhost:323 
NetworkMa  764   root   26u  IPv4  22715      0t0  UDP localhost.localdomain:bootpc->pi.hole:bootps 
sshd       795   root    3u  IPv4  21297      0t0  TCP *:ssh (LISTEN)
sshd       795   root    4u  IPv6  21299      0t0  TCP *:ssh (LISTEN)
redis-ser 1074  redis    6u  IPv4  22809      0t0  TCP *:redis (LISTEN)
redis-ser 1074  redis    7u  IPv6  22810      0t0  TCP *:redis (LISTEN)
redis-ser 1074  redis    8u  IPv4  23343      0t0  TCP localhost.localdomain:redis->localhost.localdomain:39864 (ESTABLISHED)
redis-ser 1074  redis    9u  IPv4  23381      0t0  TCP localhost.localdomain:redis->localhost.localdomain:39870 (ESTABLISHED)
redis-ser 1074  redis   10u  IPv4  24388      0t0  TCP localhost.localdomain:redis->localhost.localdomain:37148 (ESTABLISHED)
redis-ser 1074  redis   11u  IPv4  24882      0t0  TCP localhost.localdomain:redis->localhost.localdomain:59062 (ESTABLISHED)
redis-ser 1074  redis   12u  IPv4  26422      0t0  TCP localhost.localdomain:redis->localhost.localdomain:59074 (ESTABLISHED)
redis-ser 1074  redis   13u  IPv4  31079      0t0  TCP localhost.localdomain:redis->localhost.localdomain:54200 (ESTABLISHED)
redis-ser 1074  redis   14u  IPv4  27889      0t0  TCP localhost.localdomain:redis->localhost.localdomain:47160 (ESTABLISHED)
redis-ser 1074  redis   15u  IPv4  78636      0t0  TCP localhost.localdomain:redis->localhost.localdomain:49930 (ESTABLISHED)
redis-ser 1074  redis   16u  IPv4  78637      0t0  TCP localhost.localdomain:redis->localhost.localdomain:49932 (ESTABLISHED)
redis-ser 1074  redis   17u  IPv4  79305      0t0  TCP localhost.localdomain:redis->localhost.localdomain:45260 (ESTABLISHED)
redis-ser 1074  redis   18u  IPv4  79496      0t0  TCP localhost.localdomain:redis->localhost.localdomain:43842 (ESTABLISHED)
nginx     1112   root    6u  IPv4  22847      0t0  TCP *:pcsync-https (LISTEN)
nginx     1113  nginx    6u  IPv4  22847      0t0  TCP *:pcsync-https (LISTEN)
nginx     1113  nginx   11u  IPv4  24240      0t0  TCP localhost.localdomain:pcsync-https->localhost.localdomain:60444 (ESTABLISHED)
nginx     1114  nginx    6u  IPv4  22847      0t0  TCP *:pcsync-https (LISTEN)
nginx     1114  nginx    7u  IPv4  65649      0t0  TCP localhost.localdomain:pcsync-https->localhost.localdomain:45204 (ESTABLISHED)
nginx     1114  nginx    8u  IPv4  66842      0t0  TCP localhost.localdomain:pcsync-https->localhost.localdomain:59008 (ESTABLISHED)
nginx     1114  nginx   14u  IPv4  86327      0t0  TCP localhost.localdomain:pcsync-https->localhost.localdomain:60070 (ESTABLISHED)
nginx     1114  nginx   15u  IPv4  73950      0t0  TCP localhost.localdomain:pcsync-https->localhost.localdomain:43534 (ESTABLISHED)
uwsgi     1123   root    3u  IPv4  24000      0t0  TCP localhost:8050 (LISTEN)
uwsgi     1163   root    3u  IPv4  24000      0t0  TCP localhost:8050 (LISTEN)
uwsgi     1163   root    9u  IPv4  24329      0t0  TCP localhost.localdomain:39870->localhost.localdomain:redis (ESTABLISHED)
uwsgi     1164   root    3u  IPv4  24000      0t0  TCP localhost:8050 (LISTEN)
uwsgi     1164   root    8u  IPv4  26415      0t0  TCP localhost.localdomain:59062->localhost.localdomain:redis (ESTABLISHED)
uwsgi     1165   root    3u  IPv4  24000      0t0  TCP localhost:8050 (LISTEN)
uwsgi     1165   root    7u  IPv4  24248      0t0  TCP localhost.localdomain:39864->localhost.localdomain:redis (ESTABLISHED)
uwsgi     1166   root    3u  IPv4  24000      0t0  TCP localhost:8050 (LISTEN)
uwsgi     1166   root    8u  IPv4  31108      0t0  TCP localhost.localdomain:47160->localhost.localdomain:redis (ESTABLISHED)
uwsgi     1167   root    3u  IPv4  24000      0t0  TCP localhost:8050 (LISTEN)
uwsgi     1167   root    8u  IPv4  23458      0t0  TCP localhost.localdomain:37148->localhost.localdomain:redis (ESTABLISHED)
aap-gatew 1575   root    9u  IPv6  24217      0t0  TCP *:50051 (LISTEN)
aap-gatew 1575   root   10u  IPv6  31077      0t0  TCP localhost:50051->localhost:50600 (ESTABLISHED)
aap-gatew 1575   root   11u  IPv4  27863      0t0  TCP localhost.localdomain:54200->localhost.localdomain:redis (ESTABLISHED)
aap-gatew 1575   root   12u  IPv4  54461      0t0  TCP localhost.localdomain:36124->aap25-database.lan:postgres (ESTABLISHED)
aap-gatew 1575   root   13u  IPv4  79304      0t0  TCP localhost.localdomain:45260->localhost.localdomain:redis (ESTABLISHED)
aap-gatew 1575   root   14u  IPv4  79307      0t0  TCP localhost.localdomain:39522->aap25-database.lan:postgres (ESTABLISHED)
aap-gatew 1575   root   15u  IPv4  79312      0t0  TCP localhost.localdomain:39526->aap25-database.lan:postgres (ESTABLISHED)
aap-gatew 1575   root   16u  IPv4  80005      0t0  TCP localhost.localdomain:43842->localhost.localdomain:redis (ESTABLISHED)
aap-gatew 1575   root   17u  IPv4  80042      0t0  TCP localhost.localdomain:33938->aap25-database.lan:postgres (ESTABLISHED)
aap-gatew 1576   root   11u  IPv6  24220      0t0  TCP *:50051 (LISTEN)
aap-gatew 1577   root   13u  IPv6  24223      0t0  TCP *:50051 (LISTEN)
aap-gatew 1578   root   15u  IPv6  23305      0t0  TCP *:50051 (LISTEN)
aap-gatew 1579   root   17u  IPv6  23302      0t0  TCP *:50051 (LISTEN)
aap-gatew 1579   root   18u  IPv6  26420      0t0  TCP localhost:50051->localhost:49764 (ESTABLISHED)
aap-gatew 1579   root   19u  IPv4  24889      0t0  TCP localhost.localdomain:59074->localhost.localdomain:redis (ESTABLISHED)
aap-gatew 1579   root   20u  IPv4  24890      0t0  TCP localhost.localdomain:49120->aap25-database.lan:postgres (ESTABLISHED)
aap-gatew 1579   root   21u  IPv4  79220      0t0  TCP localhost.localdomain:49930->localhost.localdomain:redis (ESTABLISHED)
aap-gatew 1579   root   22u  IPv4  78635      0t0  TCP localhost.localdomain:49932->localhost.localdomain:redis (ESTABLISHED)
aap-gatew 1579   root   23u  IPv4  79280      0t0  TCP localhost.localdomain:58526->aap25-database.lan:postgres (ESTABLISHED)
aap-gatew 1579   root   24u  IPv4  81677      0t0  TCP localhost.localdomain:58422->aap25-database.lan:postgres (ESTABLISHED)
aap-gatew 1579   root   25u  IPv4  79283      0t0  TCP localhost.localdomain:58528->aap25-database.lan:postgres (ESTABLISHED)
sshd      7364   root    4u  IPv4  83376      0t0  TCP localhost.localdomain:ssh->192.168.1.49:43512 (ESTABLISHED)
sshd      7385   root    4u  IPv4  83376      0t0  TCP localhost.localdomain:ssh->192.168.1.49:43512 (ESTABLISHED)
  No network connections found

=== RECEPTOR MEMORY SUMMARY ===
Total Receptor RSS Memory: 3584 KB (3 MB)
Total Receptor VSZ Memory: 7260 KB (7 MB)
Number of Receptor Processes: 2

AAP-related Processes and Children:
=== AAP Service Processes ===
Process: redis-server (PID: 1074)
    PID    PPID CMD                           RSS
   1074       1 /usr/bin/redis-server *:637 16212

Process: nginx (PID: 1112)
    PID    PPID CMD                           RSS
   1112       1 nginx: master process /usr/  2104
  Children of PID 1112:
    PID    PPID CMD                           RSS
   1113    1112 nginx: worker process        8376
    PID    PPID CMD                           RSS
   1114    1112 nginx: worker process        8376

Process: nginx (PID: 1113)
    PID    PPID CMD                           RSS
   1113    1112 nginx: worker process        8376

Process: nginx (PID: 1114)
    PID    PPID CMD                           RSS
   1114    1112 nginx: worker process        8376

Process: uwsgi (PID: 1123)
    PID    PPID CMD                           RSS
   1123     774 uwsgi /etc/ansible-automati 13952
  Children of PID 1123:
    PID    PPID CMD                           RSS
   1163    1123 uwsgi /etc/ansible-automati 117356
    PID    PPID CMD                           RSS
   1164    1123 uwsgi /etc/ansible-automati 116060
    PID    PPID CMD                           RSS
   1165    1123 uwsgi /etc/ansible-automati 119724
    PID    PPID CMD                           RSS
   1166    1123 uwsgi /etc/ansible-automati 118248
    PID    PPID CMD                           RSS
   1167    1123 uwsgi /etc/ansible-automati 118968

Process: uwsgi (PID: 1163)
    PID    PPID CMD                           RSS
   1163    1123 uwsgi /etc/ansible-automati 117356

Process: uwsgi (PID: 1164)
    PID    PPID CMD                           RSS
   1164    1123 uwsgi /etc/ansible-automati 116060

Process: uwsgi (PID: 1165)
    PID    PPID CMD                           RSS
   1165    1123 uwsgi /etc/ansible-automati 119724

Process: uwsgi (PID: 1166)
    PID    PPID CMD                           RSS
   1166    1123 uwsgi /etc/ansible-automati 118248

Process: uwsgi (PID: 1167)
    PID    PPID CMD                           RSS
   1167    1123 uwsgi /etc/ansible-automati 118968

Process: bash (PID: 7512)
    PID    PPID CMD                           RSS
   7512       1 bash -c  log_file="/tmp/mem  3584
  Children of PID 7512:
    PID    PPID CMD                           RSS
   7911    7512 bash -c  log_file="/tmp/mem  2376

Process: bash (PID: 7911)
    PID    PPID CMD                           RSS
   7911    7512 bash -c  log_file="/tmp/mem  2376
  Children of PID 7911:
    PID    PPID CMD                           RSS


Process Tree for AAP Services:
=== automation-controller Process Tree ===
bash(7512)---pstree(7959)
=== receptor Process Tree ===
bash(7512)---pstree(7963)
=== nginx Process Tree ===
nginx(1112)-+-nginx(1113)
            `-nginx(1114)
nginx(1113)
nginx(1114)
bash(7512)---pstree(7970)
=== postgresql Process Tree ===
bash(7512)---pstree(7974)
=== redis Process Tree ===
redis-server(1074)-+-{redis-server}(1083)
                   |-{redis-server}(1084)
                   |-{redis-server}(1085)
                   `-{redis-server}(1086)
bash(7512)---pstree(7979)
=== uwsgi Process Tree ===
uwsgi(1123)-+-uwsgi(1163)
            |-uwsgi(1164)
            |-uwsgi(1165)
            |-uwsgi(1166)
            `-uwsgi(1167)
uwsgi(1163)
uwsgi(1164)
uwsgi(1165)
uwsgi(1166)
uwsgi(1167)
bash(7512)---pstree(7989)
=== automation-hub Process Tree ===
bash(7512)---pstree(7993)
=== automation-eda Process Tree ===
bash(7512)---pstree(7997)

=================================================================================
2025-07-03 12:00:19
Memory Usage Report:
               total        used        free      shared  buff/cache   available
Mem:            7555        1242        5768           9         811        6313
Swap:           5327           0        5327

Top 10 Processes by RSS Memory:
    PID    PPID CMD                           RSS
   1165    1123 uwsgi /etc/ansible-automati 119724
   1579    1124 /usr/bin/python3.11 -sP /us 119476
   1167    1123 uwsgi /etc/ansible-automati 118968
   1575    1124 /usr/bin/python3.11 -sP /us 118640
   1166    1123 uwsgi /etc/ansible-automati 118504
   1163    1123 uwsgi /etc/ansible-automati 117484
   1164    1123 uwsgi /etc/ansible-automati 116444
   1124     774 /usr/bin/python3.11 -sP /us 114040
   1578    1124 /usr/bin/python3.11 -sP /us 99016
   1576    1124 /usr/bin/python3.11 -sP /us 98888

=== RECEPTOR PROCESS ANALYSIS ===
Receptor Main Processes:
    PID    PPID CMD                           RSS    VSZ %CPU %MEM     ELAPSED
   7512       1 bash -c  log_file="/tmp/mem  3584   7260  0.0  0.0       01:34
Receptor Child Processes for PID 7512:
      PID    PPID CMD                           RSS    VSZ %CPU %MEM     ELAPSED
Receptor Threads for PID 7512:
    PID    SPID %CPU %MEM   RSS COMMAND
   7512    7512  0.0  0.0  3584 bash
Receptor Network Connections for PID 7512:
COMMAND    PID   USER   FD   TYPE DEVICE SIZE/OFF     NODE NAME
envoy      727   root   22u  IPv4  73949      0t0      TCP localhost.localdomain:43534->localhost.localdomain:pcsync-https (ESTABLISHED)
envoy      727   root   31u  IPv4  23339      0t0      TCP localhost.localdomain:60444->localhost.localdomain:pcsync-https (ESTABLISHED)
envoy      727   root   32u  IPv4  23341      0t0      TCP localhost.localdomain:41216->aap25-control.lan:https (ESTABLISHED)
envoy      727   root   34u  IPv4  23358      0t0      TCP *:https (LISTEN)
envoy      727   root   35u  IPv4  23359      0t0      TCP *:https (LISTEN)
envoy      727   root   36u  IPv4  80762      0t0      TCP localhost.localdomain:https->192.168.1.49:57898 (ESTABLISHED)
envoy      727   root   37u  IPv4  24888      0t0      TCP localhost:49764->localhost:50051 (ESTABLISHED)
envoy      727   root   38u  IPv4  65989      0t0      TCP localhost.localdomain:59008->localhost.localdomain:pcsync-https (ESTABLISHED)
envoy      727   root   39u  IPv4  27862      0t0      TCP localhost:50600->localhost:50051 (ESTABLISHED)
envoy      727   root   40u  IPv4  65459      0t0      TCP localhost.localdomain:45204->localhost.localdomain:pcsync-https (ESTABLISHED)
envoy      727   root   41u  IPv4  81296      0t0      TCP localhost.localdomain:https->192.168.1.49:57916 (ESTABLISHED)
envoy      727   root   42u  IPv4  80764      0t0      TCP localhost.localdomain:https->192.168.1.49:57950 (ESTABLISHED)
envoy      727   root   43u  IPv4  80766      0t0      TCP localhost.localdomain:https->192.168.1.49:57964 (ESTABLISHED)
envoy      727   root   44u  IPv4  86301      0t0      TCP localhost.localdomain:37064->aap25-control.lan:https (ESTABLISHED)
envoy      727   root   45u  IPv4  82116      0t0      TCP localhost.localdomain:https->192.168.1.49:56876 (ESTABLISHED)
envoy      727   root   46u  IPv4  86328      0t0      TCP localhost.localdomain:37072->aap25-control.lan:https (ESTABLISHED)
envoy      727   root   47u  IPv4  86326      0t0      TCP localhost.localdomain:60070->localhost.localdomain:pcsync-https (ESTABLISHED)
envoy      727   root   48u  IPv4  87783      0t0      TCP localhost.localdomain:42904->aap25-control.lan:https (ESTABLISHED)
envoy      727   root   49u  IPv4  81665      0t0      TCP localhost.localdomain:https->192.168.1.49:56866 (ESTABLISHED)
envoy      727   root   50u  IPv4  81708      0t0      TCP localhost.localdomain:https->192.168.1.49:44012 (ESTABLISHED)
envoy      727   root   51u  IPv4  87915      0t0      TCP localhost.localdomain:43418->localhost.localdomain:pcsync-https (ESTABLISHED)
envoy      727   root   53u  IPv4  81710      0t0      TCP localhost.localdomain:44784->aap25-control.lan:https (ESTABLISHED)
envoy      727   root   55u  IPv4  81718      0t0      TCP localhost.localdomain:44798->aap25-control.lan:https (ESTABLISHED)
chronyd    745 chrony    5u  IPv4  21055      0t0      UDP localhost:323 
chronyd    745 chrony    6u  IPv6  21056      0t0      UDP localhost:323 
NetworkMa  764   root   26u  IPv4  22715      0t0      UDP localhost.localdomain:bootpc->pi.hole:bootps 
sshd       795   root    3u  IPv4  21297      0t0      TCP *:ssh (LISTEN)
sshd       795   root    4u  IPv6  21299      0t0      TCP *:ssh (LISTEN)
redis-ser 1074  redis    6u  IPv4  22809      0t0      TCP *:redis (LISTEN)
redis-ser 1074  redis    7u  IPv6  22810      0t0      TCP *:redis (LISTEN)
redis-ser 1074  redis    8u  IPv4  23343      0t0      TCP localhost.localdomain:redis->localhost.localdomain:39864 (ESTABLISHED)
redis-ser 1074  redis    9u  IPv4  23381      0t0      TCP localhost.localdomain:redis->localhost.localdomain:39870 (ESTABLISHED)
redis-ser 1074  redis   10u  IPv4  24388      0t0      TCP localhost.localdomain:redis->localhost.localdomain:37148 (ESTABLISHED)
redis-ser 1074  redis   11u  IPv4  24882      0t0      TCP localhost.localdomain:redis->localhost.localdomain:59062 (ESTABLISHED)
redis-ser 1074  redis   12u  IPv4  26422      0t0      TCP localhost.localdomain:redis->localhost.localdomain:59074 (ESTABLISHED)
redis-ser 1074  redis   13u  IPv4  31079      0t0      TCP localhost.localdomain:redis->localhost.localdomain:54200 (ESTABLISHED)
redis-ser 1074  redis   14u  IPv4  27889      0t0      TCP localhost.localdomain:redis->localhost.localdomain:47160 (ESTABLISHED)
redis-ser 1074  redis   15u  IPv4  78636      0t0      TCP localhost.localdomain:redis->localhost.localdomain:49930 (ESTABLISHED)
redis-ser 1074  redis   16u  IPv4  78637      0t0      TCP localhost.localdomain:redis->localhost.localdomain:49932 (ESTABLISHED)
redis-ser 1074  redis   17u  IPv4  79305      0t0      TCP localhost.localdomain:redis->localhost.localdomain:45260 (ESTABLISHED)
redis-ser 1074  redis   18u  IPv4  79496      0t0      TCP localhost.localdomain:redis->localhost.localdomain:43842 (ESTABLISHED)
nginx     1112   root    6u  IPv4  22847      0t0      TCP *:pcsync-https (LISTEN)
nginx     1113  nginx    6u  IPv4  22847      0t0      TCP *:pcsync-https (LISTEN)
nginx     1113  nginx   11u  IPv4  24240      0t0      TCP localhost.localdomain:pcsync-https->localhost.localdomain:60444 (ESTABLISHED)
nginx     1114  nginx    6u  IPv4  22847      0t0      TCP *:pcsync-https (LISTEN)
nginx     1114  nginx    7u  IPv4  65649      0t0      TCP localhost.localdomain:pcsync-https->localhost.localdomain:45204 (ESTABLISHED)
nginx     1114  nginx    8u  IPv4  66842      0t0      TCP localhost.localdomain:pcsync-https->localhost.localdomain:59008 (ESTABLISHED)
nginx     1114  nginx   14u  IPv4  86327      0t0      TCP localhost.localdomain:pcsync-https->localhost.localdomain:60070 (ESTABLISHED)
nginx     1114  nginx   15u  IPv4  73950      0t0      TCP localhost.localdomain:pcsync-https->localhost.localdomain:43534 (ESTABLISHED)
nginx     1114  nginx   17u  IPv4  87916      0t0      TCP localhost.localdomain:pcsync-https->localhost.localdomain:43418 (ESTABLISHED)
uwsgi     1123   root    3u  IPv4  24000      0t0      TCP localhost:8050 (LISTEN)
uwsgi     1163   root    3u  IPv4  24000      0t0      TCP localhost:8050 (LISTEN)
uwsgi     1163   root    9u  IPv4  24329      0t0      TCP localhost.localdomain:39870->localhost.localdomain:redis (ESTABLISHED)
uwsgi     1164   root    3u  IPv4  24000      0t0      TCP localhost:8050 (LISTEN)
uwsgi     1164   root    8u  IPv4  26415      0t0      TCP localhost.localdomain:59062->localhost.localdomain:redis (ESTABLISHED)
uwsgi     1165   root    3u  IPv4  24000      0t0      TCP localhost:8050 (LISTEN)
uwsgi     1165   root    7u  IPv4  24248      0t0      TCP localhost.localdomain:39864->localhost.localdomain:redis (ESTABLISHED)
uwsgi     1166   root    3u  IPv4  24000      0t0      TCP localhost:8050 (LISTEN)
uwsgi     1166   root    8u  IPv4  31108      0t0      TCP localhost.localdomain:47160->localhost.localdomain:redis (ESTABLISHED)
uwsgi     1167   root    3u  IPv4  24000      0t0      TCP localhost:8050 (LISTEN)
uwsgi     1167   root    8u  IPv4  23458      0t0      TCP localhost.localdomain:37148->localhost.localdomain:redis (ESTABLISHED)
aap-gatew 1575   root    9u  IPv6  24217      0t0      TCP *:50051 (LISTEN)
aap-gatew 1575   root   10u  IPv6  31077      0t0      TCP localhost:50051->localhost:50600 (ESTABLISHED)
aap-gatew 1575   root   11u  IPv4  27863      0t0      TCP localhost.localdomain:54200->localhost.localdomain:redis (ESTABLISHED)
aap-gatew 1575   root   12u  IPv4  54461      0t0      TCP localhost.localdomain:36124->aap25-database.lan:postgres (ESTABLISHED)
aap-gatew 1575   root   13u  IPv4  79304      0t0      TCP localhost.localdomain:45260->localhost.localdomain:redis (ESTABLISHED)
aap-gatew 1575   root   14u  IPv4  79307      0t0      TCP localhost.localdomain:39522->aap25-database.lan:postgres (ESTABLISHED)
aap-gatew 1575   root   15u  IPv4  79312      0t0      TCP localhost.localdomain:39526->aap25-database.lan:postgres (ESTABLISHED)
aap-gatew 1575   root   16u  IPv4  80005      0t0      TCP localhost.localdomain:43842->localhost.localdomain:redis (ESTABLISHED)
aap-gatew 1575   root   17u  IPv4  80042      0t0      TCP localhost.localdomain:33938->aap25-database.lan:postgres (ESTABLISHED)
aap-gatew 1576   root   11u  IPv6  24220      0t0      TCP *:50051 (LISTEN)
aap-gatew 1577   root   13u  IPv6  24223      0t0      TCP *:50051 (LISTEN)
aap-gatew 1578   root   15u  IPv6  23305      0t0      TCP *:50051 (LISTEN)
aap-gatew 1579   root   17u  IPv6  23302      0t0      TCP *:50051 (LISTEN)
aap-gatew 1579   root   18u  IPv6  26420      0t0      TCP localhost:50051->localhost:49764 (ESTABLISHED)
aap-gatew 1579   root   19u  IPv4  24889      0t0      TCP localhost.localdomain:59074->localhost.localdomain:redis (ESTABLISHED)
aap-gatew 1579   root   20u  IPv4  24890      0t0      TCP localhost.localdomain:49120->aap25-database.lan:postgres (ESTABLISHED)
aap-gatew 1579   root   21u  IPv4  79220      0t0      TCP localhost.localdomain:49930->localhost.localdomain:redis (ESTABLISHED)
aap-gatew 1579   root   22u  IPv4  78635      0t0      TCP localhost.localdomain:49932->localhost.localdomain:redis (ESTABLISHED)
aap-gatew 1579   root   23u  IPv4  79280      0t0      TCP localhost.localdomain:58526->aap25-database.lan:postgres (ESTABLISHED)
aap-gatew 1579   root   24u  IPv4  81677      0t0      TCP localhost.localdomain:58422->aap25-database.lan:postgres (ESTABLISHED)
aap-gatew 1579   root   25u  IPv4  79283      0t0      TCP localhost.localdomain:58528->aap25-database.lan:postgres (ESTABLISHED)
sshd      7364   root    4u  IPv4  83376      0t0      TCP localhost.localdomain:ssh->192.168.1.49:43512 (ESTABLISHED)
sshd      7385   root    4u  IPv4  83376      0t0      TCP localhost.localdomain:ssh->192.168.1.49:43512 (ESTABLISHED)
bash      7512   root  cwd    DIR  253,0      185 50331782 /root
bash      7512   root  rtd    DIR  253,0      235      128 /
bash      7512   root  txt    REG  253,0  1389072 50367435 /usr/bin/bash
bash      7512   root  mem    REG  253,0  2586930 50367720 /usr/lib/locale/en_US.utf8/LC_COLLATE
bash      7512   root  mem    REG  253,0  2544344     2597 /usr/lib64/libc.so.6
bash      7512   root  mem    REG  253,0   346132 33699956 /usr/lib/locale/C.utf8/LC_CTYPE
bash      7512   root  mem    REG  253,0       54 50367723 /usr/lib/locale/en_US.utf8/LC_NUMERIC
bash      7512   root  mem    REG  253,0     3284     2565 /usr/lib/locale/en_US.utf8/LC_TIME
bash      7512   root  mem    REG  253,0      286     2563 /usr/lib/locale/en_US.utf8/LC_MONETARY
bash      7512   root  mem    REG  253,0       57     2576 /usr/lib/locale/en_US.utf8/LC_MESSAGES/SYS_LC_MESSAGES
bash      7512   root  mem    REG  253,0    26988 16780452 /usr/lib64/gconv/gconv-modules.cache
bash      7512   root  mem    REG  253,0   195080     2316 /usr/lib64/libtinfo.so.6.2
bash      7512   root  mem    REG  253,0       34 33700259 /usr/lib/locale/en_US.utf8/LC_PAPER
bash      7512   root  mem    REG  253,0       77 50367722 /usr/lib/locale/en_US.utf8/LC_NAME
bash      7512   root  mem    REG  253,0      167     2559 /usr/lib/locale/en_US.utf8/LC_ADDRESS
bash      7512   root  mem    REG  253,0       59     2564 /usr/lib/locale/en_US.utf8/LC_TELEPHONE
bash      7512   root  mem    REG  253,0       23     2562 /usr/lib/locale/en_US.utf8/LC_MEASUREMENT
bash      7512   root  mem    REG  253,0      369     2561 /usr/lib/locale/en_US.utf8/LC_IDENTIFICATION
bash      7512   root  mem    REG  253,0   897856     2593 /usr/lib64/ld-linux-x86-64.so.2
bash      7512   root    0r   CHR    1,3      0t0        4 /dev/null
bash      7512   root    1w   REG  253,0        0 34669828 /tmp/memory_monitor.log
bash      7512   root    2w   REG  253,0        0 34669828 /tmp/memory_monitor.log
bash      7512   root    3r  FIFO   0,13      0t0    88154 pipe

    PID    PPID CMD                           RSS    VSZ %CPU %MEM     ELAPSED
Receptor Child Processes for PID 8005:
  No child processes found
Receptor Threads for PID 8005:
    PID    SPID %CPU %MEM   RSS COMMAND
Receptor Network Connections for PID 8005:
COMMAND    PID   USER   FD   TYPE DEVICE SIZE/OFF NODE NAME
envoy      727   root   22u  IPv4  73949      0t0  TCP localhost.localdomain:43534->localhost.localdomain:pcsync-https (ESTABLISHED)
envoy      727   root   31u  IPv4  23339      0t0  TCP localhost.localdomain:60444->localhost.localdomain:pcsync-https (ESTABLISHED)
envoy      727   root   32u  IPv4  23341      0t0  TCP localhost.localdomain:41216->aap25-control.lan:https (ESTABLISHED)
envoy      727   root   34u  IPv4  23358      0t0  TCP *:https (LISTEN)
envoy      727   root   35u  IPv4  23359      0t0  TCP *:https (LISTEN)
envoy      727   root   36u  IPv4  80762      0t0  TCP localhost.localdomain:https->192.168.1.49:57898 (ESTABLISHED)
envoy      727   root   37u  IPv4  24888      0t0  TCP localhost:49764->localhost:50051 (ESTABLISHED)
envoy      727   root   38u  IPv4  65989      0t0  TCP localhost.localdomain:59008->localhost.localdomain:pcsync-https (ESTABLISHED)
envoy      727   root   39u  IPv4  27862      0t0  TCP localhost:50600->localhost:50051 (ESTABLISHED)
envoy      727   root   40u  IPv4  65459      0t0  TCP localhost.localdomain:45204->localhost.localdomain:pcsync-https (ESTABLISHED)
envoy      727   root   41u  IPv4  81296      0t0  TCP localhost.localdomain:https->192.168.1.49:57916 (ESTABLISHED)
envoy      727   root   42u  IPv4  80764      0t0  TCP localhost.localdomain:https->192.168.1.49:57950 (ESTABLISHED)
envoy      727   root   43u  IPv4  80766      0t0  TCP localhost.localdomain:https->192.168.1.49:57964 (ESTABLISHED)
envoy      727   root   44u  IPv4  86301      0t0  TCP localhost.localdomain:37064->aap25-control.lan:https (ESTABLISHED)
envoy      727   root   45u  IPv4  82116      0t0  TCP localhost.localdomain:https->192.168.1.49:56876 (ESTABLISHED)
envoy      727   root   46u  IPv4  86328      0t0  TCP localhost.localdomain:37072->aap25-control.lan:https (ESTABLISHED)
envoy      727   root   47u  IPv4  86326      0t0  TCP localhost.localdomain:60070->localhost.localdomain:pcsync-https (ESTABLISHED)
envoy      727   root   48u  IPv4  87783      0t0  TCP localhost.localdomain:42904->aap25-control.lan:https (ESTABLISHED)
envoy      727   root   49u  IPv4  81665      0t0  TCP localhost.localdomain:https->192.168.1.49:56866 (ESTABLISHED)
envoy      727   root   50u  IPv4  81708      0t0  TCP localhost.localdomain:https->192.168.1.49:44012 (ESTABLISHED)
envoy      727   root   51u  IPv4  87915      0t0  TCP localhost.localdomain:43418->localhost.localdomain:pcsync-https (ESTABLISHED)
envoy      727   root   53u  IPv4  81710      0t0  TCP localhost.localdomain:44784->aap25-control.lan:https (ESTABLISHED)
envoy      727   root   55u  IPv4  81718      0t0  TCP localhost.localdomain:44798->aap25-control.lan:https (ESTABLISHED)
chronyd    745 chrony    5u  IPv4  21055      0t0  UDP localhost:323 
chronyd    745 chrony    6u  IPv6  21056      0t0  UDP localhost:323 
NetworkMa  764   root   26u  IPv4  22715      0t0  UDP localhost.localdomain:bootpc->pi.hole:bootps 
sshd       795   root    3u  IPv4  21297      0t0  TCP *:ssh (LISTEN)
sshd       795   root    4u  IPv6  21299      0t0  TCP *:ssh (LISTEN)
redis-ser 1074  redis    6u  IPv4  22809      0t0  TCP *:redis (LISTEN)
redis-ser 1074  redis    7u  IPv6  22810      0t0  TCP *:redis (LISTEN)
redis-ser 1074  redis    8u  IPv4  23343      0t0  TCP localhost.localdomain:redis->localhost.localdomain:39864 (ESTABLISHED)
redis-ser 1074  redis    9u  IPv4  23381      0t0  TCP localhost.localdomain:redis->localhost.localdomain:39870 (ESTABLISHED)
redis-ser 1074  redis   10u  IPv4  24388      0t0  TCP localhost.localdomain:redis->localhost.localdomain:37148 (ESTABLISHED)
redis-ser 1074  redis   11u  IPv4  24882      0t0  TCP localhost.localdomain:redis->localhost.localdomain:59062 (ESTABLISHED)
redis-ser 1074  redis   12u  IPv4  26422      0t0  TCP localhost.localdomain:redis->localhost.localdomain:59074 (ESTABLISHED)
redis-ser 1074  redis   13u  IPv4  31079      0t0  TCP localhost.localdomain:redis->localhost.localdomain:54200 (ESTABLISHED)
redis-ser 1074  redis   14u  IPv4  27889      0t0  TCP localhost.localdomain:redis->localhost.localdomain:47160 (ESTABLISHED)
redis-ser 1074  redis   15u  IPv4  78636      0t0  TCP localhost.localdomain:redis->localhost.localdomain:49930 (ESTABLISHED)
redis-ser 1074  redis   16u  IPv4  78637      0t0  TCP localhost.localdomain:redis->localhost.localdomain:49932 (ESTABLISHED)
redis-ser 1074  redis   17u  IPv4  79305      0t0  TCP localhost.localdomain:redis->localhost.localdomain:45260 (ESTABLISHED)
redis-ser 1074  redis   18u  IPv4  79496      0t0  TCP localhost.localdomain:redis->localhost.localdomain:43842 (ESTABLISHED)
nginx     1112   root    6u  IPv4  22847      0t0  TCP *:pcsync-https (LISTEN)
nginx     1113  nginx    6u  IPv4  22847      0t0  TCP *:pcsync-https (LISTEN)
nginx     1113  nginx   11u  IPv4  24240      0t0  TCP localhost.localdomain:pcsync-https->localhost.localdomain:60444 (ESTABLISHED)
nginx     1114  nginx    6u  IPv4  22847      0t0  TCP *:pcsync-https (LISTEN)
nginx     1114  nginx    7u  IPv4  65649      0t0  TCP localhost.localdomain:pcsync-https->localhost.localdomain:45204 (ESTABLISHED)
nginx     1114  nginx    8u  IPv4  66842      0t0  TCP localhost.localdomain:pcsync-https->localhost.localdomain:59008 (ESTABLISHED)
nginx     1114  nginx   14u  IPv4  86327      0t0  TCP localhost.localdomain:pcsync-https->localhost.localdomain:60070 (ESTABLISHED)
nginx     1114  nginx   15u  IPv4  73950      0t0  TCP localhost.localdomain:pcsync-https->localhost.localdomain:43534 (ESTABLISHED)
nginx     1114  nginx   17u  IPv4  87916      0t0  TCP localhost.localdomain:pcsync-https->localhost.localdomain:43418 (ESTABLISHED)
uwsgi     1123   root    3u  IPv4  24000      0t0  TCP localhost:8050 (LISTEN)
uwsgi     1163   root    3u  IPv4  24000      0t0  TCP localhost:8050 (LISTEN)
uwsgi     1163   root    9u  IPv4  24329      0t0  TCP localhost.localdomain:39870->localhost.localdomain:redis (ESTABLISHED)
uwsgi     1164   root    3u  IPv4  24000      0t0  TCP localhost:8050 (LISTEN)
uwsgi     1164   root    8u  IPv4  26415      0t0  TCP localhost.localdomain:59062->localhost.localdomain:redis (ESTABLISHED)
uwsgi     1165   root    3u  IPv4  24000      0t0  TCP localhost:8050 (LISTEN)
uwsgi     1165   root    7u  IPv4  24248      0t0  TCP localhost.localdomain:39864->localhost.localdomain:redis (ESTABLISHED)
uwsgi     1166   root    3u  IPv4  24000      0t0  TCP localhost:8050 (LISTEN)
uwsgi     1166   root    8u  IPv4  31108      0t0  TCP localhost.localdomain:47160->localhost.localdomain:redis (ESTABLISHED)
uwsgi     1167   root    3u  IPv4  24000      0t0  TCP localhost:8050 (LISTEN)
uwsgi     1167   root    8u  IPv4  23458      0t0  TCP localhost.localdomain:37148->localhost.localdomain:redis (ESTABLISHED)
aap-gatew 1575   root    9u  IPv6  24217      0t0  TCP *:50051 (LISTEN)
aap-gatew 1575   root   10u  IPv6  31077      0t0  TCP localhost:50051->localhost:50600 (ESTABLISHED)
aap-gatew 1575   root   11u  IPv4  27863      0t0  TCP localhost.localdomain:54200->localhost.localdomain:redis (ESTABLISHED)
aap-gatew 1575   root   12u  IPv4  54461      0t0  TCP localhost.localdomain:36124->aap25-database.lan:postgres (ESTABLISHED)
aap-gatew 1575   root   13u  IPv4  79304      0t0  TCP localhost.localdomain:45260->localhost.localdomain:redis (ESTABLISHED)
aap-gatew 1575   root   14u  IPv4  79307      0t0  TCP localhost.localdomain:39522->aap25-database.lan:postgres (ESTABLISHED)
aap-gatew 1575   root   15u  IPv4  79312      0t0  TCP localhost.localdomain:39526->aap25-database.lan:postgres (ESTABLISHED)
aap-gatew 1575   root   16u  IPv4  80005      0t0  TCP localhost.localdomain:43842->localhost.localdomain:redis (ESTABLISHED)
aap-gatew 1575   root   17u  IPv4  80042      0t0  TCP localhost.localdomain:33938->aap25-database.lan:postgres (ESTABLISHED)
aap-gatew 1576   root   11u  IPv6  24220      0t0  TCP *:50051 (LISTEN)
aap-gatew 1577   root   13u  IPv6  24223      0t0  TCP *:50051 (LISTEN)
aap-gatew 1578   root   15u  IPv6  23305      0t0  TCP *:50051 (LISTEN)
aap-gatew 1579   root   17u  IPv6  23302      0t0  TCP *:50051 (LISTEN)
aap-gatew 1579   root   18u  IPv6  26420      0t0  TCP localhost:50051->localhost:49764 (ESTABLISHED)
aap-gatew 1579   root   19u  IPv4  24889      0t0  TCP localhost.localdomain:59074->localhost.localdomain:redis (ESTABLISHED)
aap-gatew 1579   root   20u  IPv4  24890      0t0  TCP localhost.localdomain:49120->aap25-database.lan:postgres (ESTABLISHED)
aap-gatew 1579   root   21u  IPv4  79220      0t0  TCP localhost.localdomain:49930->localhost.localdomain:redis (ESTABLISHED)
aap-gatew 1579   root   22u  IPv4  78635      0t0  TCP localhost.localdomain:49932->localhost.localdomain:redis (ESTABLISHED)
aap-gatew 1579   root   23u  IPv4  79280      0t0  TCP localhost.localdomain:58526->aap25-database.lan:postgres (ESTABLISHED)
aap-gatew 1579   root   24u  IPv4  81677      0t0  TCP localhost.localdomain:58422->aap25-database.lan:postgres (ESTABLISHED)
aap-gatew 1579   root   25u  IPv4  79283      0t0  TCP localhost.localdomain:58528->aap25-database.lan:postgres (ESTABLISHED)
sshd      7364   root    4u  IPv4  83376      0t0  TCP localhost.localdomain:ssh->192.168.1.49:43512 (ESTABLISHED)
sshd      7385   root    4u  IPv4  83376      0t0  TCP localhost.localdomain:ssh->192.168.1.49:43512 (ESTABLISHED)
  No network connections found

=== RECEPTOR MEMORY SUMMARY ===
Total Receptor RSS Memory: 3584 KB (3 MB)
Total Receptor VSZ Memory: 7260 KB (7 MB)
Number of Receptor Processes: 2

AAP-related Processes and Children:
=== AAP Service Processes ===
Process: redis-server (PID: 1074)
    PID    PPID CMD                           RSS
   1074       1 /usr/bin/redis-server *:637 16212

Process: nginx (PID: 1112)
    PID    PPID CMD                           RSS
   1112       1 nginx: master process /usr/  2104
  Children of PID 1112:
    PID    PPID CMD                           RSS
   1113    1112 nginx: worker process        8376
    PID    PPID CMD                           RSS
   1114    1112 nginx: worker process        8376

Process: nginx (PID: 1113)
    PID    PPID CMD                           RSS
   1113    1112 nginx: worker process        8376

Process: nginx (PID: 1114)
    PID    PPID CMD                           RSS
   1114    1112 nginx: worker process        8376

Process: uwsgi (PID: 1123)
    PID    PPID CMD                           RSS
   1123     774 uwsgi /etc/ansible-automati 13952
  Children of PID 1123:
    PID    PPID CMD                           RSS
   1163    1123 uwsgi /etc/ansible-automati 117484
    PID    PPID CMD                           RSS
   1164    1123 uwsgi /etc/ansible-automati 116444
    PID    PPID CMD                           RSS
   1165    1123 uwsgi /etc/ansible-automati 119724
    PID    PPID CMD                           RSS
   1166    1123 uwsgi /etc/ansible-automati 118504
    PID    PPID CMD                           RSS
   1167    1123 uwsgi /etc/ansible-automati 118968

Process: uwsgi (PID: 1163)
    PID    PPID CMD                           RSS
   1163    1123 uwsgi /etc/ansible-automati 117484

Process: uwsgi (PID: 1164)
    PID    PPID CMD                           RSS
   1164    1123 uwsgi /etc/ansible-automati 116444

Process: uwsgi (PID: 1165)
    PID    PPID CMD                           RSS
   1165    1123 uwsgi /etc/ansible-automati 119724

Process: uwsgi (PID: 1166)
    PID    PPID CMD                           RSS
   1166    1123 uwsgi /etc/ansible-automati 118504

Process: uwsgi (PID: 1167)
    PID    PPID CMD                           RSS
   1167    1123 uwsgi /etc/ansible-automati 118968

Process: bash (PID: 7512)
    PID    PPID CMD                           RSS
   7512       1 bash -c  log_file="/tmp/mem  3584
  Children of PID 7512:
    PID    PPID CMD                           RSS
   8064    7512 bash -c  log_file="/tmp/mem  2512

Process: bash (PID: 8064)
    PID    PPID CMD                           RSS
   8064    7512 bash -c  log_file="/tmp/mem  2512
  Children of PID 8064:
    PID    PPID CMD                           RSS


Process Tree for AAP Services:
=== automation-controller Process Tree ===
bash(7512)---pstree(8112)
=== receptor Process Tree ===
bash(7512)---pstree(8116)
=== nginx Process Tree ===
nginx(1112)-+-nginx(1113)
            `-nginx(1114)
nginx(1113)
nginx(1114)
bash(7512)---pstree(8123)
=== postgresql Process Tree ===
bash(7512)---pstree(8127)
=== redis Process Tree ===
redis-server(1074)-+-{redis-server}(1083)
                   |-{redis-server}(1084)
                   |-{redis-server}(1085)
                   `-{redis-server}(1086)
bash(7512)---pstree(8132)
=== uwsgi Process Tree ===
uwsgi(1123)-+-uwsgi(1163)
            |-uwsgi(1164)
            |-uwsgi(1165)
            |-uwsgi(1166)
            `-uwsgi(1167)
uwsgi(1163)
uwsgi(1164)
uwsgi(1165)
uwsgi(1166)
uwsgi(1167)
bash(7512)---pstree(8142)
=== automation-hub Process Tree ===
bash(7512)---pstree(8146)
=== automation-eda Process Tree ===
bash(7512)---pstree(8150)

=================================================================================
2025-07-03 12:00:49
Memory Usage Report:
               total        used        free      shared  buff/cache   available
Mem:            7555        1232        5777           9         811        6322
Swap:           5327           0        5327

Top 10 Processes by RSS Memory:
    PID    PPID CMD                           RSS
   1165    1123 uwsgi /etc/ansible-automati 119724
   1579    1124 /usr/bin/python3.11 -sP /us 119476
   1167    1123 uwsgi /etc/ansible-automati 118968
   1575    1124 /usr/bin/python3.11 -sP /us 118640
   1166    1123 uwsgi /etc/ansible-automati 118504
   1163    1123 uwsgi /etc/ansible-automati 117484
   1164    1123 uwsgi /etc/ansible-automati 116444
   1124     774 /usr/bin/python3.11 -sP /us 114040
   1578    1124 /usr/bin/python3.11 -sP /us 99016
   1576    1124 /usr/bin/python3.11 -sP /us 98888

=== RECEPTOR PROCESS ANALYSIS ===
Receptor Main Processes:
    PID    PPID CMD                           RSS    VSZ %CPU %MEM     ELAPSED
   7512       1 bash -c  log_file="/tmp/mem  3584   7260  0.0  0.0       02:04
Receptor Child Processes for PID 7512:
      PID    PPID CMD                           RSS    VSZ %CPU %MEM     ELAPSED
Receptor Threads for PID 7512:
    PID    SPID %CPU %MEM   RSS COMMAND
   7512    7512  0.0  0.0  3584 bash
Receptor Network Connections for PID 7512:
COMMAND    PID   USER   FD   TYPE DEVICE SIZE/OFF     NODE NAME
envoy      727   root   22u  IPv4  73949      0t0      TCP localhost.localdomain:43534->localhost.localdomain:pcsync-https (ESTABLISHED)
envoy      727   root   31u  IPv4  23339      0t0      TCP localhost.localdomain:60444->localhost.localdomain:pcsync-https (ESTABLISHED)
envoy      727   root   32u  IPv4  23341      0t0      TCP localhost.localdomain:41216->aap25-control.lan:https (ESTABLISHED)
envoy      727   root   34u  IPv4  23358      0t0      TCP *:https (LISTEN)
envoy      727   root   35u  IPv4  23359      0t0      TCP *:https (LISTEN)
envoy      727   root   36u  IPv4  80762      0t0      TCP localhost.localdomain:https->192.168.1.49:57898 (ESTABLISHED)
envoy      727   root   37u  IPv4  24888      0t0      TCP localhost:49764->localhost:50051 (ESTABLISHED)
envoy      727   root   38u  IPv4  65989      0t0      TCP localhost.localdomain:59008->localhost.localdomain:pcsync-https (ESTABLISHED)
envoy      727   root   39u  IPv4  27862      0t0      TCP localhost:50600->localhost:50051 (ESTABLISHED)
envoy      727   root   40u  IPv4  65459      0t0      TCP localhost.localdomain:45204->localhost.localdomain:pcsync-https (ESTABLISHED)
envoy      727   root   41u  IPv4  81296      0t0      TCP localhost.localdomain:https->192.168.1.49:57916 (ESTABLISHED)
envoy      727   root   42u  IPv4  80764      0t0      TCP localhost.localdomain:https->192.168.1.49:57950 (ESTABLISHED)
envoy      727   root   43u  IPv4  80766      0t0      TCP localhost.localdomain:https->192.168.1.49:57964 (ESTABLISHED)
envoy      727   root   44u  IPv4  86301      0t0      TCP localhost.localdomain:37064->aap25-control.lan:https (ESTABLISHED)
envoy      727   root   45u  IPv4  82116      0t0      TCP localhost.localdomain:https->192.168.1.49:56876 (ESTABLISHED)
envoy      727   root   46u  IPv4  86328      0t0      TCP localhost.localdomain:37072->aap25-control.lan:https (ESTABLISHED)
envoy      727   root   47u  IPv4  86326      0t0      TCP localhost.localdomain:60070->localhost.localdomain:pcsync-https (ESTABLISHED)
envoy      727   root   48u  IPv4  87783      0t0      TCP localhost.localdomain:42904->aap25-control.lan:https (ESTABLISHED)
envoy      727   root   49u  IPv4  81665      0t0      TCP localhost.localdomain:https->192.168.1.49:56866 (ESTABLISHED)
envoy      727   root   50u  IPv4  81708      0t0      TCP localhost.localdomain:https->192.168.1.49:44012 (ESTABLISHED)
envoy      727   root   51u  IPv4  87915      0t0      TCP localhost.localdomain:43418->localhost.localdomain:pcsync-https (ESTABLISHED)
envoy      727   root   53u  IPv4  81710      0t0      TCP localhost.localdomain:44784->aap25-control.lan:https (ESTABLISHED)
envoy      727   root   55u  IPv4  81718      0t0      TCP localhost.localdomain:44798->aap25-control.lan:https (ESTABLISHED)
chronyd    745 chrony    5u  IPv4  21055      0t0      UDP localhost:323 
chronyd    745 chrony    6u  IPv6  21056      0t0      UDP localhost:323 
NetworkMa  764   root   26u  IPv4  22715      0t0      UDP localhost.localdomain:bootpc->pi.hole:bootps 
sshd       795   root    3u  IPv4  21297      0t0      TCP *:ssh (LISTEN)
sshd       795   root    4u  IPv6  21299      0t0      TCP *:ssh (LISTEN)
redis-ser 1074  redis    6u  IPv4  22809      0t0      TCP *:redis (LISTEN)
redis-ser 1074  redis    7u  IPv6  22810      0t0      TCP *:redis (LISTEN)
redis-ser 1074  redis    8u  IPv4  23343      0t0      TCP localhost.localdomain:redis->localhost.localdomain:39864 (ESTABLISHED)
redis-ser 1074  redis    9u  IPv4  23381      0t0      TCP localhost.localdomain:redis->localhost.localdomain:39870 (ESTABLISHED)
redis-ser 1074  redis   10u  IPv4  24388      0t0      TCP localhost.localdomain:redis->localhost.localdomain:37148 (ESTABLISHED)
redis-ser 1074  redis   11u  IPv4  24882      0t0      TCP localhost.localdomain:redis->localhost.localdomain:59062 (ESTABLISHED)
redis-ser 1074  redis   12u  IPv4  26422      0t0      TCP localhost.localdomain:redis->localhost.localdomain:59074 (ESTABLISHED)
redis-ser 1074  redis   13u  IPv4  31079      0t0      TCP localhost.localdomain:redis->localhost.localdomain:54200 (ESTABLISHED)
redis-ser 1074  redis   14u  IPv4  27889      0t0      TCP localhost.localdomain:redis->localhost.localdomain:47160 (ESTABLISHED)
redis-ser 1074  redis   15u  IPv4  78636      0t0      TCP localhost.localdomain:redis->localhost.localdomain:49930 (ESTABLISHED)
redis-ser 1074  redis   16u  IPv4  78637      0t0      TCP localhost.localdomain:redis->localhost.localdomain:49932 (ESTABLISHED)
redis-ser 1074  redis   17u  IPv4  79305      0t0      TCP localhost.localdomain:redis->localhost.localdomain:45260 (ESTABLISHED)
redis-ser 1074  redis   18u  IPv4  79496      0t0      TCP localhost.localdomain:redis->localhost.localdomain:43842 (ESTABLISHED)
nginx     1112   root    6u  IPv4  22847      0t0      TCP *:pcsync-https (LISTEN)
nginx     1113  nginx    6u  IPv4  22847      0t0      TCP *:pcsync-https (LISTEN)
nginx     1113  nginx   11u  IPv4  24240      0t0      TCP localhost.localdomain:pcsync-https->localhost.localdomain:60444 (ESTABLISHED)
nginx     1114  nginx    6u  IPv4  22847      0t0      TCP *:pcsync-https (LISTEN)
nginx     1114  nginx    7u  IPv4  65649      0t0      TCP localhost.localdomain:pcsync-https->localhost.localdomain:45204 (ESTABLISHED)
nginx     1114  nginx    8u  IPv4  66842      0t0      TCP localhost.localdomain:pcsync-https->localhost.localdomain:59008 (ESTABLISHED)
nginx     1114  nginx   14u  IPv4  86327      0t0      TCP localhost.localdomain:pcsync-https->localhost.localdomain:60070 (ESTABLISHED)
nginx     1114  nginx   15u  IPv4  73950      0t0      TCP localhost.localdomain:pcsync-https->localhost.localdomain:43534 (ESTABLISHED)
nginx     1114  nginx   17u  IPv4  87916      0t0      TCP localhost.localdomain:pcsync-https->localhost.localdomain:43418 (ESTABLISHED)
uwsgi     1123   root    3u  IPv4  24000      0t0      TCP localhost:8050 (LISTEN)
uwsgi     1163   root    3u  IPv4  24000      0t0      TCP localhost:8050 (LISTEN)
uwsgi     1163   root    9u  IPv4  24329      0t0      TCP localhost.localdomain:39870->localhost.localdomain:redis (ESTABLISHED)
uwsgi     1164   root    3u  IPv4  24000      0t0      TCP localhost:8050 (LISTEN)
uwsgi     1164   root    8u  IPv4  26415      0t0      TCP localhost.localdomain:59062->localhost.localdomain:redis (ESTABLISHED)
uwsgi     1165   root    3u  IPv4  24000      0t0      TCP localhost:8050 (LISTEN)
uwsgi     1165   root    7u  IPv4  24248      0t0      TCP localhost.localdomain:39864->localhost.localdomain:redis (ESTABLISHED)
uwsgi     1166   root    3u  IPv4  24000      0t0      TCP localhost:8050 (LISTEN)
uwsgi     1166   root    8u  IPv4  31108      0t0      TCP localhost.localdomain:47160->localhost.localdomain:redis (ESTABLISHED)
uwsgi     1167   root    3u  IPv4  24000      0t0      TCP localhost:8050 (LISTEN)
uwsgi     1167   root    8u  IPv4  23458      0t0      TCP localhost.localdomain:37148->localhost.localdomain:redis (ESTABLISHED)
aap-gatew 1575   root    9u  IPv6  24217      0t0      TCP *:50051 (LISTEN)
aap-gatew 1575   root   10u  IPv6  31077      0t0      TCP localhost:50051->localhost:50600 (ESTABLISHED)
aap-gatew 1575   root   11u  IPv4  27863      0t0      TCP localhost.localdomain:54200->localhost.localdomain:redis (ESTABLISHED)
aap-gatew 1575   root   12u  IPv4  54461      0t0      TCP localhost.localdomain:36124->aap25-database.lan:postgres (ESTABLISHED)
aap-gatew 1575   root   13u  IPv4  79304      0t0      TCP localhost.localdomain:45260->localhost.localdomain:redis (ESTABLISHED)
aap-gatew 1575   root   14u  IPv4  79307      0t0      TCP localhost.localdomain:39522->aap25-database.lan:postgres (ESTABLISHED)
aap-gatew 1575   root   15u  IPv4  79312      0t0      TCP localhost.localdomain:39526->aap25-database.lan:postgres (ESTABLISHED)
aap-gatew 1575   root   16u  IPv4  80005      0t0      TCP localhost.localdomain:43842->localhost.localdomain:redis (ESTABLISHED)
aap-gatew 1575   root   17u  IPv4  80042      0t0      TCP localhost.localdomain:33938->aap25-database.lan:postgres (ESTABLISHED)
aap-gatew 1576   root   11u  IPv6  24220      0t0      TCP *:50051 (LISTEN)
aap-gatew 1577   root   13u  IPv6  24223      0t0      TCP *:50051 (LISTEN)
aap-gatew 1578   root   15u  IPv6  23305      0t0      TCP *:50051 (LISTEN)
aap-gatew 1579   root   17u  IPv6  23302      0t0      TCP *:50051 (LISTEN)
aap-gatew 1579   root   18u  IPv6  26420      0t0      TCP localhost:50051->localhost:49764 (ESTABLISHED)
aap-gatew 1579   root   19u  IPv4  24889      0t0      TCP localhost.localdomain:59074->localhost.localdomain:redis (ESTABLISHED)
aap-gatew 1579   root   20u  IPv4  24890      0t0      TCP localhost.localdomain:49120->aap25-database.lan:postgres (ESTABLISHED)
aap-gatew 1579   root   21u  IPv4  79220      0t0      TCP localhost.localdomain:49930->localhost.localdomain:redis (ESTABLISHED)
aap-gatew 1579   root   22u  IPv4  78635      0t0      TCP localhost.localdomain:49932->localhost.localdomain:redis (ESTABLISHED)
aap-gatew 1579   root   23u  IPv4  79280      0t0      TCP localhost.localdomain:58526->aap25-database.lan:postgres (ESTABLISHED)
aap-gatew 1579   root   24u  IPv4  81677      0t0      TCP localhost.localdomain:58422->aap25-database.lan:postgres (ESTABLISHED)
aap-gatew 1579   root   25u  IPv4  79283      0t0      TCP localhost.localdomain:58528->aap25-database.lan:postgres (ESTABLISHED)
bash      7512   root  cwd    DIR  253,0      185 50331782 /root
bash      7512   root  rtd    DIR  253,0      235      128 /
bash      7512   root  txt    REG  253,0  1389072 50367435 /usr/bin/bash
bash      7512   root  mem    REG  253,0  2586930 50367720 /usr/lib/locale/en_US.utf8/LC_COLLATE
bash      7512   root  mem    REG  253,0  2544344     2597 /usr/lib64/libc.so.6
bash      7512   root  mem    REG  253,0   346132 33699956 /usr/lib/locale/C.utf8/LC_CTYPE
bash      7512   root  mem    REG  253,0       54 50367723 /usr/lib/locale/en_US.utf8/LC_NUMERIC
bash      7512   root  mem    REG  253,0     3284     2565 /usr/lib/locale/en_US.utf8/LC_TIME
bash      7512   root  mem    REG  253,0      286     2563 /usr/lib/locale/en_US.utf8/LC_MONETARY
bash      7512   root  mem    REG  253,0       57     2576 /usr/lib/locale/en_US.utf8/LC_MESSAGES/SYS_LC_MESSAGES
bash      7512   root  mem    REG  253,0    26988 16780452 /usr/lib64/gconv/gconv-modules.cache
bash      7512   root  mem    REG  253,0   195080     2316 /usr/lib64/libtinfo.so.6.2
bash      7512   root  mem    REG  253,0       34 33700259 /usr/lib/locale/en_US.utf8/LC_PAPER
bash      7512   root  mem    REG  253,0       77 50367722 /usr/lib/locale/en_US.utf8/LC_NAME
bash      7512   root  mem    REG  253,0      167     2559 /usr/lib/locale/en_US.utf8/LC_ADDRESS
bash      7512   root  mem    REG  253,0       59     2564 /usr/lib/locale/en_US.utf8/LC_TELEPHONE
bash      7512   root  mem    REG  253,0       23     2562 /usr/lib/locale/en_US.utf8/LC_MEASUREMENT
bash      7512   root  mem    REG  253,0      369     2561 /usr/lib/locale/en_US.utf8/LC_IDENTIFICATION
bash      7512   root  mem    REG  253,0   897856     2593 /usr/lib64/ld-linux-x86-64.so.2
bash      7512   root    0r   CHR    1,3      0t0        4 /dev/null
bash      7512   root    1w   REG  253,0        0 34669828 /tmp/memory_monitor.log
bash      7512   root    2w   REG  253,0        0 34669828 /tmp/memory_monitor.log
bash      7512   root    3r  FIFO   0,13      0t0    88734 pipe

    PID    PPID CMD                           RSS    VSZ %CPU %MEM     ELAPSED
Receptor Child Processes for PID 8158:
  No child processes found
Receptor Threads for PID 8158:
    PID    SPID %CPU %MEM   RSS COMMAND
Receptor Network Connections for PID 8158:
COMMAND    PID   USER   FD   TYPE DEVICE SIZE/OFF NODE NAME
envoy      727   root   22u  IPv4  73949      0t0  TCP localhost.localdomain:43534->localhost.localdomain:pcsync-https (ESTABLISHED)
envoy      727   root   31u  IPv4  23339      0t0  TCP localhost.localdomain:60444->localhost.localdomain:pcsync-https (ESTABLISHED)
envoy      727   root   32u  IPv4  23341      0t0  TCP localhost.localdomain:41216->aap25-control.lan:https (ESTABLISHED)
envoy      727   root   34u  IPv4  23358      0t0  TCP *:https (LISTEN)
envoy      727   root   35u  IPv4  23359      0t0  TCP *:https (LISTEN)
envoy      727   root   36u  IPv4  80762      0t0  TCP localhost.localdomain:https->192.168.1.49:57898 (ESTABLISHED)
envoy      727   root   37u  IPv4  24888      0t0  TCP localhost:49764->localhost:50051 (ESTABLISHED)
envoy      727   root   38u  IPv4  65989      0t0  TCP localhost.localdomain:59008->localhost.localdomain:pcsync-https (ESTABLISHED)
envoy      727   root   39u  IPv4  27862      0t0  TCP localhost:50600->localhost:50051 (ESTABLISHED)
envoy      727   root   40u  IPv4  65459      0t0  TCP localhost.localdomain:45204->localhost.localdomain:pcsync-https (ESTABLISHED)
envoy      727   root   41u  IPv4  81296      0t0  TCP localhost.localdomain:https->192.168.1.49:57916 (ESTABLISHED)
envoy      727   root   42u  IPv4  80764      0t0  TCP localhost.localdomain:https->192.168.1.49:57950 (ESTABLISHED)
envoy      727   root   43u  IPv4  80766      0t0  TCP localhost.localdomain:https->192.168.1.49:57964 (ESTABLISHED)
envoy      727   root   44u  IPv4  86301      0t0  TCP localhost.localdomain:37064->aap25-control.lan:https (ESTABLISHED)
envoy      727   root   45u  IPv4  82116      0t0  TCP localhost.localdomain:https->192.168.1.49:56876 (ESTABLISHED)
envoy      727   root   46u  IPv4  86328      0t0  TCP localhost.localdomain:37072->aap25-control.lan:https (ESTABLISHED)
envoy      727   root   47u  IPv4  86326      0t0  TCP localhost.localdomain:60070->localhost.localdomain:pcsync-https (ESTABLISHED)
envoy      727   root   48u  IPv4  87783      0t0  TCP localhost.localdomain:42904->aap25-control.lan:https (ESTABLISHED)
envoy      727   root   49u  IPv4  81665      0t0  TCP localhost.localdomain:https->192.168.1.49:56866 (ESTABLISHED)
envoy      727   root   50u  IPv4  81708      0t0  TCP localhost.localdomain:https->192.168.1.49:44012 (ESTABLISHED)
envoy      727   root   51u  IPv4  87915      0t0  TCP localhost.localdomain:43418->localhost.localdomain:pcsync-https (ESTABLISHED)
envoy      727   root   53u  IPv4  81710      0t0  TCP localhost.localdomain:44784->aap25-control.lan:https (ESTABLISHED)
envoy      727   root   55u  IPv4  81718      0t0  TCP localhost.localdomain:44798->aap25-control.lan:https (ESTABLISHED)
chronyd    745 chrony    5u  IPv4  21055      0t0  UDP localhost:323 
chronyd    745 chrony    6u  IPv6  21056      0t0  UDP localhost:323 
NetworkMa  764   root   26u  IPv4  22715      0t0  UDP localhost.localdomain:bootpc->pi.hole:bootps 
sshd       795   root    3u  IPv4  21297      0t0  TCP *:ssh (LISTEN)
sshd       795   root    4u  IPv6  21299      0t0  TCP *:ssh (LISTEN)
redis-ser 1074  redis    6u  IPv4  22809      0t0  TCP *:redis (LISTEN)
redis-ser 1074  redis    7u  IPv6  22810      0t0  TCP *:redis (LISTEN)
redis-ser 1074  redis    8u  IPv4  23343      0t0  TCP localhost.localdomain:redis->localhost.localdomain:39864 (ESTABLISHED)
redis-ser 1074  redis    9u  IPv4  23381      0t0  TCP localhost.localdomain:redis->localhost.localdomain:39870 (ESTABLISHED)
redis-ser 1074  redis   10u  IPv4  24388      0t0  TCP localhost.localdomain:redis->localhost.localdomain:37148 (ESTABLISHED)
redis-ser 1074  redis   11u  IPv4  24882      0t0  TCP localhost.localdomain:redis->localhost.localdomain:59062 (ESTABLISHED)
redis-ser 1074  redis   12u  IPv4  26422      0t0  TCP localhost.localdomain:redis->localhost.localdomain:59074 (ESTABLISHED)
redis-ser 1074  redis   13u  IPv4  31079      0t0  TCP localhost.localdomain:redis->localhost.localdomain:54200 (ESTABLISHED)
redis-ser 1074  redis   14u  IPv4  27889      0t0  TCP localhost.localdomain:redis->localhost.localdomain:47160 (ESTABLISHED)
redis-ser 1074  redis   15u  IPv4  78636      0t0  TCP localhost.localdomain:redis->localhost.localdomain:49930 (ESTABLISHED)
redis-ser 1074  redis   16u  IPv4  78637      0t0  TCP localhost.localdomain:redis->localhost.localdomain:49932 (ESTABLISHED)
redis-ser 1074  redis   17u  IPv4  79305      0t0  TCP localhost.localdomain:redis->localhost.localdomain:45260 (ESTABLISHED)
redis-ser 1074  redis   18u  IPv4  79496      0t0  TCP localhost.localdomain:redis->localhost.localdomain:43842 (ESTABLISHED)
nginx     1112   root    6u  IPv4  22847      0t0  TCP *:pcsync-https (LISTEN)
nginx     1113  nginx    6u  IPv4  22847      0t0  TCP *:pcsync-https (LISTEN)
nginx     1113  nginx   11u  IPv4  24240      0t0  TCP localhost.localdomain:pcsync-https->localhost.localdomain:60444 (ESTABLISHED)
nginx     1114  nginx    6u  IPv4  22847      0t0  TCP *:pcsync-https (LISTEN)
nginx     1114  nginx    7u  IPv4  65649      0t0  TCP localhost.localdomain:pcsync-https->localhost.localdomain:45204 (ESTABLISHED)
nginx     1114  nginx    8u  IPv4  66842      0t0  TCP localhost.localdomain:pcsync-https->localhost.localdomain:59008 (ESTABLISHED)
nginx     1114  nginx   14u  IPv4  86327      0t0  TCP localhost.localdomain:pcsync-https->localhost.localdomain:60070 (ESTABLISHED)
nginx     1114  nginx   15u  IPv4  73950      0t0  TCP localhost.localdomain:pcsync-https->localhost.localdomain:43534 (ESTABLISHED)
nginx     1114  nginx   17u  IPv4  87916      0t0  TCP localhost.localdomain:pcsync-https->localhost.localdomain:43418 (ESTABLISHED)
uwsgi     1123   root    3u  IPv4  24000      0t0  TCP localhost:8050 (LISTEN)
uwsgi     1163   root    3u  IPv4  24000      0t0  TCP localhost:8050 (LISTEN)
uwsgi     1163   root    9u  IPv4  24329      0t0  TCP localhost.localdomain:39870->localhost.localdomain:redis (ESTABLISHED)
uwsgi     1164   root    3u  IPv4  24000      0t0  TCP localhost:8050 (LISTEN)
uwsgi     1164   root    8u  IPv4  26415      0t0  TCP localhost.localdomain:59062->localhost.localdomain:redis (ESTABLISHED)
uwsgi     1165   root    3u  IPv4  24000      0t0  TCP localhost:8050 (LISTEN)
uwsgi     1165   root    7u  IPv4  24248      0t0  TCP localhost.localdomain:39864->localhost.localdomain:redis (ESTABLISHED)
uwsgi     1166   root    3u  IPv4  24000      0t0  TCP localhost:8050 (LISTEN)
uwsgi     1166   root    8u  IPv4  31108      0t0  TCP localhost.localdomain:47160->localhost.localdomain:redis (ESTABLISHED)
uwsgi     1167   root    3u  IPv4  24000      0t0  TCP localhost:8050 (LISTEN)
uwsgi     1167   root    8u  IPv4  23458      0t0  TCP localhost.localdomain:37148->localhost.localdomain:redis (ESTABLISHED)
aap-gatew 1575   root    9u  IPv6  24217      0t0  TCP *:50051 (LISTEN)
aap-gatew 1575   root   10u  IPv6  31077      0t0  TCP localhost:50051->localhost:50600 (ESTABLISHED)
aap-gatew 1575   root   11u  IPv4  27863      0t0  TCP localhost.localdomain:54200->localhost.localdomain:redis (ESTABLISHED)
aap-gatew 1575   root   12u  IPv4  54461      0t0  TCP localhost.localdomain:36124->aap25-database.lan:postgres (ESTABLISHED)
aap-gatew 1575   root   13u  IPv4  79304      0t0  TCP localhost.localdomain:45260->localhost.localdomain:redis (ESTABLISHED)
aap-gatew 1575   root   14u  IPv4  79307      0t0  TCP localhost.localdomain:39522->aap25-database.lan:postgres (ESTABLISHED)
aap-gatew 1575   root   15u  IPv4  79312      0t0  TCP localhost.localdomain:39526->aap25-database.lan:postgres (ESTABLISHED)
aap-gatew 1575   root   16u  IPv4  80005      0t0  TCP localhost.localdomain:43842->localhost.localdomain:redis (ESTABLISHED)
aap-gatew 1575   root   17u  IPv4  80042      0t0  TCP localhost.localdomain:33938->aap25-database.lan:postgres (ESTABLISHED)
aap-gatew 1576   root   11u  IPv6  24220      0t0  TCP *:50051 (LISTEN)
aap-gatew 1577   root   13u  IPv6  24223      0t0  TCP *:50051 (LISTEN)
aap-gatew 1578   root   15u  IPv6  23305      0t0  TCP *:50051 (LISTEN)
aap-gatew 1579   root   17u  IPv6  23302      0t0  TCP *:50051 (LISTEN)
aap-gatew 1579   root   18u  IPv6  26420      0t0  TCP localhost:50051->localhost:49764 (ESTABLISHED)
aap-gatew 1579   root   19u  IPv4  24889      0t0  TCP localhost.localdomain:59074->localhost.localdomain:redis (ESTABLISHED)
aap-gatew 1579   root   20u  IPv4  24890      0t0  TCP localhost.localdomain:49120->aap25-database.lan:postgres (ESTABLISHED)
aap-gatew 1579   root   21u  IPv4  79220      0t0  TCP localhost.localdomain:49930->localhost.localdomain:redis (ESTABLISHED)
aap-gatew 1579   root   22u  IPv4  78635      0t0  TCP localhost.localdomain:49932->localhost.localdomain:redis (ESTABLISHED)
aap-gatew 1579   root   23u  IPv4  79280      0t0  TCP localhost.localdomain:58526->aap25-database.lan:postgres (ESTABLISHED)
aap-gatew 1579   root   24u  IPv4  81677      0t0  TCP localhost.localdomain:58422->aap25-database.lan:postgres (ESTABLISHED)
aap-gatew 1579   root   25u  IPv4  79283      0t0  TCP localhost.localdomain:58528->aap25-database.lan:postgres (ESTABLISHED)
  No network connections found

=== RECEPTOR MEMORY SUMMARY ===
Total Receptor RSS Memory: 3584 KB (3 MB)
Total Receptor VSZ Memory: 7336 KB (7 MB)
Number of Receptor Processes: 2

AAP-related Processes and Children:
=== AAP Service Processes ===
Process: redis-server (PID: 1074)
    PID    PPID CMD                           RSS
   1074       1 /usr/bin/redis-server *:637 16212

Process: nginx (PID: 1112)
    PID    PPID CMD                           RSS
   1112       1 nginx: master process /usr/  2104
  Children of PID 1112:
    PID    PPID CMD                           RSS
   1113    1112 nginx: worker process        8376
    PID    PPID CMD                           RSS
   1114    1112 nginx: worker process        8376

Process: nginx (PID: 1113)
    PID    PPID CMD                           RSS
   1113    1112 nginx: worker process        8376

Process: nginx (PID: 1114)
    PID    PPID CMD                           RSS
   1114    1112 nginx: worker process        8376

Process: uwsgi (PID: 1123)
    PID    PPID CMD                           RSS
   1123     774 uwsgi /etc/ansible-automati 13952
  Children of PID 1123:
    PID    PPID CMD                           RSS
   1163    1123 uwsgi /etc/ansible-automati 117484
    PID    PPID CMD                           RSS
   1164    1123 uwsgi /etc/ansible-automati 116444
    PID    PPID CMD                           RSS
   1165    1123 uwsgi /etc/ansible-automati 119724
    PID    PPID CMD                           RSS
   1166    1123 uwsgi /etc/ansible-automati 118504
    PID    PPID CMD                           RSS
   1167    1123 uwsgi /etc/ansible-automati 118968

Process: uwsgi (PID: 1163)
    PID    PPID CMD                           RSS
   1163    1123 uwsgi /etc/ansible-automati 117484

Process: uwsgi (PID: 1164)
    PID    PPID CMD                           RSS
   1164    1123 uwsgi /etc/ansible-automati 116444

Process: uwsgi (PID: 1165)
    PID    PPID CMD                           RSS
   1165    1123 uwsgi /etc/ansible-automati 119724

Process: uwsgi (PID: 1166)
    PID    PPID CMD                           RSS
   1166    1123 uwsgi /etc/ansible-automati 118504

Process: uwsgi (PID: 1167)
    PID    PPID CMD                           RSS
   1167    1123 uwsgi /etc/ansible-automati 118968

Process: bash (PID: 7512)
    PID    PPID CMD                           RSS
   7512       1 bash -c  log_file="/tmp/mem  3584
  Children of PID 7512:
    PID    PPID CMD                           RSS
   8217    7512 bash -c  log_file="/tmp/mem  2520

Process: bash (PID: 8217)
    PID    PPID CMD                           RSS
   8217    7512 bash -c  log_file="/tmp/mem  2520
  Children of PID 8217:
    PID    PPID CMD                           RSS


Process Tree for AAP Services:
=== automation-controller Process Tree ===
bash(7512)---pstree(8265)
=== receptor Process Tree ===
bash(7512)---pstree(8269)
=== nginx Process Tree ===
nginx(1112)-+-nginx(1113)
            `-nginx(1114)
nginx(1113)
nginx(1114)
bash(7512)---pstree(8276)
=== postgresql Process Tree ===
bash(7512)---pstree(8280)
=== redis Process Tree ===
redis-server(1074)-+-{redis-server}(1083)
                   |-{redis-server}(1084)
                   |-{redis-server}(1085)
                   `-{redis-server}(1086)
bash(7512)---pstree(8285)
=== uwsgi Process Tree ===
uwsgi(1123)-+-uwsgi(1163)
            |-uwsgi(1164)
            |-uwsgi(1165)
            |-uwsgi(1166)
            `-uwsgi(1167)
uwsgi(1163)
uwsgi(1164)
uwsgi(1165)
uwsgi(1166)
uwsgi(1167)
bash(7512)---pstree(8295)
=== automation-hub Process Tree ===
bash(7512)---pstree(8299)
=== automation-eda Process Tree ===
bash(7512)---pstree(8303)

=================================================================================
2025-07-03 12:01:20
Memory Usage Report:
               total        used        free      shared  buff/cache   available
Mem:            7555        1231        5778           9         812        6323
Swap:           5327           0        5327

Top 10 Processes by RSS Memory:
    PID    PPID CMD                           RSS
   1165    1123 uwsgi /etc/ansible-automati 119724
   1579    1124 /usr/bin/python3.11 -sP /us 119476
   1167    1123 uwsgi /etc/ansible-automati 118968
   1575    1124 /usr/bin/python3.11 -sP /us 118640
   1166    1123 uwsgi /etc/ansible-automati 118504
   1163    1123 uwsgi /etc/ansible-automati 117484
   1164    1123 uwsgi /etc/ansible-automati 116444
   1124     774 /usr/bin/python3.11 -sP /us 114040
   1578    1124 /usr/bin/python3.11 -sP /us 99016
   1576    1124 /usr/bin/python3.11 -sP /us 98888

=== RECEPTOR PROCESS ANALYSIS ===
Receptor Main Processes:
    PID    PPID CMD                           RSS    VSZ %CPU %MEM     ELAPSED
   7512       1 bash -c  log_file="/tmp/mem  3584   7336  0.0  0.0       02:35
Receptor Child Processes for PID 7512:
      PID    PPID CMD                           RSS    VSZ %CPU %MEM     ELAPSED
Receptor Threads for PID 7512:
    PID    SPID %CPU %MEM   RSS COMMAND
   7512    7512  0.0  0.0  3584 bash
Receptor Network Connections for PID 7512:
COMMAND    PID   USER   FD   TYPE DEVICE SIZE/OFF     NODE NAME
envoy      727   root   22u  IPv4  73949      0t0      TCP localhost.localdomain:43534->localhost.localdomain:pcsync-https (ESTABLISHED)
envoy      727   root   31u  IPv4  23339      0t0      TCP localhost.localdomain:60444->localhost.localdomain:pcsync-https (ESTABLISHED)
envoy      727   root   32u  IPv4  23341      0t0      TCP localhost.localdomain:41216->aap25-control.lan:https (ESTABLISHED)
envoy      727   root   34u  IPv4  23358      0t0      TCP *:https (LISTEN)
envoy      727   root   35u  IPv4  23359      0t0      TCP *:https (LISTEN)
envoy      727   root   36u  IPv4  80762      0t0      TCP localhost.localdomain:https->192.168.1.49:57898 (ESTABLISHED)
envoy      727   root   37u  IPv4  24888      0t0      TCP localhost:49764->localhost:50051 (ESTABLISHED)
envoy      727   root   38u  IPv4  65989      0t0      TCP localhost.localdomain:59008->localhost.localdomain:pcsync-https (ESTABLISHED)
envoy      727   root   39u  IPv4  27862      0t0      TCP localhost:50600->localhost:50051 (ESTABLISHED)
envoy      727   root   40u  IPv4  65459      0t0      TCP localhost.localdomain:45204->localhost.localdomain:pcsync-https (ESTABLISHED)
envoy      727   root   41u  IPv4  81296      0t0      TCP localhost.localdomain:https->192.168.1.49:57916 (ESTABLISHED)
envoy      727   root   42u  IPv4  80764      0t0      TCP localhost.localdomain:https->192.168.1.49:57950 (ESTABLISHED)
envoy      727   root   43u  IPv4  80766      0t0      TCP localhost.localdomain:https->192.168.1.49:57964 (ESTABLISHED)
envoy      727   root   45u  IPv4  82116      0t0      TCP localhost.localdomain:https->192.168.1.49:56876 (ESTABLISHED)
envoy      727   root   48u  IPv4  87783      0t0      TCP localhost.localdomain:42904->aap25-control.lan:https (ESTABLISHED)
envoy      727   root   49u  IPv4  81665      0t0      TCP localhost.localdomain:https->192.168.1.49:56866 (ESTABLISHED)
envoy      727   root   50u  IPv4  81708      0t0      TCP localhost.localdomain:https->192.168.1.49:44012 (ESTABLISHED)
envoy      727   root   53u  IPv4  81710      0t0      TCP localhost.localdomain:44784->aap25-control.lan:https (ESTABLISHED)
envoy      727   root   55u  IPv4  81718      0t0      TCP localhost.localdomain:44798->aap25-control.lan:https (ESTABLISHED)
chronyd    745 chrony    5u  IPv4  21055      0t0      UDP localhost:323 
chronyd    745 chrony    6u  IPv6  21056      0t0      UDP localhost:323 
NetworkMa  764   root   26u  IPv4  22715      0t0      UDP localhost.localdomain:bootpc->pi.hole:bootps 
sshd       795   root    3u  IPv4  21297      0t0      TCP *:ssh (LISTEN)
sshd       795   root    4u  IPv6  21299      0t0      TCP *:ssh (LISTEN)
redis-ser 1074  redis    6u  IPv4  22809      0t0      TCP *:redis (LISTEN)
redis-ser 1074  redis    7u  IPv6  22810      0t0      TCP *:redis (LISTEN)
redis-ser 1074  redis    8u  IPv4  23343      0t0      TCP localhost.localdomain:redis->localhost.localdomain:39864 (ESTABLISHED)
redis-ser 1074  redis    9u  IPv4  23381      0t0      TCP localhost.localdomain:redis->localhost.localdomain:39870 (ESTABLISHED)
redis-ser 1074  redis   10u  IPv4  24388      0t0      TCP localhost.localdomain:redis->localhost.localdomain:37148 (ESTABLISHED)
redis-ser 1074  redis   11u  IPv4  24882      0t0      TCP localhost.localdomain:redis->localhost.localdomain:59062 (ESTABLISHED)
redis-ser 1074  redis   12u  IPv4  26422      0t0      TCP localhost.localdomain:redis->localhost.localdomain:59074 (ESTABLISHED)
redis-ser 1074  redis   13u  IPv4  31079      0t0      TCP localhost.localdomain:redis->localhost.localdomain:54200 (ESTABLISHED)
redis-ser 1074  redis   14u  IPv4  27889      0t0      TCP localhost.localdomain:redis->localhost.localdomain:47160 (ESTABLISHED)
redis-ser 1074  redis   15u  IPv4  78636      0t0      TCP localhost.localdomain:redis->localhost.localdomain:49930 (ESTABLISHED)
redis-ser 1074  redis   16u  IPv4  78637      0t0      TCP localhost.localdomain:redis->localhost.localdomain:49932 (ESTABLISHED)
redis-ser 1074  redis   17u  IPv4  79305      0t0      TCP localhost.localdomain:redis->localhost.localdomain:45260 (ESTABLISHED)
redis-ser 1074  redis   18u  IPv4  79496      0t0      TCP localhost.localdomain:redis->localhost.localdomain:43842 (ESTABLISHED)
nginx     1112   root    6u  IPv4  22847      0t0      TCP *:pcsync-https (LISTEN)
nginx     1113  nginx    6u  IPv4  22847      0t0      TCP *:pcsync-https (LISTEN)
nginx     1113  nginx   11u  IPv4  24240      0t0      TCP localhost.localdomain:pcsync-https->localhost.localdomain:60444 (ESTABLISHED)
nginx     1114  nginx    6u  IPv4  22847      0t0      TCP *:pcsync-https (LISTEN)
nginx     1114  nginx    7u  IPv4  65649      0t0      TCP localhost.localdomain:pcsync-https->localhost.localdomain:45204 (ESTABLISHED)
nginx     1114  nginx    8u  IPv4  66842      0t0      TCP localhost.localdomain:pcsync-https->localhost.localdomain:59008 (ESTABLISHED)
nginx     1114  nginx   15u  IPv4  73950      0t0      TCP localhost.localdomain:pcsync-https->localhost.localdomain:43534 (ESTABLISHED)
uwsgi     1123   root    3u  IPv4  24000      0t0      TCP localhost:8050 (LISTEN)
uwsgi     1163   root    3u  IPv4  24000      0t0      TCP localhost:8050 (LISTEN)
uwsgi     1163   root    9u  IPv4  24329      0t0      TCP localhost.localdomain:39870->localhost.localdomain:redis (ESTABLISHED)
uwsgi     1164   root    3u  IPv4  24000      0t0      TCP localhost:8050 (LISTEN)
uwsgi     1164   root    8u  IPv4  26415      0t0      TCP localhost.localdomain:59062->localhost.localdomain:redis (ESTABLISHED)
uwsgi     1165   root    3u  IPv4  24000      0t0      TCP localhost:8050 (LISTEN)
uwsgi     1165   root    7u  IPv4  24248      0t0      TCP localhost.localdomain:39864->localhost.localdomain:redis (ESTABLISHED)
uwsgi     1166   root    3u  IPv4  24000      0t0      TCP localhost:8050 (LISTEN)
uwsgi     1166   root    8u  IPv4  31108      0t0      TCP localhost.localdomain:47160->localhost.localdomain:redis (ESTABLISHED)
uwsgi     1167   root    3u  IPv4  24000      0t0      TCP localhost:8050 (LISTEN)
uwsgi     1167   root    8u  IPv4  23458      0t0      TCP localhost.localdomain:37148->localhost.localdomain:redis (ESTABLISHED)
aap-gatew 1575   root    9u  IPv6  24217      0t0      TCP *:50051 (LISTEN)
aap-gatew 1575   root   10u  IPv6  31077      0t0      TCP localhost:50051->localhost:50600 (ESTABLISHED)
aap-gatew 1575   root   11u  IPv4  27863      0t0      TCP localhost.localdomain:54200->localhost.localdomain:redis (ESTABLISHED)
aap-gatew 1575   root   12u  IPv4  54461      0t0      TCP localhost.localdomain:36124->aap25-database.lan:postgres (ESTABLISHED)
aap-gatew 1575   root   13u  IPv4  79304      0t0      TCP localhost.localdomain:45260->localhost.localdomain:redis (ESTABLISHED)
aap-gatew 1575   root   14u  IPv4  79307      0t0      TCP localhost.localdomain:39522->aap25-database.lan:postgres (ESTABLISHED)
aap-gatew 1575   root   15u  IPv4  79312      0t0      TCP localhost.localdomain:39526->aap25-database.lan:postgres (ESTABLISHED)
aap-gatew 1575   root   16u  IPv4  80005      0t0      TCP localhost.localdomain:43842->localhost.localdomain:redis (ESTABLISHED)
aap-gatew 1575   root   17u  IPv4  80042      0t0      TCP localhost.localdomain:33938->aap25-database.lan:postgres (ESTABLISHED)
aap-gatew 1576   root   11u  IPv6  24220      0t0      TCP *:50051 (LISTEN)
aap-gatew 1577   root   13u  IPv6  24223      0t0      TCP *:50051 (LISTEN)
aap-gatew 1578   root   15u  IPv6  23305      0t0      TCP *:50051 (LISTEN)
aap-gatew 1579   root   17u  IPv6  23302      0t0      TCP *:50051 (LISTEN)
aap-gatew 1579   root   18u  IPv6  26420      0t0      TCP localhost:50051->localhost:49764 (ESTABLISHED)
aap-gatew 1579   root   19u  IPv4  24889      0t0      TCP localhost.localdomain:59074->localhost.localdomain:redis (ESTABLISHED)
aap-gatew 1579   root   20u  IPv4  24890      0t0      TCP localhost.localdomain:49120->aap25-database.lan:postgres (ESTABLISHED)
aap-gatew 1579   root   21u  IPv4  79220      0t0      TCP localhost.localdomain:49930->localhost.localdomain:redis (ESTABLISHED)
aap-gatew 1579   root   22u  IPv4  78635      0t0      TCP localhost.localdomain:49932->localhost.localdomain:redis (ESTABLISHED)
aap-gatew 1579   root   23u  IPv4  79280      0t0      TCP localhost.localdomain:58526->aap25-database.lan:postgres (ESTABLISHED)
aap-gatew 1579   root   24u  IPv4  81677      0t0      TCP localhost.localdomain:58422->aap25-database.lan:postgres (ESTABLISHED)
aap-gatew 1579   root   25u  IPv4  79283      0t0      TCP localhost.localdomain:58528->aap25-database.lan:postgres (ESTABLISHED)
bash      7512   root  cwd    DIR  253,0      185 50331782 /root
bash      7512   root  rtd    DIR  253,0      235      128 /
bash      7512   root  txt    REG  253,0  1389072 50367435 /usr/bin/bash
bash      7512   root  mem    REG  253,0  2586930 50367720 /usr/lib/locale/en_US.utf8/LC_COLLATE
bash      7512   root  mem    REG  253,0  2544344     2597 /usr/lib64/libc.so.6
bash      7512   root  mem    REG  253,0   346132 33699956 /usr/lib/locale/C.utf8/LC_CTYPE
bash      7512   root  mem    REG  253,0       54 50367723 /usr/lib/locale/en_US.utf8/LC_NUMERIC
bash      7512   root  mem    REG  253,0     3284     2565 /usr/lib/locale/en_US.utf8/LC_TIME
bash      7512   root  mem    REG  253,0      286     2563 /usr/lib/locale/en_US.utf8/LC_MONETARY
bash      7512   root  mem    REG  253,0       57     2576 /usr/lib/locale/en_US.utf8/LC_MESSAGES/SYS_LC_MESSAGES
bash      7512   root  mem    REG  253,0    26988 16780452 /usr/lib64/gconv/gconv-modules.cache
bash      7512   root  mem    REG  253,0   195080     2316 /usr/lib64/libtinfo.so.6.2
bash      7512   root  mem    REG  253,0       34 33700259 /usr/lib/locale/en_US.utf8/LC_PAPER
bash      7512   root  mem    REG  253,0       77 50367722 /usr/lib/locale/en_US.utf8/LC_NAME
bash      7512   root  mem    REG  253,0      167     2559 /usr/lib/locale/en_US.utf8/LC_ADDRESS
bash      7512   root  mem    REG  253,0       59     2564 /usr/lib/locale/en_US.utf8/LC_TELEPHONE
bash      7512   root  mem    REG  253,0       23     2562 /usr/lib/locale/en_US.utf8/LC_MEASUREMENT
bash      7512   root  mem    REG  253,0      369     2561 /usr/lib/locale/en_US.utf8/LC_IDENTIFICATION
bash      7512   root  mem    REG  253,0   897856     2593 /usr/lib64/ld-linux-x86-64.so.2
bash      7512   root    0r   CHR    1,3      0t0        4 /dev/null
bash      7512   root    1w   REG  253,0        0 34669828 /tmp/memory_monitor.log
bash      7512   root    2w   REG  253,0        0 34669828 /tmp/memory_monitor.log
bash      7512   root    3r  FIFO   0,13      0t0    91197 pipe

    PID    PPID CMD                           RSS    VSZ %CPU %MEM     ELAPSED
Receptor Child Processes for PID 8327:
  No child processes found
Receptor Threads for PID 8327:
    PID    SPID %CPU %MEM   RSS COMMAND
Receptor Network Connections for PID 8327:
COMMAND    PID   USER   FD   TYPE DEVICE SIZE/OFF NODE NAME
envoy      727   root   22u  IPv4  73949      0t0  TCP localhost.localdomain:43534->localhost.localdomain:pcsync-https (ESTABLISHED)
envoy      727   root   31u  IPv4  23339      0t0  TCP localhost.localdomain:60444->localhost.localdomain:pcsync-https (ESTABLISHED)
envoy      727   root   32u  IPv4  23341      0t0  TCP localhost.localdomain:41216->aap25-control.lan:https (ESTABLISHED)
envoy      727   root   34u  IPv4  23358      0t0  TCP *:https (LISTEN)
envoy      727   root   35u  IPv4  23359      0t0  TCP *:https (LISTEN)
envoy      727   root   36u  IPv4  80762      0t0  TCP localhost.localdomain:https->192.168.1.49:57898 (ESTABLISHED)
envoy      727   root   37u  IPv4  24888      0t0  TCP localhost:49764->localhost:50051 (ESTABLISHED)
envoy      727   root   38u  IPv4  65989      0t0  TCP localhost.localdomain:59008->localhost.localdomain:pcsync-https (ESTABLISHED)
envoy      727   root   39u  IPv4  27862      0t0  TCP localhost:50600->localhost:50051 (ESTABLISHED)
envoy      727   root   40u  IPv4  65459      0t0  TCP localhost.localdomain:45204->localhost.localdomain:pcsync-https (ESTABLISHED)
envoy      727   root   41u  IPv4  81296      0t0  TCP localhost.localdomain:https->192.168.1.49:57916 (ESTABLISHED)
envoy      727   root   42u  IPv4  80764      0t0  TCP localhost.localdomain:https->192.168.1.49:57950 (ESTABLISHED)
envoy      727   root   43u  IPv4  80766      0t0  TCP localhost.localdomain:https->192.168.1.49:57964 (ESTABLISHED)
envoy      727   root   45u  IPv4  82116      0t0  TCP localhost.localdomain:https->192.168.1.49:56876 (ESTABLISHED)
envoy      727   root   48u  IPv4  87783      0t0  TCP localhost.localdomain:42904->aap25-control.lan:https (ESTABLISHED)
envoy      727   root   49u  IPv4  81665      0t0  TCP localhost.localdomain:https->192.168.1.49:56866 (ESTABLISHED)
envoy      727   root   50u  IPv4  81708      0t0  TCP localhost.localdomain:https->192.168.1.49:44012 (ESTABLISHED)
envoy      727   root   53u  IPv4  81710      0t0  TCP localhost.localdomain:44784->aap25-control.lan:https (ESTABLISHED)
envoy      727   root   55u  IPv4  81718      0t0  TCP localhost.localdomain:44798->aap25-control.lan:https (ESTABLISHED)
chronyd    745 chrony    5u  IPv4  21055      0t0  UDP localhost:323 
chronyd    745 chrony    6u  IPv6  21056      0t0  UDP localhost:323 
NetworkMa  764   root   26u  IPv4  22715      0t0  UDP localhost.localdomain:bootpc->pi.hole:bootps 
sshd       795   root    3u  IPv4  21297      0t0  TCP *:ssh (LISTEN)
sshd       795   root    4u  IPv6  21299      0t0  TCP *:ssh (LISTEN)
redis-ser 1074  redis    6u  IPv4  22809      0t0  TCP *:redis (LISTEN)
redis-ser 1074  redis    7u  IPv6  22810      0t0  TCP *:redis (LISTEN)
redis-ser 1074  redis    8u  IPv4  23343      0t0  TCP localhost.localdomain:redis->localhost.localdomain:39864 (ESTABLISHED)
redis-ser 1074  redis    9u  IPv4  23381      0t0  TCP localhost.localdomain:redis->localhost.localdomain:39870 (ESTABLISHED)
redis-ser 1074  redis   10u  IPv4  24388      0t0  TCP localhost.localdomain:redis->localhost.localdomain:37148 (ESTABLISHED)
redis-ser 1074  redis   11u  IPv4  24882      0t0  TCP localhost.localdomain:redis->localhost.localdomain:59062 (ESTABLISHED)
redis-ser 1074  redis   12u  IPv4  26422      0t0  TCP localhost.localdomain:redis->localhost.localdomain:59074 (ESTABLISHED)
redis-ser 1074  redis   13u  IPv4  31079      0t0  TCP localhost.localdomain:redis->localhost.localdomain:54200 (ESTABLISHED)
redis-ser 1074  redis   14u  IPv4  27889      0t0  TCP localhost.localdomain:redis->localhost.localdomain:47160 (ESTABLISHED)
redis-ser 1074  redis   15u  IPv4  78636      0t0  TCP localhost.localdomain:redis->localhost.localdomain:49930 (ESTABLISHED)
redis-ser 1074  redis   16u  IPv4  78637      0t0  TCP localhost.localdomain:redis->localhost.localdomain:49932 (ESTABLISHED)
redis-ser 1074  redis   17u  IPv4  79305      0t0  TCP localhost.localdomain:redis->localhost.localdomain:45260 (ESTABLISHED)
redis-ser 1074  redis   18u  IPv4  79496      0t0  TCP localhost.localdomain:redis->localhost.localdomain:43842 (ESTABLISHED)
nginx     1112   root    6u  IPv4  22847      0t0  TCP *:pcsync-https (LISTEN)
nginx     1113  nginx    6u  IPv4  22847      0t0  TCP *:pcsync-https (LISTEN)
nginx     1113  nginx   11u  IPv4  24240      0t0  TCP localhost.localdomain:pcsync-https->localhost.localdomain:60444 (ESTABLISHED)
nginx     1114  nginx    6u  IPv4  22847      0t0  TCP *:pcsync-https (LISTEN)
nginx     1114  nginx    7u  IPv4  65649      0t0  TCP localhost.localdomain:pcsync-https->localhost.localdomain:45204 (ESTABLISHED)
nginx     1114  nginx    8u  IPv4  66842      0t0  TCP localhost.localdomain:pcsync-https->localhost.localdomain:59008 (ESTABLISHED)
nginx     1114  nginx   15u  IPv4  73950      0t0  TCP localhost.localdomain:pcsync-https->localhost.localdomain:43534 (ESTABLISHED)
uwsgi     1123   root    3u  IPv4  24000      0t0  TCP localhost:8050 (LISTEN)
uwsgi     1163   root    3u  IPv4  24000      0t0  TCP localhost:8050 (LISTEN)
uwsgi     1163   root    9u  IPv4  24329      0t0  TCP localhost.localdomain:39870->localhost.localdomain:redis (ESTABLISHED)
uwsgi     1164   root    3u  IPv4  24000      0t0  TCP localhost:8050 (LISTEN)
uwsgi     1164   root    8u  IPv4  26415      0t0  TCP localhost.localdomain:59062->localhost.localdomain:redis (ESTABLISHED)
uwsgi     1165   root    3u  IPv4  24000      0t0  TCP localhost:8050 (LISTEN)
uwsgi     1165   root    7u  IPv4  24248      0t0  TCP localhost.localdomain:39864->localhost.localdomain:redis (ESTABLISHED)
uwsgi     1166   root    3u  IPv4  24000      0t0  TCP localhost:8050 (LISTEN)
uwsgi     1166   root    8u  IPv4  31108      0t0  TCP localhost.localdomain:47160->localhost.localdomain:redis (ESTABLISHED)
uwsgi     1167   root    3u  IPv4  24000      0t0  TCP localhost:8050 (LISTEN)
uwsgi     1167   root    8u  IPv4  23458      0t0  TCP localhost.localdomain:37148->localhost.localdomain:redis (ESTABLISHED)
aap-gatew 1575   root    9u  IPv6  24217      0t0  TCP *:50051 (LISTEN)
aap-gatew 1575   root   10u  IPv6  31077      0t0  TCP localhost:50051->localhost:50600 (ESTABLISHED)
aap-gatew 1575   root   11u  IPv4  27863      0t0  TCP localhost.localdomain:54200->localhost.localdomain:redis (ESTABLISHED)
aap-gatew 1575   root   12u  IPv4  54461      0t0  TCP localhost.localdomain:36124->aap25-database.lan:postgres (ESTABLISHED)
aap-gatew 1575   root   13u  IPv4  79304      0t0  TCP localhost.localdomain:45260->localhost.localdomain:redis (ESTABLISHED)
aap-gatew 1575   root   14u  IPv4  79307      0t0  TCP localhost.localdomain:39522->aap25-database.lan:postgres (ESTABLISHED)
aap-gatew 1575   root   15u  IPv4  79312      0t0  TCP localhost.localdomain:39526->aap25-database.lan:postgres (ESTABLISHED)
aap-gatew 1575   root   16u  IPv4  80005      0t0  TCP localhost.localdomain:43842->localhost.localdomain:redis (ESTABLISHED)
aap-gatew 1575   root   17u  IPv4  80042      0t0  TCP localhost.localdomain:33938->aap25-database.lan:postgres (ESTABLISHED)
aap-gatew 1576   root   11u  IPv6  24220      0t0  TCP *:50051 (LISTEN)
aap-gatew 1577   root   13u  IPv6  24223      0t0  TCP *:50051 (LISTEN)
aap-gatew 1578   root   15u  IPv6  23305      0t0  TCP *:50051 (LISTEN)
aap-gatew 1579   root   17u  IPv6  23302      0t0  TCP *:50051 (LISTEN)
aap-gatew 1579   root   18u  IPv6  26420      0t0  TCP localhost:50051->localhost:49764 (ESTABLISHED)
aap-gatew 1579   root   19u  IPv4  24889      0t0  TCP localhost.localdomain:59074->localhost.localdomain:redis (ESTABLISHED)
aap-gatew 1579   root   20u  IPv4  24890      0t0  TCP localhost.localdomain:49120->aap25-database.lan:postgres (ESTABLISHED)
aap-gatew 1579   root   21u  IPv4  79220      0t0  TCP localhost.localdomain:49930->localhost.localdomain:redis (ESTABLISHED)
aap-gatew 1579   root   22u  IPv4  78635      0t0  TCP localhost.localdomain:49932->localhost.localdomain:redis (ESTABLISHED)
aap-gatew 1579   root   23u  IPv4  79280      0t0  TCP localhost.localdomain:58526->aap25-database.lan:postgres (ESTABLISHED)
aap-gatew 1579   root   24u  IPv4  81677      0t0  TCP localhost.localdomain:58422->aap25-database.lan:postgres (ESTABLISHED)
aap-gatew 1579   root   25u  IPv4  79283      0t0  TCP localhost.localdomain:58528->aap25-database.lan:postgres (ESTABLISHED)
  No network connections found

=== RECEPTOR MEMORY SUMMARY ===
Total Receptor RSS Memory: 3584 KB (3 MB)
Total Receptor VSZ Memory: 7336 KB (7 MB)
Number of Receptor Processes: 2

AAP-related Processes and Children:
=== AAP Service Processes ===
Process: redis-server (PID: 1074)
    PID    PPID CMD                           RSS
   1074       1 /usr/bin/redis-server *:637 16212

Process: nginx (PID: 1112)
    PID    PPID CMD                           RSS
   1112       1 nginx: master process /usr/  2104
  Children of PID 1112:
    PID    PPID CMD                           RSS
   1113    1112 nginx: worker process        8376
    PID    PPID CMD                           RSS
   1114    1112 nginx: worker process        8376

Process: nginx (PID: 1113)
    PID    PPID CMD                           RSS
   1113    1112 nginx: worker process        8376

Process: nginx (PID: 1114)
    PID    PPID CMD                           RSS
   1114    1112 nginx: worker process        8376

Process: uwsgi (PID: 1123)
    PID    PPID CMD                           RSS
   1123     774 uwsgi /etc/ansible-automati 13952
  Children of PID 1123:
    PID    PPID CMD                           RSS
   1163    1123 uwsgi /etc/ansible-automati 117484
    PID    PPID CMD                           RSS
   1164    1123 uwsgi /etc/ansible-automati 116444
    PID    PPID CMD                           RSS
   1165    1123 uwsgi /etc/ansible-automati 119724
    PID    PPID CMD                           RSS
   1166    1123 uwsgi /etc/ansible-automati 118504
    PID    PPID CMD                           RSS
   1167    1123 uwsgi /etc/ansible-automati 118968

Process: uwsgi (PID: 1163)
    PID    PPID CMD                           RSS
   1163    1123 uwsgi /etc/ansible-automati 117484

Process: uwsgi (PID: 1164)
    PID    PPID CMD                           RSS
   1164    1123 uwsgi /etc/ansible-automati 116444

Process: uwsgi (PID: 1165)
    PID    PPID CMD                           RSS
   1165    1123 uwsgi /etc/ansible-automati 119724

Process: uwsgi (PID: 1166)
    PID    PPID CMD                           RSS
   1166    1123 uwsgi /etc/ansible-automati 118504

Process: uwsgi (PID: 1167)
    PID    PPID CMD                           RSS
   1167    1123 uwsgi /etc/ansible-automati 118968

Process: bash (PID: 7512)
    PID    PPID CMD                           RSS
   7512       1 bash -c  log_file="/tmp/mem  3584
  Children of PID 7512:
    PID    PPID CMD                           RSS
   8386    7512 bash -c  log_file="/tmp/mem  2524

Process: bash (PID: 8386)
    PID    PPID CMD                           RSS
   8386    7512 bash -c  log_file="/tmp/mem  2524
  Children of PID 8386:
    PID    PPID CMD                           RSS


Process Tree for AAP Services:
=== automation-controller Process Tree ===
bash(7512)---pstree(8434)
=== receptor Process Tree ===
bash(7512)---pstree(8438)
=== nginx Process Tree ===
nginx(1112)-+-nginx(1113)
            `-nginx(1114)
nginx(1113)
nginx(1114)
bash(7512)---pstree(8445)
=== postgresql Process Tree ===
bash(7512)---pstree(8449)
=== redis Process Tree ===
redis-server(1074)-+-{redis-server}(1083)
                   |-{redis-server}(1084)
                   |-{redis-server}(1085)
                   `-{redis-server}(1086)
bash(7512)---pstree(8454)
=== uwsgi Process Tree ===
uwsgi(1123)-+-uwsgi(1163)
            |-uwsgi(1164)
            |-uwsgi(1165)
            |-uwsgi(1166)
            `-uwsgi(1167)
uwsgi(1163)
uwsgi(1164)
uwsgi(1165)
uwsgi(1166)
uwsgi(1167)
bash(7512)---pstree(8464)
=== automation-hub Process Tree ===
bash(7512)---pstree(8468)
=== automation-eda Process Tree ===
bash(7512)---pstree(8472)

=================================================================================
2025-07-03 12:01:51
Memory Usage Report:
               total        used        free      shared  buff/cache   available
Mem:            7555        1235        5774           9         812        6319
Swap:           5327           0        5327

Top 10 Processes by RSS Memory:
    PID    PPID CMD                           RSS
   1165    1123 uwsgi /etc/ansible-automati 119724
   1579    1124 /usr/bin/python3.11 -sP /us 119476
   1167    1123 uwsgi /etc/ansible-automati 118968
   1575    1124 /usr/bin/python3.11 -sP /us 118640
   1166    1123 uwsgi /etc/ansible-automati 118632
   1163    1123 uwsgi /etc/ansible-automati 118252
   1164    1123 uwsgi /etc/ansible-automati 116444
   1124     774 /usr/bin/python3.11 -sP /us 114040
   1578    1124 /usr/bin/python3.11 -sP /us 99016
   1576    1124 /usr/bin/python3.11 -sP /us 98888

=== RECEPTOR PROCESS ANALYSIS ===
Receptor Main Processes:
    PID    PPID CMD                           RSS    VSZ %CPU %MEM     ELAPSED
   7512       1 bash -c  log_file="/tmp/mem  3584   7336  0.0  0.0       03:06
Receptor Child Processes for PID 7512:
      PID    PPID CMD                           RSS    VSZ %CPU %MEM     ELAPSED
Receptor Threads for PID 7512:
    PID    SPID %CPU %MEM   RSS COMMAND
   7512    7512  0.0  0.0  3584 bash
Receptor Network Connections for PID 7512:
COMMAND    PID   USER   FD   TYPE DEVICE SIZE/OFF     NODE NAME
envoy      727   root   22u  IPv4  73949      0t0      TCP localhost.localdomain:43534->localhost.localdomain:pcsync-https (ESTABLISHED)
envoy      727   root   31u  IPv4  23339      0t0      TCP localhost.localdomain:60444->localhost.localdomain:pcsync-https (ESTABLISHED)
envoy      727   root   32u  IPv4  23341      0t0      TCP localhost.localdomain:41216->aap25-control.lan:https (ESTABLISHED)
envoy      727   root   34u  IPv4  23358      0t0      TCP *:https (LISTEN)
envoy      727   root   35u  IPv4  23359      0t0      TCP *:https (LISTEN)
envoy      727   root   36u  IPv4  80762      0t0      TCP localhost.localdomain:https->192.168.1.49:57898 (ESTABLISHED)
envoy      727   root   37u  IPv4  24888      0t0      TCP localhost:49764->localhost:50051 (ESTABLISHED)
envoy      727   root   38u  IPv4  65989      0t0      TCP localhost.localdomain:59008->localhost.localdomain:pcsync-https (ESTABLISHED)
envoy      727   root   39u  IPv4  27862      0t0      TCP localhost:50600->localhost:50051 (ESTABLISHED)
envoy      727   root   40u  IPv4  65459      0t0      TCP localhost.localdomain:45204->localhost.localdomain:pcsync-https (ESTABLISHED)
envoy      727   root   41u  IPv4  81296      0t0      TCP localhost.localdomain:https->192.168.1.49:57916 (ESTABLISHED)
envoy      727   root   42u  IPv4  80764      0t0      TCP localhost.localdomain:https->192.168.1.49:57950 (ESTABLISHED)
envoy      727   root   43u  IPv4  80766      0t0      TCP localhost.localdomain:https->192.168.1.49:57964 (ESTABLISHED)
envoy      727   root   45u  IPv4  82116      0t0      TCP localhost.localdomain:https->192.168.1.49:56876 (ESTABLISHED)
envoy      727   root   48u  IPv4  87783      0t0      TCP localhost.localdomain:42904->aap25-control.lan:https (ESTABLISHED)
envoy      727   root   49u  IPv4  81665      0t0      TCP localhost.localdomain:https->192.168.1.49:56866 (ESTABLISHED)
envoy      727   root   50u  IPv4  81708      0t0      TCP localhost.localdomain:https->192.168.1.49:44012 (ESTABLISHED)
envoy      727   root   53u  IPv4  81710      0t0      TCP localhost.localdomain:44784->aap25-control.lan:https (ESTABLISHED)
envoy      727   root   55u  IPv4  81718      0t0      TCP localhost.localdomain:44798->aap25-control.lan:https (ESTABLISHED)
chronyd    745 chrony    5u  IPv4  21055      0t0      UDP localhost:323 
chronyd    745 chrony    6u  IPv6  21056      0t0      UDP localhost:323 
NetworkMa  764   root   26u  IPv4  22715      0t0      UDP localhost.localdomain:bootpc->pi.hole:bootps 
sshd       795   root    3u  IPv4  21297      0t0      TCP *:ssh (LISTEN)
sshd       795   root    4u  IPv6  21299      0t0      TCP *:ssh (LISTEN)
redis-ser 1074  redis    6u  IPv4  22809      0t0      TCP *:redis (LISTEN)
redis-ser 1074  redis    7u  IPv6  22810      0t0      TCP *:redis (LISTEN)
redis-ser 1074  redis    8u  IPv4  23343      0t0      TCP localhost.localdomain:redis->localhost.localdomain:39864 (ESTABLISHED)
redis-ser 1074  redis    9u  IPv4  23381      0t0      TCP localhost.localdomain:redis->localhost.localdomain:39870 (ESTABLISHED)
redis-ser 1074  redis   10u  IPv4  24388      0t0      TCP localhost.localdomain:redis->localhost.localdomain:37148 (ESTABLISHED)
redis-ser 1074  redis   11u  IPv4  24882      0t0      TCP localhost.localdomain:redis->localhost.localdomain:59062 (ESTABLISHED)
redis-ser 1074  redis   12u  IPv4  26422      0t0      TCP localhost.localdomain:redis->localhost.localdomain:59074 (ESTABLISHED)
redis-ser 1074  redis   13u  IPv4  31079      0t0      TCP localhost.localdomain:redis->localhost.localdomain:54200 (ESTABLISHED)
redis-ser 1074  redis   14u  IPv4  27889      0t0      TCP localhost.localdomain:redis->localhost.localdomain:47160 (ESTABLISHED)
redis-ser 1074  redis   15u  IPv4  78636      0t0      TCP localhost.localdomain:redis->localhost.localdomain:49930 (ESTABLISHED)
redis-ser 1074  redis   16u  IPv4  78637      0t0      TCP localhost.localdomain:redis->localhost.localdomain:49932 (ESTABLISHED)
redis-ser 1074  redis   17u  IPv4  79305      0t0      TCP localhost.localdomain:redis->localhost.localdomain:45260 (ESTABLISHED)
redis-ser 1074  redis   18u  IPv4  79496      0t0      TCP localhost.localdomain:redis->localhost.localdomain:43842 (ESTABLISHED)
nginx     1112   root    6u  IPv4  22847      0t0      TCP *:pcsync-https (LISTEN)
nginx     1113  nginx    6u  IPv4  22847      0t0      TCP *:pcsync-https (LISTEN)
nginx     1113  nginx   11u  IPv4  24240      0t0      TCP localhost.localdomain:pcsync-https->localhost.localdomain:60444 (ESTABLISHED)
nginx     1114  nginx    6u  IPv4  22847      0t0      TCP *:pcsync-https (LISTEN)
nginx     1114  nginx    7u  IPv4  65649      0t0      TCP localhost.localdomain:pcsync-https->localhost.localdomain:45204 (ESTABLISHED)
nginx     1114  nginx    8u  IPv4  66842      0t0      TCP localhost.localdomain:pcsync-https->localhost.localdomain:59008 (ESTABLISHED)
nginx     1114  nginx   15u  IPv4  73950      0t0      TCP localhost.localdomain:pcsync-https->localhost.localdomain:43534 (ESTABLISHED)
uwsgi     1123   root    3u  IPv4  24000      0t0      TCP localhost:8050 (LISTEN)
uwsgi     1163   root    3u  IPv4  24000      0t0      TCP localhost:8050 (LISTEN)
uwsgi     1163   root    9u  IPv4  24329      0t0      TCP localhost.localdomain:39870->localhost.localdomain:redis (ESTABLISHED)
uwsgi     1164   root    3u  IPv4  24000      0t0      TCP localhost:8050 (LISTEN)
uwsgi     1164   root    8u  IPv4  26415      0t0      TCP localhost.localdomain:59062->localhost.localdomain:redis (ESTABLISHED)
uwsgi     1165   root    3u  IPv4  24000      0t0      TCP localhost:8050 (LISTEN)
uwsgi     1165   root    7u  IPv4  24248      0t0      TCP localhost.localdomain:39864->localhost.localdomain:redis (ESTABLISHED)
uwsgi     1166   root    3u  IPv4  24000      0t0      TCP localhost:8050 (LISTEN)
uwsgi     1166   root    8u  IPv4  31108      0t0      TCP localhost.localdomain:47160->localhost.localdomain:redis (ESTABLISHED)
uwsgi     1167   root    3u  IPv4  24000      0t0      TCP localhost:8050 (LISTEN)
uwsgi     1167   root    8u  IPv4  23458      0t0      TCP localhost.localdomain:37148->localhost.localdomain:redis (ESTABLISHED)
aap-gatew 1575   root    9u  IPv6  24217      0t0      TCP *:50051 (LISTEN)
aap-gatew 1575   root   10u  IPv6  31077      0t0      TCP localhost:50051->localhost:50600 (ESTABLISHED)
aap-gatew 1575   root   11u  IPv4  27863      0t0      TCP localhost.localdomain:54200->localhost.localdomain:redis (ESTABLISHED)
aap-gatew 1575   root   12u  IPv4  54461      0t0      TCP localhost.localdomain:36124->aap25-database.lan:postgres (ESTABLISHED)
aap-gatew 1575   root   13u  IPv4  79304      0t0      TCP localhost.localdomain:45260->localhost.localdomain:redis (ESTABLISHED)
aap-gatew 1575   root   14u  IPv4  79307      0t0      TCP localhost.localdomain:39522->aap25-database.lan:postgres (ESTABLISHED)
aap-gatew 1575   root   15u  IPv4  79312      0t0      TCP localhost.localdomain:39526->aap25-database.lan:postgres (ESTABLISHED)
aap-gatew 1575   root   16u  IPv4  80005      0t0      TCP localhost.localdomain:43842->localhost.localdomain:redis (ESTABLISHED)
aap-gatew 1575   root   17u  IPv4  80042      0t0      TCP localhost.localdomain:33938->aap25-database.lan:postgres (ESTABLISHED)
aap-gatew 1576   root   11u  IPv6  24220      0t0      TCP *:50051 (LISTEN)
aap-gatew 1577   root   13u  IPv6  24223      0t0      TCP *:50051 (LISTEN)
aap-gatew 1578   root   15u  IPv6  23305      0t0      TCP *:50051 (LISTEN)
aap-gatew 1579   root   17u  IPv6  23302      0t0      TCP *:50051 (LISTEN)
aap-gatew 1579   root   18u  IPv6  26420      0t0      TCP localhost:50051->localhost:49764 (ESTABLISHED)
aap-gatew 1579   root   19u  IPv4  24889      0t0      TCP localhost.localdomain:59074->localhost.localdomain:redis (ESTABLISHED)
aap-gatew 1579   root   20u  IPv4  24890      0t0      TCP localhost.localdomain:49120->aap25-database.lan:postgres (ESTABLISHED)
aap-gatew 1579   root   21u  IPv4  79220      0t0      TCP localhost.localdomain:49930->localhost.localdomain:redis (ESTABLISHED)
aap-gatew 1579   root   22u  IPv4  78635      0t0      TCP localhost.localdomain:49932->localhost.localdomain:redis (ESTABLISHED)
aap-gatew 1579   root   23u  IPv4  79280      0t0      TCP localhost.localdomain:58526->aap25-database.lan:postgres (ESTABLISHED)
aap-gatew 1579   root   24u  IPv4  81677      0t0      TCP localhost.localdomain:58422->aap25-database.lan:postgres (ESTABLISHED)
aap-gatew 1579   root   25u  IPv4  79283      0t0      TCP localhost.localdomain:58528->aap25-database.lan:postgres (ESTABLISHED)
bash      7512   root  cwd    DIR  253,0      185 50331782 /root
bash      7512   root  rtd    DIR  253,0      235      128 /
bash      7512   root  txt    REG  253,0  1389072 50367435 /usr/bin/bash
bash      7512   root  mem    REG  253,0  2586930 50367720 /usr/lib/locale/en_US.utf8/LC_COLLATE
bash      7512   root  mem    REG  253,0  2544344     2597 /usr/lib64/libc.so.6
bash      7512   root  mem    REG  253,0   346132 33699956 /usr/lib/locale/C.utf8/LC_CTYPE
bash      7512   root  mem    REG  253,0       54 50367723 /usr/lib/locale/en_US.utf8/LC_NUMERIC
bash      7512   root  mem    REG  253,0     3284     2565 /usr/lib/locale/en_US.utf8/LC_TIME
bash      7512   root  mem    REG  253,0      286     2563 /usr/lib/locale/en_US.utf8/LC_MONETARY
bash      7512   root  mem    REG  253,0       57     2576 /usr/lib/locale/en_US.utf8/LC_MESSAGES/SYS_LC_MESSAGES
bash      7512   root  mem    REG  253,0    26988 16780452 /usr/lib64/gconv/gconv-modules.cache
bash      7512   root  mem    REG  253,0   195080     2316 /usr/lib64/libtinfo.so.6.2
bash      7512   root  mem    REG  253,0       34 33700259 /usr/lib/locale/en_US.utf8/LC_PAPER
bash      7512   root  mem    REG  253,0       77 50367722 /usr/lib/locale/en_US.utf8/LC_NAME
bash      7512   root  mem    REG  253,0      167     2559 /usr/lib/locale/en_US.utf8/LC_ADDRESS
bash      7512   root  mem    REG  253,0       59     2564 /usr/lib/locale/en_US.utf8/LC_TELEPHONE
bash      7512   root  mem    REG  253,0       23     2562 /usr/lib/locale/en_US.utf8/LC_MEASUREMENT
bash      7512   root  mem    REG  253,0      369     2561 /usr/lib/locale/en_US.utf8/LC_IDENTIFICATION
bash      7512   root  mem    REG  253,0   897856     2593 /usr/lib64/ld-linux-x86-64.so.2
bash      7512   root    0r   CHR    1,3      0t0        4 /dev/null
bash      7512   root    1w   REG  253,0        0 34669828 /tmp/memory_monitor.log
bash      7512   root    2w   REG  253,0        0 34669828 /tmp/memory_monitor.log
bash      7512   root    3r  FIFO   0,13      0t0    91058 pipe

    PID    PPID CMD                           RSS    VSZ %CPU %MEM     ELAPSED
Receptor Child Processes for PID 8480:
  No child processes found
Receptor Threads for PID 8480:
    PID    SPID %CPU %MEM   RSS COMMAND
Receptor Network Connections for PID 8480:
COMMAND    PID   USER   FD   TYPE DEVICE SIZE/OFF NODE NAME
envoy      727   root   22u  IPv4  73949      0t0  TCP localhost.localdomain:43534->localhost.localdomain:pcsync-https (ESTABLISHED)
envoy      727   root   31u  IPv4  23339      0t0  TCP localhost.localdomain:60444->localhost.localdomain:pcsync-https (ESTABLISHED)
envoy      727   root   32u  IPv4  23341      0t0  TCP localhost.localdomain:41216->aap25-control.lan:https (ESTABLISHED)
envoy      727   root   34u  IPv4  23358      0t0  TCP *:https (LISTEN)
envoy      727   root   35u  IPv4  23359      0t0  TCP *:https (LISTEN)
envoy      727   root   36u  IPv4  80762      0t0  TCP localhost.localdomain:https->192.168.1.49:57898 (ESTABLISHED)
envoy      727   root   37u  IPv4  24888      0t0  TCP localhost:49764->localhost:50051 (ESTABLISHED)
envoy      727   root   38u  IPv4  65989      0t0  TCP localhost.localdomain:59008->localhost.localdomain:pcsync-https (ESTABLISHED)
envoy      727   root   39u  IPv4  27862      0t0  TCP localhost:50600->localhost:50051 (ESTABLISHED)
envoy      727   root   40u  IPv4  65459      0t0  TCP localhost.localdomain:45204->localhost.localdomain:pcsync-https (ESTABLISHED)
envoy      727   root   41u  IPv4  81296      0t0  TCP localhost.localdomain:https->192.168.1.49:57916 (ESTABLISHED)
envoy      727   root   42u  IPv4  80764      0t0  TCP localhost.localdomain:https->192.168.1.49:57950 (ESTABLISHED)
envoy      727   root   43u  IPv4  80766      0t0  TCP localhost.localdomain:https->192.168.1.49:57964 (ESTABLISHED)
envoy      727   root   45u  IPv4  82116      0t0  TCP localhost.localdomain:https->192.168.1.49:56876 (ESTABLISHED)
envoy      727   root   48u  IPv4  87783      0t0  TCP localhost.localdomain:42904->aap25-control.lan:https (ESTABLISHED)
envoy      727   root   49u  IPv4  81665      0t0  TCP localhost.localdomain:https->192.168.1.49:56866 (ESTABLISHED)
envoy      727   root   50u  IPv4  81708      0t0  TCP localhost.localdomain:https->192.168.1.49:44012 (ESTABLISHED)
envoy      727   root   53u  IPv4  81710      0t0  TCP localhost.localdomain:44784->aap25-control.lan:https (ESTABLISHED)
envoy      727   root   55u  IPv4  81718      0t0  TCP localhost.localdomain:44798->aap25-control.lan:https (ESTABLISHED)
chronyd    745 chrony    5u  IPv4  21055      0t0  UDP localhost:323 
chronyd    745 chrony    6u  IPv6  21056      0t0  UDP localhost:323 
NetworkMa  764   root   26u  IPv4  22715      0t0  UDP localhost.localdomain:bootpc->pi.hole:bootps 
sshd       795   root    3u  IPv4  21297      0t0  TCP *:ssh (LISTEN)
sshd       795   root    4u  IPv6  21299      0t0  TCP *:ssh (LISTEN)
redis-ser 1074  redis    6u  IPv4  22809      0t0  TCP *:redis (LISTEN)
redis-ser 1074  redis    7u  IPv6  22810      0t0  TCP *:redis (LISTEN)
redis-ser 1074  redis    8u  IPv4  23343      0t0  TCP localhost.localdomain:redis->localhost.localdomain:39864 (ESTABLISHED)
redis-ser 1074  redis    9u  IPv4  23381      0t0  TCP localhost.localdomain:redis->localhost.localdomain:39870 (ESTABLISHED)
redis-ser 1074  redis   10u  IPv4  24388      0t0  TCP localhost.localdomain:redis->localhost.localdomain:37148 (ESTABLISHED)
redis-ser 1074  redis   11u  IPv4  24882      0t0  TCP localhost.localdomain:redis->localhost.localdomain:59062 (ESTABLISHED)
redis-ser 1074  redis   12u  IPv4  26422      0t0  TCP localhost.localdomain:redis->localhost.localdomain:59074 (ESTABLISHED)
redis-ser 1074  redis   13u  IPv4  31079      0t0  TCP localhost.localdomain:redis->localhost.localdomain:54200 (ESTABLISHED)
redis-ser 1074  redis   14u  IPv4  27889      0t0  TCP localhost.localdomain:redis->localhost.localdomain:47160 (ESTABLISHED)
redis-ser 1074  redis   15u  IPv4  78636      0t0  TCP localhost.localdomain:redis->localhost.localdomain:49930 (ESTABLISHED)
redis-ser 1074  redis   16u  IPv4  78637      0t0  TCP localhost.localdomain:redis->localhost.localdomain:49932 (ESTABLISHED)
redis-ser 1074  redis   17u  IPv4  79305      0t0  TCP localhost.localdomain:redis->localhost.localdomain:45260 (ESTABLISHED)
redis-ser 1074  redis   18u  IPv4  79496      0t0  TCP localhost.localdomain:redis->localhost.localdomain:43842 (ESTABLISHED)
nginx     1112   root    6u  IPv4  22847      0t0  TCP *:pcsync-https (LISTEN)
nginx     1113  nginx    6u  IPv4  22847      0t0  TCP *:pcsync-https (LISTEN)
nginx     1113  nginx   11u  IPv4  24240      0t0  TCP localhost.localdomain:pcsync-https->localhost.localdomain:60444 (ESTABLISHED)
nginx     1114  nginx    6u  IPv4  22847      0t0  TCP *:pcsync-https (LISTEN)
nginx     1114  nginx    7u  IPv4  65649      0t0  TCP localhost.localdomain:pcsync-https->localhost.localdomain:45204 (ESTABLISHED)
nginx     1114  nginx    8u  IPv4  66842      0t0  TCP localhost.localdomain:pcsync-https->localhost.localdomain:59008 (ESTABLISHED)
nginx     1114  nginx   15u  IPv4  73950      0t0  TCP localhost.localdomain:pcsync-https->localhost.localdomain:43534 (ESTABLISHED)
uwsgi     1123   root    3u  IPv4  24000      0t0  TCP localhost:8050 (LISTEN)
uwsgi     1163   root    3u  IPv4  24000      0t0  TCP localhost:8050 (LISTEN)
uwsgi     1163   root    9u  IPv4  24329      0t0  TCP localhost.localdomain:39870->localhost.localdomain:redis (ESTABLISHED)
uwsgi     1164   root    3u  IPv4  24000      0t0  TCP localhost:8050 (LISTEN)
uwsgi     1164   root    8u  IPv4  26415      0t0  TCP localhost.localdomain:59062->localhost.localdomain:redis (ESTABLISHED)
uwsgi     1165   root    3u  IPv4  24000      0t0  TCP localhost:8050 (LISTEN)
uwsgi     1165   root    7u  IPv4  24248      0t0  TCP localhost.localdomain:39864->localhost.localdomain:redis (ESTABLISHED)
uwsgi     1166   root    3u  IPv4  24000      0t0  TCP localhost:8050 (LISTEN)
uwsgi     1166   root    8u  IPv4  31108      0t0  TCP localhost.localdomain:47160->localhost.localdomain:redis (ESTABLISHED)
uwsgi     1167   root    3u  IPv4  24000      0t0  TCP localhost:8050 (LISTEN)
uwsgi     1167   root    8u  IPv4  23458      0t0  TCP localhost.localdomain:37148->localhost.localdomain:redis (ESTABLISHED)
aap-gatew 1575   root    9u  IPv6  24217      0t0  TCP *:50051 (LISTEN)
aap-gatew 1575   root   10u  IPv6  31077      0t0  TCP localhost:50051->localhost:50600 (ESTABLISHED)
aap-gatew 1575   root   11u  IPv4  27863      0t0  TCP localhost.localdomain:54200->localhost.localdomain:redis (ESTABLISHED)
aap-gatew 1575   root   12u  IPv4  54461      0t0  TCP localhost.localdomain:36124->aap25-database.lan:postgres (ESTABLISHED)
aap-gatew 1575   root   13u  IPv4  79304      0t0  TCP localhost.localdomain:45260->localhost.localdomain:redis (ESTABLISHED)
aap-gatew 1575   root   14u  IPv4  79307      0t0  TCP localhost.localdomain:39522->aap25-database.lan:postgres (ESTABLISHED)
aap-gatew 1575   root   15u  IPv4  79312      0t0  TCP localhost.localdomain:39526->aap25-database.lan:postgres (ESTABLISHED)
aap-gatew 1575   root   16u  IPv4  80005      0t0  TCP localhost.localdomain:43842->localhost.localdomain:redis (ESTABLISHED)
aap-gatew 1575   root   17u  IPv4  80042      0t0  TCP localhost.localdomain:33938->aap25-database.lan:postgres (ESTABLISHED)
aap-gatew 1576   root   11u  IPv6  24220      0t0  TCP *:50051 (LISTEN)
aap-gatew 1577   root   13u  IPv6  24223      0t0  TCP *:50051 (LISTEN)
aap-gatew 1578   root   15u  IPv6  23305      0t0  TCP *:50051 (LISTEN)
aap-gatew 1579   root   17u  IPv6  23302      0t0  TCP *:50051 (LISTEN)
aap-gatew 1579   root   18u  IPv6  26420      0t0  TCP localhost:50051->localhost:49764 (ESTABLISHED)
aap-gatew 1579   root   19u  IPv4  24889      0t0  TCP localhost.localdomain:59074->localhost.localdomain:redis (ESTABLISHED)
aap-gatew 1579   root   20u  IPv4  24890      0t0  TCP localhost.localdomain:49120->aap25-database.lan:postgres (ESTABLISHED)
aap-gatew 1579   root   21u  IPv4  79220      0t0  TCP localhost.localdomain:49930->localhost.localdomain:redis (ESTABLISHED)
aap-gatew 1579   root   22u  IPv4  78635      0t0  TCP localhost.localdomain:49932->localhost.localdomain:redis (ESTABLISHED)
aap-gatew 1579   root   23u  IPv4  79280      0t0  TCP localhost.localdomain:58526->aap25-database.lan:postgres (ESTABLISHED)
aap-gatew 1579   root   24u  IPv4  81677      0t0  TCP localhost.localdomain:58422->aap25-database.lan:postgres (ESTABLISHED)
aap-gatew 1579   root   25u  IPv4  79283      0t0  TCP localhost.localdomain:58528->aap25-database.lan:postgres (ESTABLISHED)
  No network connections found

=== RECEPTOR MEMORY SUMMARY ===
Total Receptor RSS Memory: 3584 KB (3 MB)
Total Receptor VSZ Memory: 7336 KB (7 MB)
Number of Receptor Processes: 2

AAP-related Processes and Children:
=== AAP Service Processes ===
Process: redis-server (PID: 1074)
    PID    PPID CMD                           RSS
   1074       1 /usr/bin/redis-server *:637 16212

Process: nginx (PID: 1112)
    PID    PPID CMD                           RSS
   1112       1 nginx: master process /usr/  2104
  Children of PID 1112:
    PID    PPID CMD                           RSS
   1113    1112 nginx: worker process        8376
    PID    PPID CMD                           RSS
   1114    1112 nginx: worker process        8376

Process: nginx (PID: 1113)
    PID    PPID CMD                           RSS
   1113    1112 nginx: worker process        8376

Process: nginx (PID: 1114)
    PID    PPID CMD                           RSS
   1114    1112 nginx: worker process        8376

Process: uwsgi (PID: 1123)
    PID    PPID CMD                           RSS
   1123     774 uwsgi /etc/ansible-automati 13952
  Children of PID 1123:
    PID    PPID CMD                           RSS
   1163    1123 uwsgi /etc/ansible-automati 118252
    PID    PPID CMD                           RSS
   1164    1123 uwsgi /etc/ansible-automati 116444
    PID    PPID CMD                           RSS
   1165    1123 uwsgi /etc/ansible-automati 119724
    PID    PPID CMD                           RSS
   1166    1123 uwsgi /etc/ansible-automati 118632
    PID    PPID CMD                           RSS
   1167    1123 uwsgi /etc/ansible-automati 118968

Process: uwsgi (PID: 1163)
    PID    PPID CMD                           RSS
   1163    1123 uwsgi /etc/ansible-automati 118252

Process: uwsgi (PID: 1164)
    PID    PPID CMD                           RSS
   1164    1123 uwsgi /etc/ansible-automati 116444

Process: uwsgi (PID: 1165)
    PID    PPID CMD                           RSS
   1165    1123 uwsgi /etc/ansible-automati 119724

Process: uwsgi (PID: 1166)
    PID    PPID CMD                           RSS
   1166    1123 uwsgi /etc/ansible-automati 118632

Process: uwsgi (PID: 1167)
    PID    PPID CMD                           RSS
   1167    1123 uwsgi /etc/ansible-automati 118968

Process: bash (PID: 7512)
    PID    PPID CMD                           RSS
   7512       1 bash -c  log_file="/tmp/mem  3584
  Children of PID 7512:
    PID    PPID CMD                           RSS
   8539    7512 bash -c  log_file="/tmp/mem  2524

Process: bash (PID: 8539)
    PID    PPID CMD                           RSS
   8539    7512 bash -c  log_file="/tmp/mem  2524
  Children of PID 8539:
    PID    PPID CMD                           RSS


Process Tree for AAP Services:
=== automation-controller Process Tree ===
bash(7512)---pstree(8587)
=== receptor Process Tree ===
bash(7512)---pstree(8591)
=== nginx Process Tree ===
nginx(1112)-+-nginx(1113)
            `-nginx(1114)
nginx(1113)
nginx(1114)
bash(7512)---pstree(8598)
=== postgresql Process Tree ===
bash(7512)---pstree(8602)
=== redis Process Tree ===
redis-server(1074)-+-{redis-server}(1083)
                   |-{redis-server}(1084)
                   |-{redis-server}(1085)
                   `-{redis-server}(1086)
bash(7512)---pstree(8607)
=== uwsgi Process Tree ===
uwsgi(1123)-+-uwsgi(1163)
            |-uwsgi(1164)
            |-uwsgi(1165)
            |-uwsgi(1166)
            `-uwsgi(1167)
uwsgi(1163)
uwsgi(1164)
uwsgi(1165)
uwsgi(1166)
uwsgi(1167)
bash(7512)---pstree(8617)
=== automation-hub Process Tree ===
bash(7512)---pstree(8621)
=== automation-eda Process Tree ===
bash(7512)---pstree(8625)

=================================================================================
2025-07-03 12:02:22
Memory Usage Report:
               total        used        free      shared  buff/cache   available
Mem:            7555        1233        5777           9         812        6322
Swap:           5327           0        5327

Top 10 Processes by RSS Memory:
    PID    PPID CMD                           RSS
   1165    1123 uwsgi /etc/ansible-automati 120108
   1579    1124 /usr/bin/python3.11 -sP /us 119476
   1167    1123 uwsgi /etc/ansible-automati 118968
   1575    1124 /usr/bin/python3.11 -sP /us 118640
   1166    1123 uwsgi /etc/ansible-automati 118632
   1163    1123 uwsgi /etc/ansible-automati 118252
   1164    1123 uwsgi /etc/ansible-automati 116444
   1124     774 /usr/bin/python3.11 -sP /us 114040
   1578    1124 /usr/bin/python3.11 -sP /us 99016
   1576    1124 /usr/bin/python3.11 -sP /us 98888

=== RECEPTOR PROCESS ANALYSIS ===
Receptor Main Processes:
    PID    PPID CMD                           RSS    VSZ %CPU %MEM     ELAPSED
   7512       1 bash -c  log_file="/tmp/mem  3584   7336  0.0  0.0       03:36
Receptor Child Processes for PID 7512:
      PID    PPID CMD                           RSS    VSZ %CPU %MEM     ELAPSED
Receptor Threads for PID 7512:
    PID    SPID %CPU %MEM   RSS COMMAND
   7512    7512  0.0  0.0  3584 bash
Receptor Network Connections for PID 7512:
COMMAND    PID   USER   FD   TYPE DEVICE SIZE/OFF     NODE NAME
envoy      727   root   22u  IPv4  73949      0t0      TCP localhost.localdomain:43534->localhost.localdomain:pcsync-https (ESTABLISHED)
envoy      727   root   31u  IPv4  23339      0t0      TCP localhost.localdomain:60444->localhost.localdomain:pcsync-https (ESTABLISHED)
envoy      727   root   32u  IPv4  23341      0t0      TCP localhost.localdomain:41216->aap25-control.lan:https (ESTABLISHED)
envoy      727   root   34u  IPv4  23358      0t0      TCP *:https (LISTEN)
envoy      727   root   35u  IPv4  23359      0t0      TCP *:https (LISTEN)
envoy      727   root   36u  IPv4  80762      0t0      TCP localhost.localdomain:https->192.168.1.49:57898 (ESTABLISHED)
envoy      727   root   37u  IPv4  24888      0t0      TCP localhost:49764->localhost:50051 (ESTABLISHED)
envoy      727   root   38u  IPv4  65989      0t0      TCP localhost.localdomain:59008->localhost.localdomain:pcsync-https (ESTABLISHED)
envoy      727   root   39u  IPv4  27862      0t0      TCP localhost:50600->localhost:50051 (ESTABLISHED)
envoy      727   root   40u  IPv4  65459      0t0      TCP localhost.localdomain:45204->localhost.localdomain:pcsync-https (ESTABLISHED)
envoy      727   root   41u  IPv4  81296      0t0      TCP localhost.localdomain:https->192.168.1.49:57916 (ESTABLISHED)
envoy      727   root   42u  IPv4  80764      0t0      TCP localhost.localdomain:https->192.168.1.49:57950 (ESTABLISHED)
envoy      727   root   43u  IPv4  80766      0t0      TCP localhost.localdomain:https->192.168.1.49:57964 (ESTABLISHED)
envoy      727   root   44u  IPv4  92726      0t0      TCP localhost.localdomain:50436->localhost.localdomain:pcsync-https (ESTABLISHED)
envoy      727   root   45u  IPv4  82116      0t0      TCP localhost.localdomain:https->192.168.1.49:56876 (ESTABLISHED)
envoy      727   root   46u  IPv4  92025      0t0      TCP localhost.localdomain:50420->localhost.localdomain:pcsync-https (ESTABLISHED)
envoy      727   root   47u  IPv4  92736      0t0      TCP localhost.localdomain:57660->aap25-control.lan:https (ESTABLISHED)
envoy      727   root   48u  IPv4  87783      0t0      TCP localhost.localdomain:42904->aap25-control.lan:https (ESTABLISHED)
envoy      727   root   49u  IPv4  81665      0t0      TCP localhost.localdomain:https->192.168.1.49:56866 (ESTABLISHED)
envoy      727   root   50u  IPv4  81708      0t0      TCP localhost.localdomain:https->192.168.1.49:44012 (ESTABLISHED)
envoy      727   root   53u  IPv4  81710      0t0      TCP localhost.localdomain:44784->aap25-control.lan:https (ESTABLISHED)
envoy      727   root   55u  IPv4  81718      0t0      TCP localhost.localdomain:44798->aap25-control.lan:https (ESTABLISHED)
chronyd    745 chrony    5u  IPv4  21055      0t0      UDP localhost:323 
chronyd    745 chrony    6u  IPv6  21056      0t0      UDP localhost:323 
NetworkMa  764   root   26u  IPv4  22715      0t0      UDP localhost.localdomain:bootpc->pi.hole:bootps 
sshd       795   root    3u  IPv4  21297      0t0      TCP *:ssh (LISTEN)
sshd       795   root    4u  IPv6  21299      0t0      TCP *:ssh (LISTEN)
redis-ser 1074  redis    6u  IPv4  22809      0t0      TCP *:redis (LISTEN)
redis-ser 1074  redis    7u  IPv6  22810      0t0      TCP *:redis (LISTEN)
redis-ser 1074  redis    8u  IPv4  23343      0t0      TCP localhost.localdomain:redis->localhost.localdomain:39864 (ESTABLISHED)
redis-ser 1074  redis    9u  IPv4  23381      0t0      TCP localhost.localdomain:redis->localhost.localdomain:39870 (ESTABLISHED)
redis-ser 1074  redis   10u  IPv4  24388      0t0      TCP localhost.localdomain:redis->localhost.localdomain:37148 (ESTABLISHED)
redis-ser 1074  redis   11u  IPv4  24882      0t0      TCP localhost.localdomain:redis->localhost.localdomain:59062 (ESTABLISHED)
redis-ser 1074  redis   12u  IPv4  26422      0t0      TCP localhost.localdomain:redis->localhost.localdomain:59074 (ESTABLISHED)
redis-ser 1074  redis   13u  IPv4  31079      0t0      TCP localhost.localdomain:redis->localhost.localdomain:54200 (ESTABLISHED)
redis-ser 1074  redis   14u  IPv4  27889      0t0      TCP localhost.localdomain:redis->localhost.localdomain:47160 (ESTABLISHED)
redis-ser 1074  redis   15u  IPv4  78636      0t0      TCP localhost.localdomain:redis->localhost.localdomain:49930 (ESTABLISHED)
redis-ser 1074  redis   16u  IPv4  78637      0t0      TCP localhost.localdomain:redis->localhost.localdomain:49932 (ESTABLISHED)
redis-ser 1074  redis   17u  IPv4  79305      0t0      TCP localhost.localdomain:redis->localhost.localdomain:45260 (ESTABLISHED)
redis-ser 1074  redis   18u  IPv4  79496      0t0      TCP localhost.localdomain:redis->localhost.localdomain:43842 (ESTABLISHED)
nginx     1112   root    6u  IPv4  22847      0t0      TCP *:pcsync-https (LISTEN)
nginx     1113  nginx    6u  IPv4  22847      0t0      TCP *:pcsync-https (LISTEN)
nginx     1113  nginx   11u  IPv4  24240      0t0      TCP localhost.localdomain:pcsync-https->localhost.localdomain:60444 (ESTABLISHED)
nginx     1113  nginx   12u  IPv4  92723      0t0      TCP localhost.localdomain:pcsync-https->localhost.localdomain:50420 (ESTABLISHED)
nginx     1113  nginx   13u  IPv4  92727      0t0      TCP localhost.localdomain:pcsync-https->localhost.localdomain:50436 (ESTABLISHED)
nginx     1114  nginx    6u  IPv4  22847      0t0      TCP *:pcsync-https (LISTEN)
nginx     1114  nginx    7u  IPv4  65649      0t0      TCP localhost.localdomain:pcsync-https->localhost.localdomain:45204 (ESTABLISHED)
nginx     1114  nginx    8u  IPv4  66842      0t0      TCP localhost.localdomain:pcsync-https->localhost.localdomain:59008 (ESTABLISHED)
nginx     1114  nginx   15u  IPv4  73950      0t0      TCP localhost.localdomain:pcsync-https->localhost.localdomain:43534 (ESTABLISHED)
uwsgi     1123   root    3u  IPv4  24000      0t0      TCP localhost:8050 (LISTEN)
uwsgi     1163   root    3u  IPv4  24000      0t0      TCP localhost:8050 (LISTEN)
uwsgi     1163   root    9u  IPv4  24329      0t0      TCP localhost.localdomain:39870->localhost.localdomain:redis (ESTABLISHED)
uwsgi     1164   root    3u  IPv4  24000      0t0      TCP localhost:8050 (LISTEN)
uwsgi     1164   root    8u  IPv4  26415      0t0      TCP localhost.localdomain:59062->localhost.localdomain:redis (ESTABLISHED)
uwsgi     1165   root    3u  IPv4  24000      0t0      TCP localhost:8050 (LISTEN)
uwsgi     1165   root    7u  IPv4  24248      0t0      TCP localhost.localdomain:39864->localhost.localdomain:redis (ESTABLISHED)
uwsgi     1166   root    3u  IPv4  24000      0t0      TCP localhost:8050 (LISTEN)
uwsgi     1166   root    8u  IPv4  31108      0t0      TCP localhost.localdomain:47160->localhost.localdomain:redis (ESTABLISHED)
uwsgi     1167   root    3u  IPv4  24000      0t0      TCP localhost:8050 (LISTEN)
uwsgi     1167   root    8u  IPv4  23458      0t0      TCP localhost.localdomain:37148->localhost.localdomain:redis (ESTABLISHED)
aap-gatew 1575   root    9u  IPv6  24217      0t0      TCP *:50051 (LISTEN)
aap-gatew 1575   root   10u  IPv6  31077      0t0      TCP localhost:50051->localhost:50600 (ESTABLISHED)
aap-gatew 1575   root   11u  IPv4  27863      0t0      TCP localhost.localdomain:54200->localhost.localdomain:redis (ESTABLISHED)
aap-gatew 1575   root   12u  IPv4  54461      0t0      TCP localhost.localdomain:36124->aap25-database.lan:postgres (ESTABLISHED)
aap-gatew 1575   root   13u  IPv4  79304      0t0      TCP localhost.localdomain:45260->localhost.localdomain:redis (ESTABLISHED)
aap-gatew 1575   root   14u  IPv4  79307      0t0      TCP localhost.localdomain:39522->aap25-database.lan:postgres (ESTABLISHED)
aap-gatew 1575   root   15u  IPv4  79312      0t0      TCP localhost.localdomain:39526->aap25-database.lan:postgres (ESTABLISHED)
aap-gatew 1575   root   16u  IPv4  80005      0t0      TCP localhost.localdomain:43842->localhost.localdomain:redis (ESTABLISHED)
aap-gatew 1575   root   17u  IPv4  80042      0t0      TCP localhost.localdomain:33938->aap25-database.lan:postgres (ESTABLISHED)
aap-gatew 1576   root   11u  IPv6  24220      0t0      TCP *:50051 (LISTEN)
aap-gatew 1577   root   13u  IPv6  24223      0t0      TCP *:50051 (LISTEN)
aap-gatew 1578   root   15u  IPv6  23305      0t0      TCP *:50051 (LISTEN)
aap-gatew 1579   root   17u  IPv6  23302      0t0      TCP *:50051 (LISTEN)
aap-gatew 1579   root   18u  IPv6  26420      0t0      TCP localhost:50051->localhost:49764 (ESTABLISHED)
aap-gatew 1579   root   19u  IPv4  24889      0t0      TCP localhost.localdomain:59074->localhost.localdomain:redis (ESTABLISHED)
aap-gatew 1579   root   20u  IPv4  24890      0t0      TCP localhost.localdomain:49120->aap25-database.lan:postgres (ESTABLISHED)
aap-gatew 1579   root   21u  IPv4  79220      0t0      TCP localhost.localdomain:49930->localhost.localdomain:redis (ESTABLISHED)
aap-gatew 1579   root   22u  IPv4  78635      0t0      TCP localhost.localdomain:49932->localhost.localdomain:redis (ESTABLISHED)
aap-gatew 1579   root   23u  IPv4  79280      0t0      TCP localhost.localdomain:58526->aap25-database.lan:postgres (ESTABLISHED)
aap-gatew 1579   root   24u  IPv4  81677      0t0      TCP localhost.localdomain:58422->aap25-database.lan:postgres (ESTABLISHED)
aap-gatew 1579   root   25u  IPv4  79283      0t0      TCP localhost.localdomain:58528->aap25-database.lan:postgres (ESTABLISHED)
bash      7512   root  cwd    DIR  253,0      185 50331782 /root
bash      7512   root  rtd    DIR  253,0      235      128 /
bash      7512   root  txt    REG  253,0  1389072 50367435 /usr/bin/bash
bash      7512   root  mem    REG  253,0  2586930 50367720 /usr/lib/locale/en_US.utf8/LC_COLLATE
bash      7512   root  mem    REG  253,0  2544344     2597 /usr/lib64/libc.so.6
bash      7512   root  mem    REG  253,0   346132 33699956 /usr/lib/locale/C.utf8/LC_CTYPE
bash      7512   root  mem    REG  253,0       54 50367723 /usr/lib/locale/en_US.utf8/LC_NUMERIC
bash      7512   root  mem    REG  253,0     3284     2565 /usr/lib/locale/en_US.utf8/LC_TIME
bash      7512   root  mem    REG  253,0      286     2563 /usr/lib/locale/en_US.utf8/LC_MONETARY
bash      7512   root  mem    REG  253,0       57     2576 /usr/lib/locale/en_US.utf8/LC_MESSAGES/SYS_LC_MESSAGES
bash      7512   root  mem    REG  253,0    26988 16780452 /usr/lib64/gconv/gconv-modules.cache
bash      7512   root  mem    REG  253,0   195080     2316 /usr/lib64/libtinfo.so.6.2
bash      7512   root  mem    REG  253,0       34 33700259 /usr/lib/locale/en_US.utf8/LC_PAPER
bash      7512   root  mem    REG  253,0       77 50367722 /usr/lib/locale/en_US.utf8/LC_NAME
bash      7512   root  mem    REG  253,0      167     2559 /usr/lib/locale/en_US.utf8/LC_ADDRESS
bash      7512   root  mem    REG  253,0       59     2564 /usr/lib/locale/en_US.utf8/LC_TELEPHONE
bash      7512   root  mem    REG  253,0       23     2562 /usr/lib/locale/en_US.utf8/LC_MEASUREMENT
bash      7512   root  mem    REG  253,0      369     2561 /usr/lib/locale/en_US.utf8/LC_IDENTIFICATION
bash      7512   root  mem    REG  253,0   897856     2593 /usr/lib64/ld-linux-x86-64.so.2
bash      7512   root    0r   CHR    1,3      0t0        4 /dev/null
bash      7512   root    1w   REG  253,0        0 34669828 /tmp/memory_monitor.log
bash      7512   root    2w   REG  253,0        0 34669828 /tmp/memory_monitor.log
bash      7512   root    3r  FIFO   0,13      0t0    92870 pipe

    PID    PPID CMD                           RSS    VSZ %CPU %MEM     ELAPSED
Receptor Child Processes for PID 8633:
  No child processes found
Receptor Threads for PID 8633:
    PID    SPID %CPU %MEM   RSS COMMAND
Receptor Network Connections for PID 8633:
COMMAND    PID   USER   FD   TYPE DEVICE SIZE/OFF NODE NAME
envoy      727   root   22u  IPv4  73949      0t0  TCP localhost.localdomain:43534->localhost.localdomain:pcsync-https (ESTABLISHED)
envoy      727   root   31u  IPv4  23339      0t0  TCP localhost.localdomain:60444->localhost.localdomain:pcsync-https (ESTABLISHED)
envoy      727   root   32u  IPv4  23341      0t0  TCP localhost.localdomain:41216->aap25-control.lan:https (ESTABLISHED)
envoy      727   root   34u  IPv4  23358      0t0  TCP *:https (LISTEN)
envoy      727   root   35u  IPv4  23359      0t0  TCP *:https (LISTEN)
envoy      727   root   36u  IPv4  80762      0t0  TCP localhost.localdomain:https->192.168.1.49:57898 (ESTABLISHED)
envoy      727   root   37u  IPv4  24888      0t0  TCP localhost:49764->localhost:50051 (ESTABLISHED)
envoy      727   root   38u  IPv4  65989      0t0  TCP localhost.localdomain:59008->localhost.localdomain:pcsync-https (ESTABLISHED)
envoy      727   root   39u  IPv4  27862      0t0  TCP localhost:50600->localhost:50051 (ESTABLISHED)
envoy      727   root   40u  IPv4  65459      0t0  TCP localhost.localdomain:45204->localhost.localdomain:pcsync-https (ESTABLISHED)
envoy      727   root   41u  IPv4  81296      0t0  TCP localhost.localdomain:https->192.168.1.49:57916 (ESTABLISHED)
envoy      727   root   42u  IPv4  80764      0t0  TCP localhost.localdomain:https->192.168.1.49:57950 (ESTABLISHED)
envoy      727   root   43u  IPv4  80766      0t0  TCP localhost.localdomain:https->192.168.1.49:57964 (ESTABLISHED)
envoy      727   root   44u  IPv4  92726      0t0  TCP localhost.localdomain:50436->localhost.localdomain:pcsync-https (ESTABLISHED)
envoy      727   root   45u  IPv4  82116      0t0  TCP localhost.localdomain:https->192.168.1.49:56876 (ESTABLISHED)
envoy      727   root   46u  IPv4  92025      0t0  TCP localhost.localdomain:50420->localhost.localdomain:pcsync-https (ESTABLISHED)
envoy      727   root   47u  IPv4  92736      0t0  TCP localhost.localdomain:57660->aap25-control.lan:https (ESTABLISHED)
envoy      727   root   48u  IPv4  87783      0t0  TCP localhost.localdomain:42904->aap25-control.lan:https (ESTABLISHED)
envoy      727   root   49u  IPv4  81665      0t0  TCP localhost.localdomain:https->192.168.1.49:56866 (ESTABLISHED)
envoy      727   root   50u  IPv4  81708      0t0  TCP localhost.localdomain:https->192.168.1.49:44012 (ESTABLISHED)
envoy      727   root   53u  IPv4  81710      0t0  TCP localhost.localdomain:44784->aap25-control.lan:https (ESTABLISHED)
envoy      727   root   55u  IPv4  81718      0t0  TCP localhost.localdomain:44798->aap25-control.lan:https (ESTABLISHED)
chronyd    745 chrony    5u  IPv4  21055      0t0  UDP localhost:323 
chronyd    745 chrony    6u  IPv6  21056      0t0  UDP localhost:323 
NetworkMa  764   root   26u  IPv4  22715      0t0  UDP localhost.localdomain:bootpc->pi.hole:bootps 
sshd       795   root    3u  IPv4  21297      0t0  TCP *:ssh (LISTEN)
sshd       795   root    4u  IPv6  21299      0t0  TCP *:ssh (LISTEN)
redis-ser 1074  redis    6u  IPv4  22809      0t0  TCP *:redis (LISTEN)
redis-ser 1074  redis    7u  IPv6  22810      0t0  TCP *:redis (LISTEN)
redis-ser 1074  redis    8u  IPv4  23343      0t0  TCP localhost.localdomain:redis->localhost.localdomain:39864 (ESTABLISHED)
redis-ser 1074  redis    9u  IPv4  23381      0t0  TCP localhost.localdomain:redis->localhost.localdomain:39870 (ESTABLISHED)
redis-ser 1074  redis   10u  IPv4  24388      0t0  TCP localhost.localdomain:redis->localhost.localdomain:37148 (ESTABLISHED)
redis-ser 1074  redis   11u  IPv4  24882      0t0  TCP localhost.localdomain:redis->localhost.localdomain:59062 (ESTABLISHED)
redis-ser 1074  redis   12u  IPv4  26422      0t0  TCP localhost.localdomain:redis->localhost.localdomain:59074 (ESTABLISHED)
redis-ser 1074  redis   13u  IPv4  31079      0t0  TCP localhost.localdomain:redis->localhost.localdomain:54200 (ESTABLISHED)
redis-ser 1074  redis   14u  IPv4  27889      0t0  TCP localhost.localdomain:redis->localhost.localdomain:47160 (ESTABLISHED)
redis-ser 1074  redis   15u  IPv4  78636      0t0  TCP localhost.localdomain:redis->localhost.localdomain:49930 (ESTABLISHED)
redis-ser 1074  redis   16u  IPv4  78637      0t0  TCP localhost.localdomain:redis->localhost.localdomain:49932 (ESTABLISHED)
redis-ser 1074  redis   17u  IPv4  79305      0t0  TCP localhost.localdomain:redis->localhost.localdomain:45260 (ESTABLISHED)
redis-ser 1074  redis   18u  IPv4  79496      0t0  TCP localhost.localdomain:redis->localhost.localdomain:43842 (ESTABLISHED)
nginx     1112   root    6u  IPv4  22847      0t0  TCP *:pcsync-https (LISTEN)
nginx     1113  nginx    6u  IPv4  22847      0t0  TCP *:pcsync-https (LISTEN)
nginx     1113  nginx   11u  IPv4  24240      0t0  TCP localhost.localdomain:pcsync-https->localhost.localdomain:60444 (ESTABLISHED)
nginx     1113  nginx   12u  IPv4  92723      0t0  TCP localhost.localdomain:pcsync-https->localhost.localdomain:50420 (ESTABLISHED)
nginx     1113  nginx   13u  IPv4  92727      0t0  TCP localhost.localdomain:pcsync-https->localhost.localdomain:50436 (ESTABLISHED)
nginx     1114  nginx    6u  IPv4  22847      0t0  TCP *:pcsync-https (LISTEN)
nginx     1114  nginx    7u  IPv4  65649      0t0  TCP localhost.localdomain:pcsync-https->localhost.localdomain:45204 (ESTABLISHED)
nginx     1114  nginx    8u  IPv4  66842      0t0  TCP localhost.localdomain:pcsync-https->localhost.localdomain:59008 (ESTABLISHED)
nginx     1114  nginx   15u  IPv4  73950      0t0  TCP localhost.localdomain:pcsync-https->localhost.localdomain:43534 (ESTABLISHED)
uwsgi     1123   root    3u  IPv4  24000      0t0  TCP localhost:8050 (LISTEN)
uwsgi     1163   root    3u  IPv4  24000      0t0  TCP localhost:8050 (LISTEN)
uwsgi     1163   root    9u  IPv4  24329      0t0  TCP localhost.localdomain:39870->localhost.localdomain:redis (ESTABLISHED)
uwsgi     1164   root    3u  IPv4  24000      0t0  TCP localhost:8050 (LISTEN)
uwsgi     1164   root    8u  IPv4  26415      0t0  TCP localhost.localdomain:59062->localhost.localdomain:redis (ESTABLISHED)
uwsgi     1165   root    3u  IPv4  24000      0t0  TCP localhost:8050 (LISTEN)
uwsgi     1165   root    7u  IPv4  24248      0t0  TCP localhost.localdomain:39864->localhost.localdomain:redis (ESTABLISHED)
uwsgi     1166   root    3u  IPv4  24000      0t0  TCP localhost:8050 (LISTEN)
uwsgi     1166   root    8u  IPv4  31108      0t0  TCP localhost.localdomain:47160->localhost.localdomain:redis (ESTABLISHED)
uwsgi     1167   root    3u  IPv4  24000      0t0  TCP localhost:8050 (LISTEN)
uwsgi     1167   root    8u  IPv4  23458      0t0  TCP localhost.localdomain:37148->localhost.localdomain:redis (ESTABLISHED)
aap-gatew 1575   root    9u  IPv6  24217      0t0  TCP *:50051 (LISTEN)
aap-gatew 1575   root   10u  IPv6  31077      0t0  TCP localhost:50051->localhost:50600 (ESTABLISHED)
aap-gatew 1575   root   11u  IPv4  27863      0t0  TCP localhost.localdomain:54200->localhost.localdomain:redis (ESTABLISHED)
aap-gatew 1575   root   12u  IPv4  54461      0t0  TCP localhost.localdomain:36124->aap25-database.lan:postgres (ESTABLISHED)
aap-gatew 1575   root   13u  IPv4  79304      0t0  TCP localhost.localdomain:45260->localhost.localdomain:redis (ESTABLISHED)
aap-gatew 1575   root   14u  IPv4  79307      0t0  TCP localhost.localdomain:39522->aap25-database.lan:postgres (ESTABLISHED)
aap-gatew 1575   root   15u  IPv4  79312      0t0  TCP localhost.localdomain:39526->aap25-database.lan:postgres (ESTABLISHED)
aap-gatew 1575   root   16u  IPv4  80005      0t0  TCP localhost.localdomain:43842->localhost.localdomain:redis (ESTABLISHED)
aap-gatew 1575   root   17u  IPv4  80042      0t0  TCP localhost.localdomain:33938->aap25-database.lan:postgres (ESTABLISHED)
aap-gatew 1576   root   11u  IPv6  24220      0t0  TCP *:50051 (LISTEN)
aap-gatew 1577   root   13u  IPv6  24223      0t0  TCP *:50051 (LISTEN)
aap-gatew 1578   root   15u  IPv6  23305      0t0  TCP *:50051 (LISTEN)
aap-gatew 1579   root   17u  IPv6  23302      0t0  TCP *:50051 (LISTEN)
aap-gatew 1579   root   18u  IPv6  26420      0t0  TCP localhost:50051->localhost:49764 (ESTABLISHED)
aap-gatew 1579   root   19u  IPv4  24889      0t0  TCP localhost.localdomain:59074->localhost.localdomain:redis (ESTABLISHED)
aap-gatew 1579   root   20u  IPv4  24890      0t0  TCP localhost.localdomain:49120->aap25-database.lan:postgres (ESTABLISHED)
aap-gatew 1579   root   21u  IPv4  79220      0t0  TCP localhost.localdomain:49930->localhost.localdomain:redis (ESTABLISHED)
aap-gatew 1579   root   22u  IPv4  78635      0t0  TCP localhost.localdomain:49932->localhost.localdomain:redis (ESTABLISHED)
aap-gatew 1579   root   23u  IPv4  79280      0t0  TCP localhost.localdomain:58526->aap25-database.lan:postgres (ESTABLISHED)
aap-gatew 1579   root   24u  IPv4  81677      0t0  TCP localhost.localdomain:58422->aap25-database.lan:postgres (ESTABLISHED)
aap-gatew 1579   root   25u  IPv4  79283      0t0  TCP localhost.localdomain:58528->aap25-database.lan:postgres (ESTABLISHED)
  No network connections found

=== RECEPTOR MEMORY SUMMARY ===
Total Receptor RSS Memory: 3584 KB (3 MB)
Total Receptor VSZ Memory: 7336 KB (7 MB)
Number of Receptor Processes: 2

AAP-related Processes and Children:
=== AAP Service Processes ===
Process: redis-server (PID: 1074)
    PID    PPID CMD                           RSS
   1074       1 /usr/bin/redis-server *:637 16212

Process: nginx (PID: 1112)
    PID    PPID CMD                           RSS
   1112       1 nginx: master process /usr/  2104
  Children of PID 1112:
    PID    PPID CMD                           RSS
   1113    1112 nginx: worker process        8376
    PID    PPID CMD                           RSS
   1114    1112 nginx: worker process        8376

Process: nginx (PID: 1113)
    PID    PPID CMD                           RSS
   1113    1112 nginx: worker process        8376

Process: nginx (PID: 1114)
    PID    PPID CMD                           RSS
   1114    1112 nginx: worker process        8376

Process: uwsgi (PID: 1123)
    PID    PPID CMD                           RSS
   1123     774 uwsgi /etc/ansible-automati 13952
  Children of PID 1123:
    PID    PPID CMD                           RSS
   1163    1123 uwsgi /etc/ansible-automati 118252
    PID    PPID CMD                           RSS
   1164    1123 uwsgi /etc/ansible-automati 116444
    PID    PPID CMD                           RSS
   1165    1123 uwsgi /etc/ansible-automati 120108
    PID    PPID CMD                           RSS
   1166    1123 uwsgi /etc/ansible-automati 118632
    PID    PPID CMD                           RSS
   1167    1123 uwsgi /etc/ansible-automati 118968

Process: uwsgi (PID: 1163)
    PID    PPID CMD                           RSS
   1163    1123 uwsgi /etc/ansible-automati 118252

Process: uwsgi (PID: 1164)
    PID    PPID CMD                           RSS
   1164    1123 uwsgi /etc/ansible-automati 116444

Process: uwsgi (PID: 1165)
    PID    PPID CMD                           RSS
   1165    1123 uwsgi /etc/ansible-automati 120108

Process: uwsgi (PID: 1166)
    PID    PPID CMD                           RSS
   1166    1123 uwsgi /etc/ansible-automati 118632

Process: uwsgi (PID: 1167)
    PID    PPID CMD                           RSS
   1167    1123 uwsgi /etc/ansible-automati 118968

Process: bash (PID: 7512)
    PID    PPID CMD                           RSS
   7512       1 bash -c  log_file="/tmp/mem  3584
  Children of PID 7512:
    PID    PPID CMD                           RSS
   8692    7512 bash -c  log_file="/tmp/mem  2528

Process: bash (PID: 8692)
    PID    PPID CMD                           RSS
   8692    7512 bash -c  log_file="/tmp/mem  2528
  Children of PID 8692:
    PID    PPID CMD                           RSS


Process Tree for AAP Services:
=== automation-controller Process Tree ===
bash(7512)---pstree(8740)
=== receptor Process Tree ===
bash(7512)---pstree(8744)
=== nginx Process Tree ===
nginx(1112)-+-nginx(1113)
            `-nginx(1114)
nginx(1113)
nginx(1114)
bash(7512)---pstree(8751)
=== postgresql Process Tree ===
bash(7512)---pstree(8755)
=== redis Process Tree ===
redis-server(1074)-+-{redis-server}(1083)
                   |-{redis-server}(1084)
                   |-{redis-server}(1085)
                   `-{redis-server}(1086)
bash(7512)---pstree(8760)
=== uwsgi Process Tree ===
uwsgi(1123)-+-uwsgi(1163)
            |-uwsgi(1164)
            |-uwsgi(1165)
            |-uwsgi(1166)
            `-uwsgi(1167)
uwsgi(1163)
uwsgi(1164)
uwsgi(1165)
uwsgi(1166)
uwsgi(1167)
bash(7512)---pstree(8770)
=== automation-hub Process Tree ===
bash(7512)---pstree(8774)
=== automation-eda Process Tree ===
bash(7512)---pstree(8778)

=================================================================================
2025-07-03 12:02:52
Memory Usage Report:
               total        used        free      shared  buff/cache   available
Mem:            7555        1232        5777           9         812        6322
Swap:           5327           0        5327

Top 10 Processes by RSS Memory:
    PID    PPID CMD                           RSS
   1579    1124 /usr/bin/python3.11 -sP /us 121268
   1165    1123 uwsgi /etc/ansible-automati 120108
   1167    1123 uwsgi /etc/ansible-automati 118968
   1575    1124 /usr/bin/python3.11 -sP /us 118640
   1166    1123 uwsgi /etc/ansible-automati 118632
   1163    1123 uwsgi /etc/ansible-automati 118252
   1164    1123 uwsgi /etc/ansible-automati 116444
   1124     774 /usr/bin/python3.11 -sP /us 114040
   1578    1124 /usr/bin/python3.11 -sP /us 99016
   1576    1124 /usr/bin/python3.11 -sP /us 98888

=== RECEPTOR PROCESS ANALYSIS ===
Receptor Main Processes:
    PID    PPID CMD                           RSS    VSZ %CPU %MEM     ELAPSED
   7512       1 bash -c  log_file="/tmp/mem  3584   7336  0.0  0.0       04:07
Receptor Child Processes for PID 7512:
      PID    PPID CMD                           RSS    VSZ %CPU %MEM     ELAPSED
Receptor Threads for PID 7512:
    PID    SPID %CPU %MEM   RSS COMMAND
   7512    7512  0.0  0.0  3584 bash
Receptor Network Connections for PID 7512:
COMMAND    PID   USER   FD   TYPE DEVICE SIZE/OFF     NODE NAME
envoy      727   root   22u  IPv4  73949      0t0      TCP localhost.localdomain:43534->localhost.localdomain:pcsync-https (ESTABLISHED)
envoy      727   root   31u  IPv4  23339      0t0      TCP localhost.localdomain:60444->localhost.localdomain:pcsync-https (ESTABLISHED)
envoy      727   root   32u  IPv4  23341      0t0      TCP localhost.localdomain:41216->aap25-control.lan:https (ESTABLISHED)
envoy      727   root   34u  IPv4  23358      0t0      TCP *:https (LISTEN)
envoy      727   root   35u  IPv4  23359      0t0      TCP *:https (LISTEN)
envoy      727   root   36u  IPv4  80762      0t0      TCP localhost.localdomain:https->192.168.1.49:57898 (ESTABLISHED)
envoy      727   root   37u  IPv4  24888      0t0      TCP localhost:49764->localhost:50051 (ESTABLISHED)
envoy      727   root   38u  IPv4  65989      0t0      TCP localhost.localdomain:59008->localhost.localdomain:pcsync-https (ESTABLISHED)
envoy      727   root   39u  IPv4  27862      0t0      TCP localhost:50600->localhost:50051 (ESTABLISHED)
envoy      727   root   40u  IPv4  65459      0t0      TCP localhost.localdomain:45204->localhost.localdomain:pcsync-https (ESTABLISHED)
envoy      727   root   41u  IPv4  81296      0t0      TCP localhost.localdomain:https->192.168.1.49:57916 (ESTABLISHED)
envoy      727   root   42u  IPv4  80764      0t0      TCP localhost.localdomain:https->192.168.1.49:57950 (ESTABLISHED)
envoy      727   root   43u  IPv4  80766      0t0      TCP localhost.localdomain:https->192.168.1.49:57964 (ESTABLISHED)
envoy      727   root   44u  IPv4  92726      0t0      TCP localhost.localdomain:50436->localhost.localdomain:pcsync-https (ESTABLISHED)
envoy      727   root   45u  IPv4  82116      0t0      TCP localhost.localdomain:https->192.168.1.49:56876 (ESTABLISHED)
envoy      727   root   46u  IPv4  92025      0t0      TCP localhost.localdomain:50420->localhost.localdomain:pcsync-https (ESTABLISHED)
envoy      727   root   47u  IPv4  92736      0t0      TCP localhost.localdomain:57660->aap25-control.lan:https (ESTABLISHED)
envoy      727   root   48u  IPv4  87783      0t0      TCP localhost.localdomain:42904->aap25-control.lan:https (ESTABLISHED)
envoy      727   root   49u  IPv4  81665      0t0      TCP localhost.localdomain:https->192.168.1.49:56866 (ESTABLISHED)
envoy      727   root   50u  IPv4  81708      0t0      TCP localhost.localdomain:https->192.168.1.49:44012 (ESTABLISHED)
envoy      727   root   51u  IPv4  93672      0t0      TCP localhost.localdomain:37708->aap25-control.lan:https (ESTABLISHED)
envoy      727   root   52u  IPv4  93673      0t0      TCP localhost.localdomain:37716->aap25-control.lan:https (ESTABLISHED)
envoy      727   root   53u  IPv4  81710      0t0      TCP localhost.localdomain:44784->aap25-control.lan:https (ESTABLISHED)
envoy      727   root   55u  IPv4  81718      0t0      TCP localhost.localdomain:44798->aap25-control.lan:https (ESTABLISHED)
chronyd    745 chrony    5u  IPv4  21055      0t0      UDP localhost:323 
chronyd    745 chrony    6u  IPv6  21056      0t0      UDP localhost:323 
NetworkMa  764   root   26u  IPv4  22715      0t0      UDP localhost.localdomain:bootpc->pi.hole:bootps 
sshd       795   root    3u  IPv4  21297      0t0      TCP *:ssh (LISTEN)
sshd       795   root    4u  IPv6  21299      0t0      TCP *:ssh (LISTEN)
redis-ser 1074  redis    6u  IPv4  22809      0t0      TCP *:redis (LISTEN)
redis-ser 1074  redis    7u  IPv6  22810      0t0      TCP *:redis (LISTEN)
redis-ser 1074  redis    8u  IPv4  23343      0t0      TCP localhost.localdomain:redis->localhost.localdomain:39864 (ESTABLISHED)
redis-ser 1074  redis    9u  IPv4  23381      0t0      TCP localhost.localdomain:redis->localhost.localdomain:39870 (ESTABLISHED)
redis-ser 1074  redis   10u  IPv4  24388      0t0      TCP localhost.localdomain:redis->localhost.localdomain:37148 (ESTABLISHED)
redis-ser 1074  redis   11u  IPv4  24882      0t0      TCP localhost.localdomain:redis->localhost.localdomain:59062 (ESTABLISHED)
redis-ser 1074  redis   12u  IPv4  26422      0t0      TCP localhost.localdomain:redis->localhost.localdomain:59074 (ESTABLISHED)
redis-ser 1074  redis   13u  IPv4  31079      0t0      TCP localhost.localdomain:redis->localhost.localdomain:54200 (ESTABLISHED)
redis-ser 1074  redis   14u  IPv4  27889      0t0      TCP localhost.localdomain:redis->localhost.localdomain:47160 (ESTABLISHED)
redis-ser 1074  redis   15u  IPv4  78636      0t0      TCP localhost.localdomain:redis->localhost.localdomain:49930 (ESTABLISHED)
redis-ser 1074  redis   16u  IPv4  78637      0t0      TCP localhost.localdomain:redis->localhost.localdomain:49932 (ESTABLISHED)
redis-ser 1074  redis   17u  IPv4  79305      0t0      TCP localhost.localdomain:redis->localhost.localdomain:45260 (ESTABLISHED)
redis-ser 1074  redis   18u  IPv4  79496      0t0      TCP localhost.localdomain:redis->localhost.localdomain:43842 (ESTABLISHED)
redis-ser 1074  redis   19u  IPv4  94383      0t0      TCP localhost.localdomain:redis->localhost.localdomain:42992 (ESTABLISHED)
nginx     1112   root    6u  IPv4  22847      0t0      TCP *:pcsync-https (LISTEN)
nginx     1113  nginx    6u  IPv4  22847      0t0      TCP *:pcsync-https (LISTEN)
nginx     1113  nginx   11u  IPv4  24240      0t0      TCP localhost.localdomain:pcsync-https->localhost.localdomain:60444 (ESTABLISHED)
nginx     1113  nginx   12u  IPv4  92723      0t0      TCP localhost.localdomain:pcsync-https->localhost.localdomain:50420 (ESTABLISHED)
nginx     1113  nginx   13u  IPv4  92727      0t0      TCP localhost.localdomain:pcsync-https->localhost.localdomain:50436 (ESTABLISHED)
nginx     1114  nginx    6u  IPv4  22847      0t0      TCP *:pcsync-https (LISTEN)
nginx     1114  nginx    7u  IPv4  65649      0t0      TCP localhost.localdomain:pcsync-https->localhost.localdomain:45204 (ESTABLISHED)
nginx     1114  nginx    8u  IPv4  66842      0t0      TCP localhost.localdomain:pcsync-https->localhost.localdomain:59008 (ESTABLISHED)
nginx     1114  nginx   15u  IPv4  73950      0t0      TCP localhost.localdomain:pcsync-https->localhost.localdomain:43534 (ESTABLISHED)
uwsgi     1123   root    3u  IPv4  24000      0t0      TCP localhost:8050 (LISTEN)
uwsgi     1163   root    3u  IPv4  24000      0t0      TCP localhost:8050 (LISTEN)
uwsgi     1163   root    9u  IPv4  24329      0t0      TCP localhost.localdomain:39870->localhost.localdomain:redis (ESTABLISHED)
uwsgi     1164   root    3u  IPv4  24000      0t0      TCP localhost:8050 (LISTEN)
uwsgi     1164   root    8u  IPv4  26415      0t0      TCP localhost.localdomain:59062->localhost.localdomain:redis (ESTABLISHED)
uwsgi     1165   root    3u  IPv4  24000      0t0      TCP localhost:8050 (LISTEN)
uwsgi     1165   root    7u  IPv4  24248      0t0      TCP localhost.localdomain:39864->localhost.localdomain:redis (ESTABLISHED)
uwsgi     1166   root    3u  IPv4  24000      0t0      TCP localhost:8050 (LISTEN)
uwsgi     1166   root    8u  IPv4  31108      0t0      TCP localhost.localdomain:47160->localhost.localdomain:redis (ESTABLISHED)
uwsgi     1167   root    3u  IPv4  24000      0t0      TCP localhost:8050 (LISTEN)
uwsgi     1167   root    8u  IPv4  23458      0t0      TCP localhost.localdomain:37148->localhost.localdomain:redis (ESTABLISHED)
aap-gatew 1575   root    9u  IPv6  24217      0t0      TCP *:50051 (LISTEN)
aap-gatew 1575   root   10u  IPv6  31077      0t0      TCP localhost:50051->localhost:50600 (ESTABLISHED)
aap-gatew 1575   root   11u  IPv4  27863      0t0      TCP localhost.localdomain:54200->localhost.localdomain:redis (ESTABLISHED)
aap-gatew 1575   root   12u  IPv4  54461      0t0      TCP localhost.localdomain:36124->aap25-database.lan:postgres (ESTABLISHED)
aap-gatew 1575   root   13u  IPv4  79304      0t0      TCP localhost.localdomain:45260->localhost.localdomain:redis (ESTABLISHED)
aap-gatew 1575   root   14u  IPv4  79307      0t0      TCP localhost.localdomain:39522->aap25-database.lan:postgres (ESTABLISHED)
aap-gatew 1575   root   15u  IPv4  79312      0t0      TCP localhost.localdomain:39526->aap25-database.lan:postgres (ESTABLISHED)
aap-gatew 1575   root   16u  IPv4  80005      0t0      TCP localhost.localdomain:43842->localhost.localdomain:redis (ESTABLISHED)
aap-gatew 1575   root   17u  IPv4  80042      0t0      TCP localhost.localdomain:33938->aap25-database.lan:postgres (ESTABLISHED)
aap-gatew 1576   root   11u  IPv6  24220      0t0      TCP *:50051 (LISTEN)
aap-gatew 1577   root   13u  IPv6  24223      0t0      TCP *:50051 (LISTEN)
aap-gatew 1578   root   15u  IPv6  23305      0t0      TCP *:50051 (LISTEN)
aap-gatew 1579   root   17u  IPv6  23302      0t0      TCP *:50051 (LISTEN)
aap-gatew 1579   root   18u  IPv6  26420      0t0      TCP localhost:50051->localhost:49764 (ESTABLISHED)
aap-gatew 1579   root   19u  IPv4  24889      0t0      TCP localhost.localdomain:59074->localhost.localdomain:redis (ESTABLISHED)
aap-gatew 1579   root   20u  IPv4  24890      0t0      TCP localhost.localdomain:49120->aap25-database.lan:postgres (ESTABLISHED)
aap-gatew 1579   root   21u  IPv4  79220      0t0      TCP localhost.localdomain:49930->localhost.localdomain:redis (ESTABLISHED)
aap-gatew 1579   root   22u  IPv4  78635      0t0      TCP localhost.localdomain:49932->localhost.localdomain:redis (ESTABLISHED)
aap-gatew 1579   root   23u  IPv4  79280      0t0      TCP localhost.localdomain:58526->aap25-database.lan:postgres (ESTABLISHED)
aap-gatew 1579   root   24u  IPv4  81677      0t0      TCP localhost.localdomain:58422->aap25-database.lan:postgres (ESTABLISHED)
aap-gatew 1579   root   25u  IPv4  79283      0t0      TCP localhost.localdomain:58528->aap25-database.lan:postgres (ESTABLISHED)
aap-gatew 1579   root   26u  IPv4  93664      0t0      TCP localhost.localdomain:42992->localhost.localdomain:redis (ESTABLISHED)
bash      7512   root  cwd    DIR  253,0      185 50331782 /root
bash      7512   root  rtd    DIR  253,0      235      128 /
bash      7512   root  txt    REG  253,0  1389072 50367435 /usr/bin/bash
bash      7512   root  mem    REG  253,0  2586930 50367720 /usr/lib/locale/en_US.utf8/LC_COLLATE
bash      7512   root  mem    REG  253,0  2544344     2597 /usr/lib64/libc.so.6
bash      7512   root  mem    REG  253,0   346132 33699956 /usr/lib/locale/C.utf8/LC_CTYPE
bash      7512   root  mem    REG  253,0       54 50367723 /usr/lib/locale/en_US.utf8/LC_NUMERIC
bash      7512   root  mem    REG  253,0     3284     2565 /usr/lib/locale/en_US.utf8/LC_TIME
bash      7512   root  mem    REG  253,0      286     2563 /usr/lib/locale/en_US.utf8/LC_MONETARY
bash      7512   root  mem    REG  253,0       57     2576 /usr/lib/locale/en_US.utf8/LC_MESSAGES/SYS_LC_MESSAGES
bash      7512   root  mem    REG  253,0    26988 16780452 /usr/lib64/gconv/gconv-modules.cache
bash      7512   root  mem    REG  253,0   195080     2316 /usr/lib64/libtinfo.so.6.2
bash      7512   root  mem    REG  253,0       34 33700259 /usr/lib/locale/en_US.utf8/LC_PAPER
bash      7512   root  mem    REG  253,0       77 50367722 /usr/lib/locale/en_US.utf8/LC_NAME
bash      7512   root  mem    REG  253,0      167     2559 /usr/lib/locale/en_US.utf8/LC_ADDRESS
bash      7512   root  mem    REG  253,0       59     2564 /usr/lib/locale/en_US.utf8/LC_TELEPHONE
bash      7512   root  mem    REG  253,0       23     2562 /usr/lib/locale/en_US.utf8/LC_MEASUREMENT
bash      7512   root  mem    REG  253,0      369     2561 /usr/lib/locale/en_US.utf8/LC_IDENTIFICATION
bash      7512   root  mem    REG  253,0   897856     2593 /usr/lib64/ld-linux-x86-64.so.2
bash      7512   root    0r   CHR    1,3      0t0        4 /dev/null
bash      7512   root    1w   REG  253,0        0 34669828 /tmp/memory_monitor.log
bash      7512   root    2w   REG  253,0        0 34669828 /tmp/memory_monitor.log
bash      7512   root    3r  FIFO   0,13      0t0    93781 pipe

    PID    PPID CMD                           RSS    VSZ %CPU %MEM     ELAPSED
Receptor Child Processes for PID 8786:
  No child processes found
Receptor Threads for PID 8786:
    PID    SPID %CPU %MEM   RSS COMMAND
Receptor Network Connections for PID 8786:
COMMAND    PID   USER   FD   TYPE DEVICE SIZE/OFF NODE NAME
envoy      727   root   22u  IPv4  73949      0t0  TCP localhost.localdomain:43534->localhost.localdomain:pcsync-https (ESTABLISHED)
envoy      727   root   31u  IPv4  23339      0t0  TCP localhost.localdomain:60444->localhost.localdomain:pcsync-https (ESTABLISHED)
envoy      727   root   32u  IPv4  23341      0t0  TCP localhost.localdomain:41216->aap25-control.lan:https (ESTABLISHED)
envoy      727   root   34u  IPv4  23358      0t0  TCP *:https (LISTEN)
envoy      727   root   35u  IPv4  23359      0t0  TCP *:https (LISTEN)
envoy      727   root   36u  IPv4  80762      0t0  TCP localhost.localdomain:https->192.168.1.49:57898 (ESTABLISHED)
envoy      727   root   37u  IPv4  24888      0t0  TCP localhost:49764->localhost:50051 (ESTABLISHED)
envoy      727   root   38u  IPv4  65989      0t0  TCP localhost.localdomain:59008->localhost.localdomain:pcsync-https (ESTABLISHED)
envoy      727   root   39u  IPv4  27862      0t0  TCP localhost:50600->localhost:50051 (ESTABLISHED)
envoy      727   root   40u  IPv4  65459      0t0  TCP localhost.localdomain:45204->localhost.localdomain:pcsync-https (ESTABLISHED)
envoy      727   root   41u  IPv4  81296      0t0  TCP localhost.localdomain:https->192.168.1.49:57916 (ESTABLISHED)
envoy      727   root   42u  IPv4  80764      0t0  TCP localhost.localdomain:https->192.168.1.49:57950 (ESTABLISHED)
envoy      727   root   43u  IPv4  80766      0t0  TCP localhost.localdomain:https->192.168.1.49:57964 (ESTABLISHED)
envoy      727   root   44u  IPv4  92726      0t0  TCP localhost.localdomain:50436->localhost.localdomain:pcsync-https (ESTABLISHED)
envoy      727   root   45u  IPv4  82116      0t0  TCP localhost.localdomain:https->192.168.1.49:56876 (ESTABLISHED)
envoy      727   root   46u  IPv4  92025      0t0  TCP localhost.localdomain:50420->localhost.localdomain:pcsync-https (ESTABLISHED)
envoy      727   root   47u  IPv4  92736      0t0  TCP localhost.localdomain:57660->aap25-control.lan:https (ESTABLISHED)
envoy      727   root   48u  IPv4  87783      0t0  TCP localhost.localdomain:42904->aap25-control.lan:https (ESTABLISHED)
envoy      727   root   49u  IPv4  81665      0t0  TCP localhost.localdomain:https->192.168.1.49:56866 (ESTABLISHED)
envoy      727   root   50u  IPv4  81708      0t0  TCP localhost.localdomain:https->192.168.1.49:44012 (ESTABLISHED)
envoy      727   root   51u  IPv4  93672      0t0  TCP localhost.localdomain:37708->aap25-control.lan:https (ESTABLISHED)
envoy      727   root   52u  IPv4  93673      0t0  TCP localhost.localdomain:37716->aap25-control.lan:https (ESTABLISHED)
envoy      727   root   53u  IPv4  81710      0t0  TCP localhost.localdomain:44784->aap25-control.lan:https (ESTABLISHED)
envoy      727   root   55u  IPv4  81718      0t0  TCP localhost.localdomain:44798->aap25-control.lan:https (ESTABLISHED)
chronyd    745 chrony    5u  IPv4  21055      0t0  UDP localhost:323 
chronyd    745 chrony    6u  IPv6  21056      0t0  UDP localhost:323 
NetworkMa  764   root   26u  IPv4  22715      0t0  UDP localhost.localdomain:bootpc->pi.hole:bootps 
sshd       795   root    3u  IPv4  21297      0t0  TCP *:ssh (LISTEN)
sshd       795   root    4u  IPv6  21299      0t0  TCP *:ssh (LISTEN)
redis-ser 1074  redis    6u  IPv4  22809      0t0  TCP *:redis (LISTEN)
redis-ser 1074  redis    7u  IPv6  22810      0t0  TCP *:redis (LISTEN)
redis-ser 1074  redis    8u  IPv4  23343      0t0  TCP localhost.localdomain:redis->localhost.localdomain:39864 (ESTABLISHED)
redis-ser 1074  redis    9u  IPv4  23381      0t0  TCP localhost.localdomain:redis->localhost.localdomain:39870 (ESTABLISHED)
redis-ser 1074  redis   10u  IPv4  24388      0t0  TCP localhost.localdomain:redis->localhost.localdomain:37148 (ESTABLISHED)
redis-ser 1074  redis   11u  IPv4  24882      0t0  TCP localhost.localdomain:redis->localhost.localdomain:59062 (ESTABLISHED)
redis-ser 1074  redis   12u  IPv4  26422      0t0  TCP localhost.localdomain:redis->localhost.localdomain:59074 (ESTABLISHED)
redis-ser 1074  redis   13u  IPv4  31079      0t0  TCP localhost.localdomain:redis->localhost.localdomain:54200 (ESTABLISHED)
redis-ser 1074  redis   14u  IPv4  27889      0t0  TCP localhost.localdomain:redis->localhost.localdomain:47160 (ESTABLISHED)
redis-ser 1074  redis   15u  IPv4  78636      0t0  TCP localhost.localdomain:redis->localhost.localdomain:49930 (ESTABLISHED)
redis-ser 1074  redis   16u  IPv4  78637      0t0  TCP localhost.localdomain:redis->localhost.localdomain:49932 (ESTABLISHED)
redis-ser 1074  redis   17u  IPv4  79305      0t0  TCP localhost.localdomain:redis->localhost.localdomain:45260 (ESTABLISHED)
redis-ser 1074  redis   18u  IPv4  79496      0t0  TCP localhost.localdomain:redis->localhost.localdomain:43842 (ESTABLISHED)
redis-ser 1074  redis   19u  IPv4  94383      0t0  TCP localhost.localdomain:redis->localhost.localdomain:42992 (ESTABLISHED)
nginx     1112   root    6u  IPv4  22847      0t0  TCP *:pcsync-https (LISTEN)
nginx     1113  nginx    6u  IPv4  22847      0t0  TCP *:pcsync-https (LISTEN)
nginx     1113  nginx   11u  IPv4  24240      0t0  TCP localhost.localdomain:pcsync-https->localhost.localdomain:60444 (ESTABLISHED)
nginx     1113  nginx   12u  IPv4  92723      0t0  TCP localhost.localdomain:pcsync-https->localhost.localdomain:50420 (ESTABLISHED)
nginx     1113  nginx   13u  IPv4  92727      0t0  TCP localhost.localdomain:pcsync-https->localhost.localdomain:50436 (ESTABLISHED)
nginx     1114  nginx    6u  IPv4  22847      0t0  TCP *:pcsync-https (LISTEN)
nginx     1114  nginx    7u  IPv4  65649      0t0  TCP localhost.localdomain:pcsync-https->localhost.localdomain:45204 (ESTABLISHED)
nginx     1114  nginx    8u  IPv4  66842      0t0  TCP localhost.localdomain:pcsync-https->localhost.localdomain:59008 (ESTABLISHED)
nginx     1114  nginx   15u  IPv4  73950      0t0  TCP localhost.localdomain:pcsync-https->localhost.localdomain:43534 (ESTABLISHED)
uwsgi     1123   root    3u  IPv4  24000      0t0  TCP localhost:8050 (LISTEN)
uwsgi     1163   root    3u  IPv4  24000      0t0  TCP localhost:8050 (LISTEN)
uwsgi     1163   root    9u  IPv4  24329      0t0  TCP localhost.localdomain:39870->localhost.localdomain:redis (ESTABLISHED)
uwsgi     1164   root    3u  IPv4  24000      0t0  TCP localhost:8050 (LISTEN)
uwsgi     1164   root    8u  IPv4  26415      0t0  TCP localhost.localdomain:59062->localhost.localdomain:redis (ESTABLISHED)
uwsgi     1165   root    3u  IPv4  24000      0t0  TCP localhost:8050 (LISTEN)
uwsgi     1165   root    7u  IPv4  24248      0t0  TCP localhost.localdomain:39864->localhost.localdomain:redis (ESTABLISHED)
uwsgi     1166   root    3u  IPv4  24000      0t0  TCP localhost:8050 (LISTEN)
uwsgi     1166   root    8u  IPv4  31108      0t0  TCP localhost.localdomain:47160->localhost.localdomain:redis (ESTABLISHED)
uwsgi     1167   root    3u  IPv4  24000      0t0  TCP localhost:8050 (LISTEN)
uwsgi     1167   root    8u  IPv4  23458      0t0  TCP localhost.localdomain:37148->localhost.localdomain:redis (ESTABLISHED)
aap-gatew 1575   root    9u  IPv6  24217      0t0  TCP *:50051 (LISTEN)
aap-gatew 1575   root   10u  IPv6  31077      0t0  TCP localhost:50051->localhost:50600 (ESTABLISHED)
aap-gatew 1575   root   11u  IPv4  27863      0t0  TCP localhost.localdomain:54200->localhost.localdomain:redis (ESTABLISHED)
aap-gatew 1575   root   12u  IPv4  54461      0t0  TCP localhost.localdomain:36124->aap25-database.lan:postgres (ESTABLISHED)
aap-gatew 1575   root   13u  IPv4  79304      0t0  TCP localhost.localdomain:45260->localhost.localdomain:redis (ESTABLISHED)
aap-gatew 1575   root   14u  IPv4  79307      0t0  TCP localhost.localdomain:39522->aap25-database.lan:postgres (ESTABLISHED)
aap-gatew 1575   root   15u  IPv4  79312      0t0  TCP localhost.localdomain:39526->aap25-database.lan:postgres (ESTABLISHED)
aap-gatew 1575   root   16u  IPv4  80005      0t0  TCP localhost.localdomain:43842->localhost.localdomain:redis (ESTABLISHED)
aap-gatew 1575   root   17u  IPv4  80042      0t0  TCP localhost.localdomain:33938->aap25-database.lan:postgres (ESTABLISHED)
aap-gatew 1576   root   11u  IPv6  24220      0t0  TCP *:50051 (LISTEN)
aap-gatew 1577   root   13u  IPv6  24223      0t0  TCP *:50051 (LISTEN)
aap-gatew 1578   root   15u  IPv6  23305      0t0  TCP *:50051 (LISTEN)
aap-gatew 1579   root   17u  IPv6  23302      0t0  TCP *:50051 (LISTEN)
aap-gatew 1579   root   18u  IPv6  26420      0t0  TCP localhost:50051->localhost:49764 (ESTABLISHED)
aap-gatew 1579   root   19u  IPv4  24889      0t0  TCP localhost.localdomain:59074->localhost.localdomain:redis (ESTABLISHED)
aap-gatew 1579   root   20u  IPv4  24890      0t0  TCP localhost.localdomain:49120->aap25-database.lan:postgres (ESTABLISHED)
aap-gatew 1579   root   21u  IPv4  79220      0t0  TCP localhost.localdomain:49930->localhost.localdomain:redis (ESTABLISHED)
aap-gatew 1579   root   22u  IPv4  78635      0t0  TCP localhost.localdomain:49932->localhost.localdomain:redis (ESTABLISHED)
aap-gatew 1579   root   23u  IPv4  79280      0t0  TCP localhost.localdomain:58526->aap25-database.lan:postgres (ESTABLISHED)
aap-gatew 1579   root   24u  IPv4  81677      0t0  TCP localhost.localdomain:58422->aap25-database.lan:postgres (ESTABLISHED)
aap-gatew 1579   root   25u  IPv4  79283      0t0  TCP localhost.localdomain:58528->aap25-database.lan:postgres (ESTABLISHED)
aap-gatew 1579   root   26u  IPv4  93664      0t0  TCP localhost.localdomain:42992->localhost.localdomain:redis (ESTABLISHED)
  No network connections found

=== RECEPTOR MEMORY SUMMARY ===
Total Receptor RSS Memory: 3584 KB (3 MB)
Total Receptor VSZ Memory: 7336 KB (7 MB)
Number of Receptor Processes: 2

AAP-related Processes and Children:
=== AAP Service Processes ===
Process: redis-server (PID: 1074)
    PID    PPID CMD                           RSS
   1074       1 /usr/bin/redis-server *:637 16340

Process: nginx (PID: 1112)
    PID    PPID CMD                           RSS
   1112       1 nginx: master process /usr/  2104
  Children of PID 1112:
    PID    PPID CMD                           RSS
   1113    1112 nginx: worker process        8376
    PID    PPID CMD                           RSS
   1114    1112 nginx: worker process        8376

Process: nginx (PID: 1113)
    PID    PPID CMD                           RSS
   1113    1112 nginx: worker process        8376

Process: nginx (PID: 1114)
    PID    PPID CMD                           RSS
   1114    1112 nginx: worker process        8376

Process: uwsgi (PID: 1123)
    PID    PPID CMD                           RSS
   1123     774 uwsgi /etc/ansible-automati 13952
  Children of PID 1123:
    PID    PPID CMD                           RSS
   1163    1123 uwsgi /etc/ansible-automati 118252
    PID    PPID CMD                           RSS
   1164    1123 uwsgi /etc/ansible-automati 116444
    PID    PPID CMD                           RSS
   1165    1123 uwsgi /etc/ansible-automati 120108
    PID    PPID CMD                           RSS
   1166    1123 uwsgi /etc/ansible-automati 118632
    PID    PPID CMD                           RSS
   1167    1123 uwsgi /etc/ansible-automati 118968

Process: uwsgi (PID: 1163)
    PID    PPID CMD                           RSS
   1163    1123 uwsgi /etc/ansible-automati 118252

Process: uwsgi (PID: 1164)
    PID    PPID CMD                           RSS
   1164    1123 uwsgi /etc/ansible-automati 116444

Process: uwsgi (PID: 1165)
    PID    PPID CMD                           RSS
   1165    1123 uwsgi /etc/ansible-automati 120108

Process: uwsgi (PID: 1166)
    PID    PPID CMD                           RSS
   1166    1123 uwsgi /etc/ansible-automati 118632

Process: uwsgi (PID: 1167)
    PID    PPID CMD                           RSS
   1167    1123 uwsgi /etc/ansible-automati 118968

Process: bash (PID: 7512)
    PID    PPID CMD                           RSS
   7512       1 bash -c  log_file="/tmp/mem  3584
  Children of PID 7512:
    PID    PPID CMD                           RSS
   8845    7512 bash -c  log_file="/tmp/mem  2528

Process: bash (PID: 8845)
    PID    PPID CMD                           RSS
   8845    7512 bash -c  log_file="/tmp/mem  2528
  Children of PID 8845:
    PID    PPID CMD                           RSS


Process Tree for AAP Services:
=== automation-controller Process Tree ===
bash(7512)---pstree(8893)
=== receptor Process Tree ===
bash(7512)---pstree(8897)
=== nginx Process Tree ===
nginx(1112)-+-nginx(1113)
            `-nginx(1114)
nginx(1113)
nginx(1114)
bash(7512)---pstree(8904)
=== postgresql Process Tree ===
bash(7512)---pstree(8908)
=== redis Process Tree ===
redis-server(1074)-+-{redis-server}(1083)
                   |-{redis-server}(1084)
                   |-{redis-server}(1085)
                   `-{redis-server}(1086)
bash(7512)---pstree(8913)
=== uwsgi Process Tree ===
uwsgi(1123)-+-uwsgi(1163)
            |-uwsgi(1164)
            |-uwsgi(1165)
            |-uwsgi(1166)
            `-uwsgi(1167)
uwsgi(1163)
uwsgi(1164)
uwsgi(1165)
uwsgi(1166)
uwsgi(1167)
bash(7512)---pstree(8923)
=== automation-hub Process Tree ===
bash(7512)---pstree(8927)
=== automation-eda Process Tree ===
bash(7512)---pstree(8931)

=================================================================================
2025-07-03 12:03:23
Memory Usage Report:
               total        used        free      shared  buff/cache   available
Mem:            7555        1237        5773           9         812        6318
Swap:           5327           0        5327

Top 10 Processes by RSS Memory:
    PID    PPID CMD                           RSS
   1579    1124 /usr/bin/python3.11 -sP /us 121268
   1165    1123 uwsgi /etc/ansible-automati 120876
   1167    1123 uwsgi /etc/ansible-automati 118968
   1575    1124 /usr/bin/python3.11 -sP /us 118640
   1166    1123 uwsgi /etc/ansible-automati 118632
   1163    1123 uwsgi /etc/ansible-automati 118252
   1164    1123 uwsgi /etc/ansible-automati 116444
   1124     774 /usr/bin/python3.11 -sP /us 114040
   1578    1124 /usr/bin/python3.11 -sP /us 99016
   1576    1124 /usr/bin/python3.11 -sP /us 98888

=== RECEPTOR PROCESS ANALYSIS ===
Receptor Main Processes:
    PID    PPID CMD                           RSS    VSZ %CPU %MEM     ELAPSED
   7512       1 bash -c  log_file="/tmp/mem  3584   7336  0.0  0.0       04:38
Receptor Child Processes for PID 7512:
      PID    PPID CMD                           RSS    VSZ %CPU %MEM     ELAPSED
Receptor Threads for PID 7512:
    PID    SPID %CPU %MEM   RSS COMMAND
   7512    7512  0.0  0.0  3584 bash
Receptor Network Connections for PID 7512:
COMMAND    PID   USER   FD   TYPE DEVICE SIZE/OFF     NODE NAME
envoy      727   root   22u  IPv4  73949      0t0      TCP localhost.localdomain:43534->localhost.localdomain:pcsync-https (ESTABLISHED)
envoy      727   root   31u  IPv4  23339      0t0      TCP localhost.localdomain:60444->localhost.localdomain:pcsync-https (ESTABLISHED)
envoy      727   root   32u  IPv4  23341      0t0      TCP localhost.localdomain:41216->aap25-control.lan:https (ESTABLISHED)
envoy      727   root   34u  IPv4  23358      0t0      TCP *:https (LISTEN)
envoy      727   root   35u  IPv4  23359      0t0      TCP *:https (LISTEN)
envoy      727   root   36u  IPv4  80762      0t0      TCP localhost.localdomain:https->192.168.1.49:57898 (ESTABLISHED)
envoy      727   root   37u  IPv4  24888      0t0      TCP localhost:49764->localhost:50051 (ESTABLISHED)
envoy      727   root   38u  IPv4  65989      0t0      TCP localhost.localdomain:59008->localhost.localdomain:pcsync-https (ESTABLISHED)
envoy      727   root   39u  IPv4  27862      0t0      TCP localhost:50600->localhost:50051 (ESTABLISHED)
envoy      727   root   40u  IPv4  65459      0t0      TCP localhost.localdomain:45204->localhost.localdomain:pcsync-https (ESTABLISHED)
envoy      727   root   41u  IPv4  81296      0t0      TCP localhost.localdomain:https->192.168.1.49:57916 (ESTABLISHED)
envoy      727   root   42u  IPv4  80764      0t0      TCP localhost.localdomain:https->192.168.1.49:57950 (ESTABLISHED)
envoy      727   root   43u  IPv4  80766      0t0      TCP localhost.localdomain:https->192.168.1.49:57964 (ESTABLISHED)
envoy      727   root   45u  IPv4  82116      0t0      TCP localhost.localdomain:https->192.168.1.49:56876 (ESTABLISHED)
envoy      727   root   48u  IPv4  87783      0t0      TCP localhost.localdomain:42904->aap25-control.lan:https (ESTABLISHED)
envoy      727   root   49u  IPv4  81665      0t0      TCP localhost.localdomain:https->192.168.1.49:56866 (ESTABLISHED)
envoy      727   root   50u  IPv4  81708      0t0      TCP localhost.localdomain:https->192.168.1.49:44012 (ESTABLISHED)
envoy      727   root   51u  IPv4  93672      0t0      TCP localhost.localdomain:37708->aap25-control.lan:https (ESTABLISHED)
envoy      727   root   52u  IPv4  93673      0t0      TCP localhost.localdomain:37716->aap25-control.lan:https (ESTABLISHED)
envoy      727   root   53u  IPv4  81710      0t0      TCP localhost.localdomain:44784->aap25-control.lan:https (ESTABLISHED)
envoy      727   root   55u  IPv4  81718      0t0      TCP localhost.localdomain:44798->aap25-control.lan:https (ESTABLISHED)
chronyd    745 chrony    5u  IPv4  21055      0t0      UDP localhost:323 
chronyd    745 chrony    6u  IPv6  21056      0t0      UDP localhost:323 
NetworkMa  764   root   26u  IPv4  22715      0t0      UDP localhost.localdomain:bootpc->pi.hole:bootps 
sshd       795   root    3u  IPv4  21297      0t0      TCP *:ssh (LISTEN)
sshd       795   root    4u  IPv6  21299      0t0      TCP *:ssh (LISTEN)
redis-ser 1074  redis    6u  IPv4  22809      0t0      TCP *:redis (LISTEN)
redis-ser 1074  redis    7u  IPv6  22810      0t0      TCP *:redis (LISTEN)
redis-ser 1074  redis    8u  IPv4  23343      0t0      TCP localhost.localdomain:redis->localhost.localdomain:39864 (ESTABLISHED)
redis-ser 1074  redis    9u  IPv4  23381      0t0      TCP localhost.localdomain:redis->localhost.localdomain:39870 (ESTABLISHED)
redis-ser 1074  redis   10u  IPv4  24388      0t0      TCP localhost.localdomain:redis->localhost.localdomain:37148 (ESTABLISHED)
redis-ser 1074  redis   11u  IPv4  24882      0t0      TCP localhost.localdomain:redis->localhost.localdomain:59062 (ESTABLISHED)
redis-ser 1074  redis   12u  IPv4  26422      0t0      TCP localhost.localdomain:redis->localhost.localdomain:59074 (ESTABLISHED)
redis-ser 1074  redis   13u  IPv4  31079      0t0      TCP localhost.localdomain:redis->localhost.localdomain:54200 (ESTABLISHED)
redis-ser 1074  redis   14u  IPv4  27889      0t0      TCP localhost.localdomain:redis->localhost.localdomain:47160 (ESTABLISHED)
redis-ser 1074  redis   15u  IPv4  78636      0t0      TCP localhost.localdomain:redis->localhost.localdomain:49930 (ESTABLISHED)
redis-ser 1074  redis   16u  IPv4  78637      0t0      TCP localhost.localdomain:redis->localhost.localdomain:49932 (ESTABLISHED)
redis-ser 1074  redis   17u  IPv4  79305      0t0      TCP localhost.localdomain:redis->localhost.localdomain:45260 (ESTABLISHED)
redis-ser 1074  redis   18u  IPv4  79496      0t0      TCP localhost.localdomain:redis->localhost.localdomain:43842 (ESTABLISHED)
redis-ser 1074  redis   19u  IPv4  94383      0t0      TCP localhost.localdomain:redis->localhost.localdomain:42992 (ESTABLISHED)
nginx     1112   root    6u  IPv4  22847      0t0      TCP *:pcsync-https (LISTEN)
nginx     1113  nginx    6u  IPv4  22847      0t0      TCP *:pcsync-https (LISTEN)
nginx     1113  nginx   11u  IPv4  24240      0t0      TCP localhost.localdomain:pcsync-https->localhost.localdomain:60444 (ESTABLISHED)
nginx     1114  nginx    6u  IPv4  22847      0t0      TCP *:pcsync-https (LISTEN)
nginx     1114  nginx    7u  IPv4  65649      0t0      TCP localhost.localdomain:pcsync-https->localhost.localdomain:45204 (ESTABLISHED)
nginx     1114  nginx    8u  IPv4  66842      0t0      TCP localhost.localdomain:pcsync-https->localhost.localdomain:59008 (ESTABLISHED)
nginx     1114  nginx   15u  IPv4  73950      0t0      TCP localhost.localdomain:pcsync-https->localhost.localdomain:43534 (ESTABLISHED)
uwsgi     1123   root    3u  IPv4  24000      0t0      TCP localhost:8050 (LISTEN)
uwsgi     1163   root    3u  IPv4  24000      0t0      TCP localhost:8050 (LISTEN)
uwsgi     1163   root    9u  IPv4  24329      0t0      TCP localhost.localdomain:39870->localhost.localdomain:redis (ESTABLISHED)
uwsgi     1164   root    3u  IPv4  24000      0t0      TCP localhost:8050 (LISTEN)
uwsgi     1164   root    8u  IPv4  26415      0t0      TCP localhost.localdomain:59062->localhost.localdomain:redis (ESTABLISHED)
uwsgi     1165   root    3u  IPv4  24000      0t0      TCP localhost:8050 (LISTEN)
uwsgi     1165   root    7u  IPv4  24248      0t0      TCP localhost.localdomain:39864->localhost.localdomain:redis (ESTABLISHED)
uwsgi     1166   root    3u  IPv4  24000      0t0      TCP localhost:8050 (LISTEN)
uwsgi     1166   root    8u  IPv4  31108      0t0      TCP localhost.localdomain:47160->localhost.localdomain:redis (ESTABLISHED)
uwsgi     1167   root    3u  IPv4  24000      0t0      TCP localhost:8050 (LISTEN)
uwsgi     1167   root    8u  IPv4  23458      0t0      TCP localhost.localdomain:37148->localhost.localdomain:redis (ESTABLISHED)
aap-gatew 1575   root    9u  IPv6  24217      0t0      TCP *:50051 (LISTEN)
aap-gatew 1575   root   10u  IPv6  31077      0t0      TCP localhost:50051->localhost:50600 (ESTABLISHED)
aap-gatew 1575   root   11u  IPv4  27863      0t0      TCP localhost.localdomain:54200->localhost.localdomain:redis (ESTABLISHED)
aap-gatew 1575   root   12u  IPv4  54461      0t0      TCP localhost.localdomain:36124->aap25-database.lan:postgres (ESTABLISHED)
aap-gatew 1575   root   13u  IPv4  79304      0t0      TCP localhost.localdomain:45260->localhost.localdomain:redis (ESTABLISHED)
aap-gatew 1575   root   14u  IPv4  79307      0t0      TCP localhost.localdomain:39522->aap25-database.lan:postgres (ESTABLISHED)
aap-gatew 1575   root   15u  IPv4  79312      0t0      TCP localhost.localdomain:39526->aap25-database.lan:postgres (ESTABLISHED)
aap-gatew 1575   root   16u  IPv4  80005      0t0      TCP localhost.localdomain:43842->localhost.localdomain:redis (ESTABLISHED)
aap-gatew 1575   root   17u  IPv4  80042      0t0      TCP localhost.localdomain:33938->aap25-database.lan:postgres (ESTABLISHED)
aap-gatew 1576   root   11u  IPv6  24220      0t0      TCP *:50051 (LISTEN)
aap-gatew 1577   root   13u  IPv6  24223      0t0      TCP *:50051 (LISTEN)
aap-gatew 1578   root   15u  IPv6  23305      0t0      TCP *:50051 (LISTEN)
aap-gatew 1579   root   17u  IPv6  23302      0t0      TCP *:50051 (LISTEN)
aap-gatew 1579   root   18u  IPv6  26420      0t0      TCP localhost:50051->localhost:49764 (ESTABLISHED)
aap-gatew 1579   root   19u  IPv4  24889      0t0      TCP localhost.localdomain:59074->localhost.localdomain:redis (ESTABLISHED)
aap-gatew 1579   root   20u  IPv4  24890      0t0      TCP localhost.localdomain:49120->aap25-database.lan:postgres (ESTABLISHED)
aap-gatew 1579   root   21u  IPv4  79220      0t0      TCP localhost.localdomain:49930->localhost.localdomain:redis (ESTABLISHED)
aap-gatew 1579   root   22u  IPv4  78635      0t0      TCP localhost.localdomain:49932->localhost.localdomain:redis (ESTABLISHED)
aap-gatew 1579   root   23u  IPv4  79280      0t0      TCP localhost.localdomain:58526->aap25-database.lan:postgres (ESTABLISHED)
aap-gatew 1579   root   24u  IPv4  81677      0t0      TCP localhost.localdomain:58422->aap25-database.lan:postgres (ESTABLISHED)
aap-gatew 1579   root   25u  IPv4  79283      0t0      TCP localhost.localdomain:58528->aap25-database.lan:postgres (ESTABLISHED)
aap-gatew 1579   root   26u  IPv4  93664      0t0      TCP localhost.localdomain:42992->localhost.localdomain:redis (ESTABLISHED)
bash      7512   root  cwd    DIR  253,0      185 50331782 /root
bash      7512   root  rtd    DIR  253,0      235      128 /
bash      7512   root  txt    REG  253,0  1389072 50367435 /usr/bin/bash
bash      7512   root  mem    REG  253,0  2586930 50367720 /usr/lib/locale/en_US.utf8/LC_COLLATE
bash      7512   root  mem    REG  253,0  2544344     2597 /usr/lib64/libc.so.6
bash      7512   root  mem    REG  253,0   346132 33699956 /usr/lib/locale/C.utf8/LC_CTYPE
bash      7512   root  mem    REG  253,0       54 50367723 /usr/lib/locale/en_US.utf8/LC_NUMERIC
bash      7512   root  mem    REG  253,0     3284     2565 /usr/lib/locale/en_US.utf8/LC_TIME
bash      7512   root  mem    REG  253,0      286     2563 /usr/lib/locale/en_US.utf8/LC_MONETARY
bash      7512   root  mem    REG  253,0       57     2576 /usr/lib/locale/en_US.utf8/LC_MESSAGES/SYS_LC_MESSAGES
bash      7512   root  mem    REG  253,0    26988 16780452 /usr/lib64/gconv/gconv-modules.cache
bash      7512   root  mem    REG  253,0   195080     2316 /usr/lib64/libtinfo.so.6.2
bash      7512   root  mem    REG  253,0       34 33700259 /usr/lib/locale/en_US.utf8/LC_PAPER
bash      7512   root  mem    REG  253,0       77 50367722 /usr/lib/locale/en_US.utf8/LC_NAME
bash      7512   root  mem    REG  253,0      167     2559 /usr/lib/locale/en_US.utf8/LC_ADDRESS
bash      7512   root  mem    REG  253,0       59     2564 /usr/lib/locale/en_US.utf8/LC_TELEPHONE
bash      7512   root  mem    REG  253,0       23     2562 /usr/lib/locale/en_US.utf8/LC_MEASUREMENT
bash      7512   root  mem    REG  253,0      369     2561 /usr/lib/locale/en_US.utf8/LC_IDENTIFICATION
bash      7512   root  mem    REG  253,0   897856     2593 /usr/lib64/ld-linux-x86-64.so.2
bash      7512   root    0r   CHR    1,3      0t0        4 /dev/null
bash      7512   root    1w   REG  253,0        0 34669828 /tmp/memory_monitor.log
bash      7512   root    2w   REG  253,0        0 34669828 /tmp/memory_monitor.log
bash      7512   root    3r  FIFO   0,13      0t0    94865 pipe

    PID    PPID CMD                           RSS    VSZ %CPU %MEM     ELAPSED
Receptor Child Processes for PID 8939:
  No child processes found
Receptor Threads for PID 8939:
    PID    SPID %CPU %MEM   RSS COMMAND
Receptor Network Connections for PID 8939:
COMMAND    PID   USER   FD   TYPE DEVICE SIZE/OFF NODE NAME
envoy      727   root   22u  IPv4  73949      0t0  TCP localhost.localdomain:43534->localhost.localdomain:pcsync-https (ESTABLISHED)
envoy      727   root   31u  IPv4  23339      0t0  TCP localhost.localdomain:60444->localhost.localdomain:pcsync-https (ESTABLISHED)
envoy      727   root   32u  IPv4  23341      0t0  TCP localhost.localdomain:41216->aap25-control.lan:https (ESTABLISHED)
envoy      727   root   34u  IPv4  23358      0t0  TCP *:https (LISTEN)
envoy      727   root   35u  IPv4  23359      0t0  TCP *:https (LISTEN)
envoy      727   root   36u  IPv4  80762      0t0  TCP localhost.localdomain:https->192.168.1.49:57898 (ESTABLISHED)
envoy      727   root   37u  IPv4  24888      0t0  TCP localhost:49764->localhost:50051 (ESTABLISHED)
envoy      727   root   38u  IPv4  65989      0t0  TCP localhost.localdomain:59008->localhost.localdomain:pcsync-https (ESTABLISHED)
envoy      727   root   39u  IPv4  27862      0t0  TCP localhost:50600->localhost:50051 (ESTABLISHED)
envoy      727   root   40u  IPv4  65459      0t0  TCP localhost.localdomain:45204->localhost.localdomain:pcsync-https (ESTABLISHED)
envoy      727   root   41u  IPv4  81296      0t0  TCP localhost.localdomain:https->192.168.1.49:57916 (ESTABLISHED)
envoy      727   root   42u  IPv4  80764      0t0  TCP localhost.localdomain:https->192.168.1.49:57950 (ESTABLISHED)
envoy      727   root   43u  IPv4  80766      0t0  TCP localhost.localdomain:https->192.168.1.49:57964 (ESTABLISHED)
envoy      727   root   45u  IPv4  82116      0t0  TCP localhost.localdomain:https->192.168.1.49:56876 (ESTABLISHED)
envoy      727   root   48u  IPv4  87783      0t0  TCP localhost.localdomain:42904->aap25-control.lan:https (ESTABLISHED)
envoy      727   root   49u  IPv4  81665      0t0  TCP localhost.localdomain:https->192.168.1.49:56866 (ESTABLISHED)
envoy      727   root   50u  IPv4  81708      0t0  TCP localhost.localdomain:https->192.168.1.49:44012 (ESTABLISHED)
envoy      727   root   51u  IPv4  93672      0t0  TCP localhost.localdomain:37708->aap25-control.lan:https (ESTABLISHED)
envoy      727   root   52u  IPv4  93673      0t0  TCP localhost.localdomain:37716->aap25-control.lan:https (ESTABLISHED)
envoy      727   root   53u  IPv4  81710      0t0  TCP localhost.localdomain:44784->aap25-control.lan:https (ESTABLISHED)
envoy      727   root   55u  IPv4  81718      0t0  TCP localhost.localdomain:44798->aap25-control.lan:https (ESTABLISHED)
chronyd    745 chrony    5u  IPv4  21055      0t0  UDP localhost:323 
chronyd    745 chrony    6u  IPv6  21056      0t0  UDP localhost:323 
NetworkMa  764   root   26u  IPv4  22715      0t0  UDP localhost.localdomain:bootpc->pi.hole:bootps 
sshd       795   root    3u  IPv4  21297      0t0  TCP *:ssh (LISTEN)
sshd       795   root    4u  IPv6  21299      0t0  TCP *:ssh (LISTEN)
redis-ser 1074  redis    6u  IPv4  22809      0t0  TCP *:redis (LISTEN)
redis-ser 1074  redis    7u  IPv6  22810      0t0  TCP *:redis (LISTEN)
redis-ser 1074  redis    8u  IPv4  23343      0t0  TCP localhost.localdomain:redis->localhost.localdomain:39864 (ESTABLISHED)
redis-ser 1074  redis    9u  IPv4  23381      0t0  TCP localhost.localdomain:redis->localhost.localdomain:39870 (ESTABLISHED)
redis-ser 1074  redis   10u  IPv4  24388      0t0  TCP localhost.localdomain:redis->localhost.localdomain:37148 (ESTABLISHED)
redis-ser 1074  redis   11u  IPv4  24882      0t0  TCP localhost.localdomain:redis->localhost.localdomain:59062 (ESTABLISHED)
redis-ser 1074  redis   12u  IPv4  26422      0t0  TCP localhost.localdomain:redis->localhost.localdomain:59074 (ESTABLISHED)
redis-ser 1074  redis   13u  IPv4  31079      0t0  TCP localhost.localdomain:redis->localhost.localdomain:54200 (ESTABLISHED)
redis-ser 1074  redis   14u  IPv4  27889      0t0  TCP localhost.localdomain:redis->localhost.localdomain:47160 (ESTABLISHED)
redis-ser 1074  redis   15u  IPv4  78636      0t0  TCP localhost.localdomain:redis->localhost.localdomain:49930 (ESTABLISHED)
redis-ser 1074  redis   16u  IPv4  78637      0t0  TCP localhost.localdomain:redis->localhost.localdomain:49932 (ESTABLISHED)
redis-ser 1074  redis   17u  IPv4  79305      0t0  TCP localhost.localdomain:redis->localhost.localdomain:45260 (ESTABLISHED)
redis-ser 1074  redis   18u  IPv4  79496      0t0  TCP localhost.localdomain:redis->localhost.localdomain:43842 (ESTABLISHED)
redis-ser 1074  redis   19u  IPv4  94383      0t0  TCP localhost.localdomain:redis->localhost.localdomain:42992 (ESTABLISHED)
nginx     1112   root    6u  IPv4  22847      0t0  TCP *:pcsync-https (LISTEN)
nginx     1113  nginx    6u  IPv4  22847      0t0  TCP *:pcsync-https (LISTEN)
nginx     1113  nginx   11u  IPv4  24240      0t0  TCP localhost.localdomain:pcsync-https->localhost.localdomain:60444 (ESTABLISHED)
nginx     1114  nginx    6u  IPv4  22847      0t0  TCP *:pcsync-https (LISTEN)
nginx     1114  nginx    7u  IPv4  65649      0t0  TCP localhost.localdomain:pcsync-https->localhost.localdomain:45204 (ESTABLISHED)
nginx     1114  nginx    8u  IPv4  66842      0t0  TCP localhost.localdomain:pcsync-https->localhost.localdomain:59008 (ESTABLISHED)
nginx     1114  nginx   15u  IPv4  73950      0t0  TCP localhost.localdomain:pcsync-https->localhost.localdomain:43534 (ESTABLISHED)
uwsgi     1123   root    3u  IPv4  24000      0t0  TCP localhost:8050 (LISTEN)
uwsgi     1163   root    3u  IPv4  24000      0t0  TCP localhost:8050 (LISTEN)
uwsgi     1163   root    9u  IPv4  24329      0t0  TCP localhost.localdomain:39870->localhost.localdomain:redis (ESTABLISHED)
uwsgi     1164   root    3u  IPv4  24000      0t0  TCP localhost:8050 (LISTEN)
uwsgi     1164   root    8u  IPv4  26415      0t0  TCP localhost.localdomain:59062->localhost.localdomain:redis (ESTABLISHED)
uwsgi     1165   root    3u  IPv4  24000      0t0  TCP localhost:8050 (LISTEN)
uwsgi     1165   root    7u  IPv4  24248      0t0  TCP localhost.localdomain:39864->localhost.localdomain:redis (ESTABLISHED)
uwsgi     1166   root    3u  IPv4  24000      0t0  TCP localhost:8050 (LISTEN)
uwsgi     1166   root    8u  IPv4  31108      0t0  TCP localhost.localdomain:47160->localhost.localdomain:redis (ESTABLISHED)
uwsgi     1167   root    3u  IPv4  24000      0t0  TCP localhost:8050 (LISTEN)
uwsgi     1167   root    8u  IPv4  23458      0t0  TCP localhost.localdomain:37148->localhost.localdomain:redis (ESTABLISHED)
aap-gatew 1575   root    9u  IPv6  24217      0t0  TCP *:50051 (LISTEN)
aap-gatew 1575   root   10u  IPv6  31077      0t0  TCP localhost:50051->localhost:50600 (ESTABLISHED)
aap-gatew 1575   root   11u  IPv4  27863      0t0  TCP localhost.localdomain:54200->localhost.localdomain:redis (ESTABLISHED)
aap-gatew 1575   root   12u  IPv4  54461      0t0  TCP localhost.localdomain:36124->aap25-database.lan:postgres (ESTABLISHED)
aap-gatew 1575   root   13u  IPv4  79304      0t0  TCP localhost.localdomain:45260->localhost.localdomain:redis (ESTABLISHED)
aap-gatew 1575   root   14u  IPv4  79307      0t0  TCP localhost.localdomain:39522->aap25-database.lan:postgres (ESTABLISHED)
aap-gatew 1575   root   15u  IPv4  79312      0t0  TCP localhost.localdomain:39526->aap25-database.lan:postgres (ESTABLISHED)
aap-gatew 1575   root   16u  IPv4  80005      0t0  TCP localhost.localdomain:43842->localhost.localdomain:redis (ESTABLISHED)
aap-gatew 1575   root   17u  IPv4  80042      0t0  TCP localhost.localdomain:33938->aap25-database.lan:postgres (ESTABLISHED)
aap-gatew 1576   root   11u  IPv6  24220      0t0  TCP *:50051 (LISTEN)
aap-gatew 1577   root   13u  IPv6  24223      0t0  TCP *:50051 (LISTEN)
aap-gatew 1578   root   15u  IPv6  23305      0t0  TCP *:50051 (LISTEN)
aap-gatew 1579   root   17u  IPv6  23302      0t0  TCP *:50051 (LISTEN)
aap-gatew 1579   root   18u  IPv6  26420      0t0  TCP localhost:50051->localhost:49764 (ESTABLISHED)
aap-gatew 1579   root   19u  IPv4  24889      0t0  TCP localhost.localdomain:59074->localhost.localdomain:redis (ESTABLISHED)
aap-gatew 1579   root   20u  IPv4  24890      0t0  TCP localhost.localdomain:49120->aap25-database.lan:postgres (ESTABLISHED)
aap-gatew 1579   root   21u  IPv4  79220      0t0  TCP localhost.localdomain:49930->localhost.localdomain:redis (ESTABLISHED)
aap-gatew 1579   root   22u  IPv4  78635      0t0  TCP localhost.localdomain:49932->localhost.localdomain:redis (ESTABLISHED)
aap-gatew 1579   root   23u  IPv4  79280      0t0  TCP localhost.localdomain:58526->aap25-database.lan:postgres (ESTABLISHED)
aap-gatew 1579   root   24u  IPv4  81677      0t0  TCP localhost.localdomain:58422->aap25-database.lan:postgres (ESTABLISHED)
aap-gatew 1579   root   25u  IPv4  79283      0t0  TCP localhost.localdomain:58528->aap25-database.lan:postgres (ESTABLISHED)
aap-gatew 1579   root   26u  IPv4  93664      0t0  TCP localhost.localdomain:42992->localhost.localdomain:redis (ESTABLISHED)
  No network connections found

=== RECEPTOR MEMORY SUMMARY ===
Total Receptor RSS Memory: 3584 KB (3 MB)
Total Receptor VSZ Memory: 7336 KB (7 MB)
Number of Receptor Processes: 2

AAP-related Processes and Children:
=== AAP Service Processes ===
Process: redis-server (PID: 1074)
    PID    PPID CMD                           RSS
   1074       1 /usr/bin/redis-server *:637 16340

Process: nginx (PID: 1112)
    PID    PPID CMD                           RSS
   1112       1 nginx: master process /usr/  2104
  Children of PID 1112:
    PID    PPID CMD                           RSS
   1113    1112 nginx: worker process        8376
    PID    PPID CMD                           RSS
   1114    1112 nginx: worker process        8376

Process: nginx (PID: 1113)
    PID    PPID CMD                           RSS
   1113    1112 nginx: worker process        8376

Process: nginx (PID: 1114)
    PID    PPID CMD                           RSS
   1114    1112 nginx: worker process        8376

Process: uwsgi (PID: 1123)
    PID    PPID CMD                           RSS
   1123     774 uwsgi /etc/ansible-automati 13952
  Children of PID 1123:
    PID    PPID CMD                           RSS
   1163    1123 uwsgi /etc/ansible-automati 118252
    PID    PPID CMD                           RSS
   1164    1123 uwsgi /etc/ansible-automati 116444
    PID    PPID CMD                           RSS
   1165    1123 uwsgi /etc/ansible-automati 120876
    PID    PPID CMD                           RSS
   1166    1123 uwsgi /etc/ansible-automati 118632
    PID    PPID CMD                           RSS
   1167    1123 uwsgi /etc/ansible-automati 118968

Process: uwsgi (PID: 1163)
    PID    PPID CMD                           RSS
   1163    1123 uwsgi /etc/ansible-automati 118252

Process: uwsgi (PID: 1164)
    PID    PPID CMD                           RSS
   1164    1123 uwsgi /etc/ansible-automati 116444

Process: uwsgi (PID: 1165)
    PID    PPID CMD                           RSS
   1165    1123 uwsgi /etc/ansible-automati 120876

Process: uwsgi (PID: 1166)
    PID    PPID CMD                           RSS
   1166    1123 uwsgi /etc/ansible-automati 118632

Process: uwsgi (PID: 1167)
    PID    PPID CMD                           RSS
   1167    1123 uwsgi /etc/ansible-automati 118968

Process: bash (PID: 7512)
    PID    PPID CMD                           RSS
   7512       1 bash -c  log_file="/tmp/mem  3584
  Children of PID 7512:
    PID    PPID CMD                           RSS
   8998    7512 bash -c  log_file="/tmp/mem  2528

Process: bash (PID: 8998)
    PID    PPID CMD                           RSS
   8998    7512 bash -c  log_file="/tmp/mem  2528
  Children of PID 8998:
    PID    PPID CMD                           RSS


Process Tree for AAP Services:
=== automation-controller Process Tree ===
bash(7512)---pstree(9046)
=== receptor Process Tree ===
bash(7512)---pstree(9050)
=== nginx Process Tree ===
nginx(1112)-+-nginx(1113)
            `-nginx(1114)
nginx(1113)
nginx(1114)
bash(7512)---pstree(9057)
=== postgresql Process Tree ===
bash(7512)---pstree(9061)
=== redis Process Tree ===
redis-server(1074)-+-{redis-server}(1083)
                   |-{redis-server}(1084)
                   |-{redis-server}(1085)
                   `-{redis-server}(1086)
bash(7512)---pstree(9066)
=== uwsgi Process Tree ===
uwsgi(1123)-+-uwsgi(1163)
            |-uwsgi(1164)
            |-uwsgi(1165)
            |-uwsgi(1166)
            `-uwsgi(1167)
uwsgi(1163)
uwsgi(1164)
uwsgi(1165)
uwsgi(1166)
uwsgi(1167)
bash(7512)---pstree(9076)
=== automation-hub Process Tree ===
bash(7512)---pstree(9080)
=== automation-eda Process Tree ===
bash(7512)---pstree(9084)

=================================================================================
2025-07-03 12:03:54
Memory Usage Report:
               total        used        free      shared  buff/cache   available
Mem:            7555        1234        5776           9         812        6321
Swap:           5327           0        5327

Top 10 Processes by RSS Memory:
    PID    PPID CMD                           RSS
   1579    1124 /usr/bin/python3.11 -sP /us 121268
   1165    1123 uwsgi /etc/ansible-automati 120876
   1167    1123 uwsgi /etc/ansible-automati 118968
   1575    1124 /usr/bin/python3.11 -sP /us 118640
   1166    1123 uwsgi /etc/ansible-automati 118632
   1163    1123 uwsgi /etc/ansible-automati 118252
   1164    1123 uwsgi /etc/ansible-automati 116444
   1124     774 /usr/bin/python3.11 -sP /us 114040
   1578    1124 /usr/bin/python3.11 -sP /us 99016
   1576    1124 /usr/bin/python3.11 -sP /us 98888

=== RECEPTOR PROCESS ANALYSIS ===
Receptor Main Processes:
    PID    PPID CMD                           RSS    VSZ %CPU %MEM     ELAPSED
   7512       1 bash -c  log_file="/tmp/mem  3584   7336  0.0  0.0       05:09
Receptor Child Processes for PID 7512:
      PID    PPID CMD                           RSS    VSZ %CPU %MEM     ELAPSED
Receptor Threads for PID 7512:
    PID    SPID %CPU %MEM   RSS COMMAND
   7512    7512  0.0  0.0  3584 bash
Receptor Network Connections for PID 7512:
COMMAND    PID   USER   FD   TYPE DEVICE SIZE/OFF     NODE NAME
envoy      727   root   22u  IPv4  73949      0t0      TCP localhost.localdomain:43534->localhost.localdomain:pcsync-https (ESTABLISHED)
envoy      727   root   31u  IPv4  23339      0t0      TCP localhost.localdomain:60444->localhost.localdomain:pcsync-https (ESTABLISHED)
envoy      727   root   32u  IPv4  23341      0t0      TCP localhost.localdomain:41216->aap25-control.lan:https (ESTABLISHED)
envoy      727   root   34u  IPv4  23358      0t0      TCP *:https (LISTEN)
envoy      727   root   35u  IPv4  23359      0t0      TCP *:https (LISTEN)
envoy      727   root   36u  IPv4  80762      0t0      TCP localhost.localdomain:https->192.168.1.49:57898 (ESTABLISHED)
envoy      727   root   37u  IPv4  24888      0t0      TCP localhost:49764->localhost:50051 (ESTABLISHED)
envoy      727   root   38u  IPv4  65989      0t0      TCP localhost.localdomain:59008->localhost.localdomain:pcsync-https (ESTABLISHED)
envoy      727   root   39u  IPv4  27862      0t0      TCP localhost:50600->localhost:50051 (ESTABLISHED)
envoy      727   root   40u  IPv4  65459      0t0      TCP localhost.localdomain:45204->localhost.localdomain:pcsync-https (ESTABLISHED)
envoy      727   root   41u  IPv4  81296      0t0      TCP localhost.localdomain:https->192.168.1.49:57916 (ESTABLISHED)
envoy      727   root   42u  IPv4  80764      0t0      TCP localhost.localdomain:https->192.168.1.49:57950 (ESTABLISHED)
envoy      727   root   43u  IPv4  80766      0t0      TCP localhost.localdomain:https->192.168.1.49:57964 (ESTABLISHED)
envoy      727   root   45u  IPv4  82116      0t0      TCP localhost.localdomain:https->192.168.1.49:56876 (ESTABLISHED)
envoy      727   root   49u  IPv4  81665      0t0      TCP localhost.localdomain:https->192.168.1.49:56866 (ESTABLISHED)
envoy      727   root   50u  IPv4  81708      0t0      TCP localhost.localdomain:https->192.168.1.49:44012 (ESTABLISHED)
envoy      727   root   52u  IPv4  93673      0t0      TCP localhost.localdomain:37716->aap25-control.lan:https (ESTABLISHED)
envoy      727   root   53u  IPv4  81710      0t0      TCP localhost.localdomain:44784->aap25-control.lan:https (ESTABLISHED)
chronyd    745 chrony    5u  IPv4  21055      0t0      UDP localhost:323 
chronyd    745 chrony    6u  IPv6  21056      0t0      UDP localhost:323 
NetworkMa  764   root   26u  IPv4  22715      0t0      UDP localhost.localdomain:bootpc->pi.hole:bootps 
sshd       795   root    3u  IPv4  21297      0t0      TCP *:ssh (LISTEN)
sshd       795   root    4u  IPv6  21299      0t0      TCP *:ssh (LISTEN)
redis-ser 1074  redis    6u  IPv4  22809      0t0      TCP *:redis (LISTEN)
redis-ser 1074  redis    7u  IPv6  22810      0t0      TCP *:redis (LISTEN)
redis-ser 1074  redis    8u  IPv4  23343      0t0      TCP localhost.localdomain:redis->localhost.localdomain:39864 (ESTABLISHED)
redis-ser 1074  redis    9u  IPv4  23381      0t0      TCP localhost.localdomain:redis->localhost.localdomain:39870 (ESTABLISHED)
redis-ser 1074  redis   10u  IPv4  24388      0t0      TCP localhost.localdomain:redis->localhost.localdomain:37148 (ESTABLISHED)
redis-ser 1074  redis   11u  IPv4  24882      0t0      TCP localhost.localdomain:redis->localhost.localdomain:59062 (ESTABLISHED)
redis-ser 1074  redis   12u  IPv4  26422      0t0      TCP localhost.localdomain:redis->localhost.localdomain:59074 (ESTABLISHED)
redis-ser 1074  redis   13u  IPv4  31079      0t0      TCP localhost.localdomain:redis->localhost.localdomain:54200 (ESTABLISHED)
redis-ser 1074  redis   14u  IPv4  27889      0t0      TCP localhost.localdomain:redis->localhost.localdomain:47160 (ESTABLISHED)
redis-ser 1074  redis   15u  IPv4  78636      0t0      TCP localhost.localdomain:redis->localhost.localdomain:49930 (ESTABLISHED)
redis-ser 1074  redis   16u  IPv4  78637      0t0      TCP localhost.localdomain:redis->localhost.localdomain:49932 (ESTABLISHED)
redis-ser 1074  redis   17u  IPv4  79305      0t0      TCP localhost.localdomain:redis->localhost.localdomain:45260 (ESTABLISHED)
redis-ser 1074  redis   18u  IPv4  79496      0t0      TCP localhost.localdomain:redis->localhost.localdomain:43842 (ESTABLISHED)
redis-ser 1074  redis   19u  IPv4  94383      0t0      TCP localhost.localdomain:redis->localhost.localdomain:42992 (ESTABLISHED)
nginx     1112   root    6u  IPv4  22847      0t0      TCP *:pcsync-https (LISTEN)
nginx     1113  nginx    6u  IPv4  22847      0t0      TCP *:pcsync-https (LISTEN)
nginx     1113  nginx   11u  IPv4  24240      0t0      TCP localhost.localdomain:pcsync-https->localhost.localdomain:60444 (ESTABLISHED)
nginx     1114  nginx    6u  IPv4  22847      0t0      TCP *:pcsync-https (LISTEN)
nginx     1114  nginx    7u  IPv4  65649      0t0      TCP localhost.localdomain:pcsync-https->localhost.localdomain:45204 (ESTABLISHED)
nginx     1114  nginx    8u  IPv4  66842      0t0      TCP localhost.localdomain:pcsync-https->localhost.localdomain:59008 (ESTABLISHED)
nginx     1114  nginx   15u  IPv4  73950      0t0      TCP localhost.localdomain:pcsync-https->localhost.localdomain:43534 (ESTABLISHED)
uwsgi     1123   root    3u  IPv4  24000      0t0      TCP localhost:8050 (LISTEN)
uwsgi     1163   root    3u  IPv4  24000      0t0      TCP localhost:8050 (LISTEN)
uwsgi     1163   root    9u  IPv4  24329      0t0      TCP localhost.localdomain:39870->localhost.localdomain:redis (ESTABLISHED)
uwsgi     1164   root    3u  IPv4  24000      0t0      TCP localhost:8050 (LISTEN)
uwsgi     1164   root    8u  IPv4  26415      0t0      TCP localhost.localdomain:59062->localhost.localdomain:redis (ESTABLISHED)
uwsgi     1165   root    3u  IPv4  24000      0t0      TCP localhost:8050 (LISTEN)
uwsgi     1165   root    7u  IPv4  24248      0t0      TCP localhost.localdomain:39864->localhost.localdomain:redis (ESTABLISHED)
uwsgi     1166   root    3u  IPv4  24000      0t0      TCP localhost:8050 (LISTEN)
uwsgi     1166   root    8u  IPv4  31108      0t0      TCP localhost.localdomain:47160->localhost.localdomain:redis (ESTABLISHED)
uwsgi     1167   root    3u  IPv4  24000      0t0      TCP localhost:8050 (LISTEN)
uwsgi     1167   root    8u  IPv4  23458      0t0      TCP localhost.localdomain:37148->localhost.localdomain:redis (ESTABLISHED)
aap-gatew 1575   root    9u  IPv6  24217      0t0      TCP *:50051 (LISTEN)
aap-gatew 1575   root   10u  IPv6  31077      0t0      TCP localhost:50051->localhost:50600 (ESTABLISHED)
aap-gatew 1575   root   11u  IPv4  27863      0t0      TCP localhost.localdomain:54200->localhost.localdomain:redis (ESTABLISHED)
aap-gatew 1575   root   12u  IPv4  54461      0t0      TCP localhost.localdomain:36124->aap25-database.lan:postgres (ESTABLISHED)
aap-gatew 1575   root   13u  IPv4  79304      0t0      TCP localhost.localdomain:45260->localhost.localdomain:redis (ESTABLISHED)
aap-gatew 1575   root   14u  IPv4  79307      0t0      TCP localhost.localdomain:39522->aap25-database.lan:postgres (ESTABLISHED)
aap-gatew 1575   root   15u  IPv4  79312      0t0      TCP localhost.localdomain:39526->aap25-database.lan:postgres (ESTABLISHED)
aap-gatew 1575   root   16u  IPv4  80005      0t0      TCP localhost.localdomain:43842->localhost.localdomain:redis (ESTABLISHED)
aap-gatew 1575   root   17u  IPv4  80042      0t0      TCP localhost.localdomain:33938->aap25-database.lan:postgres (ESTABLISHED)
aap-gatew 1576   root   11u  IPv6  24220      0t0      TCP *:50051 (LISTEN)
aap-gatew 1577   root   13u  IPv6  24223      0t0      TCP *:50051 (LISTEN)
aap-gatew 1578   root   15u  IPv6  23305      0t0      TCP *:50051 (LISTEN)
aap-gatew 1579   root   17u  IPv6  23302      0t0      TCP *:50051 (LISTEN)
aap-gatew 1579   root   18u  IPv6  26420      0t0      TCP localhost:50051->localhost:49764 (ESTABLISHED)
aap-gatew 1579   root   19u  IPv4  24889      0t0      TCP localhost.localdomain:59074->localhost.localdomain:redis (ESTABLISHED)
aap-gatew 1579   root   20u  IPv4  24890      0t0      TCP localhost.localdomain:49120->aap25-database.lan:postgres (ESTABLISHED)
aap-gatew 1579   root   21u  IPv4  79220      0t0      TCP localhost.localdomain:49930->localhost.localdomain:redis (ESTABLISHED)
aap-gatew 1579   root   22u  IPv4  78635      0t0      TCP localhost.localdomain:49932->localhost.localdomain:redis (ESTABLISHED)
aap-gatew 1579   root   23u  IPv4  79280      0t0      TCP localhost.localdomain:58526->aap25-database.lan:postgres (ESTABLISHED)
aap-gatew 1579   root   24u  IPv4  81677      0t0      TCP localhost.localdomain:58422->aap25-database.lan:postgres (ESTABLISHED)
aap-gatew 1579   root   25u  IPv4  79283      0t0      TCP localhost.localdomain:58528->aap25-database.lan:postgres (ESTABLISHED)
aap-gatew 1579   root   26u  IPv4  93664      0t0      TCP localhost.localdomain:42992->localhost.localdomain:redis (ESTABLISHED)
bash      7512   root  cwd    DIR  253,0      185 50331782 /root
bash      7512   root  rtd    DIR  253,0      235      128 /
bash      7512   root  txt    REG  253,0  1389072 50367435 /usr/bin/bash
bash      7512   root  mem    REG  253,0  2586930 50367720 /usr/lib/locale/en_US.utf8/LC_COLLATE
bash      7512   root  mem    REG  253,0  2544344     2597 /usr/lib64/libc.so.6
bash      7512   root  mem    REG  253,0   346132 33699956 /usr/lib/locale/C.utf8/LC_CTYPE
bash      7512   root  mem    REG  253,0       54 50367723 /usr/lib/locale/en_US.utf8/LC_NUMERIC
bash      7512   root  mem    REG  253,0     3284     2565 /usr/lib/locale/en_US.utf8/LC_TIME
bash      7512   root  mem    REG  253,0      286     2563 /usr/lib/locale/en_US.utf8/LC_MONETARY
bash      7512   root  mem    REG  253,0       57     2576 /usr/lib/locale/en_US.utf8/LC_MESSAGES/SYS_LC_MESSAGES
bash      7512   root  mem    REG  253,0    26988 16780452 /usr/lib64/gconv/gconv-modules.cache
bash      7512   root  mem    REG  253,0   195080     2316 /usr/lib64/libtinfo.so.6.2
bash      7512   root  mem    REG  253,0       34 33700259 /usr/lib/locale/en_US.utf8/LC_PAPER
bash      7512   root  mem    REG  253,0       77 50367722 /usr/lib/locale/en_US.utf8/LC_NAME
bash      7512   root  mem    REG  253,0      167     2559 /usr/lib/locale/en_US.utf8/LC_ADDRESS
bash      7512   root  mem    REG  253,0       59     2564 /usr/lib/locale/en_US.utf8/LC_TELEPHONE
bash      7512   root  mem    REG  253,0       23     2562 /usr/lib/locale/en_US.utf8/LC_MEASUREMENT
bash      7512   root  mem    REG  253,0      369     2561 /usr/lib/locale/en_US.utf8/LC_IDENTIFICATION
bash      7512   root  mem    REG  253,0   897856     2593 /usr/lib64/ld-linux-x86-64.so.2
bash      7512   root    0r   CHR    1,3      0t0        4 /dev/null
bash      7512   root    1w   REG  253,0        0 34669828 /tmp/memory_monitor.log
bash      7512   root    2w   REG  253,0        0 34669828 /tmp/memory_monitor.log
bash      7512   root    3r  FIFO   0,13      0t0    96426 pipe

    PID    PPID CMD                           RSS    VSZ %CPU %MEM     ELAPSED
Receptor Child Processes for PID 9093:
  No child processes found
Receptor Threads for PID 9093:
    PID    SPID %CPU %MEM   RSS COMMAND
Receptor Network Connections for PID 9093:
COMMAND    PID   USER   FD   TYPE DEVICE SIZE/OFF NODE NAME
envoy      727   root   22u  IPv4  73949      0t0  TCP localhost.localdomain:43534->localhost.localdomain:pcsync-https (ESTABLISHED)
envoy      727   root   31u  IPv4  23339      0t0  TCP localhost.localdomain:60444->localhost.localdomain:pcsync-https (ESTABLISHED)
envoy      727   root   32u  IPv4  23341      0t0  TCP localhost.localdomain:41216->aap25-control.lan:https (ESTABLISHED)
envoy      727   root   34u  IPv4  23358      0t0  TCP *:https (LISTEN)
envoy      727   root   35u  IPv4  23359      0t0  TCP *:https (LISTEN)
envoy      727   root   36u  IPv4  80762      0t0  TCP localhost.localdomain:https->192.168.1.49:57898 (ESTABLISHED)
envoy      727   root   37u  IPv4  24888      0t0  TCP localhost:49764->localhost:50051 (ESTABLISHED)
envoy      727   root   38u  IPv4  65989      0t0  TCP localhost.localdomain:59008->localhost.localdomain:pcsync-https (ESTABLISHED)
envoy      727   root   39u  IPv4  27862      0t0  TCP localhost:50600->localhost:50051 (ESTABLISHED)
envoy      727   root   40u  IPv4  65459      0t0  TCP localhost.localdomain:45204->localhost.localdomain:pcsync-https (ESTABLISHED)
envoy      727   root   41u  IPv4  81296      0t0  TCP localhost.localdomain:https->192.168.1.49:57916 (ESTABLISHED)
envoy      727   root   42u  IPv4  80764      0t0  TCP localhost.localdomain:https->192.168.1.49:57950 (ESTABLISHED)
envoy      727   root   43u  IPv4  80766      0t0  TCP localhost.localdomain:https->192.168.1.49:57964 (ESTABLISHED)
envoy      727   root   45u  IPv4  82116      0t0  TCP localhost.localdomain:https->192.168.1.49:56876 (ESTABLISHED)
envoy      727   root   49u  IPv4  81665      0t0  TCP localhost.localdomain:https->192.168.1.49:56866 (ESTABLISHED)
envoy      727   root   50u  IPv4  81708      0t0  TCP localhost.localdomain:https->192.168.1.49:44012 (ESTABLISHED)
envoy      727   root   52u  IPv4  93673      0t0  TCP localhost.localdomain:37716->aap25-control.lan:https (ESTABLISHED)
envoy      727   root   53u  IPv4  81710      0t0  TCP localhost.localdomain:44784->aap25-control.lan:https (ESTABLISHED)
chronyd    745 chrony    5u  IPv4  21055      0t0  UDP localhost:323 
chronyd    745 chrony    6u  IPv6  21056      0t0  UDP localhost:323 
NetworkMa  764   root   26u  IPv4  22715      0t0  UDP localhost.localdomain:bootpc->pi.hole:bootps 
sshd       795   root    3u  IPv4  21297      0t0  TCP *:ssh (LISTEN)
sshd       795   root    4u  IPv6  21299      0t0  TCP *:ssh (LISTEN)
redis-ser 1074  redis    6u  IPv4  22809      0t0  TCP *:redis (LISTEN)
redis-ser 1074  redis    7u  IPv6  22810      0t0  TCP *:redis (LISTEN)
redis-ser 1074  redis    8u  IPv4  23343      0t0  TCP localhost.localdomain:redis->localhost.localdomain:39864 (ESTABLISHED)
redis-ser 1074  redis    9u  IPv4  23381      0t0  TCP localhost.localdomain:redis->localhost.localdomain:39870 (ESTABLISHED)
redis-ser 1074  redis   10u  IPv4  24388      0t0  TCP localhost.localdomain:redis->localhost.localdomain:37148 (ESTABLISHED)
redis-ser 1074  redis   11u  IPv4  24882      0t0  TCP localhost.localdomain:redis->localhost.localdomain:59062 (ESTABLISHED)
redis-ser 1074  redis   12u  IPv4  26422      0t0  TCP localhost.localdomain:redis->localhost.localdomain:59074 (ESTABLISHED)
redis-ser 1074  redis   13u  IPv4  31079      0t0  TCP localhost.localdomain:redis->localhost.localdomain:54200 (ESTABLISHED)
redis-ser 1074  redis   14u  IPv4  27889      0t0  TCP localhost.localdomain:redis->localhost.localdomain:47160 (ESTABLISHED)
redis-ser 1074  redis   15u  IPv4  78636      0t0  TCP localhost.localdomain:redis->localhost.localdomain:49930 (ESTABLISHED)
redis-ser 1074  redis   16u  IPv4  78637      0t0  TCP localhost.localdomain:redis->localhost.localdomain:49932 (ESTABLISHED)
redis-ser 1074  redis   17u  IPv4  79305      0t0  TCP localhost.localdomain:redis->localhost.localdomain:45260 (ESTABLISHED)
redis-ser 1074  redis   18u  IPv4  79496      0t0  TCP localhost.localdomain:redis->localhost.localdomain:43842 (ESTABLISHED)
redis-ser 1074  redis   19u  IPv4  94383      0t0  TCP localhost.localdomain:redis->localhost.localdomain:42992 (ESTABLISHED)
nginx     1112   root    6u  IPv4  22847      0t0  TCP *:pcsync-https (LISTEN)
nginx     1113  nginx    6u  IPv4  22847      0t0  TCP *:pcsync-https (LISTEN)
nginx     1113  nginx   11u  IPv4  24240      0t0  TCP localhost.localdomain:pcsync-https->localhost.localdomain:60444 (ESTABLISHED)
nginx     1114  nginx    6u  IPv4  22847      0t0  TCP *:pcsync-https (LISTEN)
nginx     1114  nginx    7u  IPv4  65649      0t0  TCP localhost.localdomain:pcsync-https->localhost.localdomain:45204 (ESTABLISHED)
nginx     1114  nginx    8u  IPv4  66842      0t0  TCP localhost.localdomain:pcsync-https->localhost.localdomain:59008 (ESTABLISHED)
nginx     1114  nginx   15u  IPv4  73950      0t0  TCP localhost.localdomain:pcsync-https->localhost.localdomain:43534 (ESTABLISHED)
uwsgi     1123   root    3u  IPv4  24000      0t0  TCP localhost:8050 (LISTEN)
uwsgi     1163   root    3u  IPv4  24000      0t0  TCP localhost:8050 (LISTEN)
uwsgi     1163   root    9u  IPv4  24329      0t0  TCP localhost.localdomain:39870->localhost.localdomain:redis (ESTABLISHED)
uwsgi     1164   root    3u  IPv4  24000      0t0  TCP localhost:8050 (LISTEN)
uwsgi     1164   root    8u  IPv4  26415      0t0  TCP localhost.localdomain:59062->localhost.localdomain:redis (ESTABLISHED)
uwsgi     1165   root    3u  IPv4  24000      0t0  TCP localhost:8050 (LISTEN)
uwsgi     1165   root    7u  IPv4  24248      0t0  TCP localhost.localdomain:39864->localhost.localdomain:redis (ESTABLISHED)
uwsgi     1166   root    3u  IPv4  24000      0t0  TCP localhost:8050 (LISTEN)
uwsgi     1166   root    8u  IPv4  31108      0t0  TCP localhost.localdomain:47160->localhost.localdomain:redis (ESTABLISHED)
uwsgi     1167   root    3u  IPv4  24000      0t0  TCP localhost:8050 (LISTEN)
uwsgi     1167   root    8u  IPv4  23458      0t0  TCP localhost.localdomain:37148->localhost.localdomain:redis (ESTABLISHED)
aap-gatew 1575   root    9u  IPv6  24217      0t0  TCP *:50051 (LISTEN)
aap-gatew 1575   root   10u  IPv6  31077      0t0  TCP localhost:50051->localhost:50600 (ESTABLISHED)
aap-gatew 1575   root   11u  IPv4  27863      0t0  TCP localhost.localdomain:54200->localhost.localdomain:redis (ESTABLISHED)
aap-gatew 1575   root   12u  IPv4  54461      0t0  TCP localhost.localdomain:36124->aap25-database.lan:postgres (ESTABLISHED)
aap-gatew 1575   root   13u  IPv4  79304      0t0  TCP localhost.localdomain:45260->localhost.localdomain:redis (ESTABLISHED)
aap-gatew 1575   root   14u  IPv4  79307      0t0  TCP localhost.localdomain:39522->aap25-database.lan:postgres (ESTABLISHED)
aap-gatew 1575   root   15u  IPv4  79312      0t0  TCP localhost.localdomain:39526->aap25-database.lan:postgres (ESTABLISHED)
aap-gatew 1575   root   16u  IPv4  80005      0t0  TCP localhost.localdomain:43842->localhost.localdomain:redis (ESTABLISHED)
aap-gatew 1575   root   17u  IPv4  80042      0t0  TCP localhost.localdomain:33938->aap25-database.lan:postgres (ESTABLISHED)
aap-gatew 1576   root   11u  IPv6  24220      0t0  TCP *:50051 (LISTEN)
aap-gatew 1577   root   13u  IPv6  24223      0t0  TCP *:50051 (LISTEN)
aap-gatew 1578   root   15u  IPv6  23305      0t0  TCP *:50051 (LISTEN)
aap-gatew 1579   root   17u  IPv6  23302      0t0  TCP *:50051 (LISTEN)
aap-gatew 1579   root   18u  IPv6  26420      0t0  TCP localhost:50051->localhost:49764 (ESTABLISHED)
aap-gatew 1579   root   19u  IPv4  24889      0t0  TCP localhost.localdomain:59074->localhost.localdomain:redis (ESTABLISHED)
aap-gatew 1579   root   20u  IPv4  24890      0t0  TCP localhost.localdomain:49120->aap25-database.lan:postgres (ESTABLISHED)
aap-gatew 1579   root   21u  IPv4  79220      0t0  TCP localhost.localdomain:49930->localhost.localdomain:redis (ESTABLISHED)
aap-gatew 1579   root   22u  IPv4  78635      0t0  TCP localhost.localdomain:49932->localhost.localdomain:redis (ESTABLISHED)
aap-gatew 1579   root   23u  IPv4  79280      0t0  TCP localhost.localdomain:58526->aap25-database.lan:postgres (ESTABLISHED)
aap-gatew 1579   root   24u  IPv4  81677      0t0  TCP localhost.localdomain:58422->aap25-database.lan:postgres (ESTABLISHED)
aap-gatew 1579   root   25u  IPv4  79283      0t0  TCP localhost.localdomain:58528->aap25-database.lan:postgres (ESTABLISHED)
aap-gatew 1579   root   26u  IPv4  93664      0t0  TCP localhost.localdomain:42992->localhost.localdomain:redis (ESTABLISHED)
  No network connections found

=== RECEPTOR MEMORY SUMMARY ===
Total Receptor RSS Memory: 3584 KB (3 MB)
Total Receptor VSZ Memory: 7336 KB (7 MB)
Number of Receptor Processes: 2

AAP-related Processes and Children:
=== AAP Service Processes ===
Process: redis-server (PID: 1074)
    PID    PPID CMD                           RSS
   1074       1 /usr/bin/redis-server *:637 16340

Process: nginx (PID: 1112)
    PID    PPID CMD                           RSS
   1112       1 nginx: master process /usr/  2104
  Children of PID 1112:
    PID    PPID CMD                           RSS
   1113    1112 nginx: worker process        8376
    PID    PPID CMD                           RSS
   1114    1112 nginx: worker process        8376

Process: nginx (PID: 1113)
    PID    PPID CMD                           RSS
   1113    1112 nginx: worker process        8376

Process: nginx (PID: 1114)
    PID    PPID CMD                           RSS
   1114    1112 nginx: worker process        8376

Process: uwsgi (PID: 1123)
    PID    PPID CMD                           RSS
   1123     774 uwsgi /etc/ansible-automati 13952
  Children of PID 1123:
    PID    PPID CMD                           RSS
   1163    1123 uwsgi /etc/ansible-automati 118252
    PID    PPID CMD                           RSS
   1164    1123 uwsgi /etc/ansible-automati 116444
    PID    PPID CMD                           RSS
   1165    1123 uwsgi /etc/ansible-automati 120876
    PID    PPID CMD                           RSS
   1166    1123 uwsgi /etc/ansible-automati 118632
    PID    PPID CMD                           RSS
   1167    1123 uwsgi /etc/ansible-automati 118968

Process: uwsgi (PID: 1163)
    PID    PPID CMD                           RSS
   1163    1123 uwsgi /etc/ansible-automati 118252

Process: uwsgi (PID: 1164)
    PID    PPID CMD                           RSS
   1164    1123 uwsgi /etc/ansible-automati 116444

Process: uwsgi (PID: 1165)
    PID    PPID CMD                           RSS
   1165    1123 uwsgi /etc/ansible-automati 120876

Process: uwsgi (PID: 1166)
    PID    PPID CMD                           RSS
   1166    1123 uwsgi /etc/ansible-automati 118632

Process: uwsgi (PID: 1167)
    PID    PPID CMD                           RSS
   1167    1123 uwsgi /etc/ansible-automati 118968

Process: bash (PID: 7512)
    PID    PPID CMD                           RSS
   7512       1 bash -c  log_file="/tmp/mem  3584
  Children of PID 7512:
    PID    PPID CMD                           RSS
   9152    7512 bash -c  log_file="/tmp/mem  2528

Process: bash (PID: 9152)
    PID    PPID CMD                           RSS
   9152    7512 bash -c  log_file="/tmp/mem  2528
  Children of PID 9152:
    PID    PPID CMD                           RSS


Process Tree for AAP Services:
=== automation-controller Process Tree ===
bash(7512)---pstree(9200)
=== receptor Process Tree ===
bash(7512)---pstree(9204)
=== nginx Process Tree ===
nginx(1112)-+-nginx(1113)
            `-nginx(1114)
nginx(1113)
nginx(1114)
bash(7512)---pstree(9211)
=== postgresql Process Tree ===
bash(7512)---pstree(9215)
=== redis Process Tree ===
redis-server(1074)-+-{redis-server}(1083)
                   |-{redis-server}(1084)
                   |-{redis-server}(1085)
                   `-{redis-server}(1086)
bash(7512)---pstree(9220)
=== uwsgi Process Tree ===
uwsgi(1123)-+-uwsgi(1163)
            |-uwsgi(1164)
            |-uwsgi(1165)
            |-uwsgi(1166)
            `-uwsgi(1167)
uwsgi(1163)
uwsgi(1164)
uwsgi(1165)
uwsgi(1166)
uwsgi(1167)
bash(7512)---pstree(9230)
=== automation-hub Process Tree ===
bash(7512)---pstree(9234)
=== automation-eda Process Tree ===
bash(7512)---pstree(9238)

=================================================================================
2025-07-03 12:04:25
Memory Usage Report:
               total        used        free      shared  buff/cache   available
Mem:            7555        1238        5772           9         812        6317
Swap:           5327           0        5327

Top 10 Processes by RSS Memory:
    PID    PPID CMD                           RSS
   1579    1124 /usr/bin/python3.11 -sP /us 121268
   1165    1123 uwsgi /etc/ansible-automati 120876
   1167    1123 uwsgi /etc/ansible-automati 118968
   1575    1124 /usr/bin/python3.11 -sP /us 118640
   1166    1123 uwsgi /etc/ansible-automati 118632
   1163    1123 uwsgi /etc/ansible-automati 118252
   1164    1123 uwsgi /etc/ansible-automati 116828
   1124     774 /usr/bin/python3.11 -sP /us 114040
   1578    1124 /usr/bin/python3.11 -sP /us 99016
   1576    1124 /usr/bin/python3.11 -sP /us 98888

=== RECEPTOR PROCESS ANALYSIS ===
Receptor Main Processes:
    PID    PPID CMD                           RSS    VSZ %CPU %MEM     ELAPSED
   7512       1 bash -c  log_file="/tmp/mem  3584   7336  0.0  0.0       05:40
Receptor Child Processes for PID 7512:
      PID    PPID CMD                           RSS    VSZ %CPU %MEM     ELAPSED
Receptor Threads for PID 7512:
    PID    SPID %CPU %MEM   RSS COMMAND
   7512    7512  0.0  0.0  3584 bash
Receptor Network Connections for PID 7512:
COMMAND    PID   USER   FD   TYPE DEVICE SIZE/OFF     NODE NAME
envoy      727   root   22u  IPv4  73949      0t0      TCP localhost.localdomain:43534->localhost.localdomain:pcsync-https (ESTABLISHED)
envoy      727   root   31u  IPv4  23339      0t0      TCP localhost.localdomain:60444->localhost.localdomain:pcsync-https (ESTABLISHED)
envoy      727   root   32u  IPv4  23341      0t0      TCP localhost.localdomain:41216->aap25-control.lan:https (ESTABLISHED)
envoy      727   root   34u  IPv4  23358      0t0      TCP *:https (LISTEN)
envoy      727   root   35u  IPv4  23359      0t0      TCP *:https (LISTEN)
envoy      727   root   36u  IPv4  80762      0t0      TCP localhost.localdomain:https->192.168.1.49:57898 (ESTABLISHED)
envoy      727   root   37u  IPv4  24888      0t0      TCP localhost:49764->localhost:50051 (ESTABLISHED)
envoy      727   root   38u  IPv4  65989      0t0      TCP localhost.localdomain:59008->localhost.localdomain:pcsync-https (ESTABLISHED)
envoy      727   root   39u  IPv4  27862      0t0      TCP localhost:50600->localhost:50051 (ESTABLISHED)
envoy      727   root   40u  IPv4  65459      0t0      TCP localhost.localdomain:45204->localhost.localdomain:pcsync-https (ESTABLISHED)
envoy      727   root   41u  IPv4  81296      0t0      TCP localhost.localdomain:https->192.168.1.49:57916 (ESTABLISHED)
envoy      727   root   42u  IPv4  80764      0t0      TCP localhost.localdomain:https->192.168.1.49:57950 (ESTABLISHED)
envoy      727   root   43u  IPv4  80766      0t0      TCP localhost.localdomain:https->192.168.1.49:57964 (ESTABLISHED)
envoy      727   root   45u  IPv4  82116      0t0      TCP localhost.localdomain:https->192.168.1.49:56876 (ESTABLISHED)
envoy      727   root   49u  IPv4  81665      0t0      TCP localhost.localdomain:https->192.168.1.49:56866 (ESTABLISHED)
envoy      727   root   50u  IPv4  81708      0t0      TCP localhost.localdomain:https->192.168.1.49:44012 (ESTABLISHED)
envoy      727   root   53u  IPv4  81710      0t0      TCP localhost.localdomain:44784->aap25-control.lan:https (ESTABLISHED)
chronyd    745 chrony    5u  IPv4  21055      0t0      UDP localhost:323 
chronyd    745 chrony    6u  IPv6  21056      0t0      UDP localhost:323 
NetworkMa  764   root   26u  IPv4  22715      0t0      UDP localhost.localdomain:bootpc->pi.hole:bootps 
sshd       795   root    3u  IPv4  21297      0t0      TCP *:ssh (LISTEN)
sshd       795   root    4u  IPv6  21299      0t0      TCP *:ssh (LISTEN)
redis-ser 1074  redis    6u  IPv4  22809      0t0      TCP *:redis (LISTEN)
redis-ser 1074  redis    7u  IPv6  22810      0t0      TCP *:redis (LISTEN)
redis-ser 1074  redis    8u  IPv4  23343      0t0      TCP localhost.localdomain:redis->localhost.localdomain:39864 (ESTABLISHED)
redis-ser 1074  redis    9u  IPv4  23381      0t0      TCP localhost.localdomain:redis->localhost.localdomain:39870 (ESTABLISHED)
redis-ser 1074  redis   10u  IPv4  24388      0t0      TCP localhost.localdomain:redis->localhost.localdomain:37148 (ESTABLISHED)
redis-ser 1074  redis   11u  IPv4  24882      0t0      TCP localhost.localdomain:redis->localhost.localdomain:59062 (ESTABLISHED)
redis-ser 1074  redis   12u  IPv4  26422      0t0      TCP localhost.localdomain:redis->localhost.localdomain:59074 (ESTABLISHED)
redis-ser 1074  redis   13u  IPv4  31079      0t0      TCP localhost.localdomain:redis->localhost.localdomain:54200 (ESTABLISHED)
redis-ser 1074  redis   14u  IPv4  27889      0t0      TCP localhost.localdomain:redis->localhost.localdomain:47160 (ESTABLISHED)
redis-ser 1074  redis   15u  IPv4  78636      0t0      TCP localhost.localdomain:redis->localhost.localdomain:49930 (ESTABLISHED)
redis-ser 1074  redis   16u  IPv4  78637      0t0      TCP localhost.localdomain:redis->localhost.localdomain:49932 (ESTABLISHED)
redis-ser 1074  redis   17u  IPv4  79305      0t0      TCP localhost.localdomain:redis->localhost.localdomain:45260 (ESTABLISHED)
redis-ser 1074  redis   18u  IPv4  79496      0t0      TCP localhost.localdomain:redis->localhost.localdomain:43842 (ESTABLISHED)
redis-ser 1074  redis   19u  IPv4  94383      0t0      TCP localhost.localdomain:redis->localhost.localdomain:42992 (ESTABLISHED)
nginx     1112   root    6u  IPv4  22847      0t0      TCP *:pcsync-https (LISTEN)
nginx     1113  nginx    6u  IPv4  22847      0t0      TCP *:pcsync-https (LISTEN)
nginx     1113  nginx   11u  IPv4  24240      0t0      TCP localhost.localdomain:pcsync-https->localhost.localdomain:60444 (ESTABLISHED)
nginx     1114  nginx    6u  IPv4  22847      0t0      TCP *:pcsync-https (LISTEN)
nginx     1114  nginx    7u  IPv4  65649      0t0      TCP localhost.localdomain:pcsync-https->localhost.localdomain:45204 (ESTABLISHED)
nginx     1114  nginx    8u  IPv4  66842      0t0      TCP localhost.localdomain:pcsync-https->localhost.localdomain:59008 (ESTABLISHED)
nginx     1114  nginx   15u  IPv4  73950      0t0      TCP localhost.localdomain:pcsync-https->localhost.localdomain:43534 (ESTABLISHED)
uwsgi     1123   root    3u  IPv4  24000      0t0      TCP localhost:8050 (LISTEN)
uwsgi     1163   root    3u  IPv4  24000      0t0      TCP localhost:8050 (LISTEN)
uwsgi     1163   root    9u  IPv4  24329      0t0      TCP localhost.localdomain:39870->localhost.localdomain:redis (ESTABLISHED)
uwsgi     1164   root    3u  IPv4  24000      0t0      TCP localhost:8050 (LISTEN)
uwsgi     1164   root    8u  IPv4  26415      0t0      TCP localhost.localdomain:59062->localhost.localdomain:redis (ESTABLISHED)
uwsgi     1165   root    3u  IPv4  24000      0t0      TCP localhost:8050 (LISTEN)
uwsgi     1165   root    7u  IPv4  24248      0t0      TCP localhost.localdomain:39864->localhost.localdomain:redis (ESTABLISHED)
uwsgi     1166   root    3u  IPv4  24000      0t0      TCP localhost:8050 (LISTEN)
uwsgi     1166   root    8u  IPv4  31108      0t0      TCP localhost.localdomain:47160->localhost.localdomain:redis (ESTABLISHED)
uwsgi     1167   root    3u  IPv4  24000      0t0      TCP localhost:8050 (LISTEN)
uwsgi     1167   root    8u  IPv4  23458      0t0      TCP localhost.localdomain:37148->localhost.localdomain:redis (ESTABLISHED)
aap-gatew 1575   root    9u  IPv6  24217      0t0      TCP *:50051 (LISTEN)
aap-gatew 1575   root   10u  IPv6  31077      0t0      TCP localhost:50051->localhost:50600 (ESTABLISHED)
aap-gatew 1575   root   11u  IPv4  27863      0t0      TCP localhost.localdomain:54200->localhost.localdomain:redis (ESTABLISHED)
aap-gatew 1575   root   12u  IPv4  54461      0t0      TCP localhost.localdomain:36124->aap25-database.lan:postgres (ESTABLISHED)
aap-gatew 1575   root   13u  IPv4  79304      0t0      TCP localhost.localdomain:45260->localhost.localdomain:redis (ESTABLISHED)
aap-gatew 1575   root   14u  IPv4  79307      0t0      TCP localhost.localdomain:39522->aap25-database.lan:postgres (ESTABLISHED)
aap-gatew 1575   root   15u  IPv4  79312      0t0      TCP localhost.localdomain:39526->aap25-database.lan:postgres (ESTABLISHED)
aap-gatew 1575   root   16u  IPv4  80005      0t0      TCP localhost.localdomain:43842->localhost.localdomain:redis (ESTABLISHED)
aap-gatew 1575   root   17u  IPv4  80042      0t0      TCP localhost.localdomain:33938->aap25-database.lan:postgres (ESTABLISHED)
aap-gatew 1576   root   11u  IPv6  24220      0t0      TCP *:50051 (LISTEN)
aap-gatew 1577   root   13u  IPv6  24223      0t0      TCP *:50051 (LISTEN)
aap-gatew 1578   root   15u  IPv6  23305      0t0      TCP *:50051 (LISTEN)
aap-gatew 1579   root   17u  IPv6  23302      0t0      TCP *:50051 (LISTEN)
aap-gatew 1579   root   18u  IPv6  26420      0t0      TCP localhost:50051->localhost:49764 (ESTABLISHED)
aap-gatew 1579   root   19u  IPv4  24889      0t0      TCP localhost.localdomain:59074->localhost.localdomain:redis (ESTABLISHED)
aap-gatew 1579   root   20u  IPv4  24890      0t0      TCP localhost.localdomain:49120->aap25-database.lan:postgres (ESTABLISHED)
aap-gatew 1579   root   21u  IPv4  79220      0t0      TCP localhost.localdomain:49930->localhost.localdomain:redis (ESTABLISHED)
aap-gatew 1579   root   22u  IPv4  78635      0t0      TCP localhost.localdomain:49932->localhost.localdomain:redis (ESTABLISHED)
aap-gatew 1579   root   23u  IPv4  79280      0t0      TCP localhost.localdomain:58526->aap25-database.lan:postgres (ESTABLISHED)
aap-gatew 1579   root   24u  IPv4  81677      0t0      TCP localhost.localdomain:58422->aap25-database.lan:postgres (ESTABLISHED)
aap-gatew 1579   root   25u  IPv4  79283      0t0      TCP localhost.localdomain:58528->aap25-database.lan:postgres (ESTABLISHED)
aap-gatew 1579   root   26u  IPv4  93664      0t0      TCP localhost.localdomain:42992->localhost.localdomain:redis (ESTABLISHED)
bash      7512   root  cwd    DIR  253,0      185 50331782 /root
bash      7512   root  rtd    DIR  253,0      235      128 /
bash      7512   root  txt    REG  253,0  1389072 50367435 /usr/bin/bash
bash      7512   root  mem    REG  253,0  2586930 50367720 /usr/lib/locale/en_US.utf8/LC_COLLATE
bash      7512   root  mem    REG  253,0  2544344     2597 /usr/lib64/libc.so.6
bash      7512   root  mem    REG  253,0   346132 33699956 /usr/lib/locale/C.utf8/LC_CTYPE
bash      7512   root  mem    REG  253,0       54 50367723 /usr/lib/locale/en_US.utf8/LC_NUMERIC
bash      7512   root  mem    REG  253,0     3284     2565 /usr/lib/locale/en_US.utf8/LC_TIME
bash      7512   root  mem    REG  253,0      286     2563 /usr/lib/locale/en_US.utf8/LC_MONETARY
bash      7512   root  mem    REG  253,0       57     2576 /usr/lib/locale/en_US.utf8/LC_MESSAGES/SYS_LC_MESSAGES
bash      7512   root  mem    REG  253,0    26988 16780452 /usr/lib64/gconv/gconv-modules.cache
bash      7512   root  mem    REG  253,0   195080     2316 /usr/lib64/libtinfo.so.6.2
bash      7512   root  mem    REG  253,0       34 33700259 /usr/lib/locale/en_US.utf8/LC_PAPER
bash      7512   root  mem    REG  253,0       77 50367722 /usr/lib/locale/en_US.utf8/LC_NAME
bash      7512   root  mem    REG  253,0      167     2559 /usr/lib/locale/en_US.utf8/LC_ADDRESS
bash      7512   root  mem    REG  253,0       59     2564 /usr/lib/locale/en_US.utf8/LC_TELEPHONE
bash      7512   root  mem    REG  253,0       23     2562 /usr/lib/locale/en_US.utf8/LC_MEASUREMENT
bash      7512   root  mem    REG  253,0      369     2561 /usr/lib/locale/en_US.utf8/LC_IDENTIFICATION
bash      7512   root  mem    REG  253,0   897856     2593 /usr/lib64/ld-linux-x86-64.so.2
bash      7512   root    0r   CHR    1,3      0t0        4 /dev/null
bash      7512   root    1w   REG  253,0        0 34669828 /tmp/memory_monitor.log
bash      7512   root    2w   REG  253,0        0 34669828 /tmp/memory_monitor.log
bash      7512   root    3r  FIFO   0,13      0t0    96994 pipe

    PID    PPID CMD                           RSS    VSZ %CPU %MEM     ELAPSED
Receptor Child Processes for PID 9248:
  No child processes found
Receptor Threads for PID 9248:
    PID    SPID %CPU %MEM   RSS COMMAND
Receptor Network Connections for PID 9248:
COMMAND    PID   USER   FD   TYPE DEVICE SIZE/OFF NODE NAME
envoy      727   root   22u  IPv4  73949      0t0  TCP localhost.localdomain:43534->localhost.localdomain:pcsync-https (ESTABLISHED)
envoy      727   root   31u  IPv4  23339      0t0  TCP localhost.localdomain:60444->localhost.localdomain:pcsync-https (ESTABLISHED)
envoy      727   root   32u  IPv4  23341      0t0  TCP localhost.localdomain:41216->aap25-control.lan:https (ESTABLISHED)
envoy      727   root   34u  IPv4  23358      0t0  TCP *:https (LISTEN)
envoy      727   root   35u  IPv4  23359      0t0  TCP *:https (LISTEN)
envoy      727   root   36u  IPv4  80762      0t0  TCP localhost.localdomain:https->192.168.1.49:57898 (ESTABLISHED)
envoy      727   root   37u  IPv4  24888      0t0  TCP localhost:49764->localhost:50051 (ESTABLISHED)
envoy      727   root   38u  IPv4  65989      0t0  TCP localhost.localdomain:59008->localhost.localdomain:pcsync-https (ESTABLISHED)
envoy      727   root   39u  IPv4  27862      0t0  TCP localhost:50600->localhost:50051 (ESTABLISHED)
envoy      727   root   40u  IPv4  65459      0t0  TCP localhost.localdomain:45204->localhost.localdomain:pcsync-https (ESTABLISHED)
envoy      727   root   41u  IPv4  81296      0t0  TCP localhost.localdomain:https->192.168.1.49:57916 (ESTABLISHED)
envoy      727   root   42u  IPv4  80764      0t0  TCP localhost.localdomain:https->192.168.1.49:57950 (ESTABLISHED)
envoy      727   root   43u  IPv4  80766      0t0  TCP localhost.localdomain:https->192.168.1.49:57964 (ESTABLISHED)
envoy      727   root   45u  IPv4  82116      0t0  TCP localhost.localdomain:https->192.168.1.49:56876 (ESTABLISHED)
envoy      727   root   49u  IPv4  81665      0t0  TCP localhost.localdomain:https->192.168.1.49:56866 (ESTABLISHED)
envoy      727   root   50u  IPv4  81708      0t0  TCP localhost.localdomain:https->192.168.1.49:44012 (ESTABLISHED)
envoy      727   root   53u  IPv4  81710      0t0  TCP localhost.localdomain:44784->aap25-control.lan:https (ESTABLISHED)
chronyd    745 chrony    5u  IPv4  21055      0t0  UDP localhost:323 
chronyd    745 chrony    6u  IPv6  21056      0t0  UDP localhost:323 
NetworkMa  764   root   26u  IPv4  22715      0t0  UDP localhost.localdomain:bootpc->pi.hole:bootps 
sshd       795   root    3u  IPv4  21297      0t0  TCP *:ssh (LISTEN)
sshd       795   root    4u  IPv6  21299      0t0  TCP *:ssh (LISTEN)
redis-ser 1074  redis    6u  IPv4  22809      0t0  TCP *:redis (LISTEN)
redis-ser 1074  redis    7u  IPv6  22810      0t0  TCP *:redis (LISTEN)
redis-ser 1074  redis    8u  IPv4  23343      0t0  TCP localhost.localdomain:redis->localhost.localdomain:39864 (ESTABLISHED)
redis-ser 1074  redis    9u  IPv4  23381      0t0  TCP localhost.localdomain:redis->localhost.localdomain:39870 (ESTABLISHED)
redis-ser 1074  redis   10u  IPv4  24388      0t0  TCP localhost.localdomain:redis->localhost.localdomain:37148 (ESTABLISHED)
redis-ser 1074  redis   11u  IPv4  24882      0t0  TCP localhost.localdomain:redis->localhost.localdomain:59062 (ESTABLISHED)
redis-ser 1074  redis   12u  IPv4  26422      0t0  TCP localhost.localdomain:redis->localhost.localdomain:59074 (ESTABLISHED)
redis-ser 1074  redis   13u  IPv4  31079      0t0  TCP localhost.localdomain:redis->localhost.localdomain:54200 (ESTABLISHED)
redis-ser 1074  redis   14u  IPv4  27889      0t0  TCP localhost.localdomain:redis->localhost.localdomain:47160 (ESTABLISHED)
redis-ser 1074  redis   15u  IPv4  78636      0t0  TCP localhost.localdomain:redis->localhost.localdomain:49930 (ESTABLISHED)
redis-ser 1074  redis   16u  IPv4  78637      0t0  TCP localhost.localdomain:redis->localhost.localdomain:49932 (ESTABLISHED)
redis-ser 1074  redis   17u  IPv4  79305      0t0  TCP localhost.localdomain:redis->localhost.localdomain:45260 (ESTABLISHED)
redis-ser 1074  redis   18u  IPv4  79496      0t0  TCP localhost.localdomain:redis->localhost.localdomain:43842 (ESTABLISHED)
redis-ser 1074  redis   19u  IPv4  94383      0t0  TCP localhost.localdomain:redis->localhost.localdomain:42992 (ESTABLISHED)
nginx     1112   root    6u  IPv4  22847      0t0  TCP *:pcsync-https (LISTEN)
nginx     1113  nginx    6u  IPv4  22847      0t0  TCP *:pcsync-https (LISTEN)
nginx     1113  nginx   11u  IPv4  24240      0t0  TCP localhost.localdomain:pcsync-https->localhost.localdomain:60444 (ESTABLISHED)
nginx     1114  nginx    6u  IPv4  22847      0t0  TCP *:pcsync-https (LISTEN)
nginx     1114  nginx    7u  IPv4  65649      0t0  TCP localhost.localdomain:pcsync-https->localhost.localdomain:45204 (ESTABLISHED)
nginx     1114  nginx    8u  IPv4  66842      0t0  TCP localhost.localdomain:pcsync-https->localhost.localdomain:59008 (ESTABLISHED)
nginx     1114  nginx   15u  IPv4  73950      0t0  TCP localhost.localdomain:pcsync-https->localhost.localdomain:43534 (ESTABLISHED)
uwsgi     1123   root    3u  IPv4  24000      0t0  TCP localhost:8050 (LISTEN)
uwsgi     1163   root    3u  IPv4  24000      0t0  TCP localhost:8050 (LISTEN)
uwsgi     1163   root    9u  IPv4  24329      0t0  TCP localhost.localdomain:39870->localhost.localdomain:redis (ESTABLISHED)
uwsgi     1164   root    3u  IPv4  24000      0t0  TCP localhost:8050 (LISTEN)
uwsgi     1164   root    8u  IPv4  26415      0t0  TCP localhost.localdomain:59062->localhost.localdomain:redis (ESTABLISHED)
uwsgi     1165   root    3u  IPv4  24000      0t0  TCP localhost:8050 (LISTEN)
uwsgi     1165   root    7u  IPv4  24248      0t0  TCP localhost.localdomain:39864->localhost.localdomain:redis (ESTABLISHED)
uwsgi     1166   root    3u  IPv4  24000      0t0  TCP localhost:8050 (LISTEN)
uwsgi     1166   root    8u  IPv4  31108      0t0  TCP localhost.localdomain:47160->localhost.localdomain:redis (ESTABLISHED)
uwsgi     1167   root    3u  IPv4  24000      0t0  TCP localhost:8050 (LISTEN)
uwsgi     1167   root    8u  IPv4  23458      0t0  TCP localhost.localdomain:37148->localhost.localdomain:redis (ESTABLISHED)
aap-gatew 1575   root    9u  IPv6  24217      0t0  TCP *:50051 (LISTEN)
aap-gatew 1575   root   10u  IPv6  31077      0t0  TCP localhost:50051->localhost:50600 (ESTABLISHED)
aap-gatew 1575   root   11u  IPv4  27863      0t0  TCP localhost.localdomain:54200->localhost.localdomain:redis (ESTABLISHED)
aap-gatew 1575   root   12u  IPv4  54461      0t0  TCP localhost.localdomain:36124->aap25-database.lan:postgres (ESTABLISHED)
aap-gatew 1575   root   13u  IPv4  79304      0t0  TCP localhost.localdomain:45260->localhost.localdomain:redis (ESTABLISHED)
aap-gatew 1575   root   14u  IPv4  79307      0t0  TCP localhost.localdomain:39522->aap25-database.lan:postgres (ESTABLISHED)
aap-gatew 1575   root   15u  IPv4  79312      0t0  TCP localhost.localdomain:39526->aap25-database.lan:postgres (ESTABLISHED)
aap-gatew 1575   root   16u  IPv4  80005      0t0  TCP localhost.localdomain:43842->localhost.localdomain:redis (ESTABLISHED)
aap-gatew 1575   root   17u  IPv4  80042      0t0  TCP localhost.localdomain:33938->aap25-database.lan:postgres (ESTABLISHED)
aap-gatew 1576   root   11u  IPv6  24220      0t0  TCP *:50051 (LISTEN)
aap-gatew 1577   root   13u  IPv6  24223      0t0  TCP *:50051 (LISTEN)
aap-gatew 1578   root   15u  IPv6  23305      0t0  TCP *:50051 (LISTEN)
aap-gatew 1579   root   17u  IPv6  23302      0t0  TCP *:50051 (LISTEN)
aap-gatew 1579   root   18u  IPv6  26420      0t0  TCP localhost:50051->localhost:49764 (ESTABLISHED)
aap-gatew 1579   root   19u  IPv4  24889      0t0  TCP localhost.localdomain:59074->localhost.localdomain:redis (ESTABLISHED)
aap-gatew 1579   root   20u  IPv4  24890      0t0  TCP localhost.localdomain:49120->aap25-database.lan:postgres (ESTABLISHED)
aap-gatew 1579   root   21u  IPv4  79220      0t0  TCP localhost.localdomain:49930->localhost.localdomain:redis (ESTABLISHED)
aap-gatew 1579   root   22u  IPv4  78635      0t0  TCP localhost.localdomain:49932->localhost.localdomain:redis (ESTABLISHED)
aap-gatew 1579   root   23u  IPv4  79280      0t0  TCP localhost.localdomain:58526->aap25-database.lan:postgres (ESTABLISHED)
aap-gatew 1579   root   24u  IPv4  81677      0t0  TCP localhost.localdomain:58422->aap25-database.lan:postgres (ESTABLISHED)
aap-gatew 1579   root   25u  IPv4  79283      0t0  TCP localhost.localdomain:58528->aap25-database.lan:postgres (ESTABLISHED)
aap-gatew 1579   root   26u  IPv4  93664      0t0  TCP localhost.localdomain:42992->localhost.localdomain:redis (ESTABLISHED)
  No network connections found

=== RECEPTOR MEMORY SUMMARY ===
Total Receptor RSS Memory: 3584 KB (3 MB)
Total Receptor VSZ Memory: 7336 KB (7 MB)
Number of Receptor Processes: 2

AAP-related Processes and Children:
=== AAP Service Processes ===
Process: redis-server (PID: 1074)
    PID    PPID CMD                           RSS
   1074       1 /usr/bin/redis-server *:637 16340

Process: nginx (PID: 1112)
    PID    PPID CMD                           RSS
   1112       1 nginx: master process /usr/  2104
  Children of PID 1112:
    PID    PPID CMD                           RSS
   1113    1112 nginx: worker process        8376
    PID    PPID CMD                           RSS
   1114    1112 nginx: worker process        8376

Process: nginx (PID: 1113)
    PID    PPID CMD                           RSS
   1113    1112 nginx: worker process        8376

Process: nginx (PID: 1114)
    PID    PPID CMD                           RSS
   1114    1112 nginx: worker process        8376

Process: uwsgi (PID: 1123)
    PID    PPID CMD                           RSS
   1123     774 uwsgi /etc/ansible-automati 13952
  Children of PID 1123:
    PID    PPID CMD                           RSS
   1163    1123 uwsgi /etc/ansible-automati 118252
    PID    PPID CMD                           RSS
   1164    1123 uwsgi /etc/ansible-automati 116828
    PID    PPID CMD                           RSS
   1165    1123 uwsgi /etc/ansible-automati 120876
    PID    PPID CMD                           RSS
   1166    1123 uwsgi /etc/ansible-automati 118632
    PID    PPID CMD                           RSS
   1167    1123 uwsgi /etc/ansible-automati 118968

Process: uwsgi (PID: 1163)
    PID    PPID CMD                           RSS
   1163    1123 uwsgi /etc/ansible-automati 118252

Process: uwsgi (PID: 1164)
    PID    PPID CMD                           RSS
   1164    1123 uwsgi /etc/ansible-automati 116828

Process: uwsgi (PID: 1165)
    PID    PPID CMD                           RSS
   1165    1123 uwsgi /etc/ansible-automati 120876

Process: uwsgi (PID: 1166)
    PID    PPID CMD                           RSS
   1166    1123 uwsgi /etc/ansible-automati 118632

Process: uwsgi (PID: 1167)
    PID    PPID CMD                           RSS
   1167    1123 uwsgi /etc/ansible-automati 118968

Process: bash (PID: 7512)
    PID    PPID CMD                           RSS
   7512       1 bash -c  log_file="/tmp/mem  3584
  Children of PID 7512:
    PID    PPID CMD                           RSS
   9307    7512 bash -c  log_file="/tmp/mem  2528

Process: bash (PID: 9307)
    PID    PPID CMD                           RSS
   9307    7512 bash -c  log_file="/tmp/mem  2528
  Children of PID 9307:
    PID    PPID CMD                           RSS


Process Tree for AAP Services:
=== automation-controller Process Tree ===
bash(7512)---pstree(9355)
=== receptor Process Tree ===
bash(7512)---pstree(9359)
=== nginx Process Tree ===
nginx(1112)-+-nginx(1113)
            `-nginx(1114)
nginx(1113)
nginx(1114)
bash(7512)---pstree(9366)
=== postgresql Process Tree ===
bash(7512)---pstree(9370)
=== redis Process Tree ===
redis-server(1074)-+-{redis-server}(1083)
                   |-{redis-server}(1084)
                   |-{redis-server}(1085)
                   `-{redis-server}(1086)
bash(7512)---pstree(9375)
=== uwsgi Process Tree ===
uwsgi(1123)-+-uwsgi(1163)
            |-uwsgi(1164)
            |-uwsgi(1165)
            |-uwsgi(1166)
            `-uwsgi(1167)
uwsgi(1163)
uwsgi(1164)
uwsgi(1165)
uwsgi(1166)
uwsgi(1167)
bash(7512)---pstree(9385)
=== automation-hub Process Tree ===
bash(7512)---pstree(9389)
=== automation-eda Process Tree ===
bash(7512)---pstree(9393)

Memory monitoring completed for aap25 medium test at Thu Jul  3 12:04:55 PM EDT 2025
