Starting memory monitoring for aap25 medium test at Mon Jul  7 09:06:05 AM PDT 2025
=================================================================================
2025-07-07 09:06:05
Memory Usage Report:
               total        used        free      shared  buff/cache   available
Mem:            7681        1612        4900         148        1598        6068
Swap:           2047           0        2047

Top 10 Processes by RSS Memory:
    PID    PPID CMD                           RSS
   1205    1168 uwsgi /etc/ansible-automati 135284
   1208    1168 uwsgi /etc/ansible-automati 135284
   1207    1168 uwsgi /etc/ansible-automati 135224
   1209    1168 uwsgi /etc/ansible-automati 135172
   1206    1168 uwsgi /etc/ansible-automati 135112
   1172     777 /usr/bin/python3.11 -sP /us 116096
   1617    1172 /usr/bin/python3.11 -sP /us 103088
   1616    1172 /usr/bin/python3.11 -sP /us 103084
   1615    1172 /usr/bin/python3.11 -sP /us 101116
   1613    1172 /usr/bin/python3.11 -sP /us 100988

=== RECEPTOR PROCESS ANALYSIS ===
Receptor Main Processes:
    PID    PPID CMD                           RSS    VSZ %CPU %MEM     ELAPSED
    751       1 /usr/bin/receptor -c /etc/r 41692 1790028 0.0  0.5  3-19:03:04
Receptor Child Processes for PID 751:
  No child processes found
Receptor Threads for PID 751:
    PID    SPID %CPU %MEM   RSS COMMAND
    751     751  0.0  0.5 41692 receptor
    751     756  0.0  0.5 41692 receptor
    751     757  0.0  0.5 41692 receptor
    751     758  0.0  0.5 41692 receptor
    751     759  0.0  0.5 41692 receptor
    751     760  0.0  0.5 41692 receptor
    751     765  0.0  0.5 41692 receptor
    751    2141  0.0  0.5 41692 receptor
Receptor Network Connections for PID 751:
COMMAND      PID          USER   FD      TYPE             DEVICE SIZE/OFF     NODE NAME
envoy        744          root   39u     IPv4            6032203      0t0      TCP aap25-execution.aap-test.local:35964->aap25-execution.aap-test.local:pcsync-https (ESTABLISHED)
receptor     751           awx  cwd       DIR              253,0      235      128 /
receptor     751           awx  rtd       DIR              253,0      235      128 /
receptor     751           awx  txt       REG              253,0 55920336 33686933 /usr/bin/receptor
receptor     751           awx  mem       REG              253,0  5436640 50527991 /usr/lib64/libcrypto.so.3.2.2
receptor     751           awx  mem       REG              253,0   102552 50356340 /usr/lib64/libz.so.1.2.11
receptor     751           awx  mem       REG              253,0  2544344 50356320 /usr/lib64/libc.so.6
receptor     751           awx  mem       REG              253,0    70520 50356331 /usr/lib64/libresolv.so.2
receptor     751           awx  mem       REG              253,0   897856 50356316 /usr/lib64/ld-linux-x86-64.so.2
receptor     751           awx    0r      CHR                1,3      0t0        4 /dev/null
receptor     751           awx    1w      REG              253,0      888 17327669 /var/log/receptor/receptor.log
receptor     751           awx    2w      REG              253,0      888 17327669 /var/log/receptor/receptor.log
receptor     751           awx    3rW     REG               0,24        0      957 /run/awx-receptor/receptor.sock.lock
receptor     751           awx    4u  a_inode               0,14        0     2078 [eventpoll:5,7,8,9]
receptor     751           awx    5r     FIFO               0,13      0t0    24621 pipe
receptor     751           awx    6w     FIFO               0,13      0t0    24621 pipe
receptor     751           awx    7u     unix 0xffff9ae448c8f300      0t0    24624 /var/run/awx-receptor/receptor.sock type=STREAM (LISTEN)
receptor     751           awx    8u     IPv6              24629      0t0      TCP *:27199 (LISTEN)
receptor     751           awx    9u     IPv4              24235      0t0      TCP aap25-execution.aap-test.local:35552->aap25-control.aap-test.local:27199 (ESTABLISHED)
chronyd      762        chrony    5u     IPv4              24615      0t0      UDP localhost:323 
chronyd      762        chrony    6u     IPv6              24616      0t0      UDP localhost:323 
NetworkMa    774          root   26u     IPv4              24013      0t0      UDP aap25-execution.aap-test.local:bootpc->pi.hole:bootps 
sshd         797          root    3u     IPv4              22893      0t0      TCP *:ssh (LISTEN)
sshd         797          root    4u     IPv6              22895      0t0      TCP *:ssh (LISTEN)
node_expo   1111 node_exporter    3u     IPv6              21489      0t0      TCP *:jetdirect (LISTEN)
node_expo   1111 node_exporter    7u     IPv6              25899      0t0      TCP aap25-execution.aap-test.local:jetdirect->monitoring-node.aap-test.local:59590 (ESTABLISHED)
redis-ser   1112         redis    6u     IPv4              24055      0t0      TCP *:redis (LISTEN)
redis-ser   1112         redis    7u     IPv6              24056      0t0      TCP *:redis (LISTEN)
nginx       1162          root    6u     IPv4              24063      0t0      TCP *:pcsync-https (LISTEN)
nginx       1162          root    7u     IPv4              24064      0t0      TCP *:http (LISTEN)
nginx       1162          root    8u     IPv6              24065      0t0      TCP *:http (LISTEN)
nginx       1164         nginx    6u     IPv4              24063      0t0      TCP *:pcsync-https (LISTEN)
nginx       1164         nginx    7u     IPv4              24064      0t0      TCP *:http (LISTEN)
nginx       1164         nginx    8u     IPv6              24065      0t0      TCP *:http (LISTEN)
nginx       1165         nginx    6u     IPv4              24063      0t0      TCP *:pcsync-https (LISTEN)
nginx       1165         nginx    7u     IPv4              24064      0t0      TCP *:http (LISTEN)
nginx       1165         nginx    8u     IPv6              24065      0t0      TCP *:http (LISTEN)
nginx       1165         nginx   18u     IPv4            6032661      0t0      TCP aap25-execution.aap-test.local:pcsync-https->aap25-execution.aap-test.local:35964 (ESTABLISHED)
nginx       1166         nginx    6u     IPv4              24063      0t0      TCP *:pcsync-https (LISTEN)
nginx       1166         nginx    7u     IPv4              24064      0t0      TCP *:http (LISTEN)
nginx       1166         nginx    8u     IPv6              24065      0t0      TCP *:http (LISTEN)
nginx       1167         nginx    6u     IPv4              24063      0t0      TCP *:pcsync-https (LISTEN)
nginx       1167         nginx    7u     IPv4              24064      0t0      TCP *:http (LISTEN)
nginx       1167         nginx    8u     IPv6              24065      0t0      TCP *:http (LISTEN)
uwsgi       1168          root    3u     IPv4              25630      0t0      TCP localhost:8050 (LISTEN)
uwsgi       1205          root    3u     IPv4              25630      0t0      TCP localhost:8050 (LISTEN)
uwsgi       1206          root    3u     IPv4              25630      0t0      TCP localhost:8050 (LISTEN)
uwsgi       1207          root    3u     IPv4              25630      0t0      TCP localhost:8050 (LISTEN)
uwsgi       1208          root    3u     IPv4              25630      0t0      TCP localhost:8050 (LISTEN)
uwsgi       1209          root    3u     IPv4              25630      0t0      TCP localhost:8050 (LISTEN)
aap-gatew   1613          root    9u     IPv6              26755      0t0      TCP *:50051 (LISTEN)
aap-gatew   1614          root   11u     IPv6              26752      0t0      TCP *:50051 (LISTEN)
aap-gatew   1615          root   13u     IPv6              25760      0t0      TCP *:50051 (LISTEN)
aap-gatew   1616          root   15u     IPv6              24248      0t0      TCP *:50051 (LISTEN)
aap-gatew   1617          root   17u     IPv6              23372      0t0      TCP *:50051 (LISTEN)
sshd      745878          root    4u     IPv4            6070615      0t0      TCP aap25-execution.aap-test.local:ssh->192.168.1.49:36930 (ESTABLISHED)
sshd      745898          root    4u     IPv4            6070615      0t0      TCP aap25-execution.aap-test.local:ssh->192.168.1.49:36930 (ESTABLISHED)

    PID    PPID CMD                           RSS    VSZ %CPU %MEM     ELAPSED
 746036       1 bash -c  log_file="/tmp/mem  3456   7260  0.0  0.0       00:00
Receptor Child Processes for PID 746036:
      PID    PPID CMD                           RSS    VSZ %CPU %MEM     ELAPSED
Receptor Threads for PID 746036:
    PID    SPID %CPU %MEM   RSS COMMAND
 746036  746036  0.0  0.0  3456 bash
Receptor Network Connections for PID 746036:
COMMAND      PID          USER   FD   TYPE  DEVICE SIZE/OFF     NODE NAME
envoy        744          root   39u  IPv4 6032203      0t0      TCP aap25-execution.aap-test.local:35964->aap25-execution.aap-test.local:pcsync-https (ESTABLISHED)
receptor     751           awx    8u  IPv6   24629      0t0      TCP *:27199 (LISTEN)
receptor     751           awx    9u  IPv4   24235      0t0      TCP aap25-execution.aap-test.local:35552->aap25-control.aap-test.local:27199 (ESTABLISHED)
chronyd      762        chrony    5u  IPv4   24615      0t0      UDP localhost:323 
chronyd      762        chrony    6u  IPv6   24616      0t0      UDP localhost:323 
NetworkMa    774          root   26u  IPv4   24013      0t0      UDP aap25-execution.aap-test.local:bootpc->pi.hole:bootps 
sshd         797          root    3u  IPv4   22893      0t0      TCP *:ssh (LISTEN)
sshd         797          root    4u  IPv6   22895      0t0      TCP *:ssh (LISTEN)
node_expo   1111 node_exporter    3u  IPv6   21489      0t0      TCP *:jetdirect (LISTEN)
node_expo   1111 node_exporter    7u  IPv6   25899      0t0      TCP aap25-execution.aap-test.local:jetdirect->monitoring-node.aap-test.local:59590 (ESTABLISHED)
redis-ser   1112         redis    6u  IPv4   24055      0t0      TCP *:redis (LISTEN)
redis-ser   1112         redis    7u  IPv6   24056      0t0      TCP *:redis (LISTEN)
nginx       1162          root    6u  IPv4   24063      0t0      TCP *:pcsync-https (LISTEN)
nginx       1162          root    7u  IPv4   24064      0t0      TCP *:http (LISTEN)
nginx       1162          root    8u  IPv6   24065      0t0      TCP *:http (LISTEN)
nginx       1164         nginx    6u  IPv4   24063      0t0      TCP *:pcsync-https (LISTEN)
nginx       1164         nginx    7u  IPv4   24064      0t0      TCP *:http (LISTEN)
nginx       1164         nginx    8u  IPv6   24065      0t0      TCP *:http (LISTEN)
nginx       1165         nginx    6u  IPv4   24063      0t0      TCP *:pcsync-https (LISTEN)
nginx       1165         nginx    7u  IPv4   24064      0t0      TCP *:http (LISTEN)
nginx       1165         nginx    8u  IPv6   24065      0t0      TCP *:http (LISTEN)
nginx       1165         nginx   18u  IPv4 6032661      0t0      TCP aap25-execution.aap-test.local:pcsync-https->aap25-execution.aap-test.local:35964 (ESTABLISHED)
nginx       1166         nginx    6u  IPv4   24063      0t0      TCP *:pcsync-https (LISTEN)
nginx       1166         nginx    7u  IPv4   24064      0t0      TCP *:http (LISTEN)
nginx       1166         nginx    8u  IPv6   24065      0t0      TCP *:http (LISTEN)
nginx       1167         nginx    6u  IPv4   24063      0t0      TCP *:pcsync-https (LISTEN)
nginx       1167         nginx    7u  IPv4   24064      0t0      TCP *:http (LISTEN)
nginx       1167         nginx    8u  IPv6   24065      0t0      TCP *:http (LISTEN)
uwsgi       1168          root    3u  IPv4   25630      0t0      TCP localhost:8050 (LISTEN)
uwsgi       1205          root    3u  IPv4   25630      0t0      TCP localhost:8050 (LISTEN)
uwsgi       1206          root    3u  IPv4   25630      0t0      TCP localhost:8050 (LISTEN)
uwsgi       1207          root    3u  IPv4   25630      0t0      TCP localhost:8050 (LISTEN)
uwsgi       1208          root    3u  IPv4   25630      0t0      TCP localhost:8050 (LISTEN)
uwsgi       1209          root    3u  IPv4   25630      0t0      TCP localhost:8050 (LISTEN)
aap-gatew   1613          root    9u  IPv6   26755      0t0      TCP *:50051 (LISTEN)
aap-gatew   1614          root   11u  IPv6   26752      0t0      TCP *:50051 (LISTEN)
aap-gatew   1615          root   13u  IPv6   25760      0t0      TCP *:50051 (LISTEN)
aap-gatew   1616          root   15u  IPv6   24248      0t0      TCP *:50051 (LISTEN)
aap-gatew   1617          root   17u  IPv6   23372      0t0      TCP *:50051 (LISTEN)
sshd      745878          root    4u  IPv4 6070615      0t0      TCP aap25-execution.aap-test.local:ssh->192.168.1.49:36930 (ESTABLISHED)
sshd      745898          root    4u  IPv4 6070615      0t0      TCP aap25-execution.aap-test.local:ssh->192.168.1.49:36930 (ESTABLISHED)
bash      746036          root  cwd    DIR   253,0     4096 33685638 /root
bash      746036          root  rtd    DIR   253,0      235      128 /
bash      746036          root  txt    REG   253,0  1389072 33779126 /usr/bin/bash
bash      746036          root  mem    REG   253,0  2586930    30692 /usr/lib/locale/en_US.utf8/LC_COLLATE
bash      746036          root  mem    REG   253,0  2544344 50356320 /usr/lib64/libc.so.6
bash      746036          root  mem    REG   253,0   346132 50355997 /usr/lib/locale/C.utf8/LC_CTYPE
bash      746036          root  mem    REG   253,0       54    30695 /usr/lib/locale/en_US.utf8/LC_NUMERIC
bash      746036          root  mem    REG   253,0     3284 16862149 /usr/lib/locale/en_US.utf8/LC_TIME
bash      746036          root  mem    REG   253,0      286 16862147 /usr/lib/locale/en_US.utf8/LC_MONETARY
bash      746036          root  mem    REG   253,0       57 16862160 /usr/lib/locale/en_US.utf8/LC_MESSAGES/SYS_LC_MESSAGES
bash      746036          root  mem    REG   253,0    26988 33779313 /usr/lib64/gconv/gconv-modules.cache
bash      746036          root  mem    REG   253,0   195080 50355981 /usr/lib64/libtinfo.so.6.2
bash      746036          root  mem    REG   253,0       34 50356298 /usr/lib/locale/en_US.utf8/LC_PAPER
bash      746036          root  mem    REG   253,0       77    30694 /usr/lib/locale/en_US.utf8/LC_NAME
bash      746036          root  mem    REG   253,0      167 16862143 /usr/lib/locale/en_US.utf8/LC_ADDRESS
bash      746036          root  mem    REG   253,0       59 16862148 /usr/lib/locale/en_US.utf8/LC_TELEPHONE
bash      746036          root  mem    REG   253,0       23 16862146 /usr/lib/locale/en_US.utf8/LC_MEASUREMENT
bash      746036          root  mem    REG   253,0      369 16862145 /usr/lib/locale/en_US.utf8/LC_IDENTIFICATION
bash      746036          root  mem    REG   253,0   897856 50356316 /usr/lib64/ld-linux-x86-64.so.2
bash      746036          root    0r   CHR     1,3      0t0        4 /dev/null
bash      746036          root    1w   REG   253,0        0 17893681 /tmp/memory_monitor.log
bash      746036          root    2w   REG   253,0        0 17893681 /tmp/memory_monitor.log
bash      746036          root    3r  FIFO    0,13      0t0  6072528 pipe

    PID    PPID CMD                           RSS    VSZ %CPU %MEM     ELAPSED
Receptor Child Processes for PID 746044:
  No child processes found
Receptor Threads for PID 746044:
    PID    SPID %CPU %MEM   RSS COMMAND
Receptor Network Connections for PID 746044:
COMMAND      PID          USER   FD   TYPE  DEVICE SIZE/OFF NODE NAME
envoy        744          root   39u  IPv4 6032203      0t0  TCP aap25-execution.aap-test.local:35964->aap25-execution.aap-test.local:pcsync-https (ESTABLISHED)
receptor     751           awx    8u  IPv6   24629      0t0  TCP *:27199 (LISTEN)
receptor     751           awx    9u  IPv4   24235      0t0  TCP aap25-execution.aap-test.local:35552->aap25-control.aap-test.local:27199 (ESTABLISHED)
chronyd      762        chrony    5u  IPv4   24615      0t0  UDP localhost:323 
chronyd      762        chrony    6u  IPv6   24616      0t0  UDP localhost:323 
NetworkMa    774          root   26u  IPv4   24013      0t0  UDP aap25-execution.aap-test.local:bootpc->pi.hole:bootps 
sshd         797          root    3u  IPv4   22893      0t0  TCP *:ssh (LISTEN)
sshd         797          root    4u  IPv6   22895      0t0  TCP *:ssh (LISTEN)
node_expo   1111 node_exporter    3u  IPv6   21489      0t0  TCP *:jetdirect (LISTEN)
node_expo   1111 node_exporter    7u  IPv6   25899      0t0  TCP aap25-execution.aap-test.local:jetdirect->monitoring-node.aap-test.local:59590 (ESTABLISHED)
redis-ser   1112         redis    6u  IPv4   24055      0t0  TCP *:redis (LISTEN)
redis-ser   1112         redis    7u  IPv6   24056      0t0  TCP *:redis (LISTEN)
nginx       1162          root    6u  IPv4   24063      0t0  TCP *:pcsync-https (LISTEN)
nginx       1162          root    7u  IPv4   24064      0t0  TCP *:http (LISTEN)
nginx       1162          root    8u  IPv6   24065      0t0  TCP *:http (LISTEN)
nginx       1164         nginx    6u  IPv4   24063      0t0  TCP *:pcsync-https (LISTEN)
nginx       1164         nginx    7u  IPv4   24064      0t0  TCP *:http (LISTEN)
nginx       1164         nginx    8u  IPv6   24065      0t0  TCP *:http (LISTEN)
nginx       1165         nginx    6u  IPv4   24063      0t0  TCP *:pcsync-https (LISTEN)
nginx       1165         nginx    7u  IPv4   24064      0t0  TCP *:http (LISTEN)
nginx       1165         nginx    8u  IPv6   24065      0t0  TCP *:http (LISTEN)
nginx       1165         nginx   18u  IPv4 6032661      0t0  TCP aap25-execution.aap-test.local:pcsync-https->aap25-execution.aap-test.local:35964 (ESTABLISHED)
nginx       1166         nginx    6u  IPv4   24063      0t0  TCP *:pcsync-https (LISTEN)
nginx       1166         nginx    7u  IPv4   24064      0t0  TCP *:http (LISTEN)
nginx       1166         nginx    8u  IPv6   24065      0t0  TCP *:http (LISTEN)
nginx       1167         nginx    6u  IPv4   24063      0t0  TCP *:pcsync-https (LISTEN)
nginx       1167         nginx    7u  IPv4   24064      0t0  TCP *:http (LISTEN)
nginx       1167         nginx    8u  IPv6   24065      0t0  TCP *:http (LISTEN)
uwsgi       1168          root    3u  IPv4   25630      0t0  TCP localhost:8050 (LISTEN)
uwsgi       1205          root    3u  IPv4   25630      0t0  TCP localhost:8050 (LISTEN)
uwsgi       1206          root    3u  IPv4   25630      0t0  TCP localhost:8050 (LISTEN)
uwsgi       1207          root    3u  IPv4   25630      0t0  TCP localhost:8050 (LISTEN)
uwsgi       1208          root    3u  IPv4   25630      0t0  TCP localhost:8050 (LISTEN)
uwsgi       1209          root    3u  IPv4   25630      0t0  TCP localhost:8050 (LISTEN)
aap-gatew   1613          root    9u  IPv6   26755      0t0  TCP *:50051 (LISTEN)
aap-gatew   1614          root   11u  IPv6   26752      0t0  TCP *:50051 (LISTEN)
aap-gatew   1615          root   13u  IPv6   25760      0t0  TCP *:50051 (LISTEN)
aap-gatew   1616          root   15u  IPv6   24248      0t0  TCP *:50051 (LISTEN)
aap-gatew   1617          root   17u  IPv6   23372      0t0  TCP *:50051 (LISTEN)
sshd      745878          root    4u  IPv4 6070615      0t0  TCP aap25-execution.aap-test.local:ssh->192.168.1.49:36930 (ESTABLISHED)
sshd      745898          root    4u  IPv4 6070615      0t0  TCP aap25-execution.aap-test.local:ssh->192.168.1.49:36930 (ESTABLISHED)
  No network connections found

=== RECEPTOR MEMORY SUMMARY ===
Total Receptor RSS Memory: 45148 KB (44 MB)
Total Receptor VSZ Memory: 1797288 KB (1755 MB)
Number of Receptor Processes: 3

AAP-related Processes and Children:
=== AAP Service Processes ===
Process: receptor (PID: 751)
    PID    PPID CMD                           RSS
    751       1 /usr/bin/receptor -c /etc/r 41692

Process: redis-server (PID: 1112)
    PID    PPID CMD                           RSS
   1112       1 /usr/bin/redis-server *:637 14980

Process: nginx (PID: 1162)
    PID    PPID CMD                           RSS
   1162       1 nginx: master process /usr/  2480
  Children of PID 1162:
    PID    PPID CMD                           RSS
   1164    1162 nginx: worker process        7984
    PID    PPID CMD                           RSS
   1165    1162 nginx: worker process        8368
    PID    PPID CMD                           RSS
   1166    1162 nginx: worker process        7984
    PID    PPID CMD                           RSS
   1167    1162 nginx: worker process        8112

Process: nginx (PID: 1164)
    PID    PPID CMD                           RSS
   1164    1162 nginx: worker process        7984

Process: nginx (PID: 1165)
    PID    PPID CMD                           RSS
   1165    1162 nginx: worker process        8368

Process: nginx (PID: 1166)
    PID    PPID CMD                           RSS
   1166    1162 nginx: worker process        7984

Process: nginx (PID: 1167)
    PID    PPID CMD                           RSS
   1167    1162 nginx: worker process        8112

Process: uwsgi (PID: 1168)
    PID    PPID CMD                           RSS
   1168     777 uwsgi /etc/ansible-automati 14208
  Children of PID 1168:
    PID    PPID CMD                           RSS
   1205    1168 uwsgi /etc/ansible-automati 135284
    PID    PPID CMD                           RSS
   1206    1168 uwsgi /etc/ansible-automati 135112
    PID    PPID CMD                           RSS
   1207    1168 uwsgi /etc/ansible-automati 135224
    PID    PPID CMD                           RSS
   1208    1168 uwsgi /etc/ansible-automati 135284
    PID    PPID CMD                           RSS
   1209    1168 uwsgi /etc/ansible-automati 135172

Process: uwsgi (PID: 1205)
    PID    PPID CMD                           RSS
   1205    1168 uwsgi /etc/ansible-automati 135284

Process: uwsgi (PID: 1206)
    PID    PPID CMD                           RSS
   1206    1168 uwsgi /etc/ansible-automati 135112

Process: uwsgi (PID: 1207)
    PID    PPID CMD                           RSS
   1207    1168 uwsgi /etc/ansible-automati 135224

Process: uwsgi (PID: 1208)
    PID    PPID CMD                           RSS
   1208    1168 uwsgi /etc/ansible-automati 135284

Process: uwsgi (PID: 1209)
    PID    PPID CMD                           RSS
   1209    1168 uwsgi /etc/ansible-automati 135172

Process: bash (PID: 746036)
    PID    PPID CMD                           RSS
 746036       1 bash -c  log_file="/tmp/mem  3456
  Children of PID 746036:
    PID    PPID CMD                           RSS
 746124  746036 bash -c  log_file="/tmp/mem  2064

Process: bash (PID: 746124)
    PID    PPID CMD                           RSS
 746124  746036 bash -c  log_file="/tmp/mem  2064
  Children of PID 746124:
    PID    PPID CMD                           RSS


Process Tree for AAP Services:
=== automation-controller Process Tree ===
bash(746036)---pstree(746183)
=== receptor Process Tree ===
receptor(751)-+-{receptor}(756)
              |-{receptor}(757)
              |-{receptor}(758)
              |-{receptor}(759)
              |-{receptor}(760)
              |-{receptor}(765)
              `-{receptor}(2141)
bash(746036)---pstree(746188)
=== nginx Process Tree ===
nginx(1162)-+-nginx(1164)
            |-nginx(1165)
            |-nginx(1166)
            `-nginx(1167)
nginx(1164)
nginx(1165)
nginx(1166)
nginx(1167)
bash(746036)---pstree(746197)
=== postgresql Process Tree ===
bash(746036)---pstree(746201)
=== redis Process Tree ===
redis-server(1112)-+-{redis-server}(1153)
                   |-{redis-server}(1154)
                   |-{redis-server}(1155)
                   `-{redis-server}(1156)
bash(746036)---pstree(746206)
=== uwsgi Process Tree ===
uwsgi(1168)-+-uwsgi(1205)
            |-uwsgi(1206)
            |-uwsgi(1207)
            |-uwsgi(1208)
            `-uwsgi(1209)
uwsgi(1205)
uwsgi(1206)
uwsgi(1207)
uwsgi(1208)
uwsgi(1209)
bash(746036)---pstree(746216)
=== automation-hub Process Tree ===
bash(746036)---pstree(746220)
=== automation-eda Process Tree ===
bash(746036)---pstree(746224)

=================================================================================
2025-07-07 09:06:36
Memory Usage Report:
               total        used        free      shared  buff/cache   available
Mem:            7681        1556        4956         148        1598        6124
Swap:           2047           0        2047

Top 10 Processes by RSS Memory:
    PID    PPID CMD                           RSS
   1205    1168 uwsgi /etc/ansible-automati 135284
   1208    1168 uwsgi /etc/ansible-automati 135284
   1207    1168 uwsgi /etc/ansible-automati 135224
   1209    1168 uwsgi /etc/ansible-automati 135172
   1206    1168 uwsgi /etc/ansible-automati 135112
   1172     777 /usr/bin/python3.11 -sP /us 116096
   1617    1172 /usr/bin/python3.11 -sP /us 103088
   1616    1172 /usr/bin/python3.11 -sP /us 103084
   1615    1172 /usr/bin/python3.11 -sP /us 101116
   1613    1172 /usr/bin/python3.11 -sP /us 100988

=== RECEPTOR PROCESS ANALYSIS ===
Receptor Main Processes:
    PID    PPID CMD                           RSS    VSZ %CPU %MEM     ELAPSED
    751       1 /usr/bin/receptor -c /etc/r 41692 1790028 0.0  0.5  3-19:03:35
Receptor Child Processes for PID 751:
  No child processes found
Receptor Threads for PID 751:
    PID    SPID %CPU %MEM   RSS COMMAND
    751     751  0.0  0.5 41692 receptor
    751     756  0.0  0.5 41692 receptor
    751     757  0.0  0.5 41692 receptor
    751     758  0.0  0.5 41692 receptor
    751     759  0.0  0.5 41692 receptor
    751     760  0.0  0.5 41692 receptor
    751     765  0.0  0.5 41692 receptor
    751    2141  0.0  0.5 41692 receptor
Receptor Network Connections for PID 751:
COMMAND      PID          USER   FD      TYPE             DEVICE SIZE/OFF     NODE NAME
envoy        744          root   39u     IPv4            6032203      0t0      TCP aap25-execution.aap-test.local:35964->aap25-execution.aap-test.local:pcsync-https (ESTABLISHED)
receptor     751           awx  cwd       DIR              253,0      235      128 /
receptor     751           awx  rtd       DIR              253,0      235      128 /
receptor     751           awx  txt       REG              253,0 55920336 33686933 /usr/bin/receptor
receptor     751           awx  mem       REG              253,0  5436640 50527991 /usr/lib64/libcrypto.so.3.2.2
receptor     751           awx  mem       REG              253,0   102552 50356340 /usr/lib64/libz.so.1.2.11
receptor     751           awx  mem       REG              253,0  2544344 50356320 /usr/lib64/libc.so.6
receptor     751           awx  mem       REG              253,0    70520 50356331 /usr/lib64/libresolv.so.2
receptor     751           awx  mem       REG              253,0   897856 50356316 /usr/lib64/ld-linux-x86-64.so.2
receptor     751           awx    0r      CHR                1,3      0t0        4 /dev/null
receptor     751           awx    1w      REG              253,0      888 17327669 /var/log/receptor/receptor.log
receptor     751           awx    2w      REG              253,0      888 17327669 /var/log/receptor/receptor.log
receptor     751           awx    3rW     REG               0,24        0      957 /run/awx-receptor/receptor.sock.lock
receptor     751           awx    4u  a_inode               0,14        0     2078 [eventpoll:5,7,8,9]
receptor     751           awx    5r     FIFO               0,13      0t0    24621 pipe
receptor     751           awx    6w     FIFO               0,13      0t0    24621 pipe
receptor     751           awx    7u     unix 0xffff9ae448c8f300      0t0    24624 /var/run/awx-receptor/receptor.sock type=STREAM (LISTEN)
receptor     751           awx    8u     IPv6              24629      0t0      TCP *:27199 (LISTEN)
receptor     751           awx    9u     IPv4              24235      0t0      TCP aap25-execution.aap-test.local:35552->aap25-control.aap-test.local:27199 (ESTABLISHED)
chronyd      762        chrony    5u     IPv4              24615      0t0      UDP localhost:323 
chronyd      762        chrony    6u     IPv6              24616      0t0      UDP localhost:323 
NetworkMa    774          root   26u     IPv4              24013      0t0      UDP aap25-execution.aap-test.local:bootpc->pi.hole:bootps 
sshd         797          root    3u     IPv4              22893      0t0      TCP *:ssh (LISTEN)
sshd         797          root    4u     IPv6              22895      0t0      TCP *:ssh (LISTEN)
node_expo   1111 node_exporter    3u     IPv6              21489      0t0      TCP *:jetdirect (LISTEN)
node_expo   1111 node_exporter    7u     IPv6              25899      0t0      TCP aap25-execution.aap-test.local:jetdirect->monitoring-node.aap-test.local:59590 (ESTABLISHED)
redis-ser   1112         redis    6u     IPv4              24055      0t0      TCP *:redis (LISTEN)
redis-ser   1112         redis    7u     IPv6              24056      0t0      TCP *:redis (LISTEN)
nginx       1162          root    6u     IPv4              24063      0t0      TCP *:pcsync-https (LISTEN)
nginx       1162          root    7u     IPv4              24064      0t0      TCP *:http (LISTEN)
nginx       1162          root    8u     IPv6              24065      0t0      TCP *:http (LISTEN)
nginx       1164         nginx    6u     IPv4              24063      0t0      TCP *:pcsync-https (LISTEN)
nginx       1164         nginx    7u     IPv4              24064      0t0      TCP *:http (LISTEN)
nginx       1164         nginx    8u     IPv6              24065      0t0      TCP *:http (LISTEN)
nginx       1165         nginx    6u     IPv4              24063      0t0      TCP *:pcsync-https (LISTEN)
nginx       1165         nginx    7u     IPv4              24064      0t0      TCP *:http (LISTEN)
nginx       1165         nginx    8u     IPv6              24065      0t0      TCP *:http (LISTEN)
nginx       1165         nginx   18u     IPv4            6032661      0t0      TCP aap25-execution.aap-test.local:pcsync-https->aap25-execution.aap-test.local:35964 (ESTABLISHED)
nginx       1166         nginx    6u     IPv4              24063      0t0      TCP *:pcsync-https (LISTEN)
nginx       1166         nginx    7u     IPv4              24064      0t0      TCP *:http (LISTEN)
nginx       1166         nginx    8u     IPv6              24065      0t0      TCP *:http (LISTEN)
nginx       1167         nginx    6u     IPv4              24063      0t0      TCP *:pcsync-https (LISTEN)
nginx       1167         nginx    7u     IPv4              24064      0t0      TCP *:http (LISTEN)
nginx       1167         nginx    8u     IPv6              24065      0t0      TCP *:http (LISTEN)
uwsgi       1168          root    3u     IPv4              25630      0t0      TCP localhost:8050 (LISTEN)
uwsgi       1205          root    3u     IPv4              25630      0t0      TCP localhost:8050 (LISTEN)
uwsgi       1206          root    3u     IPv4              25630      0t0      TCP localhost:8050 (LISTEN)
uwsgi       1207          root    3u     IPv4              25630      0t0      TCP localhost:8050 (LISTEN)
uwsgi       1208          root    3u     IPv4              25630      0t0      TCP localhost:8050 (LISTEN)
uwsgi       1209          root    3u     IPv4              25630      0t0      TCP localhost:8050 (LISTEN)
aap-gatew   1613          root    9u     IPv6              26755      0t0      TCP *:50051 (LISTEN)
aap-gatew   1614          root   11u     IPv6              26752      0t0      TCP *:50051 (LISTEN)
aap-gatew   1615          root   13u     IPv6              25760      0t0      TCP *:50051 (LISTEN)
aap-gatew   1616          root   15u     IPv6              24248      0t0      TCP *:50051 (LISTEN)
aap-gatew   1617          root   17u     IPv6              23372      0t0      TCP *:50051 (LISTEN)
sshd      745878          root    4u     IPv4            6070615      0t0      TCP aap25-execution.aap-test.local:ssh->192.168.1.49:36930 (ESTABLISHED)
sshd      745898          root    4u     IPv4            6070615      0t0      TCP aap25-execution.aap-test.local:ssh->192.168.1.49:36930 (ESTABLISHED)

    PID    PPID CMD                           RSS    VSZ %CPU %MEM     ELAPSED
 746036       1 bash -c  log_file="/tmp/mem  3456   7260  0.0  0.0       00:31
Receptor Child Processes for PID 746036:
      PID    PPID CMD                           RSS    VSZ %CPU %MEM     ELAPSED
Receptor Threads for PID 746036:
    PID    SPID %CPU %MEM   RSS COMMAND
 746036  746036  0.0  0.0  3456 bash
Receptor Network Connections for PID 746036:
COMMAND      PID          USER   FD   TYPE  DEVICE SIZE/OFF     NODE NAME
envoy        744          root   39u  IPv4 6032203      0t0      TCP aap25-execution.aap-test.local:35964->aap25-execution.aap-test.local:pcsync-https (ESTABLISHED)
receptor     751           awx    8u  IPv6   24629      0t0      TCP *:27199 (LISTEN)
receptor     751           awx    9u  IPv4   24235      0t0      TCP aap25-execution.aap-test.local:35552->aap25-control.aap-test.local:27199 (ESTABLISHED)
chronyd      762        chrony    5u  IPv4   24615      0t0      UDP localhost:323 
chronyd      762        chrony    6u  IPv6   24616      0t0      UDP localhost:323 
NetworkMa    774          root   26u  IPv4   24013      0t0      UDP aap25-execution.aap-test.local:bootpc->pi.hole:bootps 
sshd         797          root    3u  IPv4   22893      0t0      TCP *:ssh (LISTEN)
sshd         797          root    4u  IPv6   22895      0t0      TCP *:ssh (LISTEN)
node_expo   1111 node_exporter    3u  IPv6   21489      0t0      TCP *:jetdirect (LISTEN)
node_expo   1111 node_exporter    7u  IPv6   25899      0t0      TCP aap25-execution.aap-test.local:jetdirect->monitoring-node.aap-test.local:59590 (ESTABLISHED)
redis-ser   1112         redis    6u  IPv4   24055      0t0      TCP *:redis (LISTEN)
redis-ser   1112         redis    7u  IPv6   24056      0t0      TCP *:redis (LISTEN)
nginx       1162          root    6u  IPv4   24063      0t0      TCP *:pcsync-https (LISTEN)
nginx       1162          root    7u  IPv4   24064      0t0      TCP *:http (LISTEN)
nginx       1162          root    8u  IPv6   24065      0t0      TCP *:http (LISTEN)
nginx       1164         nginx    6u  IPv4   24063      0t0      TCP *:pcsync-https (LISTEN)
nginx       1164         nginx    7u  IPv4   24064      0t0      TCP *:http (LISTEN)
nginx       1164         nginx    8u  IPv6   24065      0t0      TCP *:http (LISTEN)
nginx       1165         nginx    6u  IPv4   24063      0t0      TCP *:pcsync-https (LISTEN)
nginx       1165         nginx    7u  IPv4   24064      0t0      TCP *:http (LISTEN)
nginx       1165         nginx    8u  IPv6   24065      0t0      TCP *:http (LISTEN)
nginx       1165         nginx   18u  IPv4 6032661      0t0      TCP aap25-execution.aap-test.local:pcsync-https->aap25-execution.aap-test.local:35964 (ESTABLISHED)
nginx       1166         nginx    6u  IPv4   24063      0t0      TCP *:pcsync-https (LISTEN)
nginx       1166         nginx    7u  IPv4   24064      0t0      TCP *:http (LISTEN)
nginx       1166         nginx    8u  IPv6   24065      0t0      TCP *:http (LISTEN)
nginx       1167         nginx    6u  IPv4   24063      0t0      TCP *:pcsync-https (LISTEN)
nginx       1167         nginx    7u  IPv4   24064      0t0      TCP *:http (LISTEN)
nginx       1167         nginx    8u  IPv6   24065      0t0      TCP *:http (LISTEN)
uwsgi       1168          root    3u  IPv4   25630      0t0      TCP localhost:8050 (LISTEN)
uwsgi       1205          root    3u  IPv4   25630      0t0      TCP localhost:8050 (LISTEN)
uwsgi       1206          root    3u  IPv4   25630      0t0      TCP localhost:8050 (LISTEN)
uwsgi       1207          root    3u  IPv4   25630      0t0      TCP localhost:8050 (LISTEN)
uwsgi       1208          root    3u  IPv4   25630      0t0      TCP localhost:8050 (LISTEN)
uwsgi       1209          root    3u  IPv4   25630      0t0      TCP localhost:8050 (LISTEN)
aap-gatew   1613          root    9u  IPv6   26755      0t0      TCP *:50051 (LISTEN)
aap-gatew   1614          root   11u  IPv6   26752      0t0      TCP *:50051 (LISTEN)
aap-gatew   1615          root   13u  IPv6   25760      0t0      TCP *:50051 (LISTEN)
aap-gatew   1616          root   15u  IPv6   24248      0t0      TCP *:50051 (LISTEN)
aap-gatew   1617          root   17u  IPv6   23372      0t0      TCP *:50051 (LISTEN)
sshd      745878          root    4u  IPv4 6070615      0t0      TCP aap25-execution.aap-test.local:ssh->192.168.1.49:36930 (ESTABLISHED)
sshd      745898          root    4u  IPv4 6070615      0t0      TCP aap25-execution.aap-test.local:ssh->192.168.1.49:36930 (ESTABLISHED)
bash      746036          root  cwd    DIR   253,0     4096 33685638 /root
bash      746036          root  rtd    DIR   253,0      235      128 /
bash      746036          root  txt    REG   253,0  1389072 33779126 /usr/bin/bash
bash      746036          root  mem    REG   253,0  2586930    30692 /usr/lib/locale/en_US.utf8/LC_COLLATE
bash      746036          root  mem    REG   253,0  2544344 50356320 /usr/lib64/libc.so.6
bash      746036          root  mem    REG   253,0   346132 50355997 /usr/lib/locale/C.utf8/LC_CTYPE
bash      746036          root  mem    REG   253,0       54    30695 /usr/lib/locale/en_US.utf8/LC_NUMERIC
bash      746036          root  mem    REG   253,0     3284 16862149 /usr/lib/locale/en_US.utf8/LC_TIME
bash      746036          root  mem    REG   253,0      286 16862147 /usr/lib/locale/en_US.utf8/LC_MONETARY
bash      746036          root  mem    REG   253,0       57 16862160 /usr/lib/locale/en_US.utf8/LC_MESSAGES/SYS_LC_MESSAGES
bash      746036          root  mem    REG   253,0    26988 33779313 /usr/lib64/gconv/gconv-modules.cache
bash      746036          root  mem    REG   253,0   195080 50355981 /usr/lib64/libtinfo.so.6.2
bash      746036          root  mem    REG   253,0       34 50356298 /usr/lib/locale/en_US.utf8/LC_PAPER
bash      746036          root  mem    REG   253,0       77    30694 /usr/lib/locale/en_US.utf8/LC_NAME
bash      746036          root  mem    REG   253,0      167 16862143 /usr/lib/locale/en_US.utf8/LC_ADDRESS
bash      746036          root  mem    REG   253,0       59 16862148 /usr/lib/locale/en_US.utf8/LC_TELEPHONE
bash      746036          root  mem    REG   253,0       23 16862146 /usr/lib/locale/en_US.utf8/LC_MEASUREMENT
bash      746036          root  mem    REG   253,0      369 16862145 /usr/lib/locale/en_US.utf8/LC_IDENTIFICATION
bash      746036          root  mem    REG   253,0   897856 50356316 /usr/lib64/ld-linux-x86-64.so.2
bash      746036          root    0r   CHR     1,3      0t0        4 /dev/null
bash      746036          root    1w   REG   253,0        0 17893681 /tmp/memory_monitor.log
bash      746036          root    2w   REG   253,0        0 17893681 /tmp/memory_monitor.log
bash      746036          root    3r  FIFO    0,13      0t0  6073094 pipe

    PID    PPID CMD                           RSS    VSZ %CPU %MEM     ELAPSED
Receptor Child Processes for PID 746299:
  No child processes found
Receptor Threads for PID 746299:
    PID    SPID %CPU %MEM   RSS COMMAND
Receptor Network Connections for PID 746299:
COMMAND      PID          USER   FD   TYPE  DEVICE SIZE/OFF NODE NAME
envoy        744          root   39u  IPv4 6032203      0t0  TCP aap25-execution.aap-test.local:35964->aap25-execution.aap-test.local:pcsync-https (ESTABLISHED)
receptor     751           awx    8u  IPv6   24629      0t0  TCP *:27199 (LISTEN)
receptor     751           awx    9u  IPv4   24235      0t0  TCP aap25-execution.aap-test.local:35552->aap25-control.aap-test.local:27199 (ESTABLISHED)
chronyd      762        chrony    5u  IPv4   24615      0t0  UDP localhost:323 
chronyd      762        chrony    6u  IPv6   24616      0t0  UDP localhost:323 
NetworkMa    774          root   26u  IPv4   24013      0t0  UDP aap25-execution.aap-test.local:bootpc->pi.hole:bootps 
sshd         797          root    3u  IPv4   22893      0t0  TCP *:ssh (LISTEN)
sshd         797          root    4u  IPv6   22895      0t0  TCP *:ssh (LISTEN)
node_expo   1111 node_exporter    3u  IPv6   21489      0t0  TCP *:jetdirect (LISTEN)
node_expo   1111 node_exporter    7u  IPv6   25899      0t0  TCP aap25-execution.aap-test.local:jetdirect->monitoring-node.aap-test.local:59590 (ESTABLISHED)
redis-ser   1112         redis    6u  IPv4   24055      0t0  TCP *:redis (LISTEN)
redis-ser   1112         redis    7u  IPv6   24056      0t0  TCP *:redis (LISTEN)
nginx       1162          root    6u  IPv4   24063      0t0  TCP *:pcsync-https (LISTEN)
nginx       1162          root    7u  IPv4   24064      0t0  TCP *:http (LISTEN)
nginx       1162          root    8u  IPv6   24065      0t0  TCP *:http (LISTEN)
nginx       1164         nginx    6u  IPv4   24063      0t0  TCP *:pcsync-https (LISTEN)
nginx       1164         nginx    7u  IPv4   24064      0t0  TCP *:http (LISTEN)
nginx       1164         nginx    8u  IPv6   24065      0t0  TCP *:http (LISTEN)
nginx       1165         nginx    6u  IPv4   24063      0t0  TCP *:pcsync-https (LISTEN)
nginx       1165         nginx    7u  IPv4   24064      0t0  TCP *:http (LISTEN)
nginx       1165         nginx    8u  IPv6   24065      0t0  TCP *:http (LISTEN)
nginx       1165         nginx   18u  IPv4 6032661      0t0  TCP aap25-execution.aap-test.local:pcsync-https->aap25-execution.aap-test.local:35964 (ESTABLISHED)
nginx       1166         nginx    6u  IPv4   24063      0t0  TCP *:pcsync-https (LISTEN)
nginx       1166         nginx    7u  IPv4   24064      0t0  TCP *:http (LISTEN)
nginx       1166         nginx    8u  IPv6   24065      0t0  TCP *:http (LISTEN)
nginx       1167         nginx    6u  IPv4   24063      0t0  TCP *:pcsync-https (LISTEN)
nginx       1167         nginx    7u  IPv4   24064      0t0  TCP *:http (LISTEN)
nginx       1167         nginx    8u  IPv6   24065      0t0  TCP *:http (LISTEN)
uwsgi       1168          root    3u  IPv4   25630      0t0  TCP localhost:8050 (LISTEN)
uwsgi       1205          root    3u  IPv4   25630      0t0  TCP localhost:8050 (LISTEN)
uwsgi       1206          root    3u  IPv4   25630      0t0  TCP localhost:8050 (LISTEN)
uwsgi       1207          root    3u  IPv4   25630      0t0  TCP localhost:8050 (LISTEN)
uwsgi       1208          root    3u  IPv4   25630      0t0  TCP localhost:8050 (LISTEN)
uwsgi       1209          root    3u  IPv4   25630      0t0  TCP localhost:8050 (LISTEN)
aap-gatew   1613          root    9u  IPv6   26755      0t0  TCP *:50051 (LISTEN)
aap-gatew   1614          root   11u  IPv6   26752      0t0  TCP *:50051 (LISTEN)
aap-gatew   1615          root   13u  IPv6   25760      0t0  TCP *:50051 (LISTEN)
aap-gatew   1616          root   15u  IPv6   24248      0t0  TCP *:50051 (LISTEN)
aap-gatew   1617          root   17u  IPv6   23372      0t0  TCP *:50051 (LISTEN)
sshd      745878          root    4u  IPv4 6070615      0t0  TCP aap25-execution.aap-test.local:ssh->192.168.1.49:36930 (ESTABLISHED)
sshd      745898          root    4u  IPv4 6070615      0t0  TCP aap25-execution.aap-test.local:ssh->192.168.1.49:36930 (ESTABLISHED)
  No network connections found

=== RECEPTOR MEMORY SUMMARY ===
Total Receptor RSS Memory: 45148 KB (44 MB)
Total Receptor VSZ Memory: 1797288 KB (1755 MB)
Number of Receptor Processes: 3

AAP-related Processes and Children:
=== AAP Service Processes ===
Process: receptor (PID: 751)
    PID    PPID CMD                           RSS
    751       1 /usr/bin/receptor -c /etc/r 41692

Process: redis-server (PID: 1112)
    PID    PPID CMD                           RSS
   1112       1 /usr/bin/redis-server *:637 14980

Process: nginx (PID: 1162)
    PID    PPID CMD                           RSS
   1162       1 nginx: master process /usr/  2480
  Children of PID 1162:
    PID    PPID CMD                           RSS
   1164    1162 nginx: worker process        7984
    PID    PPID CMD                           RSS
   1165    1162 nginx: worker process        8368
    PID    PPID CMD                           RSS
   1166    1162 nginx: worker process        7984
    PID    PPID CMD                           RSS
   1167    1162 nginx: worker process        8112

Process: nginx (PID: 1164)
    PID    PPID CMD                           RSS
   1164    1162 nginx: worker process        7984

Process: nginx (PID: 1165)
    PID    PPID CMD                           RSS
   1165    1162 nginx: worker process        8368

Process: nginx (PID: 1166)
    PID    PPID CMD                           RSS
   1166    1162 nginx: worker process        7984

Process: nginx (PID: 1167)
    PID    PPID CMD                           RSS
   1167    1162 nginx: worker process        8112

Process: uwsgi (PID: 1168)
    PID    PPID CMD                           RSS
   1168     777 uwsgi /etc/ansible-automati 14208
  Children of PID 1168:
    PID    PPID CMD                           RSS
   1205    1168 uwsgi /etc/ansible-automati 135284
    PID    PPID CMD                           RSS
   1206    1168 uwsgi /etc/ansible-automati 135112
    PID    PPID CMD                           RSS
   1207    1168 uwsgi /etc/ansible-automati 135224
    PID    PPID CMD                           RSS
   1208    1168 uwsgi /etc/ansible-automati 135284
    PID    PPID CMD                           RSS
   1209    1168 uwsgi /etc/ansible-automati 135172

Process: uwsgi (PID: 1205)
    PID    PPID CMD                           RSS
   1205    1168 uwsgi /etc/ansible-automati 135284

Process: uwsgi (PID: 1206)
    PID    PPID CMD                           RSS
   1206    1168 uwsgi /etc/ansible-automati 135112

Process: uwsgi (PID: 1207)
    PID    PPID CMD                           RSS
   1207    1168 uwsgi /etc/ansible-automati 135224

Process: uwsgi (PID: 1208)
    PID    PPID CMD                           RSS
   1208    1168 uwsgi /etc/ansible-automati 135284

Process: uwsgi (PID: 1209)
    PID    PPID CMD                           RSS
   1209    1168 uwsgi /etc/ansible-automati 135172

Process: bash (PID: 746036)
    PID    PPID CMD                           RSS
 746036       1 bash -c  log_file="/tmp/mem  3456
  Children of PID 746036:
    PID    PPID CMD                           RSS
 746379  746036 bash -c  log_file="/tmp/mem  2080

Process: bash (PID: 746379)
    PID    PPID CMD                           RSS
 746379  746036 bash -c  log_file="/tmp/mem  2080
  Children of PID 746379:
    PID    PPID CMD                           RSS


Process Tree for AAP Services:
=== automation-controller Process Tree ===
bash(746036)---pstree(746438)
=== receptor Process Tree ===
receptor(751)-+-{receptor}(756)
              |-{receptor}(757)
              |-{receptor}(758)
              |-{receptor}(759)
              |-{receptor}(760)
              |-{receptor}(765)
              `-{receptor}(2141)
bash(746036)---pstree(746443)
=== nginx Process Tree ===
nginx(1162)-+-nginx(1164)
            |-nginx(1165)
            |-nginx(1166)
            `-nginx(1167)
nginx(1164)
nginx(1165)
nginx(1166)
nginx(1167)
bash(746036)---pstree(746452)
=== postgresql Process Tree ===
bash(746036)---pstree(746456)
=== redis Process Tree ===
redis-server(1112)-+-{redis-server}(1153)
                   |-{redis-server}(1154)
                   |-{redis-server}(1155)
                   `-{redis-server}(1156)
bash(746036)---pstree(746461)
=== uwsgi Process Tree ===
uwsgi(1168)-+-uwsgi(1205)
            |-uwsgi(1206)
            |-uwsgi(1207)
            |-uwsgi(1208)
            `-uwsgi(1209)
uwsgi(1205)
uwsgi(1206)
uwsgi(1207)
uwsgi(1208)
uwsgi(1209)
bash(746036)---pstree(746471)
=== automation-hub Process Tree ===
bash(746036)---pstree(746475)
=== automation-eda Process Tree ===
bash(746036)---pstree(746479)

=================================================================================
2025-07-07 09:07:08
Memory Usage Report:
               total        used        free      shared  buff/cache   available
Mem:            7681        1810        4699         148        1604        5870
Swap:           2047           0        2047

Top 10 Processes by RSS Memory:
    PID    PPID CMD                           RSS
   1205    1168 uwsgi /etc/ansible-automati 135284
   1208    1168 uwsgi /etc/ansible-automati 135284
   1207    1168 uwsgi /etc/ansible-automati 135224
   1209    1168 uwsgi /etc/ansible-automati 135172
   1206    1168 uwsgi /etc/ansible-automati 135112
   1172     777 /usr/bin/python3.11 -sP /us 116096
   1617    1172 /usr/bin/python3.11 -sP /us 103088
   1616    1172 /usr/bin/python3.11 -sP /us 103084
   1615    1172 /usr/bin/python3.11 -sP /us 101116
   1613    1172 /usr/bin/python3.11 -sP /us 100988

=== RECEPTOR PROCESS ANALYSIS ===
Receptor Main Processes:
    PID    PPID CMD                           RSS    VSZ %CPU %MEM     ELAPSED
    751       1 /usr/bin/receptor -c /etc/r 42016 1790028 0.0  0.5  3-19:04:06
Receptor Child Processes for PID 751:
      PID    PPID CMD                           RSS    VSZ %CPU %MEM     ELAPSED
 747027     751 /usr/bin/receptor --node id 36568 1788364 0.6  0.4       00:03
Receptor Threads for PID 751:
    PID    SPID %CPU %MEM   RSS COMMAND
    751     751  0.0  0.5 42016 receptor
    751     756  0.0  0.5 42016 receptor
    751     757  0.0  0.5 42016 receptor
    751     758  0.0  0.5 42016 receptor
    751     759  0.0  0.5 42016 receptor
    751     760  0.0  0.5 42016 receptor
    751     765  0.0  0.5 42016 receptor
    751    2141  0.0  0.5 42016 receptor
Receptor Network Connections for PID 751:
COMMAND      PID          USER   FD      TYPE             DEVICE SIZE/OFF     NODE NAME
envoy        744          root   39u     IPv4            6032203      0t0      TCP aap25-execution.aap-test.local:35964->aap25-execution.aap-test.local:pcsync-https (ESTABLISHED)
receptor     751           awx  cwd       DIR              253,0      235      128 /
receptor     751           awx  rtd       DIR              253,0      235      128 /
receptor     751           awx  txt       REG              253,0 55920336 33686933 /usr/bin/receptor
receptor     751           awx  mem       REG              253,0  5436640 50527991 /usr/lib64/libcrypto.so.3.2.2
receptor     751           awx  mem       REG              253,0   102552 50356340 /usr/lib64/libz.so.1.2.11
receptor     751           awx  mem       REG              253,0  2544344 50356320 /usr/lib64/libc.so.6
receptor     751           awx  mem       REG              253,0    70520 50356331 /usr/lib64/libresolv.so.2
receptor     751           awx  mem       REG              253,0   897856 50356316 /usr/lib64/ld-linux-x86-64.so.2
receptor     751           awx    0r      CHR                1,3      0t0        4 /dev/null
receptor     751           awx    1w      REG              253,0      888 17327669 /var/log/receptor/receptor.log
receptor     751           awx    2w      REG              253,0      888 17327669 /var/log/receptor/receptor.log
receptor     751           awx    3rW     REG               0,24        0      957 /run/awx-receptor/receptor.sock.lock
receptor     751           awx    4u  a_inode               0,14        0     2078 [eventpoll:5,7,8,9,10]
receptor     751           awx    5r     FIFO               0,13      0t0    24621 pipe
receptor     751           awx    6w     FIFO               0,13      0t0    24621 pipe
receptor     751           awx    7u     unix 0xffff9ae448c8f300      0t0    24624 /var/run/awx-receptor/receptor.sock type=STREAM (LISTEN)
receptor     751           awx    8u     IPv6              24629      0t0      TCP *:27199 (LISTEN)
receptor     751           awx    9u     IPv4              24235      0t0      TCP aap25-execution.aap-test.local:35552->aap25-control.aap-test.local:27199 (ESTABLISHED)
receptor     751           awx   10r  a_inode               0,14        0     2078 inotify
receptor     751           awx   11r      REG              253,0    33936 17719177 /tmp/receptor/192.168.1.20/pFVrDBUa/stdout
chronyd      762        chrony    5u     IPv4              24615      0t0      UDP localhost:323 
chronyd      762        chrony    6u     IPv6              24616      0t0      UDP localhost:323 
NetworkMa    774          root   26u     IPv4              24013      0t0      UDP aap25-execution.aap-test.local:bootpc->pi.hole:bootps 
sshd         797          root    3u     IPv4              22893      0t0      TCP *:ssh (LISTEN)
sshd         797          root    4u     IPv6              22895      0t0      TCP *:ssh (LISTEN)
node_expo   1111 node_exporter    3u     IPv6              21489      0t0      TCP *:jetdirect (LISTEN)
node_expo   1111 node_exporter    7u     IPv6              25899      0t0      TCP aap25-execution.aap-test.local:jetdirect->monitoring-node.aap-test.local:59590 (ESTABLISHED)
redis-ser   1112         redis    6u     IPv4              24055      0t0      TCP *:redis (LISTEN)
redis-ser   1112         redis    7u     IPv6              24056      0t0      TCP *:redis (LISTEN)
nginx       1162          root    6u     IPv4              24063      0t0      TCP *:pcsync-https (LISTEN)
nginx       1162          root    7u     IPv4              24064      0t0      TCP *:http (LISTEN)
nginx       1162          root    8u     IPv6              24065      0t0      TCP *:http (LISTEN)
nginx       1164         nginx    6u     IPv4              24063      0t0      TCP *:pcsync-https (LISTEN)
nginx       1164         nginx    7u     IPv4              24064      0t0      TCP *:http (LISTEN)
nginx       1164         nginx    8u     IPv6              24065      0t0      TCP *:http (LISTEN)
nginx       1165         nginx    6u     IPv4              24063      0t0      TCP *:pcsync-https (LISTEN)
nginx       1165         nginx    7u     IPv4              24064      0t0      TCP *:http (LISTEN)
nginx       1165         nginx    8u     IPv6              24065      0t0      TCP *:http (LISTEN)
nginx       1165         nginx   18u     IPv4            6032661      0t0      TCP aap25-execution.aap-test.local:pcsync-https->aap25-execution.aap-test.local:35964 (ESTABLISHED)
nginx       1166         nginx    6u     IPv4              24063      0t0      TCP *:pcsync-https (LISTEN)
nginx       1166         nginx    7u     IPv4              24064      0t0      TCP *:http (LISTEN)
nginx       1166         nginx    8u     IPv6              24065      0t0      TCP *:http (LISTEN)
nginx       1167         nginx    6u     IPv4              24063      0t0      TCP *:pcsync-https (LISTEN)
nginx       1167         nginx    7u     IPv4              24064      0t0      TCP *:http (LISTEN)
nginx       1167         nginx    8u     IPv6              24065      0t0      TCP *:http (LISTEN)
uwsgi       1168          root    3u     IPv4              25630      0t0      TCP localhost:8050 (LISTEN)
uwsgi       1205          root    3u     IPv4              25630      0t0      TCP localhost:8050 (LISTEN)
uwsgi       1206          root    3u     IPv4              25630      0t0      TCP localhost:8050 (LISTEN)
uwsgi       1207          root    3u     IPv4              25630      0t0      TCP localhost:8050 (LISTEN)
uwsgi       1208          root    3u     IPv4              25630      0t0      TCP localhost:8050 (LISTEN)
uwsgi       1209          root    3u     IPv4              25630      0t0      TCP localhost:8050 (LISTEN)
aap-gatew   1613          root    9u     IPv6              26755      0t0      TCP *:50051 (LISTEN)
aap-gatew   1614          root   11u     IPv6              26752      0t0      TCP *:50051 (LISTEN)
aap-gatew   1615          root   13u     IPv6              25760      0t0      TCP *:50051 (LISTEN)
aap-gatew   1616          root   15u     IPv6              24248      0t0      TCP *:50051 (LISTEN)
aap-gatew   1617          root   17u     IPv6              23372      0t0      TCP *:50051 (LISTEN)
sshd      745878          root    4u     IPv4            6070615      0t0      TCP aap25-execution.aap-test.local:ssh->192.168.1.49:36930 (ESTABLISHED)
sshd      745898          root    4u     IPv4            6070615      0t0      TCP aap25-execution.aap-test.local:ssh->192.168.1.49:36930 (ESTABLISHED)
sshd      746542          root    4u     IPv4            6075629      0t0      TCP aap25-execution.aap-test.local:ssh->192.168.1.168:51740 (ESTABLISHED)
sshd      746546          root    4u     IPv4            6075629      0t0      TCP aap25-execution.aap-test.local:ssh->192.168.1.168:51740 (ESTABLISHED)
slirp4net 747066           awx    3u     IPv4            6077029      0t0      TCP aap25-execution.aap-test.local:44240->aap25-execution.aap-test.local:ssh (ESTABLISHED)
sshd      747101          root    4u     IPv4            6075047      0t0      TCP aap25-execution.aap-test.local:ssh->aap25-execution.aap-test.local:44240 (ESTABLISHED)
sshd      747108          root    4u     IPv4            6075047      0t0      TCP aap25-execution.aap-test.local:ssh->aap25-execution.aap-test.local:44240 (ESTABLISHED)

    PID    PPID CMD                           RSS    VSZ %CPU %MEM     ELAPSED
 746036       1 bash -c  log_file="/tmp/mem  3456   7260  0.0  0.0       01:02
Receptor Child Processes for PID 746036:
      PID    PPID CMD                           RSS    VSZ %CPU %MEM     ELAPSED
Receptor Threads for PID 746036:
    PID    SPID %CPU %MEM   RSS COMMAND
 746036  746036  0.0  0.0  3456 bash
Receptor Network Connections for PID 746036:
COMMAND      PID          USER   FD   TYPE  DEVICE SIZE/OFF     NODE NAME
envoy        744          root   39u  IPv4 6032203      0t0      TCP aap25-execution.aap-test.local:35964->aap25-execution.aap-test.local:pcsync-https (ESTABLISHED)
receptor     751           awx    8u  IPv6   24629      0t0      TCP *:27199 (LISTEN)
receptor     751           awx    9u  IPv4   24235      0t0      TCP aap25-execution.aap-test.local:35552->aap25-control.aap-test.local:27199 (ESTABLISHED)
chronyd      762        chrony    5u  IPv4   24615      0t0      UDP localhost:323 
chronyd      762        chrony    6u  IPv6   24616      0t0      UDP localhost:323 
NetworkMa    774          root   26u  IPv4   24013      0t0      UDP aap25-execution.aap-test.local:bootpc->pi.hole:bootps 
sshd         797          root    3u  IPv4   22893      0t0      TCP *:ssh (LISTEN)
sshd         797          root    4u  IPv6   22895      0t0      TCP *:ssh (LISTEN)
node_expo   1111 node_exporter    3u  IPv6   21489      0t0      TCP *:jetdirect (LISTEN)
node_expo   1111 node_exporter    7u  IPv6   25899      0t0      TCP aap25-execution.aap-test.local:jetdirect->monitoring-node.aap-test.local:59590 (ESTABLISHED)
redis-ser   1112         redis    6u  IPv4   24055      0t0      TCP *:redis (LISTEN)
redis-ser   1112         redis    7u  IPv6   24056      0t0      TCP *:redis (LISTEN)
nginx       1162          root    6u  IPv4   24063      0t0      TCP *:pcsync-https (LISTEN)
nginx       1162          root    7u  IPv4   24064      0t0      TCP *:http (LISTEN)
nginx       1162          root    8u  IPv6   24065      0t0      TCP *:http (LISTEN)
nginx       1164         nginx    6u  IPv4   24063      0t0      TCP *:pcsync-https (LISTEN)
nginx       1164         nginx    7u  IPv4   24064      0t0      TCP *:http (LISTEN)
nginx       1164         nginx    8u  IPv6   24065      0t0      TCP *:http (LISTEN)
nginx       1165         nginx    6u  IPv4   24063      0t0      TCP *:pcsync-https (LISTEN)
nginx       1165         nginx    7u  IPv4   24064      0t0      TCP *:http (LISTEN)
nginx       1165         nginx    8u  IPv6   24065      0t0      TCP *:http (LISTEN)
nginx       1165         nginx   18u  IPv4 6032661      0t0      TCP aap25-execution.aap-test.local:pcsync-https->aap25-execution.aap-test.local:35964 (ESTABLISHED)
nginx       1166         nginx    6u  IPv4   24063      0t0      TCP *:pcsync-https (LISTEN)
nginx       1166         nginx    7u  IPv4   24064      0t0      TCP *:http (LISTEN)
nginx       1166         nginx    8u  IPv6   24065      0t0      TCP *:http (LISTEN)
nginx       1167         nginx    6u  IPv4   24063      0t0      TCP *:pcsync-https (LISTEN)
nginx       1167         nginx    7u  IPv4   24064      0t0      TCP *:http (LISTEN)
nginx       1167         nginx    8u  IPv6   24065      0t0      TCP *:http (LISTEN)
uwsgi       1168          root    3u  IPv4   25630      0t0      TCP localhost:8050 (LISTEN)
uwsgi       1205          root    3u  IPv4   25630      0t0      TCP localhost:8050 (LISTEN)
uwsgi       1206          root    3u  IPv4   25630      0t0      TCP localhost:8050 (LISTEN)
uwsgi       1207          root    3u  IPv4   25630      0t0      TCP localhost:8050 (LISTEN)
uwsgi       1208          root    3u  IPv4   25630      0t0      TCP localhost:8050 (LISTEN)
uwsgi       1209          root    3u  IPv4   25630      0t0      TCP localhost:8050 (LISTEN)
aap-gatew   1613          root    9u  IPv6   26755      0t0      TCP *:50051 (LISTEN)
aap-gatew   1614          root   11u  IPv6   26752      0t0      TCP *:50051 (LISTEN)
aap-gatew   1615          root   13u  IPv6   25760      0t0      TCP *:50051 (LISTEN)
aap-gatew   1616          root   15u  IPv6   24248      0t0      TCP *:50051 (LISTEN)
aap-gatew   1617          root   17u  IPv6   23372      0t0      TCP *:50051 (LISTEN)
sshd      745878          root    4u  IPv4 6070615      0t0      TCP aap25-execution.aap-test.local:ssh->192.168.1.49:36930 (ESTABLISHED)
sshd      745898          root    4u  IPv4 6070615      0t0      TCP aap25-execution.aap-test.local:ssh->192.168.1.49:36930 (ESTABLISHED)
bash      746036          root  cwd    DIR   253,0     4096 33685638 /root
bash      746036          root  rtd    DIR   253,0      235      128 /
bash      746036          root  txt    REG   253,0  1389072 33779126 /usr/bin/bash
bash      746036          root  mem    REG   253,0  2586930    30692 /usr/lib/locale/en_US.utf8/LC_COLLATE
bash      746036          root  mem    REG   253,0  2544344 50356320 /usr/lib64/libc.so.6
bash      746036          root  mem    REG   253,0   346132 50355997 /usr/lib/locale/C.utf8/LC_CTYPE
bash      746036          root  mem    REG   253,0       54    30695 /usr/lib/locale/en_US.utf8/LC_NUMERIC
bash      746036          root  mem    REG   253,0     3284 16862149 /usr/lib/locale/en_US.utf8/LC_TIME
bash      746036          root  mem    REG   253,0      286 16862147 /usr/lib/locale/en_US.utf8/LC_MONETARY
bash      746036          root  mem    REG   253,0       57 16862160 /usr/lib/locale/en_US.utf8/LC_MESSAGES/SYS_LC_MESSAGES
bash      746036          root  mem    REG   253,0    26988 33779313 /usr/lib64/gconv/gconv-modules.cache
bash      746036          root  mem    REG   253,0   195080 50355981 /usr/lib64/libtinfo.so.6.2
bash      746036          root  mem    REG   253,0       34 50356298 /usr/lib/locale/en_US.utf8/LC_PAPER
bash      746036          root  mem    REG   253,0       77    30694 /usr/lib/locale/en_US.utf8/LC_NAME
bash      746036          root  mem    REG   253,0      167 16862143 /usr/lib/locale/en_US.utf8/LC_ADDRESS
bash      746036          root  mem    REG   253,0       59 16862148 /usr/lib/locale/en_US.utf8/LC_TELEPHONE
bash      746036          root  mem    REG   253,0       23 16862146 /usr/lib/locale/en_US.utf8/LC_MEASUREMENT
bash      746036          root  mem    REG   253,0      369 16862145 /usr/lib/locale/en_US.utf8/LC_IDENTIFICATION
bash      746036          root  mem    REG   253,0   897856 50356316 /usr/lib64/ld-linux-x86-64.so.2
bash      746036          root    0r   CHR     1,3      0t0        4 /dev/null
bash      746036          root    1w   REG   253,0        0 17893681 /tmp/memory_monitor.log
bash      746036          root    2w   REG   253,0        0 17893681 /tmp/memory_monitor.log
bash      746036          root    3r  FIFO    0,13      0t0  6079520 pipe
sshd      746542          root    4u  IPv4 6075629      0t0      TCP aap25-execution.aap-test.local:ssh->192.168.1.168:51740 (ESTABLISHED)
sshd      746546          root    4u  IPv4 6075629      0t0      TCP aap25-execution.aap-test.local:ssh->192.168.1.168:51740 (ESTABLISHED)
slirp4net 747066           awx    3u  IPv4 6077029      0t0      TCP aap25-execution.aap-test.local:44240->aap25-execution.aap-test.local:ssh (ESTABLISHED)
sshd      747101          root    4u  IPv4 6075047      0t0      TCP aap25-execution.aap-test.local:ssh->aap25-execution.aap-test.local:44240 (ESTABLISHED)
sshd      747108          root    4u  IPv4 6075047      0t0      TCP aap25-execution.aap-test.local:ssh->aap25-execution.aap-test.local:44240 (ESTABLISHED)

    PID    PPID CMD                           RSS    VSZ %CPU %MEM     ELAPSED
 747027     751 /usr/bin/receptor --node id 36568 1788364 0.5  0.4       00:04
Receptor Child Processes for PID 747027:
      PID    PPID CMD                           RSS    VSZ %CPU %MEM     ELAPSED
 747035  747027 /usr/bin/python3.11 -sP /us 57588 137472  3.5  0.7       00:04
Receptor Threads for PID 747027:
    PID    SPID %CPU %MEM   RSS COMMAND
 747027  747027  0.0  0.4 36568 receptor
 747027  747028  0.0  0.4 36568 receptor
 747027  747029  0.0  0.4 36568 receptor
 747027  747030  0.0  0.4 36568 receptor
 747027  747031  0.0  0.4 36568 receptor
 747027  747032  0.0  0.4 36568 receptor
 747027  747033  0.0  0.4 36568 receptor
 747027  747034  0.0  0.4 36568 receptor
Receptor Network Connections for PID 747027:
COMMAND      PID          USER   FD      TYPE  DEVICE SIZE/OFF     NODE NAME
envoy        744          root   39u     IPv4 6032203      0t0      TCP aap25-execution.aap-test.local:35964->aap25-execution.aap-test.local:pcsync-https (ESTABLISHED)
receptor     751           awx    8u     IPv6   24629      0t0      TCP *:27199 (LISTEN)
receptor     751           awx    9u     IPv4   24235      0t0      TCP aap25-execution.aap-test.local:35552->aap25-control.aap-test.local:27199 (ESTABLISHED)
chronyd      762        chrony    5u     IPv4   24615      0t0      UDP localhost:323 
chronyd      762        chrony    6u     IPv6   24616      0t0      UDP localhost:323 
NetworkMa    774          root   26u     IPv4   24013      0t0      UDP aap25-execution.aap-test.local:bootpc->pi.hole:bootps 
sshd         797          root    3u     IPv4   22893      0t0      TCP *:ssh (LISTEN)
sshd         797          root    4u     IPv6   22895      0t0      TCP *:ssh (LISTEN)
node_expo   1111 node_exporter    3u     IPv6   21489      0t0      TCP *:jetdirect (LISTEN)
node_expo   1111 node_exporter    7u     IPv6   25899      0t0      TCP aap25-execution.aap-test.local:jetdirect->monitoring-node.aap-test.local:59590 (ESTABLISHED)
redis-ser   1112         redis    6u     IPv4   24055      0t0      TCP *:redis (LISTEN)
redis-ser   1112         redis    7u     IPv6   24056      0t0      TCP *:redis (LISTEN)
nginx       1162          root    6u     IPv4   24063      0t0      TCP *:pcsync-https (LISTEN)
nginx       1162          root    7u     IPv4   24064      0t0      TCP *:http (LISTEN)
nginx       1162          root    8u     IPv6   24065      0t0      TCP *:http (LISTEN)
nginx       1164         nginx    6u     IPv4   24063      0t0      TCP *:pcsync-https (LISTEN)
nginx       1164         nginx    7u     IPv4   24064      0t0      TCP *:http (LISTEN)
nginx       1164         nginx    8u     IPv6   24065      0t0      TCP *:http (LISTEN)
nginx       1165         nginx    6u     IPv4   24063      0t0      TCP *:pcsync-https (LISTEN)
nginx       1165         nginx    7u     IPv4   24064      0t0      TCP *:http (LISTEN)
nginx       1165         nginx    8u     IPv6   24065      0t0      TCP *:http (LISTEN)
nginx       1165         nginx   18u     IPv4 6032661      0t0      TCP aap25-execution.aap-test.local:pcsync-https->aap25-execution.aap-test.local:35964 (ESTABLISHED)
nginx       1166         nginx    6u     IPv4   24063      0t0      TCP *:pcsync-https (LISTEN)
nginx       1166         nginx    7u     IPv4   24064      0t0      TCP *:http (LISTEN)
nginx       1166         nginx    8u     IPv6   24065      0t0      TCP *:http (LISTEN)
nginx       1167         nginx    6u     IPv4   24063      0t0      TCP *:pcsync-https (LISTEN)
nginx       1167         nginx    7u     IPv4   24064      0t0      TCP *:http (LISTEN)
nginx       1167         nginx    8u     IPv6   24065      0t0      TCP *:http (LISTEN)
uwsgi       1168          root    3u     IPv4   25630      0t0      TCP localhost:8050 (LISTEN)
uwsgi       1205          root    3u     IPv4   25630      0t0      TCP localhost:8050 (LISTEN)
uwsgi       1206          root    3u     IPv4   25630      0t0      TCP localhost:8050 (LISTEN)
uwsgi       1207          root    3u     IPv4   25630      0t0      TCP localhost:8050 (LISTEN)
uwsgi       1208          root    3u     IPv4   25630      0t0      TCP localhost:8050 (LISTEN)
uwsgi       1209          root    3u     IPv4   25630      0t0      TCP localhost:8050 (LISTEN)
aap-gatew   1613          root    9u     IPv6   26755      0t0      TCP *:50051 (LISTEN)
aap-gatew   1614          root   11u     IPv6   26752      0t0      TCP *:50051 (LISTEN)
aap-gatew   1615          root   13u     IPv6   25760      0t0      TCP *:50051 (LISTEN)
aap-gatew   1616          root   15u     IPv6   24248      0t0      TCP *:50051 (LISTEN)
aap-gatew   1617          root   17u     IPv6   23372      0t0      TCP *:50051 (LISTEN)
sshd      745878          root    4u     IPv4 6070615      0t0      TCP aap25-execution.aap-test.local:ssh->192.168.1.49:36930 (ESTABLISHED)
sshd      745898          root    4u     IPv4 6070615      0t0      TCP aap25-execution.aap-test.local:ssh->192.168.1.49:36930 (ESTABLISHED)
sshd      746542          root    4u     IPv4 6075629      0t0      TCP aap25-execution.aap-test.local:ssh->192.168.1.168:51740 (ESTABLISHED)
sshd      746546          root    4u     IPv4 6075629      0t0      TCP aap25-execution.aap-test.local:ssh->192.168.1.168:51740 (ESTABLISHED)
receptor  747027           awx  cwd       DIR   253,0      235      128 /
receptor  747027           awx  rtd       DIR   253,0      235      128 /
receptor  747027           awx  txt       REG   253,0 55920336 33686933 /usr/bin/receptor
receptor  747027           awx  mem       REG   253,0  5436640 50527991 /usr/lib64/libcrypto.so.3.2.2
receptor  747027           awx  mem       REG   253,0  2544344 50356320 /usr/lib64/libc.so.6
receptor  747027           awx  mem       REG   253,0   102552 50356340 /usr/lib64/libz.so.1.2.11
receptor  747027           awx  mem       REG   253,0    70520 50356331 /usr/lib64/libresolv.so.2
receptor  747027           awx  mem       REG   253,0   897856 50356316 /usr/lib64/ld-linux-x86-64.so.2
receptor  747027           awx    0r      CHR     1,3      0t0        4 /dev/null
receptor  747027           awx    1w      REG   253,0      888 17327669 /var/log/receptor/receptor.log
receptor  747027           awx    2w      REG   253,0      888 17327669 /var/log/receptor/receptor.log
receptor  747027           awx    3r      REG   253,0    63880 17719176 /tmp/receptor/192.168.1.20/pFVrDBUa/stdin
receptor  747027           awx    4u  a_inode    0,14        0     2078 [eventpoll:5]
receptor  747027           awx    5r     FIFO    0,13      0t0  6077670 pipe
receptor  747027           awx    6w     FIFO    0,13      0t0  6077670 pipe
receptor  747027           awx    7w      REG   253,0    33936 17719177 /tmp/receptor/192.168.1.20/pFVrDBUa/stdout
slirp4net 747066           awx    3u     IPv4 6077029      0t0      TCP aap25-execution.aap-test.local:44240->aap25-execution.aap-test.local:ssh (ESTABLISHED)
sshd      747101          root    4u     IPv4 6075047      0t0      TCP aap25-execution.aap-test.local:ssh->aap25-execution.aap-test.local:44240 (ESTABLISHED)
sshd      747108          root    4u     IPv4 6075047      0t0      TCP aap25-execution.aap-test.local:ssh->aap25-execution.aap-test.local:44240 (ESTABLISHED)

    PID    PPID CMD                           RSS    VSZ %CPU %MEM     ELAPSED
Receptor Child Processes for PID 747384:
  No child processes found
Receptor Threads for PID 747384:
    PID    SPID %CPU %MEM   RSS COMMAND
Receptor Network Connections for PID 747384:
COMMAND      PID          USER   FD   TYPE  DEVICE SIZE/OFF NODE NAME
envoy        744          root   39u  IPv4 6032203      0t0  TCP aap25-execution.aap-test.local:35964->aap25-execution.aap-test.local:pcsync-https (ESTABLISHED)
receptor     751           awx    8u  IPv6   24629      0t0  TCP *:27199 (LISTEN)
receptor     751           awx    9u  IPv4   24235      0t0  TCP aap25-execution.aap-test.local:35552->aap25-control.aap-test.local:27199 (ESTABLISHED)
chronyd      762        chrony    5u  IPv4   24615      0t0  UDP localhost:323 
chronyd      762        chrony    6u  IPv6   24616      0t0  UDP localhost:323 
NetworkMa    774          root   26u  IPv4   24013      0t0  UDP aap25-execution.aap-test.local:bootpc->pi.hole:bootps 
sshd         797          root    3u  IPv4   22893      0t0  TCP *:ssh (LISTEN)
sshd         797          root    4u  IPv6   22895      0t0  TCP *:ssh (LISTEN)
node_expo   1111 node_exporter    3u  IPv6   21489      0t0  TCP *:jetdirect (LISTEN)
node_expo   1111 node_exporter    7u  IPv6   25899      0t0  TCP aap25-execution.aap-test.local:jetdirect->monitoring-node.aap-test.local:59590 (ESTABLISHED)
redis-ser   1112         redis    6u  IPv4   24055      0t0  TCP *:redis (LISTEN)
redis-ser   1112         redis    7u  IPv6   24056      0t0  TCP *:redis (LISTEN)
nginx       1162          root    6u  IPv4   24063      0t0  TCP *:pcsync-https (LISTEN)
nginx       1162          root    7u  IPv4   24064      0t0  TCP *:http (LISTEN)
nginx       1162          root    8u  IPv6   24065      0t0  TCP *:http (LISTEN)
nginx       1164         nginx    6u  IPv4   24063      0t0  TCP *:pcsync-https (LISTEN)
nginx       1164         nginx    7u  IPv4   24064      0t0  TCP *:http (LISTEN)
nginx       1164         nginx    8u  IPv6   24065      0t0  TCP *:http (LISTEN)
nginx       1165         nginx    6u  IPv4   24063      0t0  TCP *:pcsync-https (LISTEN)
nginx       1165         nginx    7u  IPv4   24064      0t0  TCP *:http (LISTEN)
nginx       1165         nginx    8u  IPv6   24065      0t0  TCP *:http (LISTEN)
nginx       1165         nginx   18u  IPv4 6032661      0t0  TCP aap25-execution.aap-test.local:pcsync-https->aap25-execution.aap-test.local:35964 (ESTABLISHED)
nginx       1166         nginx    6u  IPv4   24063      0t0  TCP *:pcsync-https (LISTEN)
nginx       1166         nginx    7u  IPv4   24064      0t0  TCP *:http (LISTEN)
nginx       1166         nginx    8u  IPv6   24065      0t0  TCP *:http (LISTEN)
nginx       1167         nginx    6u  IPv4   24063      0t0  TCP *:pcsync-https (LISTEN)
nginx       1167         nginx    7u  IPv4   24064      0t0  TCP *:http (LISTEN)
nginx       1167         nginx    8u  IPv6   24065      0t0  TCP *:http (LISTEN)
uwsgi       1168          root    3u  IPv4   25630      0t0  TCP localhost:8050 (LISTEN)
uwsgi       1205          root    3u  IPv4   25630      0t0  TCP localhost:8050 (LISTEN)
uwsgi       1206          root    3u  IPv4   25630      0t0  TCP localhost:8050 (LISTEN)
uwsgi       1207          root    3u  IPv4   25630      0t0  TCP localhost:8050 (LISTEN)
uwsgi       1208          root    3u  IPv4   25630      0t0  TCP localhost:8050 (LISTEN)
uwsgi       1209          root    3u  IPv4   25630      0t0  TCP localhost:8050 (LISTEN)
aap-gatew   1613          root    9u  IPv6   26755      0t0  TCP *:50051 (LISTEN)
aap-gatew   1614          root   11u  IPv6   26752      0t0  TCP *:50051 (LISTEN)
aap-gatew   1615          root   13u  IPv6   25760      0t0  TCP *:50051 (LISTEN)
aap-gatew   1616          root   15u  IPv6   24248      0t0  TCP *:50051 (LISTEN)
aap-gatew   1617          root   17u  IPv6   23372      0t0  TCP *:50051 (LISTEN)
sshd      745878          root    4u  IPv4 6070615      0t0  TCP aap25-execution.aap-test.local:ssh->192.168.1.49:36930 (ESTABLISHED)
sshd      745898          root    4u  IPv4 6070615      0t0  TCP aap25-execution.aap-test.local:ssh->192.168.1.49:36930 (ESTABLISHED)
sshd      746542          root    4u  IPv4 6075629      0t0  TCP aap25-execution.aap-test.local:ssh->192.168.1.168:51740 (ESTABLISHED)
sshd      746546          root    4u  IPv4 6075629      0t0  TCP aap25-execution.aap-test.local:ssh->192.168.1.168:51740 (ESTABLISHED)
slirp4net 747066           awx    3u  IPv4 6077029      0t0  TCP aap25-execution.aap-test.local:44240->aap25-execution.aap-test.local:ssh (ESTABLISHED)
sshd      747101          root    4u  IPv4 6075047      0t0  TCP aap25-execution.aap-test.local:ssh->aap25-execution.aap-test.local:44240 (ESTABLISHED)
sshd      747108          root    4u  IPv4 6075047      0t0  TCP aap25-execution.aap-test.local:ssh->aap25-execution.aap-test.local:44240 (ESTABLISHED)
  No network connections found

=== RECEPTOR MEMORY SUMMARY ===
Total Receptor RSS Memory: 176196 KB (172 MB)
Total Receptor VSZ Memory: 5511488 KB (5382 MB)
Number of Receptor Processes: 4

AAP-related Processes and Children:
=== AAP Service Processes ===
Process: receptor (PID: 751)
    PID    PPID CMD                           RSS
    751       1 /usr/bin/receptor -c /etc/r 42016
  Children of PID 751:
    PID    PPID CMD                           RSS
 747027     751 /usr/bin/receptor --node id 36696

Process: redis-server (PID: 1112)
    PID    PPID CMD                           RSS
   1112       1 /usr/bin/redis-server *:637 14980

Process: nginx (PID: 1162)
    PID    PPID CMD                           RSS
   1162       1 nginx: master process /usr/  2480
  Children of PID 1162:
    PID    PPID CMD                           RSS
   1164    1162 nginx: worker process        7984
    PID    PPID CMD                           RSS
   1165    1162 nginx: worker process        8368
    PID    PPID CMD                           RSS
   1166    1162 nginx: worker process        7984
    PID    PPID CMD                           RSS
   1167    1162 nginx: worker process        8112

Process: nginx (PID: 1164)
    PID    PPID CMD                           RSS
   1164    1162 nginx: worker process        7984

Process: nginx (PID: 1165)
    PID    PPID CMD                           RSS
   1165    1162 nginx: worker process        8368

Process: nginx (PID: 1166)
    PID    PPID CMD                           RSS
   1166    1162 nginx: worker process        7984

Process: nginx (PID: 1167)
    PID    PPID CMD                           RSS
   1167    1162 nginx: worker process        8112

Process: uwsgi (PID: 1168)
    PID    PPID CMD                           RSS
   1168     777 uwsgi /etc/ansible-automati 14208
  Children of PID 1168:
    PID    PPID CMD                           RSS
   1205    1168 uwsgi /etc/ansible-automati 135284
    PID    PPID CMD                           RSS
   1206    1168 uwsgi /etc/ansible-automati 135112
    PID    PPID CMD                           RSS
   1207    1168 uwsgi /etc/ansible-automati 135224
    PID    PPID CMD                           RSS
   1208    1168 uwsgi /etc/ansible-automati 135284
    PID    PPID CMD                           RSS
   1209    1168 uwsgi /etc/ansible-automati 135172

Process: uwsgi (PID: 1205)
    PID    PPID CMD                           RSS
   1205    1168 uwsgi /etc/ansible-automati 135284

Process: uwsgi (PID: 1206)
    PID    PPID CMD                           RSS
   1206    1168 uwsgi /etc/ansible-automati 135112

Process: uwsgi (PID: 1207)
    PID    PPID CMD                           RSS
   1207    1168 uwsgi /etc/ansible-automati 135224

Process: uwsgi (PID: 1208)
    PID    PPID CMD                           RSS
   1208    1168 uwsgi /etc/ansible-automati 135284

Process: uwsgi (PID: 1209)
    PID    PPID CMD                           RSS
   1209    1168 uwsgi /etc/ansible-automati 135172

Process: bash (PID: 746036)
    PID    PPID CMD                           RSS
 746036       1 bash -c  log_file="/tmp/mem  3456
  Children of PID 746036:
    PID    PPID CMD                           RSS
 747679  746036 bash -c  log_file="/tmp/mem  2096

Process: receptor (PID: 747027)
    PID    PPID CMD                           RSS
 747027     751 /usr/bin/receptor --node id 36696
  Children of PID 747027:
    PID    PPID CMD                           RSS
 747035  747027 /usr/bin/python3.11 -sP /us 57588

Process: bash (PID: 747679)
    PID    PPID CMD                           RSS
 747679  746036 bash -c  log_file="/tmp/mem  2096
  Children of PID 747679:
    PID    PPID CMD                           RSS


Process Tree for AAP Services:
=== automation-controller Process Tree ===
bash(746036)---pstree(747797)
=== receptor Process Tree ===
receptor(751)-+-receptor(747027)-+-ansible-runner(747035)---podman(747045)-+-exe(747053)-+-slirp4netns(747066)
              |                  |                                         |             |-{exe}(747054)
              |                  |                                         |             |-{exe}(747055)
              |                  |                                         |             |-{exe}(747056)
              |                  |                                         |             |-{exe}(747057)
              |                  |                                         |             |-{exe}(747058)
              |                  |                                         |             |-{exe}(747061)
              |                  |                                         |             |-{exe}(747063)
              |                  |                                         |             |-{exe}(747062)
              |                  |                                         |             `-{exe}(747068)
              |                  |                                         |-{podman}(747046)
              |                  |                                         |-{podman}(747047)
              |                  |                                         |-{podman}(747048)
              |                  |                                         |-{podman}(747049)
              |                  |                                         |-{podman}(747050)
              |                  |                                         |-{podman}(747051)
              |                  |                                         `-{podman}(747052)
              |                  |-{receptor}(747028)
              |                  |-{receptor}(747029)
              |                  |-{receptor}(747030)
              |                  |-{receptor}(747031)
              |                  |-{receptor}(747032)
              |                  |-{receptor}(747033)
              |                  `-{receptor}(747034)
              |-{receptor}(756)
              |-{receptor}(757)
              |-{receptor}(758)
              |-{receptor}(759)
              |-{receptor}(760)
              |-{receptor}(765)
              `-{receptor}(2141)
bash(746036)---pstree(747802)
receptor(747027)-+-ansible-runner(747035)---podman(747045)-+-exe(747053)-+-slirp4netns(747066)
                 |                                         |             |-{exe}(747054)
                 |                                         |             |-{exe}(747055)
                 |                                         |             |-{exe}(747056)
                 |                                         |             |-{exe}(747057)
                 |                                         |             |-{exe}(747058)
                 |                                         |             |-{exe}(747061)
                 |                                         |             |-{exe}(747063)
                 |                                         |             |-{exe}(747062)
                 |                                         |             `-{exe}(747068)
                 |                                         |-{podman}(747046)
                 |                                         |-{podman}(747047)
                 |                                         |-{podman}(747048)
                 |                                         |-{podman}(747049)
                 |                                         |-{podman}(747050)
                 |                                         |-{podman}(747051)
                 |                                         `-{podman}(747052)
                 |-{receptor}(747028)
                 |-{receptor}(747029)
                 |-{receptor}(747030)
                 |-{receptor}(747031)
                 |-{receptor}(747032)
                 |-{receptor}(747033)
                 `-{receptor}(747034)
=== nginx Process Tree ===
nginx(1162)-+-nginx(1164)
            |-nginx(1165)
            |-nginx(1166)
            `-nginx(1167)
nginx(1164)
nginx(1165)
nginx(1166)
nginx(1167)
bash(746036)---pstree(747812)
=== postgresql Process Tree ===
bash(746036)---pstree(747816)
=== redis Process Tree ===
redis-server(1112)-+-{redis-server}(1153)
                   |-{redis-server}(1154)
                   |-{redis-server}(1155)
                   `-{redis-server}(1156)
bash(746036)---pstree(747821)
=== uwsgi Process Tree ===
uwsgi(1168)-+-uwsgi(1205)
            |-uwsgi(1206)
            |-uwsgi(1207)
            |-uwsgi(1208)
            `-uwsgi(1209)
uwsgi(1205)
uwsgi(1206)
uwsgi(1207)
uwsgi(1208)
uwsgi(1209)
bash(746036)---pstree(747831)
=== automation-hub Process Tree ===
bash(746036)---pstree(747835)
=== automation-eda Process Tree ===
bash(746036)---pstree(747839)

=================================================================================
2025-07-07 09:07:39
Memory Usage Report:
               total        used        free      shared  buff/cache   available
Mem:            7681        1785        4722         148        1605        5895
Swap:           2047           0        2047

Top 10 Processes by RSS Memory:
    PID    PPID CMD                           RSS
   1205    1168 uwsgi /etc/ansible-automati 135284
   1208    1168 uwsgi /etc/ansible-automati 135284
   1207    1168 uwsgi /etc/ansible-automati 135224
   1209    1168 uwsgi /etc/ansible-automati 135172
   1206    1168 uwsgi /etc/ansible-automati 135112
   1172     777 /usr/bin/python3.11 -sP /us 116096
   1617    1172 /usr/bin/python3.11 -sP /us 103088
   1616    1172 /usr/bin/python3.11 -sP /us 103084
   1615    1172 /usr/bin/python3.11 -sP /us 101116
   1613    1172 /usr/bin/python3.11 -sP /us 100988

=== RECEPTOR PROCESS ANALYSIS ===
Receptor Main Processes:
    PID    PPID CMD                           RSS    VSZ %CPU %MEM     ELAPSED
    751       1 /usr/bin/receptor -c /etc/r 42484 1790028 0.0  0.5  3-19:04:38
Receptor Child Processes for PID 751:
      PID    PPID CMD                           RSS    VSZ %CPU %MEM     ELAPSED
 747027     751 /usr/bin/receptor --node id 38232 1936660 0.2  0.4       00:35
Receptor Threads for PID 751:
    PID    SPID %CPU %MEM   RSS COMMAND
    751     751  0.0  0.5 42484 receptor
    751     756  0.0  0.5 42484 receptor
    751     757  0.0  0.5 42484 receptor
    751     758  0.0  0.5 42484 receptor
    751     759  0.0  0.5 42484 receptor
    751     760  0.0  0.5 42484 receptor
    751     765  0.0  0.5 42484 receptor
    751    2141  0.0  0.5 42484 receptor
Receptor Network Connections for PID 751:
COMMAND      PID          USER   FD      TYPE             DEVICE SIZE/OFF     NODE NAME
envoy        744          root   39u     IPv4            6032203      0t0      TCP aap25-execution.aap-test.local:35964->aap25-execution.aap-test.local:pcsync-https (ESTABLISHED)
receptor     751           awx  cwd       DIR              253,0      235      128 /
receptor     751           awx  rtd       DIR              253,0      235      128 /
receptor     751           awx  txt       REG              253,0 55920336 33686933 /usr/bin/receptor
receptor     751           awx  mem       REG              253,0  5436640 50527991 /usr/lib64/libcrypto.so.3.2.2
receptor     751           awx  mem       REG              253,0   102552 50356340 /usr/lib64/libz.so.1.2.11
receptor     751           awx  mem       REG              253,0  2544344 50356320 /usr/lib64/libc.so.6
receptor     751           awx  mem       REG              253,0    70520 50356331 /usr/lib64/libresolv.so.2
receptor     751           awx  mem       REG              253,0   897856 50356316 /usr/lib64/ld-linux-x86-64.so.2
receptor     751           awx    0r      CHR                1,3      0t0        4 /dev/null
receptor     751           awx    1w      REG              253,0      888 17327669 /var/log/receptor/receptor.log
receptor     751           awx    2w      REG              253,0      888 17327669 /var/log/receptor/receptor.log
receptor     751           awx    3rW     REG               0,24        0      957 /run/awx-receptor/receptor.sock.lock
receptor     751           awx    4u  a_inode               0,14        0     2078 [eventpoll:5,7,8,9,10]
receptor     751           awx    5r     FIFO               0,13      0t0    24621 pipe
receptor     751           awx    6w     FIFO               0,13      0t0    24621 pipe
receptor     751           awx    7u     unix 0xffff9ae448c8f300      0t0    24624 /var/run/awx-receptor/receptor.sock type=STREAM (LISTEN)
receptor     751           awx    8u     IPv6              24629      0t0      TCP *:27199 (LISTEN)
receptor     751           awx    9u     IPv4              24235      0t0      TCP aap25-execution.aap-test.local:35552->aap25-control.aap-test.local:27199 (ESTABLISHED)
receptor     751           awx   10r  a_inode               0,14        0     2078 inotify
receptor     751           awx   11r      REG              253,0    38068 17719177 /tmp/receptor/192.168.1.20/pFVrDBUa/stdout
chronyd      762        chrony    5u     IPv4              24615      0t0      UDP localhost:323 
chronyd      762        chrony    6u     IPv6              24616      0t0      UDP localhost:323 
NetworkMa    774          root   26u     IPv4              24013      0t0      UDP aap25-execution.aap-test.local:bootpc->pi.hole:bootps 
sshd         797          root    3u     IPv4              22893      0t0      TCP *:ssh (LISTEN)
sshd         797          root    4u     IPv6              22895      0t0      TCP *:ssh (LISTEN)
node_expo   1111 node_exporter    3u     IPv6              21489      0t0      TCP *:jetdirect (LISTEN)
node_expo   1111 node_exporter    7u     IPv6              25899      0t0      TCP aap25-execution.aap-test.local:jetdirect->monitoring-node.aap-test.local:59590 (ESTABLISHED)
redis-ser   1112         redis    6u     IPv4              24055      0t0      TCP *:redis (LISTEN)
redis-ser   1112         redis    7u     IPv6              24056      0t0      TCP *:redis (LISTEN)
nginx       1162          root    6u     IPv4              24063      0t0      TCP *:pcsync-https (LISTEN)
nginx       1162          root    7u     IPv4              24064      0t0      TCP *:http (LISTEN)
nginx       1162          root    8u     IPv6              24065      0t0      TCP *:http (LISTEN)
nginx       1164         nginx    6u     IPv4              24063      0t0      TCP *:pcsync-https (LISTEN)
nginx       1164         nginx    7u     IPv4              24064      0t0      TCP *:http (LISTEN)
nginx       1164         nginx    8u     IPv6              24065      0t0      TCP *:http (LISTEN)
nginx       1165         nginx    6u     IPv4              24063      0t0      TCP *:pcsync-https (LISTEN)
nginx       1165         nginx    7u     IPv4              24064      0t0      TCP *:http (LISTEN)
nginx       1165         nginx    8u     IPv6              24065      0t0      TCP *:http (LISTEN)
nginx       1165         nginx   18u     IPv4            6032661      0t0      TCP aap25-execution.aap-test.local:pcsync-https->aap25-execution.aap-test.local:35964 (ESTABLISHED)
nginx       1166         nginx    6u     IPv4              24063      0t0      TCP *:pcsync-https (LISTEN)
nginx       1166         nginx    7u     IPv4              24064      0t0      TCP *:http (LISTEN)
nginx       1166         nginx    8u     IPv6              24065      0t0      TCP *:http (LISTEN)
nginx       1167         nginx    6u     IPv4              24063      0t0      TCP *:pcsync-https (LISTEN)
nginx       1167         nginx    7u     IPv4              24064      0t0      TCP *:http (LISTEN)
nginx       1167         nginx    8u     IPv6              24065      0t0      TCP *:http (LISTEN)
uwsgi       1168          root    3u     IPv4              25630      0t0      TCP localhost:8050 (LISTEN)
uwsgi       1205          root    3u     IPv4              25630      0t0      TCP localhost:8050 (LISTEN)
uwsgi       1206          root    3u     IPv4              25630      0t0      TCP localhost:8050 (LISTEN)
uwsgi       1207          root    3u     IPv4              25630      0t0      TCP localhost:8050 (LISTEN)
uwsgi       1208          root    3u     IPv4              25630      0t0      TCP localhost:8050 (LISTEN)
uwsgi       1209          root    3u     IPv4              25630      0t0      TCP localhost:8050 (LISTEN)
aap-gatew   1613          root    9u     IPv6              26755      0t0      TCP *:50051 (LISTEN)
aap-gatew   1614          root   11u     IPv6              26752      0t0      TCP *:50051 (LISTEN)
aap-gatew   1615          root   13u     IPv6              25760      0t0      TCP *:50051 (LISTEN)
aap-gatew   1616          root   15u     IPv6              24248      0t0      TCP *:50051 (LISTEN)
aap-gatew   1617          root   17u     IPv6              23372      0t0      TCP *:50051 (LISTEN)
sshd      745878          root    4u     IPv4            6070615      0t0      TCP aap25-execution.aap-test.local:ssh->192.168.1.49:36930 (ESTABLISHED)
sshd      745898          root    4u     IPv4            6070615      0t0      TCP aap25-execution.aap-test.local:ssh->192.168.1.49:36930 (ESTABLISHED)
sshd      746542          root    4u     IPv4            6075629      0t0      TCP aap25-execution.aap-test.local:ssh->192.168.1.168:51740 (ESTABLISHED)
sshd      746546          root    4u     IPv4            6075629      0t0      TCP aap25-execution.aap-test.local:ssh->192.168.1.168:51740 (ESTABLISHED)
slirp4net 747066           awx    3u     IPv4            6077029      0t0      TCP aap25-execution.aap-test.local:44240->aap25-execution.aap-test.local:ssh (ESTABLISHED)
sshd      747101          root    4u     IPv4            6075047      0t0      TCP aap25-execution.aap-test.local:ssh->aap25-execution.aap-test.local:44240 (ESTABLISHED)
sshd      747108          root    4u     IPv4            6075047      0t0      TCP aap25-execution.aap-test.local:ssh->aap25-execution.aap-test.local:44240 (ESTABLISHED)

    PID    PPID CMD                           RSS    VSZ %CPU %MEM     ELAPSED
 746036       1 bash -c  log_file="/tmp/mem  3456   7260  0.0  0.0       01:34
Receptor Child Processes for PID 746036:
      PID    PPID CMD                           RSS    VSZ %CPU %MEM     ELAPSED
Receptor Threads for PID 746036:
    PID    SPID %CPU %MEM   RSS COMMAND
 746036  746036  0.0  0.0  3456 bash
Receptor Network Connections for PID 746036:
COMMAND      PID          USER   FD   TYPE  DEVICE SIZE/OFF     NODE NAME
envoy        744          root   39u  IPv4 6032203      0t0      TCP aap25-execution.aap-test.local:35964->aap25-execution.aap-test.local:pcsync-https (ESTABLISHED)
receptor     751           awx    8u  IPv6   24629      0t0      TCP *:27199 (LISTEN)
receptor     751           awx    9u  IPv4   24235      0t0      TCP aap25-execution.aap-test.local:35552->aap25-control.aap-test.local:27199 (ESTABLISHED)
chronyd      762        chrony    5u  IPv4   24615      0t0      UDP localhost:323 
chronyd      762        chrony    6u  IPv6   24616      0t0      UDP localhost:323 
NetworkMa    774          root   26u  IPv4   24013      0t0      UDP aap25-execution.aap-test.local:bootpc->pi.hole:bootps 
sshd         797          root    3u  IPv4   22893      0t0      TCP *:ssh (LISTEN)
sshd         797          root    4u  IPv6   22895      0t0      TCP *:ssh (LISTEN)
node_expo   1111 node_exporter    3u  IPv6   21489      0t0      TCP *:jetdirect (LISTEN)
node_expo   1111 node_exporter    7u  IPv6   25899      0t0      TCP aap25-execution.aap-test.local:jetdirect->monitoring-node.aap-test.local:59590 (ESTABLISHED)
redis-ser   1112         redis    6u  IPv4   24055      0t0      TCP *:redis (LISTEN)
redis-ser   1112         redis    7u  IPv6   24056      0t0      TCP *:redis (LISTEN)
nginx       1162          root    6u  IPv4   24063      0t0      TCP *:pcsync-https (LISTEN)
nginx       1162          root    7u  IPv4   24064      0t0      TCP *:http (LISTEN)
nginx       1162          root    8u  IPv6   24065      0t0      TCP *:http (LISTEN)
nginx       1164         nginx    6u  IPv4   24063      0t0      TCP *:pcsync-https (LISTEN)
nginx       1164         nginx    7u  IPv4   24064      0t0      TCP *:http (LISTEN)
nginx       1164         nginx    8u  IPv6   24065      0t0      TCP *:http (LISTEN)
nginx       1165         nginx    6u  IPv4   24063      0t0      TCP *:pcsync-https (LISTEN)
nginx       1165         nginx    7u  IPv4   24064      0t0      TCP *:http (LISTEN)
nginx       1165         nginx    8u  IPv6   24065      0t0      TCP *:http (LISTEN)
nginx       1165         nginx   18u  IPv4 6032661      0t0      TCP aap25-execution.aap-test.local:pcsync-https->aap25-execution.aap-test.local:35964 (ESTABLISHED)
nginx       1166         nginx    6u  IPv4   24063      0t0      TCP *:pcsync-https (LISTEN)
nginx       1166         nginx    7u  IPv4   24064      0t0      TCP *:http (LISTEN)
nginx       1166         nginx    8u  IPv6   24065      0t0      TCP *:http (LISTEN)
nginx       1167         nginx    6u  IPv4   24063      0t0      TCP *:pcsync-https (LISTEN)
nginx       1167         nginx    7u  IPv4   24064      0t0      TCP *:http (LISTEN)
nginx       1167         nginx    8u  IPv6   24065      0t0      TCP *:http (LISTEN)
uwsgi       1168          root    3u  IPv4   25630      0t0      TCP localhost:8050 (LISTEN)
uwsgi       1205          root    3u  IPv4   25630      0t0      TCP localhost:8050 (LISTEN)
uwsgi       1206          root    3u  IPv4   25630      0t0      TCP localhost:8050 (LISTEN)
uwsgi       1207          root    3u  IPv4   25630      0t0      TCP localhost:8050 (LISTEN)
uwsgi       1208          root    3u  IPv4   25630      0t0      TCP localhost:8050 (LISTEN)
uwsgi       1209          root    3u  IPv4   25630      0t0      TCP localhost:8050 (LISTEN)
aap-gatew   1613          root    9u  IPv6   26755      0t0      TCP *:50051 (LISTEN)
aap-gatew   1614          root   11u  IPv6   26752      0t0      TCP *:50051 (LISTEN)
aap-gatew   1615          root   13u  IPv6   25760      0t0      TCP *:50051 (LISTEN)
aap-gatew   1616          root   15u  IPv6   24248      0t0      TCP *:50051 (LISTEN)
aap-gatew   1617          root   17u  IPv6   23372      0t0      TCP *:50051 (LISTEN)
sshd      745878          root    4u  IPv4 6070615      0t0      TCP aap25-execution.aap-test.local:ssh->192.168.1.49:36930 (ESTABLISHED)
sshd      745898          root    4u  IPv4 6070615      0t0      TCP aap25-execution.aap-test.local:ssh->192.168.1.49:36930 (ESTABLISHED)
bash      746036          root  cwd    DIR   253,0     4096 33685638 /root
bash      746036          root  rtd    DIR   253,0      235      128 /
bash      746036          root  txt    REG   253,0  1389072 33779126 /usr/bin/bash
bash      746036          root  mem    REG   253,0  2586930    30692 /usr/lib/locale/en_US.utf8/LC_COLLATE
bash      746036          root  mem    REG   253,0  2544344 50356320 /usr/lib64/libc.so.6
bash      746036          root  mem    REG   253,0   346132 50355997 /usr/lib/locale/C.utf8/LC_CTYPE
bash      746036          root  mem    REG   253,0       54    30695 /usr/lib/locale/en_US.utf8/LC_NUMERIC
bash      746036          root  mem    REG   253,0     3284 16862149 /usr/lib/locale/en_US.utf8/LC_TIME
bash      746036          root  mem    REG   253,0      286 16862147 /usr/lib/locale/en_US.utf8/LC_MONETARY
bash      746036          root  mem    REG   253,0       57 16862160 /usr/lib/locale/en_US.utf8/LC_MESSAGES/SYS_LC_MESSAGES
bash      746036          root  mem    REG   253,0    26988 33779313 /usr/lib64/gconv/gconv-modules.cache
bash      746036          root  mem    REG   253,0   195080 50355981 /usr/lib64/libtinfo.so.6.2
bash      746036          root  mem    REG   253,0       34 50356298 /usr/lib/locale/en_US.utf8/LC_PAPER
bash      746036          root  mem    REG   253,0       77    30694 /usr/lib/locale/en_US.utf8/LC_NAME
bash      746036          root  mem    REG   253,0      167 16862143 /usr/lib/locale/en_US.utf8/LC_ADDRESS
bash      746036          root  mem    REG   253,0       59 16862148 /usr/lib/locale/en_US.utf8/LC_TELEPHONE
bash      746036          root  mem    REG   253,0       23 16862146 /usr/lib/locale/en_US.utf8/LC_MEASUREMENT
bash      746036          root  mem    REG   253,0      369 16862145 /usr/lib/locale/en_US.utf8/LC_IDENTIFICATION
bash      746036          root  mem    REG   253,0   897856 50356316 /usr/lib64/ld-linux-x86-64.so.2
bash      746036          root    0r   CHR     1,3      0t0        4 /dev/null
bash      746036          root    1w   REG   253,0        0 17893681 /tmp/memory_monitor.log
bash      746036          root    2w   REG   253,0        0 17893681 /tmp/memory_monitor.log
bash      746036          root    3r  FIFO    0,13      0t0  6081218 pipe
sshd      746542          root    4u  IPv4 6075629      0t0      TCP aap25-execution.aap-test.local:ssh->192.168.1.168:51740 (ESTABLISHED)
sshd      746546          root    4u  IPv4 6075629      0t0      TCP aap25-execution.aap-test.local:ssh->192.168.1.168:51740 (ESTABLISHED)
slirp4net 747066           awx    3u  IPv4 6077029      0t0      TCP aap25-execution.aap-test.local:44240->aap25-execution.aap-test.local:ssh (ESTABLISHED)
sshd      747101          root    4u  IPv4 6075047      0t0      TCP aap25-execution.aap-test.local:ssh->aap25-execution.aap-test.local:44240 (ESTABLISHED)
sshd      747108          root    4u  IPv4 6075047      0t0      TCP aap25-execution.aap-test.local:ssh->aap25-execution.aap-test.local:44240 (ESTABLISHED)

    PID    PPID CMD                           RSS    VSZ %CPU %MEM     ELAPSED
 747027     751 /usr/bin/receptor --node id 38232 1936660 0.2  0.4       00:35
Receptor Child Processes for PID 747027:
      PID    PPID CMD                           RSS    VSZ %CPU %MEM     ELAPSED
 747035  747027 /usr/bin/python3.11 -sP /us 57588 137472  0.4  0.7       00:35
Receptor Threads for PID 747027:
    PID    SPID %CPU %MEM   RSS COMMAND
 747027  747027  0.0  0.4 38232 receptor
 747027  747028  0.0  0.4 38232 receptor
 747027  747029  0.0  0.4 38232 receptor
 747027  747030  0.0  0.4 38232 receptor
 747027  747031  0.0  0.4 38232 receptor
 747027  747032  0.0  0.4 38232 receptor
 747027  747033  0.0  0.4 38232 receptor
 747027  747034  0.0  0.4 38232 receptor
 747027  747922  0.0  0.4 38232 receptor
 747027  747923  0.0  0.4 38232 receptor
Receptor Network Connections for PID 747027:
COMMAND      PID          USER   FD      TYPE  DEVICE SIZE/OFF     NODE NAME
envoy        744          root   39u     IPv4 6032203      0t0      TCP aap25-execution.aap-test.local:35964->aap25-execution.aap-test.local:pcsync-https (ESTABLISHED)
receptor     751           awx    8u     IPv6   24629      0t0      TCP *:27199 (LISTEN)
receptor     751           awx    9u     IPv4   24235      0t0      TCP aap25-execution.aap-test.local:35552->aap25-control.aap-test.local:27199 (ESTABLISHED)
chronyd      762        chrony    5u     IPv4   24615      0t0      UDP localhost:323 
chronyd      762        chrony    6u     IPv6   24616      0t0      UDP localhost:323 
NetworkMa    774          root   26u     IPv4   24013      0t0      UDP aap25-execution.aap-test.local:bootpc->pi.hole:bootps 
sshd         797          root    3u     IPv4   22893      0t0      TCP *:ssh (LISTEN)
sshd         797          root    4u     IPv6   22895      0t0      TCP *:ssh (LISTEN)
node_expo   1111 node_exporter    3u     IPv6   21489      0t0      TCP *:jetdirect (LISTEN)
node_expo   1111 node_exporter    7u     IPv6   25899      0t0      TCP aap25-execution.aap-test.local:jetdirect->monitoring-node.aap-test.local:59590 (ESTABLISHED)
redis-ser   1112         redis    6u     IPv4   24055      0t0      TCP *:redis (LISTEN)
redis-ser   1112         redis    7u     IPv6   24056      0t0      TCP *:redis (LISTEN)
nginx       1162          root    6u     IPv4   24063      0t0      TCP *:pcsync-https (LISTEN)
nginx       1162          root    7u     IPv4   24064      0t0      TCP *:http (LISTEN)
nginx       1162          root    8u     IPv6   24065      0t0      TCP *:http (LISTEN)
nginx       1164         nginx    6u     IPv4   24063      0t0      TCP *:pcsync-https (LISTEN)
nginx       1164         nginx    7u     IPv4   24064      0t0      TCP *:http (LISTEN)
nginx       1164         nginx    8u     IPv6   24065      0t0      TCP *:http (LISTEN)
nginx       1165         nginx    6u     IPv4   24063      0t0      TCP *:pcsync-https (LISTEN)
nginx       1165         nginx    7u     IPv4   24064      0t0      TCP *:http (LISTEN)
nginx       1165         nginx    8u     IPv6   24065      0t0      TCP *:http (LISTEN)
nginx       1165         nginx   18u     IPv4 6032661      0t0      TCP aap25-execution.aap-test.local:pcsync-https->aap25-execution.aap-test.local:35964 (ESTABLISHED)
nginx       1166         nginx    6u     IPv4   24063      0t0      TCP *:pcsync-https (LISTEN)
nginx       1166         nginx    7u     IPv4   24064      0t0      TCP *:http (LISTEN)
nginx       1166         nginx    8u     IPv6   24065      0t0      TCP *:http (LISTEN)
nginx       1167         nginx    6u     IPv4   24063      0t0      TCP *:pcsync-https (LISTEN)
nginx       1167         nginx    7u     IPv4   24064      0t0      TCP *:http (LISTEN)
nginx       1167         nginx    8u     IPv6   24065      0t0      TCP *:http (LISTEN)
uwsgi       1168          root    3u     IPv4   25630      0t0      TCP localhost:8050 (LISTEN)
uwsgi       1205          root    3u     IPv4   25630      0t0      TCP localhost:8050 (LISTEN)
uwsgi       1206          root    3u     IPv4   25630      0t0      TCP localhost:8050 (LISTEN)
uwsgi       1207          root    3u     IPv4   25630      0t0      TCP localhost:8050 (LISTEN)
uwsgi       1208          root    3u     IPv4   25630      0t0      TCP localhost:8050 (LISTEN)
uwsgi       1209          root    3u     IPv4   25630      0t0      TCP localhost:8050 (LISTEN)
aap-gatew   1613          root    9u     IPv6   26755      0t0      TCP *:50051 (LISTEN)
aap-gatew   1614          root   11u     IPv6   26752      0t0      TCP *:50051 (LISTEN)
aap-gatew   1615          root   13u     IPv6   25760      0t0      TCP *:50051 (LISTEN)
aap-gatew   1616          root   15u     IPv6   24248      0t0      TCP *:50051 (LISTEN)
aap-gatew   1617          root   17u     IPv6   23372      0t0      TCP *:50051 (LISTEN)
sshd      745878          root    4u     IPv4 6070615      0t0      TCP aap25-execution.aap-test.local:ssh->192.168.1.49:36930 (ESTABLISHED)
sshd      745898          root    4u     IPv4 6070615      0t0      TCP aap25-execution.aap-test.local:ssh->192.168.1.49:36930 (ESTABLISHED)
sshd      746542          root    4u     IPv4 6075629      0t0      TCP aap25-execution.aap-test.local:ssh->192.168.1.168:51740 (ESTABLISHED)
sshd      746546          root    4u     IPv4 6075629      0t0      TCP aap25-execution.aap-test.local:ssh->192.168.1.168:51740 (ESTABLISHED)
receptor  747027           awx  cwd       DIR   253,0      235      128 /
receptor  747027           awx  rtd       DIR   253,0      235      128 /
receptor  747027           awx  txt       REG   253,0 55920336 33686933 /usr/bin/receptor
receptor  747027           awx  mem       REG   253,0  5436640 50527991 /usr/lib64/libcrypto.so.3.2.2
receptor  747027           awx  mem       REG   253,0  2544344 50356320 /usr/lib64/libc.so.6
receptor  747027           awx  mem       REG   253,0   102552 50356340 /usr/lib64/libz.so.1.2.11
receptor  747027           awx  mem       REG   253,0    70520 50356331 /usr/lib64/libresolv.so.2
receptor  747027           awx  mem       REG   253,0   897856 50356316 /usr/lib64/ld-linux-x86-64.so.2
receptor  747027           awx    0r      CHR     1,3      0t0        4 /dev/null
receptor  747027           awx    1w      REG   253,0      888 17327669 /var/log/receptor/receptor.log
receptor  747027           awx    2w      REG   253,0      888 17327669 /var/log/receptor/receptor.log
receptor  747027           awx    3r      REG   253,0    63880 17719176 /tmp/receptor/192.168.1.20/pFVrDBUa/stdin
receptor  747027           awx    4u  a_inode    0,14        0     2078 [eventpoll:5]
receptor  747027           awx    5r     FIFO    0,13      0t0  6077670 pipe
receptor  747027           awx    6w     FIFO    0,13      0t0  6077670 pipe
receptor  747027           awx    7w      REG   253,0    38068 17719177 /tmp/receptor/192.168.1.20/pFVrDBUa/stdout
slirp4net 747066           awx    3u     IPv4 6077029      0t0      TCP aap25-execution.aap-test.local:44240->aap25-execution.aap-test.local:ssh (ESTABLISHED)
sshd      747101          root    4u     IPv4 6075047      0t0      TCP aap25-execution.aap-test.local:ssh->aap25-execution.aap-test.local:44240 (ESTABLISHED)
sshd      747108          root    4u     IPv4 6075047      0t0      TCP aap25-execution.aap-test.local:ssh->aap25-execution.aap-test.local:44240 (ESTABLISHED)

    PID    PPID CMD                           RSS    VSZ %CPU %MEM     ELAPSED
Receptor Child Processes for PID 747945:
  No child processes found
Receptor Threads for PID 747945:
    PID    SPID %CPU %MEM   RSS COMMAND
Receptor Network Connections for PID 747945:
COMMAND      PID          USER   FD   TYPE  DEVICE SIZE/OFF NODE NAME
envoy        744          root   39u  IPv4 6032203      0t0  TCP aap25-execution.aap-test.local:35964->aap25-execution.aap-test.local:pcsync-https (ESTABLISHED)
receptor     751           awx    8u  IPv6   24629      0t0  TCP *:27199 (LISTEN)
receptor     751           awx    9u  IPv4   24235      0t0  TCP aap25-execution.aap-test.local:35552->aap25-control.aap-test.local:27199 (ESTABLISHED)
chronyd      762        chrony    5u  IPv4   24615      0t0  UDP localhost:323 
chronyd      762        chrony    6u  IPv6   24616      0t0  UDP localhost:323 
NetworkMa    774          root   26u  IPv4   24013      0t0  UDP aap25-execution.aap-test.local:bootpc->pi.hole:bootps 
sshd         797          root    3u  IPv4   22893      0t0  TCP *:ssh (LISTEN)
sshd         797          root    4u  IPv6   22895      0t0  TCP *:ssh (LISTEN)
node_expo   1111 node_exporter    3u  IPv6   21489      0t0  TCP *:jetdirect (LISTEN)
node_expo   1111 node_exporter    7u  IPv6   25899      0t0  TCP aap25-execution.aap-test.local:jetdirect->monitoring-node.aap-test.local:59590 (ESTABLISHED)
redis-ser   1112         redis    6u  IPv4   24055      0t0  TCP *:redis (LISTEN)
redis-ser   1112         redis    7u  IPv6   24056      0t0  TCP *:redis (LISTEN)
nginx       1162          root    6u  IPv4   24063      0t0  TCP *:pcsync-https (LISTEN)
nginx       1162          root    7u  IPv4   24064      0t0  TCP *:http (LISTEN)
nginx       1162          root    8u  IPv6   24065      0t0  TCP *:http (LISTEN)
nginx       1164         nginx    6u  IPv4   24063      0t0  TCP *:pcsync-https (LISTEN)
nginx       1164         nginx    7u  IPv4   24064      0t0  TCP *:http (LISTEN)
nginx       1164         nginx    8u  IPv6   24065      0t0  TCP *:http (LISTEN)
nginx       1165         nginx    6u  IPv4   24063      0t0  TCP *:pcsync-https (LISTEN)
nginx       1165         nginx    7u  IPv4   24064      0t0  TCP *:http (LISTEN)
nginx       1165         nginx    8u  IPv6   24065      0t0  TCP *:http (LISTEN)
nginx       1165         nginx   18u  IPv4 6032661      0t0  TCP aap25-execution.aap-test.local:pcsync-https->aap25-execution.aap-test.local:35964 (ESTABLISHED)
nginx       1166         nginx    6u  IPv4   24063      0t0  TCP *:pcsync-https (LISTEN)
nginx       1166         nginx    7u  IPv4   24064      0t0  TCP *:http (LISTEN)
nginx       1166         nginx    8u  IPv6   24065      0t0  TCP *:http (LISTEN)
nginx       1167         nginx    6u  IPv4   24063      0t0  TCP *:pcsync-https (LISTEN)
nginx       1167         nginx    7u  IPv4   24064      0t0  TCP *:http (LISTEN)
nginx       1167         nginx    8u  IPv6   24065      0t0  TCP *:http (LISTEN)
uwsgi       1168          root    3u  IPv4   25630      0t0  TCP localhost:8050 (LISTEN)
uwsgi       1205          root    3u  IPv4   25630      0t0  TCP localhost:8050 (LISTEN)
uwsgi       1206          root    3u  IPv4   25630      0t0  TCP localhost:8050 (LISTEN)
uwsgi       1207          root    3u  IPv4   25630      0t0  TCP localhost:8050 (LISTEN)
uwsgi       1208          root    3u  IPv4   25630      0t0  TCP localhost:8050 (LISTEN)
uwsgi       1209          root    3u  IPv4   25630      0t0  TCP localhost:8050 (LISTEN)
aap-gatew   1613          root    9u  IPv6   26755      0t0  TCP *:50051 (LISTEN)
aap-gatew   1614          root   11u  IPv6   26752      0t0  TCP *:50051 (LISTEN)
aap-gatew   1615          root   13u  IPv6   25760      0t0  TCP *:50051 (LISTEN)
aap-gatew   1616          root   15u  IPv6   24248      0t0  TCP *:50051 (LISTEN)
aap-gatew   1617          root   17u  IPv6   23372      0t0  TCP *:50051 (LISTEN)
sshd      745878          root    4u  IPv4 6070615      0t0  TCP aap25-execution.aap-test.local:ssh->192.168.1.49:36930 (ESTABLISHED)
sshd      745898          root    4u  IPv4 6070615      0t0  TCP aap25-execution.aap-test.local:ssh->192.168.1.49:36930 (ESTABLISHED)
sshd      746542          root    4u  IPv4 6075629      0t0  TCP aap25-execution.aap-test.local:ssh->192.168.1.168:51740 (ESTABLISHED)
sshd      746546          root    4u  IPv4 6075629      0t0  TCP aap25-execution.aap-test.local:ssh->192.168.1.168:51740 (ESTABLISHED)
slirp4net 747066           awx    3u  IPv4 6077029      0t0  TCP aap25-execution.aap-test.local:44240->aap25-execution.aap-test.local:ssh (ESTABLISHED)
sshd      747101          root    4u  IPv4 6075047      0t0  TCP aap25-execution.aap-test.local:ssh->aap25-execution.aap-test.local:44240 (ESTABLISHED)
sshd      747108          root    4u  IPv4 6075047      0t0  TCP aap25-execution.aap-test.local:ssh->aap25-execution.aap-test.local:44240 (ESTABLISHED)
  No network connections found

=== RECEPTOR MEMORY SUMMARY ===
Total Receptor RSS Memory: 179992 KB (175 MB)
Total Receptor VSZ Memory: 5808080 KB (5671 MB)
Number of Receptor Processes: 4

AAP-related Processes and Children:
=== AAP Service Processes ===
Process: receptor (PID: 751)
    PID    PPID CMD                           RSS
    751       1 /usr/bin/receptor -c /etc/r 42484
  Children of PID 751:
    PID    PPID CMD                           RSS
 747027     751 /usr/bin/receptor --node id 38232

Process: redis-server (PID: 1112)
    PID    PPID CMD                           RSS
   1112       1 /usr/bin/redis-server *:637 14980

Process: nginx (PID: 1162)
    PID    PPID CMD                           RSS
   1162       1 nginx: master process /usr/  2480
  Children of PID 1162:
    PID    PPID CMD                           RSS
   1164    1162 nginx: worker process        7984
    PID    PPID CMD                           RSS
   1165    1162 nginx: worker process        8368
    PID    PPID CMD                           RSS
   1166    1162 nginx: worker process        7984
    PID    PPID CMD                           RSS
   1167    1162 nginx: worker process        8112

Process: nginx (PID: 1164)
    PID    PPID CMD                           RSS
   1164    1162 nginx: worker process        7984

Process: nginx (PID: 1165)
    PID    PPID CMD                           RSS
   1165    1162 nginx: worker process        8368

Process: nginx (PID: 1166)
    PID    PPID CMD                           RSS
   1166    1162 nginx: worker process        7984

Process: nginx (PID: 1167)
    PID    PPID CMD                           RSS
   1167    1162 nginx: worker process        8112

Process: uwsgi (PID: 1168)
    PID    PPID CMD                           RSS
   1168     777 uwsgi /etc/ansible-automati 14208
  Children of PID 1168:
    PID    PPID CMD                           RSS
   1205    1168 uwsgi /etc/ansible-automati 135284
    PID    PPID CMD                           RSS
   1206    1168 uwsgi /etc/ansible-automati 135112
    PID    PPID CMD                           RSS
   1207    1168 uwsgi /etc/ansible-automati 135224
    PID    PPID CMD                           RSS
   1208    1168 uwsgi /etc/ansible-automati 135284
    PID    PPID CMD                           RSS
   1209    1168 uwsgi /etc/ansible-automati 135172

Process: uwsgi (PID: 1205)
    PID    PPID CMD                           RSS
   1205    1168 uwsgi /etc/ansible-automati 135284

Process: uwsgi (PID: 1206)
    PID    PPID CMD                           RSS
   1206    1168 uwsgi /etc/ansible-automati 135112

Process: uwsgi (PID: 1207)
    PID    PPID CMD                           RSS
   1207    1168 uwsgi /etc/ansible-automati 135224

Process: uwsgi (PID: 1208)
    PID    PPID CMD                           RSS
   1208    1168 uwsgi /etc/ansible-automati 135284

Process: uwsgi (PID: 1209)
    PID    PPID CMD                           RSS
   1209    1168 uwsgi /etc/ansible-automati 135172

Process: bash (PID: 746036)
    PID    PPID CMD                           RSS
 746036       1 bash -c  log_file="/tmp/mem  3456
  Children of PID 746036:
    PID    PPID CMD                           RSS
 748066  746036 bash -c  log_file="/tmp/mem  2096

Process: receptor (PID: 747027)
    PID    PPID CMD                           RSS
 747027     751 /usr/bin/receptor --node id 38232
  Children of PID 747027:
    PID    PPID CMD                           RSS
 747035  747027 /usr/bin/python3.11 -sP /us 57588

Process: bash (PID: 748066)
    PID    PPID CMD                           RSS
 748066  746036 bash -c  log_file="/tmp/mem  2096
  Children of PID 748066:
    PID    PPID CMD                           RSS


Process Tree for AAP Services:
=== automation-controller Process Tree ===
bash(746036)---pstree(748135)
=== receptor Process Tree ===
receptor(751)-+-receptor(747027)-+-ansible-runner(747035)---podman(747045)-+-exe(747053)-+-slirp4netns(747066)
              |                  |                                         |             |-{exe}(747054)
              |                  |                                         |             |-{exe}(747055)
              |                  |                                         |             |-{exe}(747056)
              |                  |                                         |             |-{exe}(747057)
              |                  |                                         |             |-{exe}(747058)
              |                  |                                         |             |-{exe}(747061)
              |                  |                                         |             |-{exe}(747063)
              |                  |                                         |             |-{exe}(747062)
              |                  |                                         |             `-{exe}(747068)
              |                  |                                         |-{podman}(747046)
              |                  |                                         |-{podman}(747047)
              |                  |                                         |-{podman}(747048)
              |                  |                                         |-{podman}(747049)
              |                  |                                         |-{podman}(747050)
              |                  |                                         |-{podman}(747051)
              |                  |                                         `-{podman}(747052)
              |                  |-{receptor}(747028)
              |                  |-{receptor}(747029)
              |                  |-{receptor}(747030)
              |                  |-{receptor}(747031)
              |                  |-{receptor}(747032)
              |                  |-{receptor}(747033)
              |                  |-{receptor}(747034)
              |                  |-{receptor}(747922)
              |                  `-{receptor}(747923)
              |-{receptor}(756)
              |-{receptor}(757)
              |-{receptor}(758)
              |-{receptor}(759)
              |-{receptor}(760)
              |-{receptor}(765)
              `-{receptor}(2141)
bash(746036)---pstree(748140)
receptor(747027)-+-ansible-runner(747035)---podman(747045)-+-exe(747053)-+-slirp4netns(747066)
                 |                                         |             |-{exe}(747054)
                 |                                         |             |-{exe}(747055)
                 |                                         |             |-{exe}(747056)
                 |                                         |             |-{exe}(747057)
                 |                                         |             |-{exe}(747058)
                 |                                         |             |-{exe}(747061)
                 |                                         |             |-{exe}(747063)
                 |                                         |             |-{exe}(747062)
                 |                                         |             `-{exe}(747068)
                 |                                         |-{podman}(747046)
                 |                                         |-{podman}(747047)
                 |                                         |-{podman}(747048)
                 |                                         |-{podman}(747049)
                 |                                         |-{podman}(747050)
                 |                                         |-{podman}(747051)
                 |                                         `-{podman}(747052)
                 |-{receptor}(747028)
                 |-{receptor}(747029)
                 |-{receptor}(747030)
                 |-{receptor}(747031)
                 |-{receptor}(747032)
                 |-{receptor}(747033)
                 |-{receptor}(747034)
                 |-{receptor}(747922)
                 `-{receptor}(747923)
=== nginx Process Tree ===
nginx(1162)-+-nginx(1164)
            |-nginx(1165)
            |-nginx(1166)
            `-nginx(1167)
nginx(1164)
nginx(1165)
nginx(1166)
nginx(1167)
bash(746036)---pstree(748150)
=== postgresql Process Tree ===
bash(746036)---pstree(748154)
=== redis Process Tree ===
redis-server(1112)-+-{redis-server}(1153)
                   |-{redis-server}(1154)
                   |-{redis-server}(1155)
                   `-{redis-server}(1156)
bash(746036)---pstree(748159)
=== uwsgi Process Tree ===
uwsgi(1168)-+-uwsgi(1205)
            |-uwsgi(1206)
            |-uwsgi(1207)
            |-uwsgi(1208)
            `-uwsgi(1209)
uwsgi(1205)
uwsgi(1206)
uwsgi(1207)
uwsgi(1208)
uwsgi(1209)
bash(746036)---pstree(748169)
=== automation-hub Process Tree ===
bash(746036)---pstree(748173)
=== automation-eda Process Tree ===
bash(746036)---pstree(748177)

=================================================================================
2025-07-07 09:08:11
Memory Usage Report:
               total        used        free      shared  buff/cache   available
Mem:            7681        1784        4724         148        1605        5897
Swap:           2047           0        2047

Top 10 Processes by RSS Memory:
    PID    PPID CMD                           RSS
   1205    1168 uwsgi /etc/ansible-automati 135284
   1208    1168 uwsgi /etc/ansible-automati 135284
   1207    1168 uwsgi /etc/ansible-automati 135224
   1209    1168 uwsgi /etc/ansible-automati 135172
   1206    1168 uwsgi /etc/ansible-automati 135112
   1172     777 /usr/bin/python3.11 -sP /us 116096
   1617    1172 /usr/bin/python3.11 -sP /us 103088
   1616    1172 /usr/bin/python3.11 -sP /us 103084
   1615    1172 /usr/bin/python3.11 -sP /us 101116
   1613    1172 /usr/bin/python3.11 -sP /us 100988

=== RECEPTOR PROCESS ANALYSIS ===
Receptor Main Processes:
    PID    PPID CMD                           RSS    VSZ %CPU %MEM     ELAPSED
    751       1 /usr/bin/receptor -c /etc/r 42484 1790028 0.0  0.5  3-19:05:09
Receptor Child Processes for PID 751:
      PID    PPID CMD                           RSS    VSZ %CPU %MEM     ELAPSED
 747027     751 /usr/bin/receptor --node id 38360 1936660 0.1  0.4       01:06
Receptor Threads for PID 751:
    PID    SPID %CPU %MEM   RSS COMMAND
    751     751  0.0  0.5 42484 receptor
    751     756  0.0  0.5 42484 receptor
    751     757  0.0  0.5 42484 receptor
    751     758  0.0  0.5 42484 receptor
    751     759  0.0  0.5 42484 receptor
    751     760  0.0  0.5 42484 receptor
    751     765  0.0  0.5 42484 receptor
    751    2141  0.0  0.5 42484 receptor
Receptor Network Connections for PID 751:
COMMAND      PID          USER   FD      TYPE             DEVICE SIZE/OFF     NODE NAME
envoy        744          root   39u     IPv4            6032203      0t0      TCP aap25-execution.aap-test.local:35964->aap25-execution.aap-test.local:pcsync-https (ESTABLISHED)
receptor     751           awx  cwd       DIR              253,0      235      128 /
receptor     751           awx  rtd       DIR              253,0      235      128 /
receptor     751           awx  txt       REG              253,0 55920336 33686933 /usr/bin/receptor
receptor     751           awx  mem       REG              253,0  5436640 50527991 /usr/lib64/libcrypto.so.3.2.2
receptor     751           awx  mem       REG              253,0   102552 50356340 /usr/lib64/libz.so.1.2.11
receptor     751           awx  mem       REG              253,0  2544344 50356320 /usr/lib64/libc.so.6
receptor     751           awx  mem       REG              253,0    70520 50356331 /usr/lib64/libresolv.so.2
receptor     751           awx  mem       REG              253,0   897856 50356316 /usr/lib64/ld-linux-x86-64.so.2
receptor     751           awx    0r      CHR                1,3      0t0        4 /dev/null
receptor     751           awx    1w      REG              253,0      888 17327669 /var/log/receptor/receptor.log
receptor     751           awx    2w      REG              253,0      888 17327669 /var/log/receptor/receptor.log
receptor     751           awx    3rW     REG               0,24        0      957 /run/awx-receptor/receptor.sock.lock
receptor     751           awx    4u  a_inode               0,14        0     2078 [eventpoll:5,7,8,9,10]
receptor     751           awx    5r     FIFO               0,13      0t0    24621 pipe
receptor     751           awx    6w     FIFO               0,13      0t0    24621 pipe
receptor     751           awx    7u     unix 0xffff9ae448c8f300      0t0    24624 /var/run/awx-receptor/receptor.sock type=STREAM (LISTEN)
receptor     751           awx    8u     IPv6              24629      0t0      TCP *:27199 (LISTEN)
receptor     751           awx    9u     IPv4              24235      0t0      TCP aap25-execution.aap-test.local:35552->aap25-control.aap-test.local:27199 (ESTABLISHED)
receptor     751           awx   10r  a_inode               0,14        0     2078 inotify
receptor     751           awx   11r      REG              253,0    38068 17719177 /tmp/receptor/192.168.1.20/pFVrDBUa/stdout
chronyd      762        chrony    5u     IPv4              24615      0t0      UDP localhost:323 
chronyd      762        chrony    6u     IPv6              24616      0t0      UDP localhost:323 
NetworkMa    774          root   26u     IPv4              24013      0t0      UDP aap25-execution.aap-test.local:bootpc->pi.hole:bootps 
sshd         797          root    3u     IPv4              22893      0t0      TCP *:ssh (LISTEN)
sshd         797          root    4u     IPv6              22895      0t0      TCP *:ssh (LISTEN)
node_expo   1111 node_exporter    3u     IPv6              21489      0t0      TCP *:jetdirect (LISTEN)
node_expo   1111 node_exporter    7u     IPv6              25899      0t0      TCP aap25-execution.aap-test.local:jetdirect->monitoring-node.aap-test.local:59590 (ESTABLISHED)
redis-ser   1112         redis    6u     IPv4              24055      0t0      TCP *:redis (LISTEN)
redis-ser   1112         redis    7u     IPv6              24056      0t0      TCP *:redis (LISTEN)
nginx       1162          root    6u     IPv4              24063      0t0      TCP *:pcsync-https (LISTEN)
nginx       1162          root    7u     IPv4              24064      0t0      TCP *:http (LISTEN)
nginx       1162          root    8u     IPv6              24065      0t0      TCP *:http (LISTEN)
nginx       1164         nginx    6u     IPv4              24063      0t0      TCP *:pcsync-https (LISTEN)
nginx       1164         nginx    7u     IPv4              24064      0t0      TCP *:http (LISTEN)
nginx       1164         nginx    8u     IPv6              24065      0t0      TCP *:http (LISTEN)
nginx       1165         nginx    6u     IPv4              24063      0t0      TCP *:pcsync-https (LISTEN)
nginx       1165         nginx    7u     IPv4              24064      0t0      TCP *:http (LISTEN)
nginx       1165         nginx    8u     IPv6              24065      0t0      TCP *:http (LISTEN)
nginx       1165         nginx   18u     IPv4            6032661      0t0      TCP aap25-execution.aap-test.local:pcsync-https->aap25-execution.aap-test.local:35964 (ESTABLISHED)
nginx       1166         nginx    6u     IPv4              24063      0t0      TCP *:pcsync-https (LISTEN)
nginx       1166         nginx    7u     IPv4              24064      0t0      TCP *:http (LISTEN)
nginx       1166         nginx    8u     IPv6              24065      0t0      TCP *:http (LISTEN)
nginx       1167         nginx    6u     IPv4              24063      0t0      TCP *:pcsync-https (LISTEN)
nginx       1167         nginx    7u     IPv4              24064      0t0      TCP *:http (LISTEN)
nginx       1167         nginx    8u     IPv6              24065      0t0      TCP *:http (LISTEN)
uwsgi       1168          root    3u     IPv4              25630      0t0      TCP localhost:8050 (LISTEN)
uwsgi       1205          root    3u     IPv4              25630      0t0      TCP localhost:8050 (LISTEN)
uwsgi       1206          root    3u     IPv4              25630      0t0      TCP localhost:8050 (LISTEN)
uwsgi       1207          root    3u     IPv4              25630      0t0      TCP localhost:8050 (LISTEN)
uwsgi       1208          root    3u     IPv4              25630      0t0      TCP localhost:8050 (LISTEN)
uwsgi       1209          root    3u     IPv4              25630      0t0      TCP localhost:8050 (LISTEN)
aap-gatew   1613          root    9u     IPv6              26755      0t0      TCP *:50051 (LISTEN)
aap-gatew   1614          root   11u     IPv6              26752      0t0      TCP *:50051 (LISTEN)
aap-gatew   1615          root   13u     IPv6              25760      0t0      TCP *:50051 (LISTEN)
aap-gatew   1616          root   15u     IPv6              24248      0t0      TCP *:50051 (LISTEN)
aap-gatew   1617          root   17u     IPv6              23372      0t0      TCP *:50051 (LISTEN)
sshd      746542          root    4u     IPv4            6075629      0t0      TCP aap25-execution.aap-test.local:ssh->192.168.1.168:51740 (ESTABLISHED)
sshd      746546          root    4u     IPv4            6075629      0t0      TCP aap25-execution.aap-test.local:ssh->192.168.1.168:51740 (ESTABLISHED)
slirp4net 747066           awx    3u     IPv4            6077029      0t0      TCP aap25-execution.aap-test.local:44240->aap25-execution.aap-test.local:ssh (ESTABLISHED)
sshd      747101          root    4u     IPv4            6075047      0t0      TCP aap25-execution.aap-test.local:ssh->aap25-execution.aap-test.local:44240 (ESTABLISHED)
sshd      747108          root    4u     IPv4            6075047      0t0      TCP aap25-execution.aap-test.local:ssh->aap25-execution.aap-test.local:44240 (ESTABLISHED)

    PID    PPID CMD                           RSS    VSZ %CPU %MEM     ELAPSED
 746036       1 bash -c  log_file="/tmp/mem  3456   7260  0.0  0.0       02:06
Receptor Child Processes for PID 746036:
      PID    PPID CMD                           RSS    VSZ %CPU %MEM     ELAPSED
Receptor Threads for PID 746036:
    PID    SPID %CPU %MEM   RSS COMMAND
 746036  746036  0.0  0.0  3456 bash
Receptor Network Connections for PID 746036:
COMMAND      PID          USER   FD   TYPE  DEVICE SIZE/OFF     NODE NAME
envoy        744          root   39u  IPv4 6032203      0t0      TCP aap25-execution.aap-test.local:35964->aap25-execution.aap-test.local:pcsync-https (ESTABLISHED)
receptor     751           awx    8u  IPv6   24629      0t0      TCP *:27199 (LISTEN)
receptor     751           awx    9u  IPv4   24235      0t0      TCP aap25-execution.aap-test.local:35552->aap25-control.aap-test.local:27199 (ESTABLISHED)
chronyd      762        chrony    5u  IPv4   24615      0t0      UDP localhost:323 
chronyd      762        chrony    6u  IPv6   24616      0t0      UDP localhost:323 
NetworkMa    774          root   26u  IPv4   24013      0t0      UDP aap25-execution.aap-test.local:bootpc->pi.hole:bootps 
sshd         797          root    3u  IPv4   22893      0t0      TCP *:ssh (LISTEN)
sshd         797          root    4u  IPv6   22895      0t0      TCP *:ssh (LISTEN)
node_expo   1111 node_exporter    3u  IPv6   21489      0t0      TCP *:jetdirect (LISTEN)
node_expo   1111 node_exporter    7u  IPv6   25899      0t0      TCP aap25-execution.aap-test.local:jetdirect->monitoring-node.aap-test.local:59590 (ESTABLISHED)
redis-ser   1112         redis    6u  IPv4   24055      0t0      TCP *:redis (LISTEN)
redis-ser   1112         redis    7u  IPv6   24056      0t0      TCP *:redis (LISTEN)
nginx       1162          root    6u  IPv4   24063      0t0      TCP *:pcsync-https (LISTEN)
nginx       1162          root    7u  IPv4   24064      0t0      TCP *:http (LISTEN)
nginx       1162          root    8u  IPv6   24065      0t0      TCP *:http (LISTEN)
nginx       1164         nginx    6u  IPv4   24063      0t0      TCP *:pcsync-https (LISTEN)
nginx       1164         nginx    7u  IPv4   24064      0t0      TCP *:http (LISTEN)
nginx       1164         nginx    8u  IPv6   24065      0t0      TCP *:http (LISTEN)
nginx       1165         nginx    6u  IPv4   24063      0t0      TCP *:pcsync-https (LISTEN)
nginx       1165         nginx    7u  IPv4   24064      0t0      TCP *:http (LISTEN)
nginx       1165         nginx    8u  IPv6   24065      0t0      TCP *:http (LISTEN)
nginx       1165         nginx   18u  IPv4 6032661      0t0      TCP aap25-execution.aap-test.local:pcsync-https->aap25-execution.aap-test.local:35964 (ESTABLISHED)
nginx       1166         nginx    6u  IPv4   24063      0t0      TCP *:pcsync-https (LISTEN)
nginx       1166         nginx    7u  IPv4   24064      0t0      TCP *:http (LISTEN)
nginx       1166         nginx    8u  IPv6   24065      0t0      TCP *:http (LISTEN)
nginx       1167         nginx    6u  IPv4   24063      0t0      TCP *:pcsync-https (LISTEN)
nginx       1167         nginx    7u  IPv4   24064      0t0      TCP *:http (LISTEN)
nginx       1167         nginx    8u  IPv6   24065      0t0      TCP *:http (LISTEN)
uwsgi       1168          root    3u  IPv4   25630      0t0      TCP localhost:8050 (LISTEN)
uwsgi       1205          root    3u  IPv4   25630      0t0      TCP localhost:8050 (LISTEN)
uwsgi       1206          root    3u  IPv4   25630      0t0      TCP localhost:8050 (LISTEN)
uwsgi       1207          root    3u  IPv4   25630      0t0      TCP localhost:8050 (LISTEN)
uwsgi       1208          root    3u  IPv4   25630      0t0      TCP localhost:8050 (LISTEN)
uwsgi       1209          root    3u  IPv4   25630      0t0      TCP localhost:8050 (LISTEN)
aap-gatew   1613          root    9u  IPv6   26755      0t0      TCP *:50051 (LISTEN)
aap-gatew   1614          root   11u  IPv6   26752      0t0      TCP *:50051 (LISTEN)
aap-gatew   1615          root   13u  IPv6   25760      0t0      TCP *:50051 (LISTEN)
aap-gatew   1616          root   15u  IPv6   24248      0t0      TCP *:50051 (LISTEN)
aap-gatew   1617          root   17u  IPv6   23372      0t0      TCP *:50051 (LISTEN)
bash      746036          root  cwd    DIR   253,0     4096 33685638 /root
bash      746036          root  rtd    DIR   253,0      235      128 /
bash      746036          root  txt    REG   253,0  1389072 33779126 /usr/bin/bash
bash      746036          root  mem    REG   253,0  2586930    30692 /usr/lib/locale/en_US.utf8/LC_COLLATE
bash      746036          root  mem    REG   253,0  2544344 50356320 /usr/lib64/libc.so.6
bash      746036          root  mem    REG   253,0   346132 50355997 /usr/lib/locale/C.utf8/LC_CTYPE
bash      746036          root  mem    REG   253,0       54    30695 /usr/lib/locale/en_US.utf8/LC_NUMERIC
bash      746036          root  mem    REG   253,0     3284 16862149 /usr/lib/locale/en_US.utf8/LC_TIME
bash      746036          root  mem    REG   253,0      286 16862147 /usr/lib/locale/en_US.utf8/LC_MONETARY
bash      746036          root  mem    REG   253,0       57 16862160 /usr/lib/locale/en_US.utf8/LC_MESSAGES/SYS_LC_MESSAGES
bash      746036          root  mem    REG   253,0    26988 33779313 /usr/lib64/gconv/gconv-modules.cache
bash      746036          root  mem    REG   253,0   195080 50355981 /usr/lib64/libtinfo.so.6.2
bash      746036          root  mem    REG   253,0       34 50356298 /usr/lib/locale/en_US.utf8/LC_PAPER
bash      746036          root  mem    REG   253,0       77    30694 /usr/lib/locale/en_US.utf8/LC_NAME
bash      746036          root  mem    REG   253,0      167 16862143 /usr/lib/locale/en_US.utf8/LC_ADDRESS
bash      746036          root  mem    REG   253,0       59 16862148 /usr/lib/locale/en_US.utf8/LC_TELEPHONE
bash      746036          root  mem    REG   253,0       23 16862146 /usr/lib/locale/en_US.utf8/LC_MEASUREMENT
bash      746036          root  mem    REG   253,0      369 16862145 /usr/lib/locale/en_US.utf8/LC_IDENTIFICATION
bash      746036          root  mem    REG   253,0   897856 50356316 /usr/lib64/ld-linux-x86-64.so.2
bash      746036          root    0r   CHR     1,3      0t0        4 /dev/null
bash      746036          root    1w   REG   253,0        0 17893681 /tmp/memory_monitor.log
bash      746036          root    2w   REG   253,0        0 17893681 /tmp/memory_monitor.log
bash      746036          root    3r  FIFO    0,13      0t0  6083872 pipe
sshd      746542          root    4u  IPv4 6075629      0t0      TCP aap25-execution.aap-test.local:ssh->192.168.1.168:51740 (ESTABLISHED)
sshd      746546          root    4u  IPv4 6075629      0t0      TCP aap25-execution.aap-test.local:ssh->192.168.1.168:51740 (ESTABLISHED)
slirp4net 747066           awx    3u  IPv4 6077029      0t0      TCP aap25-execution.aap-test.local:44240->aap25-execution.aap-test.local:ssh (ESTABLISHED)
sshd      747101          root    4u  IPv4 6075047      0t0      TCP aap25-execution.aap-test.local:ssh->aap25-execution.aap-test.local:44240 (ESTABLISHED)
sshd      747108          root    4u  IPv4 6075047      0t0      TCP aap25-execution.aap-test.local:ssh->aap25-execution.aap-test.local:44240 (ESTABLISHED)

    PID    PPID CMD                           RSS    VSZ %CPU %MEM     ELAPSED
 747027     751 /usr/bin/receptor --node id 38360 1936660 0.1  0.4       01:07
Receptor Child Processes for PID 747027:
      PID    PPID CMD                           RSS    VSZ %CPU %MEM     ELAPSED
 747035  747027 /usr/bin/python3.11 -sP /us 57588 137472  0.2  0.7       01:07
Receptor Threads for PID 747027:
    PID    SPID %CPU %MEM   RSS COMMAND
 747027  747027  0.0  0.4 38360 receptor
 747027  747028  0.0  0.4 38360 receptor
 747027  747029  0.0  0.4 38360 receptor
 747027  747030  0.0  0.4 38360 receptor
 747027  747031  0.0  0.4 38360 receptor
 747027  747032  0.0  0.4 38360 receptor
 747027  747033  0.0  0.4 38360 receptor
 747027  747034  0.0  0.4 38360 receptor
 747027  747922  0.0  0.4 38360 receptor
 747027  747923  0.0  0.4 38360 receptor
Receptor Network Connections for PID 747027:
COMMAND      PID          USER   FD      TYPE  DEVICE SIZE/OFF     NODE NAME
envoy        744          root   39u     IPv4 6032203      0t0      TCP aap25-execution.aap-test.local:35964->aap25-execution.aap-test.local:pcsync-https (ESTABLISHED)
receptor     751           awx    8u     IPv6   24629      0t0      TCP *:27199 (LISTEN)
receptor     751           awx    9u     IPv4   24235      0t0      TCP aap25-execution.aap-test.local:35552->aap25-control.aap-test.local:27199 (ESTABLISHED)
chronyd      762        chrony    5u     IPv4   24615      0t0      UDP localhost:323 
chronyd      762        chrony    6u     IPv6   24616      0t0      UDP localhost:323 
NetworkMa    774          root   26u     IPv4   24013      0t0      UDP aap25-execution.aap-test.local:bootpc->pi.hole:bootps 
sshd         797          root    3u     IPv4   22893      0t0      TCP *:ssh (LISTEN)
sshd         797          root    4u     IPv6   22895      0t0      TCP *:ssh (LISTEN)
node_expo   1111 node_exporter    3u     IPv6   21489      0t0      TCP *:jetdirect (LISTEN)
node_expo   1111 node_exporter    7u     IPv6   25899      0t0      TCP aap25-execution.aap-test.local:jetdirect->monitoring-node.aap-test.local:59590 (ESTABLISHED)
redis-ser   1112         redis    6u     IPv4   24055      0t0      TCP *:redis (LISTEN)
redis-ser   1112         redis    7u     IPv6   24056      0t0      TCP *:redis (LISTEN)
nginx       1162          root    6u     IPv4   24063      0t0      TCP *:pcsync-https (LISTEN)
nginx       1162          root    7u     IPv4   24064      0t0      TCP *:http (LISTEN)
nginx       1162          root    8u     IPv6   24065      0t0      TCP *:http (LISTEN)
nginx       1164         nginx    6u     IPv4   24063      0t0      TCP *:pcsync-https (LISTEN)
nginx       1164         nginx    7u     IPv4   24064      0t0      TCP *:http (LISTEN)
nginx       1164         nginx    8u     IPv6   24065      0t0      TCP *:http (LISTEN)
nginx       1165         nginx    6u     IPv4   24063      0t0      TCP *:pcsync-https (LISTEN)
nginx       1165         nginx    7u     IPv4   24064      0t0      TCP *:http (LISTEN)
nginx       1165         nginx    8u     IPv6   24065      0t0      TCP *:http (LISTEN)
nginx       1165         nginx   18u     IPv4 6032661      0t0      TCP aap25-execution.aap-test.local:pcsync-https->aap25-execution.aap-test.local:35964 (ESTABLISHED)
nginx       1166         nginx    6u     IPv4   24063      0t0      TCP *:pcsync-https (LISTEN)
nginx       1166         nginx    7u     IPv4   24064      0t0      TCP *:http (LISTEN)
nginx       1166         nginx    8u     IPv6   24065      0t0      TCP *:http (LISTEN)
nginx       1167         nginx    6u     IPv4   24063      0t0      TCP *:pcsync-https (LISTEN)
nginx       1167         nginx    7u     IPv4   24064      0t0      TCP *:http (LISTEN)
nginx       1167         nginx    8u     IPv6   24065      0t0      TCP *:http (LISTEN)
uwsgi       1168          root    3u     IPv4   25630      0t0      TCP localhost:8050 (LISTEN)
uwsgi       1205          root    3u     IPv4   25630      0t0      TCP localhost:8050 (LISTEN)
uwsgi       1206          root    3u     IPv4   25630      0t0      TCP localhost:8050 (LISTEN)
uwsgi       1207          root    3u     IPv4   25630      0t0      TCP localhost:8050 (LISTEN)
uwsgi       1208          root    3u     IPv4   25630      0t0      TCP localhost:8050 (LISTEN)
uwsgi       1209          root    3u     IPv4   25630      0t0      TCP localhost:8050 (LISTEN)
aap-gatew   1613          root    9u     IPv6   26755      0t0      TCP *:50051 (LISTEN)
aap-gatew   1614          root   11u     IPv6   26752      0t0      TCP *:50051 (LISTEN)
aap-gatew   1615          root   13u     IPv6   25760      0t0      TCP *:50051 (LISTEN)
aap-gatew   1616          root   15u     IPv6   24248      0t0      TCP *:50051 (LISTEN)
aap-gatew   1617          root   17u     IPv6   23372      0t0      TCP *:50051 (LISTEN)
sshd      746542          root    4u     IPv4 6075629      0t0      TCP aap25-execution.aap-test.local:ssh->192.168.1.168:51740 (ESTABLISHED)
sshd      746546          root    4u     IPv4 6075629      0t0      TCP aap25-execution.aap-test.local:ssh->192.168.1.168:51740 (ESTABLISHED)
receptor  747027           awx  cwd       DIR   253,0      235      128 /
receptor  747027           awx  rtd       DIR   253,0      235      128 /
receptor  747027           awx  txt       REG   253,0 55920336 33686933 /usr/bin/receptor
receptor  747027           awx  mem       REG   253,0  5436640 50527991 /usr/lib64/libcrypto.so.3.2.2
receptor  747027           awx  mem       REG   253,0  2544344 50356320 /usr/lib64/libc.so.6
receptor  747027           awx  mem       REG   253,0   102552 50356340 /usr/lib64/libz.so.1.2.11
receptor  747027           awx  mem       REG   253,0    70520 50356331 /usr/lib64/libresolv.so.2
receptor  747027           awx  mem       REG   253,0   897856 50356316 /usr/lib64/ld-linux-x86-64.so.2
receptor  747027           awx    0r      CHR     1,3      0t0        4 /dev/null
receptor  747027           awx    1w      REG   253,0      888 17327669 /var/log/receptor/receptor.log
receptor  747027           awx    2w      REG   253,0      888 17327669 /var/log/receptor/receptor.log
receptor  747027           awx    3r      REG   253,0    63880 17719176 /tmp/receptor/192.168.1.20/pFVrDBUa/stdin
receptor  747027           awx    4u  a_inode    0,14        0     2078 [eventpoll:5]
receptor  747027           awx    5r     FIFO    0,13      0t0  6077670 pipe
receptor  747027           awx    6w     FIFO    0,13      0t0  6077670 pipe
receptor  747027           awx    7w      REG   253,0    38068 17719177 /tmp/receptor/192.168.1.20/pFVrDBUa/stdout
slirp4net 747066           awx    3u     IPv4 6077029      0t0      TCP aap25-execution.aap-test.local:44240->aap25-execution.aap-test.local:ssh (ESTABLISHED)
sshd      747101          root    4u     IPv4 6075047      0t0      TCP aap25-execution.aap-test.local:ssh->aap25-execution.aap-test.local:44240 (ESTABLISHED)
sshd      747108          root    4u     IPv4 6075047      0t0      TCP aap25-execution.aap-test.local:ssh->aap25-execution.aap-test.local:44240 (ESTABLISHED)

    PID    PPID CMD                           RSS    VSZ %CPU %MEM     ELAPSED
Receptor Child Processes for PID 748281:
  No child processes found
Receptor Threads for PID 748281:
    PID    SPID %CPU %MEM   RSS COMMAND
Receptor Network Connections for PID 748281:
COMMAND      PID          USER   FD   TYPE  DEVICE SIZE/OFF NODE NAME
envoy        744          root   39u  IPv4 6032203      0t0  TCP aap25-execution.aap-test.local:35964->aap25-execution.aap-test.local:pcsync-https (ESTABLISHED)
receptor     751           awx    8u  IPv6   24629      0t0  TCP *:27199 (LISTEN)
receptor     751           awx    9u  IPv4   24235      0t0  TCP aap25-execution.aap-test.local:35552->aap25-control.aap-test.local:27199 (ESTABLISHED)
chronyd      762        chrony    5u  IPv4   24615      0t0  UDP localhost:323 
chronyd      762        chrony    6u  IPv6   24616      0t0  UDP localhost:323 
NetworkMa    774          root   26u  IPv4   24013      0t0  UDP aap25-execution.aap-test.local:bootpc->pi.hole:bootps 
sshd         797          root    3u  IPv4   22893      0t0  TCP *:ssh (LISTEN)
sshd         797          root    4u  IPv6   22895      0t0  TCP *:ssh (LISTEN)
node_expo   1111 node_exporter    3u  IPv6   21489      0t0  TCP *:jetdirect (LISTEN)
node_expo   1111 node_exporter    7u  IPv6   25899      0t0  TCP aap25-execution.aap-test.local:jetdirect->monitoring-node.aap-test.local:59590 (ESTABLISHED)
redis-ser   1112         redis    6u  IPv4   24055      0t0  TCP *:redis (LISTEN)
redis-ser   1112         redis    7u  IPv6   24056      0t0  TCP *:redis (LISTEN)
nginx       1162          root    6u  IPv4   24063      0t0  TCP *:pcsync-https (LISTEN)
nginx       1162          root    7u  IPv4   24064      0t0  TCP *:http (LISTEN)
nginx       1162          root    8u  IPv6   24065      0t0  TCP *:http (LISTEN)
nginx       1164         nginx    6u  IPv4   24063      0t0  TCP *:pcsync-https (LISTEN)
nginx       1164         nginx    7u  IPv4   24064      0t0  TCP *:http (LISTEN)
nginx       1164         nginx    8u  IPv6   24065      0t0  TCP *:http (LISTEN)
nginx       1165         nginx    6u  IPv4   24063      0t0  TCP *:pcsync-https (LISTEN)
nginx       1165         nginx    7u  IPv4   24064      0t0  TCP *:http (LISTEN)
nginx       1165         nginx    8u  IPv6   24065      0t0  TCP *:http (LISTEN)
nginx       1165         nginx   18u  IPv4 6032661      0t0  TCP aap25-execution.aap-test.local:pcsync-https->aap25-execution.aap-test.local:35964 (ESTABLISHED)
nginx       1166         nginx    6u  IPv4   24063      0t0  TCP *:pcsync-https (LISTEN)
nginx       1166         nginx    7u  IPv4   24064      0t0  TCP *:http (LISTEN)
nginx       1166         nginx    8u  IPv6   24065      0t0  TCP *:http (LISTEN)
nginx       1167         nginx    6u  IPv4   24063      0t0  TCP *:pcsync-https (LISTEN)
nginx       1167         nginx    7u  IPv4   24064      0t0  TCP *:http (LISTEN)
nginx       1167         nginx    8u  IPv6   24065      0t0  TCP *:http (LISTEN)
uwsgi       1168          root    3u  IPv4   25630      0t0  TCP localhost:8050 (LISTEN)
uwsgi       1205          root    3u  IPv4   25630      0t0  TCP localhost:8050 (LISTEN)
uwsgi       1206          root    3u  IPv4   25630      0t0  TCP localhost:8050 (LISTEN)
uwsgi       1207          root    3u  IPv4   25630      0t0  TCP localhost:8050 (LISTEN)
uwsgi       1208          root    3u  IPv4   25630      0t0  TCP localhost:8050 (LISTEN)
uwsgi       1209          root    3u  IPv4   25630      0t0  TCP localhost:8050 (LISTEN)
aap-gatew   1613          root    9u  IPv6   26755      0t0  TCP *:50051 (LISTEN)
aap-gatew   1614          root   11u  IPv6   26752      0t0  TCP *:50051 (LISTEN)
aap-gatew   1615          root   13u  IPv6   25760      0t0  TCP *:50051 (LISTEN)
aap-gatew   1616          root   15u  IPv6   24248      0t0  TCP *:50051 (LISTEN)
aap-gatew   1617          root   17u  IPv6   23372      0t0  TCP *:50051 (LISTEN)
sshd      746542          root    4u  IPv4 6075629      0t0  TCP aap25-execution.aap-test.local:ssh->192.168.1.168:51740 (ESTABLISHED)
sshd      746546          root    4u  IPv4 6075629      0t0  TCP aap25-execution.aap-test.local:ssh->192.168.1.168:51740 (ESTABLISHED)
slirp4net 747066           awx    3u  IPv4 6077029      0t0  TCP aap25-execution.aap-test.local:44240->aap25-execution.aap-test.local:ssh (ESTABLISHED)
sshd      747101          root    4u  IPv4 6075047      0t0  TCP aap25-execution.aap-test.local:ssh->aap25-execution.aap-test.local:44240 (ESTABLISHED)
sshd      747108          root    4u  IPv4 6075047      0t0  TCP aap25-execution.aap-test.local:ssh->aap25-execution.aap-test.local:44240 (ESTABLISHED)
  No network connections found

=== RECEPTOR MEMORY SUMMARY ===
Total Receptor RSS Memory: 180248 KB (176 MB)
Total Receptor VSZ Memory: 5808080 KB (5671 MB)
Number of Receptor Processes: 4

AAP-related Processes and Children:
=== AAP Service Processes ===
Process: receptor (PID: 751)
    PID    PPID CMD                           RSS
    751       1 /usr/bin/receptor -c /etc/r 42484
  Children of PID 751:
    PID    PPID CMD                           RSS
 747027     751 /usr/bin/receptor --node id 38360

Process: redis-server (PID: 1112)
    PID    PPID CMD                           RSS
   1112       1 /usr/bin/redis-server *:637 14980

Process: nginx (PID: 1162)
    PID    PPID CMD                           RSS
   1162       1 nginx: master process /usr/  2480
  Children of PID 1162:
    PID    PPID CMD                           RSS
   1164    1162 nginx: worker process        7984
    PID    PPID CMD                           RSS
   1165    1162 nginx: worker process        8368
    PID    PPID CMD                           RSS
   1166    1162 nginx: worker process        7984
    PID    PPID CMD                           RSS
   1167    1162 nginx: worker process        8112

Process: nginx (PID: 1164)
    PID    PPID CMD                           RSS
   1164    1162 nginx: worker process        7984

Process: nginx (PID: 1165)
    PID    PPID CMD                           RSS
   1165    1162 nginx: worker process        8368

Process: nginx (PID: 1166)
    PID    PPID CMD                           RSS
   1166    1162 nginx: worker process        7984

Process: nginx (PID: 1167)
    PID    PPID CMD                           RSS
   1167    1162 nginx: worker process        8112

Process: uwsgi (PID: 1168)
    PID    PPID CMD                           RSS
   1168     777 uwsgi /etc/ansible-automati 14208
  Children of PID 1168:
    PID    PPID CMD                           RSS
   1205    1168 uwsgi /etc/ansible-automati 135284
    PID    PPID CMD                           RSS
   1206    1168 uwsgi /etc/ansible-automati 135112
    PID    PPID CMD                           RSS
   1207    1168 uwsgi /etc/ansible-automati 135224
    PID    PPID CMD                           RSS
   1208    1168 uwsgi /etc/ansible-automati 135284
    PID    PPID CMD                           RSS
   1209    1168 uwsgi /etc/ansible-automati 135172

Process: uwsgi (PID: 1205)
    PID    PPID CMD                           RSS
   1205    1168 uwsgi /etc/ansible-automati 135284

Process: uwsgi (PID: 1206)
    PID    PPID CMD                           RSS
   1206    1168 uwsgi /etc/ansible-automati 135112

Process: uwsgi (PID: 1207)
    PID    PPID CMD                           RSS
   1207    1168 uwsgi /etc/ansible-automati 135224

Process: uwsgi (PID: 1208)
    PID    PPID CMD                           RSS
   1208    1168 uwsgi /etc/ansible-automati 135284

Process: uwsgi (PID: 1209)
    PID    PPID CMD                           RSS
   1209    1168 uwsgi /etc/ansible-automati 135172

Process: bash (PID: 746036)
    PID    PPID CMD                           RSS
 746036       1 bash -c  log_file="/tmp/mem  3456
  Children of PID 746036:
    PID    PPID CMD                           RSS
 748402  746036 bash -c  log_file="/tmp/mem  2108

Process: receptor (PID: 747027)
    PID    PPID CMD                           RSS
 747027     751 /usr/bin/receptor --node id 38360
  Children of PID 747027:
    PID    PPID CMD                           RSS
 747035  747027 /usr/bin/python3.11 -sP /us 57588

Process: bash (PID: 748402)
    PID    PPID CMD                           RSS
 748402  746036 bash -c  log_file="/tmp/mem  2108
  Children of PID 748402:
    PID    PPID CMD                           RSS


Process Tree for AAP Services:
=== automation-controller Process Tree ===
bash(746036)---pstree(748466)
=== receptor Process Tree ===
receptor(751)-+-receptor(747027)-+-ansible-runner(747035)---podman(747045)-+-exe(747053)-+-slirp4netns(747066)
              |                  |                                         |             |-{exe}(747054)
              |                  |                                         |             |-{exe}(747055)
              |                  |                                         |             |-{exe}(747056)
              |                  |                                         |             |-{exe}(747057)
              |                  |                                         |             |-{exe}(747058)
              |                  |                                         |             |-{exe}(747061)
              |                  |                                         |             |-{exe}(747063)
              |                  |                                         |             |-{exe}(747062)
              |                  |                                         |             `-{exe}(747068)
              |                  |                                         |-{podman}(747046)
              |                  |                                         |-{podman}(747047)
              |                  |                                         |-{podman}(747048)
              |                  |                                         |-{podman}(747049)
              |                  |                                         |-{podman}(747050)
              |                  |                                         |-{podman}(747051)
              |                  |                                         `-{podman}(747052)
              |                  |-{receptor}(747028)
              |                  |-{receptor}(747029)
              |                  |-{receptor}(747030)
              |                  |-{receptor}(747031)
              |                  |-{receptor}(747032)
              |                  |-{receptor}(747033)
              |                  |-{receptor}(747034)
              |                  |-{receptor}(747922)
              |                  `-{receptor}(747923)
              |-{receptor}(756)
              |-{receptor}(757)
              |-{receptor}(758)
              |-{receptor}(759)
              |-{receptor}(760)
              |-{receptor}(765)
              `-{receptor}(2141)
bash(746036)---pstree(748471)
receptor(747027)-+-ansible-runner(747035)---podman(747045)-+-exe(747053)-+-slirp4netns(747066)
                 |                                         |             |-{exe}(747054)
                 |                                         |             |-{exe}(747055)
                 |                                         |             |-{exe}(747056)
                 |                                         |             |-{exe}(747057)
                 |                                         |             |-{exe}(747058)
                 |                                         |             |-{exe}(747061)
                 |                                         |             |-{exe}(747063)
                 |                                         |             |-{exe}(747062)
                 |                                         |             `-{exe}(747068)
                 |                                         |-{podman}(747046)
                 |                                         |-{podman}(747047)
                 |                                         |-{podman}(747048)
                 |                                         |-{podman}(747049)
                 |                                         |-{podman}(747050)
                 |                                         |-{podman}(747051)
                 |                                         `-{podman}(747052)
                 |-{receptor}(747028)
                 |-{receptor}(747029)
                 |-{receptor}(747030)
                 |-{receptor}(747031)
                 |-{receptor}(747032)
                 |-{receptor}(747033)
                 |-{receptor}(747034)
                 |-{receptor}(747922)
                 `-{receptor}(747923)
=== nginx Process Tree ===
nginx(1162)-+-nginx(1164)
            |-nginx(1165)
            |-nginx(1166)
            `-nginx(1167)
nginx(1164)
nginx(1165)
nginx(1166)
nginx(1167)
bash(746036)---pstree(748481)
=== postgresql Process Tree ===
bash(746036)---pstree(748485)
=== redis Process Tree ===
redis-server(1112)-+-{redis-server}(1153)
                   |-{redis-server}(1154)
                   |-{redis-server}(1155)
                   `-{redis-server}(1156)
bash(746036)---pstree(748490)
=== uwsgi Process Tree ===
uwsgi(1168)-+-uwsgi(1205)
            |-uwsgi(1206)
            |-uwsgi(1207)
            |-uwsgi(1208)
            `-uwsgi(1209)
uwsgi(1205)
uwsgi(1206)
uwsgi(1207)
uwsgi(1208)
uwsgi(1209)
bash(746036)---pstree(748500)
=== automation-hub Process Tree ===
bash(746036)---pstree(748504)
=== automation-eda Process Tree ===
bash(746036)---pstree(748508)

=================================================================================
2025-07-07 09:08:42
Memory Usage Report:
               total        used        free      shared  buff/cache   available
Mem:            7681        1782        4726         148        1605        5898
Swap:           2047           0        2047

Top 10 Processes by RSS Memory:
    PID    PPID CMD                           RSS
   1205    1168 uwsgi /etc/ansible-automati 135284
   1208    1168 uwsgi /etc/ansible-automati 135284
   1207    1168 uwsgi /etc/ansible-automati 135224
   1209    1168 uwsgi /etc/ansible-automati 135172
   1206    1168 uwsgi /etc/ansible-automati 135112
   1172     777 /usr/bin/python3.11 -sP /us 116096
   1617    1172 /usr/bin/python3.11 -sP /us 103088
   1616    1172 /usr/bin/python3.11 -sP /us 103084
   1615    1172 /usr/bin/python3.11 -sP /us 101116
   1613    1172 /usr/bin/python3.11 -sP /us 100988

=== RECEPTOR PROCESS ANALYSIS ===
Receptor Main Processes:
    PID    PPID CMD                           RSS    VSZ %CPU %MEM     ELAPSED
    751       1 /usr/bin/receptor -c /etc/r 42612 1790028 0.0  0.5  3-19:05:41
Receptor Child Processes for PID 751:
      PID    PPID CMD                           RSS    VSZ %CPU %MEM     ELAPSED
 747027     751 /usr/bin/receptor --node id 38360 1936660 0.1  0.4       01:38
Receptor Threads for PID 751:
    PID    SPID %CPU %MEM   RSS COMMAND
    751     751  0.0  0.5 42612 receptor
    751     756  0.0  0.5 42612 receptor
    751     757  0.0  0.5 42612 receptor
    751     758  0.0  0.5 42612 receptor
    751     759  0.0  0.5 42612 receptor
    751     760  0.0  0.5 42612 receptor
    751     765  0.0  0.5 42612 receptor
    751    2141  0.0  0.5 42612 receptor
Receptor Network Connections for PID 751:
COMMAND      PID          USER   FD      TYPE             DEVICE SIZE/OFF     NODE NAME
envoy        744          root   39u     IPv4            6032203      0t0      TCP aap25-execution.aap-test.local:35964->aap25-execution.aap-test.local:pcsync-https (ESTABLISHED)
receptor     751           awx  cwd       DIR              253,0      235      128 /
receptor     751           awx  rtd       DIR              253,0      235      128 /
receptor     751           awx  txt       REG              253,0 55920336 33686933 /usr/bin/receptor
receptor     751           awx  mem       REG              253,0  5436640 50527991 /usr/lib64/libcrypto.so.3.2.2
receptor     751           awx  mem       REG              253,0   102552 50356340 /usr/lib64/libz.so.1.2.11
receptor     751           awx  mem       REG              253,0  2544344 50356320 /usr/lib64/libc.so.6
receptor     751           awx  mem       REG              253,0    70520 50356331 /usr/lib64/libresolv.so.2
receptor     751           awx  mem       REG              253,0   897856 50356316 /usr/lib64/ld-linux-x86-64.so.2
receptor     751           awx    0r      CHR                1,3      0t0        4 /dev/null
receptor     751           awx    1w      REG              253,0      888 17327669 /var/log/receptor/receptor.log
receptor     751           awx    2w      REG              253,0      888 17327669 /var/log/receptor/receptor.log
receptor     751           awx    3rW     REG               0,24        0      957 /run/awx-receptor/receptor.sock.lock
receptor     751           awx    4u  a_inode               0,14        0     2078 [eventpoll:5,7,8,9,10]
receptor     751           awx    5r     FIFO               0,13      0t0    24621 pipe
receptor     751           awx    6w     FIFO               0,13      0t0    24621 pipe
receptor     751           awx    7u     unix 0xffff9ae448c8f300      0t0    24624 /var/run/awx-receptor/receptor.sock type=STREAM (LISTEN)
receptor     751           awx    8u     IPv6              24629      0t0      TCP *:27199 (LISTEN)
receptor     751           awx    9u     IPv4              24235      0t0      TCP aap25-execution.aap-test.local:35552->aap25-control.aap-test.local:27199 (ESTABLISHED)
receptor     751           awx   10r  a_inode               0,14        0     2078 inotify
receptor     751           awx   11r      REG              253,0    38068 17719177 /tmp/receptor/192.168.1.20/pFVrDBUa/stdout
chronyd      762        chrony    5u     IPv4              24615      0t0      UDP localhost:323 
chronyd      762        chrony    6u     IPv6              24616      0t0      UDP localhost:323 
NetworkMa    774          root   26u     IPv4              24013      0t0      UDP aap25-execution.aap-test.local:bootpc->pi.hole:bootps 
sshd         797          root    3u     IPv4              22893      0t0      TCP *:ssh (LISTEN)
sshd         797          root    4u     IPv6              22895      0t0      TCP *:ssh (LISTEN)
node_expo   1111 node_exporter    3u     IPv6              21489      0t0      TCP *:jetdirect (LISTEN)
node_expo   1111 node_exporter    7u     IPv6              25899      0t0      TCP aap25-execution.aap-test.local:jetdirect->monitoring-node.aap-test.local:59590 (ESTABLISHED)
redis-ser   1112         redis    6u     IPv4              24055      0t0      TCP *:redis (LISTEN)
redis-ser   1112         redis    7u     IPv6              24056      0t0      TCP *:redis (LISTEN)
nginx       1162          root    6u     IPv4              24063      0t0      TCP *:pcsync-https (LISTEN)
nginx       1162          root    7u     IPv4              24064      0t0      TCP *:http (LISTEN)
nginx       1162          root    8u     IPv6              24065      0t0      TCP *:http (LISTEN)
nginx       1164         nginx    6u     IPv4              24063      0t0      TCP *:pcsync-https (LISTEN)
nginx       1164         nginx    7u     IPv4              24064      0t0      TCP *:http (LISTEN)
nginx       1164         nginx    8u     IPv6              24065      0t0      TCP *:http (LISTEN)
nginx       1165         nginx    6u     IPv4              24063      0t0      TCP *:pcsync-https (LISTEN)
nginx       1165         nginx    7u     IPv4              24064      0t0      TCP *:http (LISTEN)
nginx       1165         nginx    8u     IPv6              24065      0t0      TCP *:http (LISTEN)
nginx       1165         nginx   18u     IPv4            6032661      0t0      TCP aap25-execution.aap-test.local:pcsync-https->aap25-execution.aap-test.local:35964 (ESTABLISHED)
nginx       1166         nginx    6u     IPv4              24063      0t0      TCP *:pcsync-https (LISTEN)
nginx       1166         nginx    7u     IPv4              24064      0t0      TCP *:http (LISTEN)
nginx       1166         nginx    8u     IPv6              24065      0t0      TCP *:http (LISTEN)
nginx       1167         nginx    6u     IPv4              24063      0t0      TCP *:pcsync-https (LISTEN)
nginx       1167         nginx    7u     IPv4              24064      0t0      TCP *:http (LISTEN)
nginx       1167         nginx    8u     IPv6              24065      0t0      TCP *:http (LISTEN)
uwsgi       1168          root    3u     IPv4              25630      0t0      TCP localhost:8050 (LISTEN)
uwsgi       1205          root    3u     IPv4              25630      0t0      TCP localhost:8050 (LISTEN)
uwsgi       1206          root    3u     IPv4              25630      0t0      TCP localhost:8050 (LISTEN)
uwsgi       1207          root    3u     IPv4              25630      0t0      TCP localhost:8050 (LISTEN)
uwsgi       1208          root    3u     IPv4              25630      0t0      TCP localhost:8050 (LISTEN)
uwsgi       1209          root    3u     IPv4              25630      0t0      TCP localhost:8050 (LISTEN)
aap-gatew   1613          root    9u     IPv6              26755      0t0      TCP *:50051 (LISTEN)
aap-gatew   1614          root   11u     IPv6              26752      0t0      TCP *:50051 (LISTEN)
aap-gatew   1615          root   13u     IPv6              25760      0t0      TCP *:50051 (LISTEN)
aap-gatew   1616          root   15u     IPv6              24248      0t0      TCP *:50051 (LISTEN)
aap-gatew   1617          root   17u     IPv6              23372      0t0      TCP *:50051 (LISTEN)
sshd      746542          root    4u     IPv4            6075629      0t0      TCP aap25-execution.aap-test.local:ssh->192.168.1.168:51740 (ESTABLISHED)
sshd      746546          root    4u     IPv4            6075629      0t0      TCP aap25-execution.aap-test.local:ssh->192.168.1.168:51740 (ESTABLISHED)
slirp4net 747066           awx    3u     IPv4            6077029      0t0      TCP aap25-execution.aap-test.local:44240->aap25-execution.aap-test.local:ssh (ESTABLISHED)
sshd      747101          root    4u     IPv4            6075047      0t0      TCP aap25-execution.aap-test.local:ssh->aap25-execution.aap-test.local:44240 (ESTABLISHED)
sshd      747108          root    4u     IPv4            6075047      0t0      TCP aap25-execution.aap-test.local:ssh->aap25-execution.aap-test.local:44240 (ESTABLISHED)

    PID    PPID CMD                           RSS    VSZ %CPU %MEM     ELAPSED
 746036       1 bash -c  log_file="/tmp/mem  3456   7260  0.0  0.0       02:37
Receptor Child Processes for PID 746036:
      PID    PPID CMD                           RSS    VSZ %CPU %MEM     ELAPSED
Receptor Threads for PID 746036:
    PID    SPID %CPU %MEM   RSS COMMAND
 746036  746036  0.0  0.0  3456 bash
Receptor Network Connections for PID 746036:
COMMAND      PID          USER   FD   TYPE  DEVICE SIZE/OFF     NODE NAME
envoy        744          root   39u  IPv4 6032203      0t0      TCP aap25-execution.aap-test.local:35964->aap25-execution.aap-test.local:pcsync-https (ESTABLISHED)
receptor     751           awx    8u  IPv6   24629      0t0      TCP *:27199 (LISTEN)
receptor     751           awx    9u  IPv4   24235      0t0      TCP aap25-execution.aap-test.local:35552->aap25-control.aap-test.local:27199 (ESTABLISHED)
chronyd      762        chrony    5u  IPv4   24615      0t0      UDP localhost:323 
chronyd      762        chrony    6u  IPv6   24616      0t0      UDP localhost:323 
NetworkMa    774          root   26u  IPv4   24013      0t0      UDP aap25-execution.aap-test.local:bootpc->pi.hole:bootps 
sshd         797          root    3u  IPv4   22893      0t0      TCP *:ssh (LISTEN)
sshd         797          root    4u  IPv6   22895      0t0      TCP *:ssh (LISTEN)
node_expo   1111 node_exporter    3u  IPv6   21489      0t0      TCP *:jetdirect (LISTEN)
node_expo   1111 node_exporter    7u  IPv6   25899      0t0      TCP aap25-execution.aap-test.local:jetdirect->monitoring-node.aap-test.local:59590 (ESTABLISHED)
redis-ser   1112         redis    6u  IPv4   24055      0t0      TCP *:redis (LISTEN)
redis-ser   1112         redis    7u  IPv6   24056      0t0      TCP *:redis (LISTEN)
nginx       1162          root    6u  IPv4   24063      0t0      TCP *:pcsync-https (LISTEN)
nginx       1162          root    7u  IPv4   24064      0t0      TCP *:http (LISTEN)
nginx       1162          root    8u  IPv6   24065      0t0      TCP *:http (LISTEN)
nginx       1164         nginx    6u  IPv4   24063      0t0      TCP *:pcsync-https (LISTEN)
nginx       1164         nginx    7u  IPv4   24064      0t0      TCP *:http (LISTEN)
nginx       1164         nginx    8u  IPv6   24065      0t0      TCP *:http (LISTEN)
nginx       1165         nginx    6u  IPv4   24063      0t0      TCP *:pcsync-https (LISTEN)
nginx       1165         nginx    7u  IPv4   24064      0t0      TCP *:http (LISTEN)
nginx       1165         nginx    8u  IPv6   24065      0t0      TCP *:http (LISTEN)
nginx       1165         nginx   18u  IPv4 6032661      0t0      TCP aap25-execution.aap-test.local:pcsync-https->aap25-execution.aap-test.local:35964 (ESTABLISHED)
nginx       1166         nginx    6u  IPv4   24063      0t0      TCP *:pcsync-https (LISTEN)
nginx       1166         nginx    7u  IPv4   24064      0t0      TCP *:http (LISTEN)
nginx       1166         nginx    8u  IPv6   24065      0t0      TCP *:http (LISTEN)
nginx       1167         nginx    6u  IPv4   24063      0t0      TCP *:pcsync-https (LISTEN)
nginx       1167         nginx    7u  IPv4   24064      0t0      TCP *:http (LISTEN)
nginx       1167         nginx    8u  IPv6   24065      0t0      TCP *:http (LISTEN)
uwsgi       1168          root    3u  IPv4   25630      0t0      TCP localhost:8050 (LISTEN)
uwsgi       1205          root    3u  IPv4   25630      0t0      TCP localhost:8050 (LISTEN)
uwsgi       1206          root    3u  IPv4   25630      0t0      TCP localhost:8050 (LISTEN)
uwsgi       1207          root    3u  IPv4   25630      0t0      TCP localhost:8050 (LISTEN)
uwsgi       1208          root    3u  IPv4   25630      0t0      TCP localhost:8050 (LISTEN)
uwsgi       1209          root    3u  IPv4   25630      0t0      TCP localhost:8050 (LISTEN)
aap-gatew   1613          root    9u  IPv6   26755      0t0      TCP *:50051 (LISTEN)
aap-gatew   1614          root   11u  IPv6   26752      0t0      TCP *:50051 (LISTEN)
aap-gatew   1615          root   13u  IPv6   25760      0t0      TCP *:50051 (LISTEN)
aap-gatew   1616          root   15u  IPv6   24248      0t0      TCP *:50051 (LISTEN)
aap-gatew   1617          root   17u  IPv6   23372      0t0      TCP *:50051 (LISTEN)
bash      746036          root  cwd    DIR   253,0     4096 33685638 /root
bash      746036          root  rtd    DIR   253,0      235      128 /
bash      746036          root  txt    REG   253,0  1389072 33779126 /usr/bin/bash
bash      746036          root  mem    REG   253,0  2586930    30692 /usr/lib/locale/en_US.utf8/LC_COLLATE
bash      746036          root  mem    REG   253,0  2544344 50356320 /usr/lib64/libc.so.6
bash      746036          root  mem    REG   253,0   346132 50355997 /usr/lib/locale/C.utf8/LC_CTYPE
bash      746036          root  mem    REG   253,0       54    30695 /usr/lib/locale/en_US.utf8/LC_NUMERIC
bash      746036          root  mem    REG   253,0     3284 16862149 /usr/lib/locale/en_US.utf8/LC_TIME
bash      746036          root  mem    REG   253,0      286 16862147 /usr/lib/locale/en_US.utf8/LC_MONETARY
bash      746036          root  mem    REG   253,0       57 16862160 /usr/lib/locale/en_US.utf8/LC_MESSAGES/SYS_LC_MESSAGES
bash      746036          root  mem    REG   253,0    26988 33779313 /usr/lib64/gconv/gconv-modules.cache
bash      746036          root  mem    REG   253,0   195080 50355981 /usr/lib64/libtinfo.so.6.2
bash      746036          root  mem    REG   253,0       34 50356298 /usr/lib/locale/en_US.utf8/LC_PAPER
bash      746036          root  mem    REG   253,0       77    30694 /usr/lib/locale/en_US.utf8/LC_NAME
bash      746036          root  mem    REG   253,0      167 16862143 /usr/lib/locale/en_US.utf8/LC_ADDRESS
bash      746036          root  mem    REG   253,0       59 16862148 /usr/lib/locale/en_US.utf8/LC_TELEPHONE
bash      746036          root  mem    REG   253,0       23 16862146 /usr/lib/locale/en_US.utf8/LC_MEASUREMENT
bash      746036          root  mem    REG   253,0      369 16862145 /usr/lib/locale/en_US.utf8/LC_IDENTIFICATION
bash      746036          root  mem    REG   253,0   897856 50356316 /usr/lib64/ld-linux-x86-64.so.2
bash      746036          root    0r   CHR     1,3      0t0        4 /dev/null
bash      746036          root    1w   REG   253,0        0 17893681 /tmp/memory_monitor.log
bash      746036          root    2w   REG   253,0        0 17893681 /tmp/memory_monitor.log
bash      746036          root    3r  FIFO    0,13      0t0  6086521 pipe
sshd      746542          root    4u  IPv4 6075629      0t0      TCP aap25-execution.aap-test.local:ssh->192.168.1.168:51740 (ESTABLISHED)
sshd      746546          root    4u  IPv4 6075629      0t0      TCP aap25-execution.aap-test.local:ssh->192.168.1.168:51740 (ESTABLISHED)
slirp4net 747066           awx    3u  IPv4 6077029      0t0      TCP aap25-execution.aap-test.local:44240->aap25-execution.aap-test.local:ssh (ESTABLISHED)
sshd      747101          root    4u  IPv4 6075047      0t0      TCP aap25-execution.aap-test.local:ssh->aap25-execution.aap-test.local:44240 (ESTABLISHED)
sshd      747108          root    4u  IPv4 6075047      0t0      TCP aap25-execution.aap-test.local:ssh->aap25-execution.aap-test.local:44240 (ESTABLISHED)

    PID    PPID CMD                           RSS    VSZ %CPU %MEM     ELAPSED
 747027     751 /usr/bin/receptor --node id 38360 1936660 0.1  0.4       01:38
Receptor Child Processes for PID 747027:
      PID    PPID CMD                           RSS    VSZ %CPU %MEM     ELAPSED
 747035  747027 /usr/bin/python3.11 -sP /us 57588 137472  0.1  0.7       01:38
Receptor Threads for PID 747027:
    PID    SPID %CPU %MEM   RSS COMMAND
 747027  747027  0.0  0.4 38360 receptor
 747027  747028  0.0  0.4 38360 receptor
 747027  747029  0.0  0.4 38360 receptor
 747027  747030  0.0  0.4 38360 receptor
 747027  747031  0.0  0.4 38360 receptor
 747027  747032  0.0  0.4 38360 receptor
 747027  747033  0.0  0.4 38360 receptor
 747027  747034  0.0  0.4 38360 receptor
 747027  747922  0.0  0.4 38360 receptor
 747027  747923  0.0  0.4 38360 receptor
Receptor Network Connections for PID 747027:
COMMAND      PID          USER   FD      TYPE  DEVICE SIZE/OFF     NODE NAME
envoy        744          root   39u     IPv4 6032203      0t0      TCP aap25-execution.aap-test.local:35964->aap25-execution.aap-test.local:pcsync-https (ESTABLISHED)
receptor     751           awx    8u     IPv6   24629      0t0      TCP *:27199 (LISTEN)
receptor     751           awx    9u     IPv4   24235      0t0      TCP aap25-execution.aap-test.local:35552->aap25-control.aap-test.local:27199 (ESTABLISHED)
chronyd      762        chrony    5u     IPv4   24615      0t0      UDP localhost:323 
chronyd      762        chrony    6u     IPv6   24616      0t0      UDP localhost:323 
NetworkMa    774          root   26u     IPv4   24013      0t0      UDP aap25-execution.aap-test.local:bootpc->pi.hole:bootps 
sshd         797          root    3u     IPv4   22893      0t0      TCP *:ssh (LISTEN)
sshd         797          root    4u     IPv6   22895      0t0      TCP *:ssh (LISTEN)
node_expo   1111 node_exporter    3u     IPv6   21489      0t0      TCP *:jetdirect (LISTEN)
node_expo   1111 node_exporter    7u     IPv6   25899      0t0      TCP aap25-execution.aap-test.local:jetdirect->monitoring-node.aap-test.local:59590 (ESTABLISHED)
redis-ser   1112         redis    6u     IPv4   24055      0t0      TCP *:redis (LISTEN)
redis-ser   1112         redis    7u     IPv6   24056      0t0      TCP *:redis (LISTEN)
nginx       1162          root    6u     IPv4   24063      0t0      TCP *:pcsync-https (LISTEN)
nginx       1162          root    7u     IPv4   24064      0t0      TCP *:http (LISTEN)
nginx       1162          root    8u     IPv6   24065      0t0      TCP *:http (LISTEN)
nginx       1164         nginx    6u     IPv4   24063      0t0      TCP *:pcsync-https (LISTEN)
nginx       1164         nginx    7u     IPv4   24064      0t0      TCP *:http (LISTEN)
nginx       1164         nginx    8u     IPv6   24065      0t0      TCP *:http (LISTEN)
nginx       1165         nginx    6u     IPv4   24063      0t0      TCP *:pcsync-https (LISTEN)
nginx       1165         nginx    7u     IPv4   24064      0t0      TCP *:http (LISTEN)
nginx       1165         nginx    8u     IPv6   24065      0t0      TCP *:http (LISTEN)
nginx       1165         nginx   18u     IPv4 6032661      0t0      TCP aap25-execution.aap-test.local:pcsync-https->aap25-execution.aap-test.local:35964 (ESTABLISHED)
nginx       1166         nginx    6u     IPv4   24063      0t0      TCP *:pcsync-https (LISTEN)
nginx       1166         nginx    7u     IPv4   24064      0t0      TCP *:http (LISTEN)
nginx       1166         nginx    8u     IPv6   24065      0t0      TCP *:http (LISTEN)
nginx       1167         nginx    6u     IPv4   24063      0t0      TCP *:pcsync-https (LISTEN)
nginx       1167         nginx    7u     IPv4   24064      0t0      TCP *:http (LISTEN)
nginx       1167         nginx    8u     IPv6   24065      0t0      TCP *:http (LISTEN)
uwsgi       1168          root    3u     IPv4   25630      0t0      TCP localhost:8050 (LISTEN)
uwsgi       1205          root    3u     IPv4   25630      0t0      TCP localhost:8050 (LISTEN)
uwsgi       1206          root    3u     IPv4   25630      0t0      TCP localhost:8050 (LISTEN)
uwsgi       1207          root    3u     IPv4   25630      0t0      TCP localhost:8050 (LISTEN)
uwsgi       1208          root    3u     IPv4   25630      0t0      TCP localhost:8050 (LISTEN)
uwsgi       1209          root    3u     IPv4   25630      0t0      TCP localhost:8050 (LISTEN)
aap-gatew   1613          root    9u     IPv6   26755      0t0      TCP *:50051 (LISTEN)
aap-gatew   1614          root   11u     IPv6   26752      0t0      TCP *:50051 (LISTEN)
aap-gatew   1615          root   13u     IPv6   25760      0t0      TCP *:50051 (LISTEN)
aap-gatew   1616          root   15u     IPv6   24248      0t0      TCP *:50051 (LISTEN)
aap-gatew   1617          root   17u     IPv6   23372      0t0      TCP *:50051 (LISTEN)
sshd      746542          root    4u     IPv4 6075629      0t0      TCP aap25-execution.aap-test.local:ssh->192.168.1.168:51740 (ESTABLISHED)
sshd      746546          root    4u     IPv4 6075629      0t0      TCP aap25-execution.aap-test.local:ssh->192.168.1.168:51740 (ESTABLISHED)
receptor  747027           awx  cwd       DIR   253,0      235      128 /
receptor  747027           awx  rtd       DIR   253,0      235      128 /
receptor  747027           awx  txt       REG   253,0 55920336 33686933 /usr/bin/receptor
receptor  747027           awx  mem       REG   253,0  5436640 50527991 /usr/lib64/libcrypto.so.3.2.2
receptor  747027           awx  mem       REG   253,0  2544344 50356320 /usr/lib64/libc.so.6
receptor  747027           awx  mem       REG   253,0   102552 50356340 /usr/lib64/libz.so.1.2.11
receptor  747027           awx  mem       REG   253,0    70520 50356331 /usr/lib64/libresolv.so.2
receptor  747027           awx  mem       REG   253,0   897856 50356316 /usr/lib64/ld-linux-x86-64.so.2
receptor  747027           awx    0r      CHR     1,3      0t0        4 /dev/null
receptor  747027           awx    1w      REG   253,0      888 17327669 /var/log/receptor/receptor.log
receptor  747027           awx    2w      REG   253,0      888 17327669 /var/log/receptor/receptor.log
receptor  747027           awx    3r      REG   253,0    63880 17719176 /tmp/receptor/192.168.1.20/pFVrDBUa/stdin
receptor  747027           awx    4u  a_inode    0,14        0     2078 [eventpoll:5]
receptor  747027           awx    5r     FIFO    0,13      0t0  6077670 pipe
receptor  747027           awx    6w     FIFO    0,13      0t0  6077670 pipe
receptor  747027           awx    7w      REG   253,0    38068 17719177 /tmp/receptor/192.168.1.20/pFVrDBUa/stdout
slirp4net 747066           awx    3u     IPv4 6077029      0t0      TCP aap25-execution.aap-test.local:44240->aap25-execution.aap-test.local:ssh (ESTABLISHED)
sshd      747101          root    4u     IPv4 6075047      0t0      TCP aap25-execution.aap-test.local:ssh->aap25-execution.aap-test.local:44240 (ESTABLISHED)
sshd      747108          root    4u     IPv4 6075047      0t0      TCP aap25-execution.aap-test.local:ssh->aap25-execution.aap-test.local:44240 (ESTABLISHED)

    PID    PPID CMD                           RSS    VSZ %CPU %MEM     ELAPSED
Receptor Child Processes for PID 748612:
  No child processes found
Receptor Threads for PID 748612:
    PID    SPID %CPU %MEM   RSS COMMAND
Receptor Network Connections for PID 748612:
COMMAND      PID          USER   FD   TYPE  DEVICE SIZE/OFF NODE NAME
envoy        744          root   39u  IPv4 6032203      0t0  TCP aap25-execution.aap-test.local:35964->aap25-execution.aap-test.local:pcsync-https (ESTABLISHED)
receptor     751           awx    8u  IPv6   24629      0t0  TCP *:27199 (LISTEN)
receptor     751           awx    9u  IPv4   24235      0t0  TCP aap25-execution.aap-test.local:35552->aap25-control.aap-test.local:27199 (ESTABLISHED)
chronyd      762        chrony    5u  IPv4   24615      0t0  UDP localhost:323 
chronyd      762        chrony    6u  IPv6   24616      0t0  UDP localhost:323 
NetworkMa    774          root   26u  IPv4   24013      0t0  UDP aap25-execution.aap-test.local:bootpc->pi.hole:bootps 
sshd         797          root    3u  IPv4   22893      0t0  TCP *:ssh (LISTEN)
sshd         797          root    4u  IPv6   22895      0t0  TCP *:ssh (LISTEN)
node_expo   1111 node_exporter    3u  IPv6   21489      0t0  TCP *:jetdirect (LISTEN)
node_expo   1111 node_exporter    7u  IPv6   25899      0t0  TCP aap25-execution.aap-test.local:jetdirect->monitoring-node.aap-test.local:59590 (ESTABLISHED)
redis-ser   1112         redis    6u  IPv4   24055      0t0  TCP *:redis (LISTEN)
redis-ser   1112         redis    7u  IPv6   24056      0t0  TCP *:redis (LISTEN)
nginx       1162          root    6u  IPv4   24063      0t0  TCP *:pcsync-https (LISTEN)
nginx       1162          root    7u  IPv4   24064      0t0  TCP *:http (LISTEN)
nginx       1162          root    8u  IPv6   24065      0t0  TCP *:http (LISTEN)
nginx       1164         nginx    6u  IPv4   24063      0t0  TCP *:pcsync-https (LISTEN)
nginx       1164         nginx    7u  IPv4   24064      0t0  TCP *:http (LISTEN)
nginx       1164         nginx    8u  IPv6   24065      0t0  TCP *:http (LISTEN)
nginx       1165         nginx    6u  IPv4   24063      0t0  TCP *:pcsync-https (LISTEN)
nginx       1165         nginx    7u  IPv4   24064      0t0  TCP *:http (LISTEN)
nginx       1165         nginx    8u  IPv6   24065      0t0  TCP *:http (LISTEN)
nginx       1165         nginx   18u  IPv4 6032661      0t0  TCP aap25-execution.aap-test.local:pcsync-https->aap25-execution.aap-test.local:35964 (ESTABLISHED)
nginx       1166         nginx    6u  IPv4   24063      0t0  TCP *:pcsync-https (LISTEN)
nginx       1166         nginx    7u  IPv4   24064      0t0  TCP *:http (LISTEN)
nginx       1166         nginx    8u  IPv6   24065      0t0  TCP *:http (LISTEN)
nginx       1167         nginx    6u  IPv4   24063      0t0  TCP *:pcsync-https (LISTEN)
nginx       1167         nginx    7u  IPv4   24064      0t0  TCP *:http (LISTEN)
nginx       1167         nginx    8u  IPv6   24065      0t0  TCP *:http (LISTEN)
uwsgi       1168          root    3u  IPv4   25630      0t0  TCP localhost:8050 (LISTEN)
uwsgi       1205          root    3u  IPv4   25630      0t0  TCP localhost:8050 (LISTEN)
uwsgi       1206          root    3u  IPv4   25630      0t0  TCP localhost:8050 (LISTEN)
uwsgi       1207          root    3u  IPv4   25630      0t0  TCP localhost:8050 (LISTEN)
uwsgi       1208          root    3u  IPv4   25630      0t0  TCP localhost:8050 (LISTEN)
uwsgi       1209          root    3u  IPv4   25630      0t0  TCP localhost:8050 (LISTEN)
aap-gatew   1613          root    9u  IPv6   26755      0t0  TCP *:50051 (LISTEN)
aap-gatew   1614          root   11u  IPv6   26752      0t0  TCP *:50051 (LISTEN)
aap-gatew   1615          root   13u  IPv6   25760      0t0  TCP *:50051 (LISTEN)
aap-gatew   1616          root   15u  IPv6   24248      0t0  TCP *:50051 (LISTEN)
aap-gatew   1617          root   17u  IPv6   23372      0t0  TCP *:50051 (LISTEN)
sshd      746542          root    4u  IPv4 6075629      0t0  TCP aap25-execution.aap-test.local:ssh->192.168.1.168:51740 (ESTABLISHED)
sshd      746546          root    4u  IPv4 6075629      0t0  TCP aap25-execution.aap-test.local:ssh->192.168.1.168:51740 (ESTABLISHED)
slirp4net 747066           awx    3u  IPv4 6077029      0t0  TCP aap25-execution.aap-test.local:44240->aap25-execution.aap-test.local:ssh (ESTABLISHED)
sshd      747101          root    4u  IPv4 6075047      0t0  TCP aap25-execution.aap-test.local:ssh->aap25-execution.aap-test.local:44240 (ESTABLISHED)
sshd      747108          root    4u  IPv4 6075047      0t0  TCP aap25-execution.aap-test.local:ssh->aap25-execution.aap-test.local:44240 (ESTABLISHED)
  No network connections found

=== RECEPTOR MEMORY SUMMARY ===
Total Receptor RSS Memory: 180376 KB (176 MB)
Total Receptor VSZ Memory: 5808080 KB (5671 MB)
Number of Receptor Processes: 4

AAP-related Processes and Children:
=== AAP Service Processes ===
Process: receptor (PID: 751)
    PID    PPID CMD                           RSS
    751       1 /usr/bin/receptor -c /etc/r 42612
  Children of PID 751:
    PID    PPID CMD                           RSS
 747027     751 /usr/bin/receptor --node id 38360

Process: redis-server (PID: 1112)
    PID    PPID CMD                           RSS
   1112       1 /usr/bin/redis-server *:637 14980

Process: nginx (PID: 1162)
    PID    PPID CMD                           RSS
   1162       1 nginx: master process /usr/  2480
  Children of PID 1162:
    PID    PPID CMD                           RSS
   1164    1162 nginx: worker process        7984
    PID    PPID CMD                           RSS
   1165    1162 nginx: worker process        8368
    PID    PPID CMD                           RSS
   1166    1162 nginx: worker process        7984
    PID    PPID CMD                           RSS
   1167    1162 nginx: worker process        8112

Process: nginx (PID: 1164)
    PID    PPID CMD                           RSS
   1164    1162 nginx: worker process        7984

Process: nginx (PID: 1165)
    PID    PPID CMD                           RSS
   1165    1162 nginx: worker process        8368

Process: nginx (PID: 1166)
    PID    PPID CMD                           RSS
   1166    1162 nginx: worker process        7984

Process: nginx (PID: 1167)
    PID    PPID CMD                           RSS
   1167    1162 nginx: worker process        8112

Process: uwsgi (PID: 1168)
    PID    PPID CMD                           RSS
   1168     777 uwsgi /etc/ansible-automati 14208
  Children of PID 1168:
    PID    PPID CMD                           RSS
   1205    1168 uwsgi /etc/ansible-automati 135284
    PID    PPID CMD                           RSS
   1206    1168 uwsgi /etc/ansible-automati 135112
    PID    PPID CMD                           RSS
   1207    1168 uwsgi /etc/ansible-automati 135224
    PID    PPID CMD                           RSS
   1208    1168 uwsgi /etc/ansible-automati 135284
    PID    PPID CMD                           RSS
   1209    1168 uwsgi /etc/ansible-automati 135172

Process: uwsgi (PID: 1205)
    PID    PPID CMD                           RSS
   1205    1168 uwsgi /etc/ansible-automati 135284

Process: uwsgi (PID: 1206)
    PID    PPID CMD                           RSS
   1206    1168 uwsgi /etc/ansible-automati 135112

Process: uwsgi (PID: 1207)
    PID    PPID CMD                           RSS
   1207    1168 uwsgi /etc/ansible-automati 135224

Process: uwsgi (PID: 1208)
    PID    PPID CMD                           RSS
   1208    1168 uwsgi /etc/ansible-automati 135284

Process: uwsgi (PID: 1209)
    PID    PPID CMD                           RSS
   1209    1168 uwsgi /etc/ansible-automati 135172

Process: bash (PID: 746036)
    PID    PPID CMD                           RSS
 746036       1 bash -c  log_file="/tmp/mem  3456
  Children of PID 746036:
    PID    PPID CMD                           RSS
 748733  746036 bash -c  log_file="/tmp/mem  2108

Process: receptor (PID: 747027)
    PID    PPID CMD                           RSS
 747027     751 /usr/bin/receptor --node id 38360
  Children of PID 747027:
    PID    PPID CMD                           RSS
 747035  747027 /usr/bin/python3.11 -sP /us 57588

Process: bash (PID: 748733)
    PID    PPID CMD                           RSS
 748733  746036 bash -c  log_file="/tmp/mem  2108
  Children of PID 748733:
    PID    PPID CMD                           RSS


Process Tree for AAP Services:
=== automation-controller Process Tree ===
bash(746036)---pstree(748797)
=== receptor Process Tree ===
receptor(751)-+-receptor(747027)-+-ansible-runner(747035)---podman(747045)-+-exe(747053)-+-slirp4netns(747066)
              |                  |                                         |             |-{exe}(747054)
              |                  |                                         |             |-{exe}(747055)
              |                  |                                         |             |-{exe}(747056)
              |                  |                                         |             |-{exe}(747057)
              |                  |                                         |             |-{exe}(747058)
              |                  |                                         |             |-{exe}(747061)
              |                  |                                         |             |-{exe}(747063)
              |                  |                                         |             |-{exe}(747062)
              |                  |                                         |             `-{exe}(747068)
              |                  |                                         |-{podman}(747046)
              |                  |                                         |-{podman}(747047)
              |                  |                                         |-{podman}(747048)
              |                  |                                         |-{podman}(747049)
              |                  |                                         |-{podman}(747050)
              |                  |                                         |-{podman}(747051)
              |                  |                                         `-{podman}(747052)
              |                  |-{receptor}(747028)
              |                  |-{receptor}(747029)
              |                  |-{receptor}(747030)
              |                  |-{receptor}(747031)
              |                  |-{receptor}(747032)
              |                  |-{receptor}(747033)
              |                  |-{receptor}(747034)
              |                  |-{receptor}(747922)
              |                  `-{receptor}(747923)
              |-{receptor}(756)
              |-{receptor}(757)
              |-{receptor}(758)
              |-{receptor}(759)
              |-{receptor}(760)
              |-{receptor}(765)
              `-{receptor}(2141)
bash(746036)---pstree(748802)
receptor(747027)-+-ansible-runner(747035)---podman(747045)-+-exe(747053)-+-slirp4netns(747066)
                 |                                         |             |-{exe}(747054)
                 |                                         |             |-{exe}(747055)
                 |                                         |             |-{exe}(747056)
                 |                                         |             |-{exe}(747057)
                 |                                         |             |-{exe}(747058)
                 |                                         |             |-{exe}(747061)
                 |                                         |             |-{exe}(747063)
                 |                                         |             |-{exe}(747062)
                 |                                         |             `-{exe}(747068)
                 |                                         |-{podman}(747046)
                 |                                         |-{podman}(747047)
                 |                                         |-{podman}(747048)
                 |                                         |-{podman}(747049)
                 |                                         |-{podman}(747050)
                 |                                         |-{podman}(747051)
                 |                                         `-{podman}(747052)
                 |-{receptor}(747028)
                 |-{receptor}(747029)
                 |-{receptor}(747030)
                 |-{receptor}(747031)
                 |-{receptor}(747032)
                 |-{receptor}(747033)
                 |-{receptor}(747034)
                 |-{receptor}(747922)
                 `-{receptor}(747923)
=== nginx Process Tree ===
nginx(1162)-+-nginx(1164)
            |-nginx(1165)
            |-nginx(1166)
            `-nginx(1167)
nginx(1164)
nginx(1165)
nginx(1166)
nginx(1167)
bash(746036)---pstree(748812)
=== postgresql Process Tree ===
bash(746036)---pstree(748816)
=== redis Process Tree ===
redis-server(1112)-+-{redis-server}(1153)
                   |-{redis-server}(1154)
                   |-{redis-server}(1155)
                   `-{redis-server}(1156)
bash(746036)---pstree(748821)
=== uwsgi Process Tree ===
uwsgi(1168)-+-uwsgi(1205)
            |-uwsgi(1206)
            |-uwsgi(1207)
            |-uwsgi(1208)
            `-uwsgi(1209)
uwsgi(1205)
uwsgi(1206)
uwsgi(1207)
uwsgi(1208)
uwsgi(1209)
bash(746036)---pstree(748831)
=== automation-hub Process Tree ===
bash(746036)---pstree(748835)
=== automation-eda Process Tree ===
bash(746036)---pstree(748839)

=================================================================================
2025-07-07 09:09:13
Memory Usage Report:
               total        used        free      shared  buff/cache   available
Mem:            7681        1783        4725         148        1606        5897
Swap:           2047           0        2047

Top 10 Processes by RSS Memory:
    PID    PPID CMD                           RSS
   1205    1168 uwsgi /etc/ansible-automati 135284
   1208    1168 uwsgi /etc/ansible-automati 135284
   1207    1168 uwsgi /etc/ansible-automati 135224
   1209    1168 uwsgi /etc/ansible-automati 135172
   1206    1168 uwsgi /etc/ansible-automati 135112
   1172     777 /usr/bin/python3.11 -sP /us 116096
   1617    1172 /usr/bin/python3.11 -sP /us 103088
   1616    1172 /usr/bin/python3.11 -sP /us 103084
   1615    1172 /usr/bin/python3.11 -sP /us 101116
   1613    1172 /usr/bin/python3.11 -sP /us 100988

=== RECEPTOR PROCESS ANALYSIS ===
Receptor Main Processes:
    PID    PPID CMD                           RSS    VSZ %CPU %MEM     ELAPSED
    751       1 /usr/bin/receptor -c /etc/r 42484 1790028 0.0  0.5  3-19:06:12
Receptor Child Processes for PID 751:
      PID    PPID CMD                           RSS    VSZ %CPU %MEM     ELAPSED
 747027     751 /usr/bin/receptor --node id 38360 1936660 0.1  0.4       02:09
Receptor Threads for PID 751:
    PID    SPID %CPU %MEM   RSS COMMAND
    751     751  0.0  0.5 42484 receptor
    751     756  0.0  0.5 42484 receptor
    751     757  0.0  0.5 42484 receptor
    751     758  0.0  0.5 42484 receptor
    751     759  0.0  0.5 42484 receptor
    751     760  0.0  0.5 42484 receptor
    751     765  0.0  0.5 42484 receptor
    751    2141  0.0  0.5 42484 receptor
Receptor Network Connections for PID 751:
COMMAND      PID          USER   FD      TYPE             DEVICE SIZE/OFF     NODE NAME
envoy        744          root   39u     IPv4            6032203      0t0      TCP aap25-execution.aap-test.local:35964->aap25-execution.aap-test.local:pcsync-https (ESTABLISHED)
receptor     751           awx  cwd       DIR              253,0      235      128 /
receptor     751           awx  rtd       DIR              253,0      235      128 /
receptor     751           awx  txt       REG              253,0 55920336 33686933 /usr/bin/receptor
receptor     751           awx  mem       REG              253,0  5436640 50527991 /usr/lib64/libcrypto.so.3.2.2
receptor     751           awx  mem       REG              253,0   102552 50356340 /usr/lib64/libz.so.1.2.11
receptor     751           awx  mem       REG              253,0  2544344 50356320 /usr/lib64/libc.so.6
receptor     751           awx  mem       REG              253,0    70520 50356331 /usr/lib64/libresolv.so.2
receptor     751           awx  mem       REG              253,0   897856 50356316 /usr/lib64/ld-linux-x86-64.so.2
receptor     751           awx    0r      CHR                1,3      0t0        4 /dev/null
receptor     751           awx    1w      REG              253,0      888 17327669 /var/log/receptor/receptor.log
receptor     751           awx    2w      REG              253,0      888 17327669 /var/log/receptor/receptor.log
receptor     751           awx    3rW     REG               0,24        0      957 /run/awx-receptor/receptor.sock.lock
receptor     751           awx    4u  a_inode               0,14        0     2078 [eventpoll:5,7,8,9,10]
receptor     751           awx    5r     FIFO               0,13      0t0    24621 pipe
receptor     751           awx    6w     FIFO               0,13      0t0    24621 pipe
receptor     751           awx    7u     unix 0xffff9ae448c8f300      0t0    24624 /var/run/awx-receptor/receptor.sock type=STREAM (LISTEN)
receptor     751           awx    8u     IPv6              24629      0t0      TCP *:27199 (LISTEN)
receptor     751           awx    9u     IPv4              24235      0t0      TCP aap25-execution.aap-test.local:35552->aap25-control.aap-test.local:27199 (ESTABLISHED)
receptor     751           awx   10r  a_inode               0,14        0     2078 inotify
receptor     751           awx   11r      REG              253,0    38068 17719177 /tmp/receptor/192.168.1.20/pFVrDBUa/stdout
chronyd      762        chrony    5u     IPv4              24615      0t0      UDP localhost:323 
chronyd      762        chrony    6u     IPv6              24616      0t0      UDP localhost:323 
NetworkMa    774          root   26u     IPv4              24013      0t0      UDP aap25-execution.aap-test.local:bootpc->pi.hole:bootps 
sshd         797          root    3u     IPv4              22893      0t0      TCP *:ssh (LISTEN)
sshd         797          root    4u     IPv6              22895      0t0      TCP *:ssh (LISTEN)
node_expo   1111 node_exporter    3u     IPv6              21489      0t0      TCP *:jetdirect (LISTEN)
node_expo   1111 node_exporter    7u     IPv6              25899      0t0      TCP aap25-execution.aap-test.local:jetdirect->monitoring-node.aap-test.local:59590 (ESTABLISHED)
redis-ser   1112         redis    6u     IPv4              24055      0t0      TCP *:redis (LISTEN)
redis-ser   1112         redis    7u     IPv6              24056      0t0      TCP *:redis (LISTEN)
nginx       1162          root    6u     IPv4              24063      0t0      TCP *:pcsync-https (LISTEN)
nginx       1162          root    7u     IPv4              24064      0t0      TCP *:http (LISTEN)
nginx       1162          root    8u     IPv6              24065      0t0      TCP *:http (LISTEN)
nginx       1164         nginx    6u     IPv4              24063      0t0      TCP *:pcsync-https (LISTEN)
nginx       1164         nginx    7u     IPv4              24064      0t0      TCP *:http (LISTEN)
nginx       1164         nginx    8u     IPv6              24065      0t0      TCP *:http (LISTEN)
nginx       1165         nginx    6u     IPv4              24063      0t0      TCP *:pcsync-https (LISTEN)
nginx       1165         nginx    7u     IPv4              24064      0t0      TCP *:http (LISTEN)
nginx       1165         nginx    8u     IPv6              24065      0t0      TCP *:http (LISTEN)
nginx       1165         nginx   18u     IPv4            6032661      0t0      TCP aap25-execution.aap-test.local:pcsync-https->aap25-execution.aap-test.local:35964 (ESTABLISHED)
nginx       1166         nginx    6u     IPv4              24063      0t0      TCP *:pcsync-https (LISTEN)
nginx       1166         nginx    7u     IPv4              24064      0t0      TCP *:http (LISTEN)
nginx       1166         nginx    8u     IPv6              24065      0t0      TCP *:http (LISTEN)
nginx       1167         nginx    6u     IPv4              24063      0t0      TCP *:pcsync-https (LISTEN)
nginx       1167         nginx    7u     IPv4              24064      0t0      TCP *:http (LISTEN)
nginx       1167         nginx    8u     IPv6              24065      0t0      TCP *:http (LISTEN)
uwsgi       1168          root    3u     IPv4              25630      0t0      TCP localhost:8050 (LISTEN)
uwsgi       1205          root    3u     IPv4              25630      0t0      TCP localhost:8050 (LISTEN)
uwsgi       1206          root    3u     IPv4              25630      0t0      TCP localhost:8050 (LISTEN)
uwsgi       1207          root    3u     IPv4              25630      0t0      TCP localhost:8050 (LISTEN)
uwsgi       1208          root    3u     IPv4              25630      0t0      TCP localhost:8050 (LISTEN)
uwsgi       1209          root    3u     IPv4              25630      0t0      TCP localhost:8050 (LISTEN)
aap-gatew   1613          root    9u     IPv6              26755      0t0      TCP *:50051 (LISTEN)
aap-gatew   1614          root   11u     IPv6              26752      0t0      TCP *:50051 (LISTEN)
aap-gatew   1615          root   13u     IPv6              25760      0t0      TCP *:50051 (LISTEN)
aap-gatew   1616          root   15u     IPv6              24248      0t0      TCP *:50051 (LISTEN)
aap-gatew   1617          root   17u     IPv6              23372      0t0      TCP *:50051 (LISTEN)
sshd      746542          root    4u     IPv4            6075629      0t0      TCP aap25-execution.aap-test.local:ssh->192.168.1.168:51740 (ESTABLISHED)
sshd      746546          root    4u     IPv4            6075629      0t0      TCP aap25-execution.aap-test.local:ssh->192.168.1.168:51740 (ESTABLISHED)
slirp4net 747066           awx    3u     IPv4            6077029      0t0      TCP aap25-execution.aap-test.local:44240->aap25-execution.aap-test.local:ssh (ESTABLISHED)
sshd      747101          root    4u     IPv4            6075047      0t0      TCP aap25-execution.aap-test.local:ssh->aap25-execution.aap-test.local:44240 (ESTABLISHED)
sshd      747108          root    4u     IPv4            6075047      0t0      TCP aap25-execution.aap-test.local:ssh->aap25-execution.aap-test.local:44240 (ESTABLISHED)

    PID    PPID CMD                           RSS    VSZ %CPU %MEM     ELAPSED
 746036       1 bash -c  log_file="/tmp/mem  3456   7260  0.0  0.0       03:08
Receptor Child Processes for PID 746036:
      PID    PPID CMD                           RSS    VSZ %CPU %MEM     ELAPSED
Receptor Threads for PID 746036:
    PID    SPID %CPU %MEM   RSS COMMAND
 746036  746036  0.0  0.0  3456 bash
Receptor Network Connections for PID 746036:
COMMAND      PID          USER   FD   TYPE  DEVICE SIZE/OFF     NODE NAME
envoy        744          root   39u  IPv4 6032203      0t0      TCP aap25-execution.aap-test.local:35964->aap25-execution.aap-test.local:pcsync-https (ESTABLISHED)
receptor     751           awx    8u  IPv6   24629      0t0      TCP *:27199 (LISTEN)
receptor     751           awx    9u  IPv4   24235      0t0      TCP aap25-execution.aap-test.local:35552->aap25-control.aap-test.local:27199 (ESTABLISHED)
chronyd      762        chrony    5u  IPv4   24615      0t0      UDP localhost:323 
chronyd      762        chrony    6u  IPv6   24616      0t0      UDP localhost:323 
NetworkMa    774          root   26u  IPv4   24013      0t0      UDP aap25-execution.aap-test.local:bootpc->pi.hole:bootps 
sshd         797          root    3u  IPv4   22893      0t0      TCP *:ssh (LISTEN)
sshd         797          root    4u  IPv6   22895      0t0      TCP *:ssh (LISTEN)
node_expo   1111 node_exporter    3u  IPv6   21489      0t0      TCP *:jetdirect (LISTEN)
node_expo   1111 node_exporter    7u  IPv6   25899      0t0      TCP aap25-execution.aap-test.local:jetdirect->monitoring-node.aap-test.local:59590 (ESTABLISHED)
redis-ser   1112         redis    6u  IPv4   24055      0t0      TCP *:redis (LISTEN)
redis-ser   1112         redis    7u  IPv6   24056      0t0      TCP *:redis (LISTEN)
nginx       1162          root    6u  IPv4   24063      0t0      TCP *:pcsync-https (LISTEN)
nginx       1162          root    7u  IPv4   24064      0t0      TCP *:http (LISTEN)
nginx       1162          root    8u  IPv6   24065      0t0      TCP *:http (LISTEN)
nginx       1164         nginx    6u  IPv4   24063      0t0      TCP *:pcsync-https (LISTEN)
nginx       1164         nginx    7u  IPv4   24064      0t0      TCP *:http (LISTEN)
nginx       1164         nginx    8u  IPv6   24065      0t0      TCP *:http (LISTEN)
nginx       1165         nginx    6u  IPv4   24063      0t0      TCP *:pcsync-https (LISTEN)
nginx       1165         nginx    7u  IPv4   24064      0t0      TCP *:http (LISTEN)
nginx       1165         nginx    8u  IPv6   24065      0t0      TCP *:http (LISTEN)
nginx       1165         nginx   18u  IPv4 6032661      0t0      TCP aap25-execution.aap-test.local:pcsync-https->aap25-execution.aap-test.local:35964 (ESTABLISHED)
nginx       1166         nginx    6u  IPv4   24063      0t0      TCP *:pcsync-https (LISTEN)
nginx       1166         nginx    7u  IPv4   24064      0t0      TCP *:http (LISTEN)
nginx       1166         nginx    8u  IPv6   24065      0t0      TCP *:http (LISTEN)
nginx       1167         nginx    6u  IPv4   24063      0t0      TCP *:pcsync-https (LISTEN)
nginx       1167         nginx    7u  IPv4   24064      0t0      TCP *:http (LISTEN)
nginx       1167         nginx    8u  IPv6   24065      0t0      TCP *:http (LISTEN)
uwsgi       1168          root    3u  IPv4   25630      0t0      TCP localhost:8050 (LISTEN)
uwsgi       1205          root    3u  IPv4   25630      0t0      TCP localhost:8050 (LISTEN)
uwsgi       1206          root    3u  IPv4   25630      0t0      TCP localhost:8050 (LISTEN)
uwsgi       1207          root    3u  IPv4   25630      0t0      TCP localhost:8050 (LISTEN)
uwsgi       1208          root    3u  IPv4   25630      0t0      TCP localhost:8050 (LISTEN)
uwsgi       1209          root    3u  IPv4   25630      0t0      TCP localhost:8050 (LISTEN)
aap-gatew   1613          root    9u  IPv6   26755      0t0      TCP *:50051 (LISTEN)
aap-gatew   1614          root   11u  IPv6   26752      0t0      TCP *:50051 (LISTEN)
aap-gatew   1615          root   13u  IPv6   25760      0t0      TCP *:50051 (LISTEN)
aap-gatew   1616          root   15u  IPv6   24248      0t0      TCP *:50051 (LISTEN)
aap-gatew   1617          root   17u  IPv6   23372      0t0      TCP *:50051 (LISTEN)
bash      746036          root  cwd    DIR   253,0     4096 33685638 /root
bash      746036          root  rtd    DIR   253,0      235      128 /
bash      746036          root  txt    REG   253,0  1389072 33779126 /usr/bin/bash
bash      746036          root  mem    REG   253,0  2586930    30692 /usr/lib/locale/en_US.utf8/LC_COLLATE
bash      746036          root  mem    REG   253,0  2544344 50356320 /usr/lib64/libc.so.6
bash      746036          root  mem    REG   253,0   346132 50355997 /usr/lib/locale/C.utf8/LC_CTYPE
bash      746036          root  mem    REG   253,0       54    30695 /usr/lib/locale/en_US.utf8/LC_NUMERIC
bash      746036          root  mem    REG   253,0     3284 16862149 /usr/lib/locale/en_US.utf8/LC_TIME
bash      746036          root  mem    REG   253,0      286 16862147 /usr/lib/locale/en_US.utf8/LC_MONETARY
bash      746036          root  mem    REG   253,0       57 16862160 /usr/lib/locale/en_US.utf8/LC_MESSAGES/SYS_LC_MESSAGES
bash      746036          root  mem    REG   253,0    26988 33779313 /usr/lib64/gconv/gconv-modules.cache
bash      746036          root  mem    REG   253,0   195080 50355981 /usr/lib64/libtinfo.so.6.2
bash      746036          root  mem    REG   253,0       34 50356298 /usr/lib/locale/en_US.utf8/LC_PAPER
bash      746036          root  mem    REG   253,0       77    30694 /usr/lib/locale/en_US.utf8/LC_NAME
bash      746036          root  mem    REG   253,0      167 16862143 /usr/lib/locale/en_US.utf8/LC_ADDRESS
bash      746036          root  mem    REG   253,0       59 16862148 /usr/lib/locale/en_US.utf8/LC_TELEPHONE
bash      746036          root  mem    REG   253,0       23 16862146 /usr/lib/locale/en_US.utf8/LC_MEASUREMENT
bash      746036          root  mem    REG   253,0      369 16862145 /usr/lib/locale/en_US.utf8/LC_IDENTIFICATION
bash      746036          root  mem    REG   253,0   897856 50356316 /usr/lib64/ld-linux-x86-64.so.2
bash      746036          root    0r   CHR     1,3      0t0        4 /dev/null
bash      746036          root    1w   REG   253,0        0 17893681 /tmp/memory_monitor.log
bash      746036          root    2w   REG   253,0        0 17893681 /tmp/memory_monitor.log
bash      746036          root    3r  FIFO    0,13      0t0  6088090 pipe
sshd      746542          root    4u  IPv4 6075629      0t0      TCP aap25-execution.aap-test.local:ssh->192.168.1.168:51740 (ESTABLISHED)
sshd      746546          root    4u  IPv4 6075629      0t0      TCP aap25-execution.aap-test.local:ssh->192.168.1.168:51740 (ESTABLISHED)
slirp4net 747066           awx    3u  IPv4 6077029      0t0      TCP aap25-execution.aap-test.local:44240->aap25-execution.aap-test.local:ssh (ESTABLISHED)
sshd      747101          root    4u  IPv4 6075047      0t0      TCP aap25-execution.aap-test.local:ssh->aap25-execution.aap-test.local:44240 (ESTABLISHED)
sshd      747108          root    4u  IPv4 6075047      0t0      TCP aap25-execution.aap-test.local:ssh->aap25-execution.aap-test.local:44240 (ESTABLISHED)

    PID    PPID CMD                           RSS    VSZ %CPU %MEM     ELAPSED
 747027     751 /usr/bin/receptor --node id 38360 1936660 0.1  0.4       02:09
Receptor Child Processes for PID 747027:
      PID    PPID CMD                           RSS    VSZ %CPU %MEM     ELAPSED
 747035  747027 /usr/bin/python3.11 -sP /us 57588 137472  0.1  0.7       02:09
Receptor Threads for PID 747027:
    PID    SPID %CPU %MEM   RSS COMMAND
 747027  747027  0.0  0.4 38360 receptor
 747027  747028  0.0  0.4 38360 receptor
 747027  747029  0.0  0.4 38360 receptor
 747027  747030  0.0  0.4 38360 receptor
 747027  747031  0.0  0.4 38360 receptor
 747027  747032  0.0  0.4 38360 receptor
 747027  747033  0.0  0.4 38360 receptor
 747027  747034  0.0  0.4 38360 receptor
 747027  747922  0.0  0.4 38360 receptor
 747027  747923  0.0  0.4 38360 receptor
Receptor Network Connections for PID 747027:
COMMAND      PID          USER   FD      TYPE  DEVICE SIZE/OFF     NODE NAME
envoy        744          root   39u     IPv4 6032203      0t0      TCP aap25-execution.aap-test.local:35964->aap25-execution.aap-test.local:pcsync-https (ESTABLISHED)
receptor     751           awx    8u     IPv6   24629      0t0      TCP *:27199 (LISTEN)
receptor     751           awx    9u     IPv4   24235      0t0      TCP aap25-execution.aap-test.local:35552->aap25-control.aap-test.local:27199 (ESTABLISHED)
chronyd      762        chrony    5u     IPv4   24615      0t0      UDP localhost:323 
chronyd      762        chrony    6u     IPv6   24616      0t0      UDP localhost:323 
NetworkMa    774          root   26u     IPv4   24013      0t0      UDP aap25-execution.aap-test.local:bootpc->pi.hole:bootps 
sshd         797          root    3u     IPv4   22893      0t0      TCP *:ssh (LISTEN)
sshd         797          root    4u     IPv6   22895      0t0      TCP *:ssh (LISTEN)
node_expo   1111 node_exporter    3u     IPv6   21489      0t0      TCP *:jetdirect (LISTEN)
node_expo   1111 node_exporter    7u     IPv6   25899      0t0      TCP aap25-execution.aap-test.local:jetdirect->monitoring-node.aap-test.local:59590 (ESTABLISHED)
redis-ser   1112         redis    6u     IPv4   24055      0t0      TCP *:redis (LISTEN)
redis-ser   1112         redis    7u     IPv6   24056      0t0      TCP *:redis (LISTEN)
nginx       1162          root    6u     IPv4   24063      0t0      TCP *:pcsync-https (LISTEN)
nginx       1162          root    7u     IPv4   24064      0t0      TCP *:http (LISTEN)
nginx       1162          root    8u     IPv6   24065      0t0      TCP *:http (LISTEN)
nginx       1164         nginx    6u     IPv4   24063      0t0      TCP *:pcsync-https (LISTEN)
nginx       1164         nginx    7u     IPv4   24064      0t0      TCP *:http (LISTEN)
nginx       1164         nginx    8u     IPv6   24065      0t0      TCP *:http (LISTEN)
nginx       1165         nginx    6u     IPv4   24063      0t0      TCP *:pcsync-https (LISTEN)
nginx       1165         nginx    7u     IPv4   24064      0t0      TCP *:http (LISTEN)
nginx       1165         nginx    8u     IPv6   24065      0t0      TCP *:http (LISTEN)
nginx       1165         nginx   18u     IPv4 6032661      0t0      TCP aap25-execution.aap-test.local:pcsync-https->aap25-execution.aap-test.local:35964 (ESTABLISHED)
nginx       1166         nginx    6u     IPv4   24063      0t0      TCP *:pcsync-https (LISTEN)
nginx       1166         nginx    7u     IPv4   24064      0t0      TCP *:http (LISTEN)
nginx       1166         nginx    8u     IPv6   24065      0t0      TCP *:http (LISTEN)
nginx       1167         nginx    6u     IPv4   24063      0t0      TCP *:pcsync-https (LISTEN)
nginx       1167         nginx    7u     IPv4   24064      0t0      TCP *:http (LISTEN)
nginx       1167         nginx    8u     IPv6   24065      0t0      TCP *:http (LISTEN)
uwsgi       1168          root    3u     IPv4   25630      0t0      TCP localhost:8050 (LISTEN)
uwsgi       1205          root    3u     IPv4   25630      0t0      TCP localhost:8050 (LISTEN)
uwsgi       1206          root    3u     IPv4   25630      0t0      TCP localhost:8050 (LISTEN)
uwsgi       1207          root    3u     IPv4   25630      0t0      TCP localhost:8050 (LISTEN)
uwsgi       1208          root    3u     IPv4   25630      0t0      TCP localhost:8050 (LISTEN)
uwsgi       1209          root    3u     IPv4   25630      0t0      TCP localhost:8050 (LISTEN)
aap-gatew   1613          root    9u     IPv6   26755      0t0      TCP *:50051 (LISTEN)
aap-gatew   1614          root   11u     IPv6   26752      0t0      TCP *:50051 (LISTEN)
aap-gatew   1615          root   13u     IPv6   25760      0t0      TCP *:50051 (LISTEN)
aap-gatew   1616          root   15u     IPv6   24248      0t0      TCP *:50051 (LISTEN)
aap-gatew   1617          root   17u     IPv6   23372      0t0      TCP *:50051 (LISTEN)
sshd      746542          root    4u     IPv4 6075629      0t0      TCP aap25-execution.aap-test.local:ssh->192.168.1.168:51740 (ESTABLISHED)
sshd      746546          root    4u     IPv4 6075629      0t0      TCP aap25-execution.aap-test.local:ssh->192.168.1.168:51740 (ESTABLISHED)
receptor  747027           awx  cwd       DIR   253,0      235      128 /
receptor  747027           awx  rtd       DIR   253,0      235      128 /
receptor  747027           awx  txt       REG   253,0 55920336 33686933 /usr/bin/receptor
receptor  747027           awx  mem       REG   253,0  5436640 50527991 /usr/lib64/libcrypto.so.3.2.2
receptor  747027           awx  mem       REG   253,0  2544344 50356320 /usr/lib64/libc.so.6
receptor  747027           awx  mem       REG   253,0   102552 50356340 /usr/lib64/libz.so.1.2.11
receptor  747027           awx  mem       REG   253,0    70520 50356331 /usr/lib64/libresolv.so.2
receptor  747027           awx  mem       REG   253,0   897856 50356316 /usr/lib64/ld-linux-x86-64.so.2
receptor  747027           awx    0r      CHR     1,3      0t0        4 /dev/null
receptor  747027           awx    1w      REG   253,0      888 17327669 /var/log/receptor/receptor.log
receptor  747027           awx    2w      REG   253,0      888 17327669 /var/log/receptor/receptor.log
receptor  747027           awx    3r      REG   253,0    63880 17719176 /tmp/receptor/192.168.1.20/pFVrDBUa/stdin
receptor  747027           awx    4u  a_inode    0,14        0     2078 [eventpoll:5]
receptor  747027           awx    5r     FIFO    0,13      0t0  6077670 pipe
receptor  747027           awx    6w     FIFO    0,13      0t0  6077670 pipe
receptor  747027           awx    7w      REG   253,0    38068 17719177 /tmp/receptor/192.168.1.20/pFVrDBUa/stdout
slirp4net 747066           awx    3u     IPv4 6077029      0t0      TCP aap25-execution.aap-test.local:44240->aap25-execution.aap-test.local:ssh (ESTABLISHED)
sshd      747101          root    4u     IPv4 6075047      0t0      TCP aap25-execution.aap-test.local:ssh->aap25-execution.aap-test.local:44240 (ESTABLISHED)
sshd      747108          root    4u     IPv4 6075047      0t0      TCP aap25-execution.aap-test.local:ssh->aap25-execution.aap-test.local:44240 (ESTABLISHED)

    PID    PPID CMD                           RSS    VSZ %CPU %MEM     ELAPSED
Receptor Child Processes for PID 748944:
  No child processes found
Receptor Threads for PID 748944:
    PID    SPID %CPU %MEM   RSS COMMAND
Receptor Network Connections for PID 748944:
COMMAND      PID          USER   FD   TYPE  DEVICE SIZE/OFF NODE NAME
envoy        744          root   39u  IPv4 6032203      0t0  TCP aap25-execution.aap-test.local:35964->aap25-execution.aap-test.local:pcsync-https (ESTABLISHED)
receptor     751           awx    8u  IPv6   24629      0t0  TCP *:27199 (LISTEN)
receptor     751           awx    9u  IPv4   24235      0t0  TCP aap25-execution.aap-test.local:35552->aap25-control.aap-test.local:27199 (ESTABLISHED)
chronyd      762        chrony    5u  IPv4   24615      0t0  UDP localhost:323 
chronyd      762        chrony    6u  IPv6   24616      0t0  UDP localhost:323 
NetworkMa    774          root   26u  IPv4   24013      0t0  UDP aap25-execution.aap-test.local:bootpc->pi.hole:bootps 
sshd         797          root    3u  IPv4   22893      0t0  TCP *:ssh (LISTEN)
sshd         797          root    4u  IPv6   22895      0t0  TCP *:ssh (LISTEN)
node_expo   1111 node_exporter    3u  IPv6   21489      0t0  TCP *:jetdirect (LISTEN)
node_expo   1111 node_exporter    7u  IPv6   25899      0t0  TCP aap25-execution.aap-test.local:jetdirect->monitoring-node.aap-test.local:59590 (ESTABLISHED)
redis-ser   1112         redis    6u  IPv4   24055      0t0  TCP *:redis (LISTEN)
redis-ser   1112         redis    7u  IPv6   24056      0t0  TCP *:redis (LISTEN)
nginx       1162          root    6u  IPv4   24063      0t0  TCP *:pcsync-https (LISTEN)
nginx       1162          root    7u  IPv4   24064      0t0  TCP *:http (LISTEN)
nginx       1162          root    8u  IPv6   24065      0t0  TCP *:http (LISTEN)
nginx       1164         nginx    6u  IPv4   24063      0t0  TCP *:pcsync-https (LISTEN)
nginx       1164         nginx    7u  IPv4   24064      0t0  TCP *:http (LISTEN)
nginx       1164         nginx    8u  IPv6   24065      0t0  TCP *:http (LISTEN)
nginx       1165         nginx    6u  IPv4   24063      0t0  TCP *:pcsync-https (LISTEN)
nginx       1165         nginx    7u  IPv4   24064      0t0  TCP *:http (LISTEN)
nginx       1165         nginx    8u  IPv6   24065      0t0  TCP *:http (LISTEN)
nginx       1165         nginx   18u  IPv4 6032661      0t0  TCP aap25-execution.aap-test.local:pcsync-https->aap25-execution.aap-test.local:35964 (ESTABLISHED)
nginx       1166         nginx    6u  IPv4   24063      0t0  TCP *:pcsync-https (LISTEN)
nginx       1166         nginx    7u  IPv4   24064      0t0  TCP *:http (LISTEN)
nginx       1166         nginx    8u  IPv6   24065      0t0  TCP *:http (LISTEN)
nginx       1167         nginx    6u  IPv4   24063      0t0  TCP *:pcsync-https (LISTEN)
nginx       1167         nginx    7u  IPv4   24064      0t0  TCP *:http (LISTEN)
nginx       1167         nginx    8u  IPv6   24065      0t0  TCP *:http (LISTEN)
uwsgi       1168          root    3u  IPv4   25630      0t0  TCP localhost:8050 (LISTEN)
uwsgi       1205          root    3u  IPv4   25630      0t0  TCP localhost:8050 (LISTEN)
uwsgi       1206          root    3u  IPv4   25630      0t0  TCP localhost:8050 (LISTEN)
uwsgi       1207          root    3u  IPv4   25630      0t0  TCP localhost:8050 (LISTEN)
uwsgi       1208          root    3u  IPv4   25630      0t0  TCP localhost:8050 (LISTEN)
uwsgi       1209          root    3u  IPv4   25630      0t0  TCP localhost:8050 (LISTEN)
aap-gatew   1613          root    9u  IPv6   26755      0t0  TCP *:50051 (LISTEN)
aap-gatew   1614          root   11u  IPv6   26752      0t0  TCP *:50051 (LISTEN)
aap-gatew   1615          root   13u  IPv6   25760      0t0  TCP *:50051 (LISTEN)
aap-gatew   1616          root   15u  IPv6   24248      0t0  TCP *:50051 (LISTEN)
aap-gatew   1617          root   17u  IPv6   23372      0t0  TCP *:50051 (LISTEN)
sshd      746542          root    4u  IPv4 6075629      0t0  TCP aap25-execution.aap-test.local:ssh->192.168.1.168:51740 (ESTABLISHED)
sshd      746546          root    4u  IPv4 6075629      0t0  TCP aap25-execution.aap-test.local:ssh->192.168.1.168:51740 (ESTABLISHED)
slirp4net 747066           awx    3u  IPv4 6077029      0t0  TCP aap25-execution.aap-test.local:44240->aap25-execution.aap-test.local:ssh (ESTABLISHED)
sshd      747101          root    4u  IPv4 6075047      0t0  TCP aap25-execution.aap-test.local:ssh->aap25-execution.aap-test.local:44240 (ESTABLISHED)
sshd      747108          root    4u  IPv4 6075047      0t0  TCP aap25-execution.aap-test.local:ssh->aap25-execution.aap-test.local:44240 (ESTABLISHED)
  No network connections found

=== RECEPTOR MEMORY SUMMARY ===
Total Receptor RSS Memory: 180248 KB (176 MB)
Total Receptor VSZ Memory: 5808080 KB (5671 MB)
Number of Receptor Processes: 4

AAP-related Processes and Children:
=== AAP Service Processes ===
Process: receptor (PID: 751)
    PID    PPID CMD                           RSS
    751       1 /usr/bin/receptor -c /etc/r 42484
  Children of PID 751:
    PID    PPID CMD                           RSS
 747027     751 /usr/bin/receptor --node id 38360

Process: redis-server (PID: 1112)
    PID    PPID CMD                           RSS
   1112       1 /usr/bin/redis-server *:637 14980

Process: nginx (PID: 1162)
    PID    PPID CMD                           RSS
   1162       1 nginx: master process /usr/  2480
  Children of PID 1162:
    PID    PPID CMD                           RSS
   1164    1162 nginx: worker process        7984
    PID    PPID CMD                           RSS
   1165    1162 nginx: worker process        8368
    PID    PPID CMD                           RSS
   1166    1162 nginx: worker process        7984
    PID    PPID CMD                           RSS
   1167    1162 nginx: worker process        8112

Process: nginx (PID: 1164)
    PID    PPID CMD                           RSS
   1164    1162 nginx: worker process        7984

Process: nginx (PID: 1165)
    PID    PPID CMD                           RSS
   1165    1162 nginx: worker process        8368

Process: nginx (PID: 1166)
    PID    PPID CMD                           RSS
   1166    1162 nginx: worker process        7984

Process: nginx (PID: 1167)
    PID    PPID CMD                           RSS
   1167    1162 nginx: worker process        8112

Process: uwsgi (PID: 1168)
    PID    PPID CMD                           RSS
   1168     777 uwsgi /etc/ansible-automati 14208
  Children of PID 1168:
    PID    PPID CMD                           RSS
   1205    1168 uwsgi /etc/ansible-automati 135284
    PID    PPID CMD                           RSS
   1206    1168 uwsgi /etc/ansible-automati 135112
    PID    PPID CMD                           RSS
   1207    1168 uwsgi /etc/ansible-automati 135224
    PID    PPID CMD                           RSS
   1208    1168 uwsgi /etc/ansible-automati 135284
    PID    PPID CMD                           RSS
   1209    1168 uwsgi /etc/ansible-automati 135172

Process: uwsgi (PID: 1205)
    PID    PPID CMD                           RSS
   1205    1168 uwsgi /etc/ansible-automati 135284

Process: uwsgi (PID: 1206)
    PID    PPID CMD                           RSS
   1206    1168 uwsgi /etc/ansible-automati 135112

Process: uwsgi (PID: 1207)
    PID    PPID CMD                           RSS
   1207    1168 uwsgi /etc/ansible-automati 135224

Process: uwsgi (PID: 1208)
    PID    PPID CMD                           RSS
   1208    1168 uwsgi /etc/ansible-automati 135284

Process: uwsgi (PID: 1209)
    PID    PPID CMD                           RSS
   1209    1168 uwsgi /etc/ansible-automati 135172

Process: bash (PID: 746036)
    PID    PPID CMD                           RSS
 746036       1 bash -c  log_file="/tmp/mem  3456
  Children of PID 746036:
    PID    PPID CMD                           RSS
 749065  746036 bash -c  log_file="/tmp/mem  2112

Process: receptor (PID: 747027)
    PID    PPID CMD                           RSS
 747027     751 /usr/bin/receptor --node id 38360
  Children of PID 747027:
    PID    PPID CMD                           RSS
 747035  747027 /usr/bin/python3.11 -sP /us 57588

Process: bash (PID: 749065)
    PID    PPID CMD                           RSS
 749065  746036 bash -c  log_file="/tmp/mem  2112
  Children of PID 749065:
    PID    PPID CMD                           RSS


Process Tree for AAP Services:
=== automation-controller Process Tree ===
bash(746036)---pstree(749140)
=== receptor Process Tree ===
receptor(751)-+-receptor(747027)-+-ansible-runner(747035)---podman(747045)-+-exe(747053)-+-slirp4netns(747066)
              |                  |                                         |             |-{exe}(747054)
              |                  |                                         |             |-{exe}(747055)
              |                  |                                         |             |-{exe}(747056)
              |                  |                                         |             |-{exe}(747057)
              |                  |                                         |             |-{exe}(747058)
              |                  |                                         |             |-{exe}(747061)
              |                  |                                         |             |-{exe}(747063)
              |                  |                                         |             |-{exe}(747062)
              |                  |                                         |             `-{exe}(747068)
              |                  |                                         |-{podman}(747046)
              |                  |                                         |-{podman}(747047)
              |                  |                                         |-{podman}(747048)
              |                  |                                         |-{podman}(747049)
              |                  |                                         |-{podman}(747050)
              |                  |                                         |-{podman}(747051)
              |                  |                                         |-{podman}(747052)
              |                  |                                         `-{podman}(748917)
              |                  |-{receptor}(747028)
              |                  |-{receptor}(747029)
              |                  |-{receptor}(747030)
              |                  |-{receptor}(747031)
              |                  |-{receptor}(747032)
              |                  |-{receptor}(747033)
              |                  |-{receptor}(747034)
              |                  |-{receptor}(747922)
              |                  `-{receptor}(747923)
              |-{receptor}(756)
              |-{receptor}(757)
              |-{receptor}(758)
              |-{receptor}(759)
              |-{receptor}(760)
              |-{receptor}(765)
              `-{receptor}(2141)
bash(746036)---pstree(749145)
receptor(747027)-+-ansible-runner(747035)---podman(747045)-+-exe(747053)-+-slirp4netns(747066)
                 |                                         |             |-{exe}(747054)
                 |                                         |             |-{exe}(747055)
                 |                                         |             |-{exe}(747056)
                 |                                         |             |-{exe}(747057)
                 |                                         |             |-{exe}(747058)
                 |                                         |             |-{exe}(747061)
                 |                                         |             |-{exe}(747063)
                 |                                         |             |-{exe}(747062)
                 |                                         |             `-{exe}(747068)
                 |                                         |-{podman}(747046)
                 |                                         |-{podman}(747047)
                 |                                         |-{podman}(747048)
                 |                                         |-{podman}(747049)
                 |                                         |-{podman}(747050)
                 |                                         |-{podman}(747051)
                 |                                         |-{podman}(747052)
                 |                                         `-{podman}(748917)
                 |-{receptor}(747028)
                 |-{receptor}(747029)
                 |-{receptor}(747030)
                 |-{receptor}(747031)
                 |-{receptor}(747032)
                 |-{receptor}(747033)
                 |-{receptor}(747034)
                 |-{receptor}(747922)
                 `-{receptor}(747923)
=== nginx Process Tree ===
nginx(1162)-+-nginx(1164)
            |-nginx(1165)
            |-nginx(1166)
            `-nginx(1167)
nginx(1164)
nginx(1165)
nginx(1166)
nginx(1167)
bash(746036)---pstree(749155)
=== postgresql Process Tree ===
bash(746036)---pstree(749159)
=== redis Process Tree ===
redis-server(1112)-+-{redis-server}(1153)
                   |-{redis-server}(1154)
                   |-{redis-server}(1155)
                   `-{redis-server}(1156)
bash(746036)---pstree(749164)
=== uwsgi Process Tree ===
uwsgi(1168)-+-uwsgi(1205)
            |-uwsgi(1206)
            |-uwsgi(1207)
            |-uwsgi(1208)
            `-uwsgi(1209)
uwsgi(1205)
uwsgi(1206)
uwsgi(1207)
uwsgi(1208)
uwsgi(1209)
bash(746036)---pstree(749174)
=== automation-hub Process Tree ===
bash(746036)---pstree(749178)
=== automation-eda Process Tree ===
bash(746036)---pstree(749182)

=================================================================================
2025-07-07 09:09:45
Memory Usage Report:
               total        used        free      shared  buff/cache   available
Mem:            7681        1784        4724         148        1606        5897
Swap:           2047           0        2047

Top 10 Processes by RSS Memory:
    PID    PPID CMD                           RSS
   1205    1168 uwsgi /etc/ansible-automati 135284
   1208    1168 uwsgi /etc/ansible-automati 135284
   1207    1168 uwsgi /etc/ansible-automati 135224
   1209    1168 uwsgi /etc/ansible-automati 135172
   1206    1168 uwsgi /etc/ansible-automati 135112
   1172     777 /usr/bin/python3.11 -sP /us 116096
   1617    1172 /usr/bin/python3.11 -sP /us 103088
   1616    1172 /usr/bin/python3.11 -sP /us 103084
   1615    1172 /usr/bin/python3.11 -sP /us 101116
   1613    1172 /usr/bin/python3.11 -sP /us 100988

=== RECEPTOR PROCESS ANALYSIS ===
Receptor Main Processes:
    PID    PPID CMD                           RSS    VSZ %CPU %MEM     ELAPSED
    751       1 /usr/bin/receptor -c /etc/r 42484 1790028 0.0  0.5  3-19:06:44
Receptor Child Processes for PID 751:
      PID    PPID CMD                           RSS    VSZ %CPU %MEM     ELAPSED
 747027     751 /usr/bin/receptor --node id 38356 1937236 0.1  0.4       02:41
Receptor Threads for PID 751:
    PID    SPID %CPU %MEM   RSS COMMAND
    751     751  0.0  0.5 42484 receptor
    751     756  0.0  0.5 42484 receptor
    751     757  0.0  0.5 42484 receptor
    751     758  0.0  0.5 42484 receptor
    751     759  0.0  0.5 42484 receptor
    751     760  0.0  0.5 42484 receptor
    751     765  0.0  0.5 42484 receptor
    751    2141  0.0  0.5 42484 receptor
Receptor Network Connections for PID 751:
COMMAND      PID          USER   FD      TYPE             DEVICE SIZE/OFF     NODE NAME
envoy        744          root   39u     IPv4            6032203      0t0      TCP aap25-execution.aap-test.local:35964->aap25-execution.aap-test.local:pcsync-https (ESTABLISHED)
receptor     751           awx  cwd       DIR              253,0      235      128 /
receptor     751           awx  rtd       DIR              253,0      235      128 /
receptor     751           awx  txt       REG              253,0 55920336 33686933 /usr/bin/receptor
receptor     751           awx  mem       REG              253,0  5436640 50527991 /usr/lib64/libcrypto.so.3.2.2
receptor     751           awx  mem       REG              253,0   102552 50356340 /usr/lib64/libz.so.1.2.11
receptor     751           awx  mem       REG              253,0  2544344 50356320 /usr/lib64/libc.so.6
receptor     751           awx  mem       REG              253,0    70520 50356331 /usr/lib64/libresolv.so.2
receptor     751           awx  mem       REG              253,0   897856 50356316 /usr/lib64/ld-linux-x86-64.so.2
receptor     751           awx    0r      CHR                1,3      0t0        4 /dev/null
receptor     751           awx    1w      REG              253,0      888 17327669 /var/log/receptor/receptor.log
receptor     751           awx    2w      REG              253,0      888 17327669 /var/log/receptor/receptor.log
receptor     751           awx    3rW     REG               0,24        0      957 /run/awx-receptor/receptor.sock.lock
receptor     751           awx    4u  a_inode               0,14        0     2078 [eventpoll:5,7,8,9,10]
receptor     751           awx    5r     FIFO               0,13      0t0    24621 pipe
receptor     751           awx    6w     FIFO               0,13      0t0    24621 pipe
receptor     751           awx    7u     unix 0xffff9ae448c8f300      0t0    24624 /var/run/awx-receptor/receptor.sock type=STREAM (LISTEN)
receptor     751           awx    8u     IPv6              24629      0t0      TCP *:27199 (LISTEN)
receptor     751           awx    9u     IPv4              24235      0t0      TCP aap25-execution.aap-test.local:35552->aap25-control.aap-test.local:27199 (ESTABLISHED)
receptor     751           awx   10r  a_inode               0,14        0     2078 inotify
receptor     751           awx   11r      REG              253,0    38068 17719177 /tmp/receptor/192.168.1.20/pFVrDBUa/stdout
chronyd      762        chrony    5u     IPv4              24615      0t0      UDP localhost:323 
chronyd      762        chrony    6u     IPv6              24616      0t0      UDP localhost:323 
NetworkMa    774          root   26u     IPv4              24013      0t0      UDP aap25-execution.aap-test.local:bootpc->pi.hole:bootps 
sshd         797          root    3u     IPv4              22893      0t0      TCP *:ssh (LISTEN)
sshd         797          root    4u     IPv6              22895      0t0      TCP *:ssh (LISTEN)
node_expo   1111 node_exporter    3u     IPv6              21489      0t0      TCP *:jetdirect (LISTEN)
node_expo   1111 node_exporter    7u     IPv6              25899      0t0      TCP aap25-execution.aap-test.local:jetdirect->monitoring-node.aap-test.local:59590 (ESTABLISHED)
redis-ser   1112         redis    6u     IPv4              24055      0t0      TCP *:redis (LISTEN)
redis-ser   1112         redis    7u     IPv6              24056      0t0      TCP *:redis (LISTEN)
nginx       1162          root    6u     IPv4              24063      0t0      TCP *:pcsync-https (LISTEN)
nginx       1162          root    7u     IPv4              24064      0t0      TCP *:http (LISTEN)
nginx       1162          root    8u     IPv6              24065      0t0      TCP *:http (LISTEN)
nginx       1164         nginx    6u     IPv4              24063      0t0      TCP *:pcsync-https (LISTEN)
nginx       1164         nginx    7u     IPv4              24064      0t0      TCP *:http (LISTEN)
nginx       1164         nginx    8u     IPv6              24065      0t0      TCP *:http (LISTEN)
nginx       1165         nginx    6u     IPv4              24063      0t0      TCP *:pcsync-https (LISTEN)
nginx       1165         nginx    7u     IPv4              24064      0t0      TCP *:http (LISTEN)
nginx       1165         nginx    8u     IPv6              24065      0t0      TCP *:http (LISTEN)
nginx       1165         nginx   18u     IPv4            6032661      0t0      TCP aap25-execution.aap-test.local:pcsync-https->aap25-execution.aap-test.local:35964 (ESTABLISHED)
nginx       1166         nginx    6u     IPv4              24063      0t0      TCP *:pcsync-https (LISTEN)
nginx       1166         nginx    7u     IPv4              24064      0t0      TCP *:http (LISTEN)
nginx       1166         nginx    8u     IPv6              24065      0t0      TCP *:http (LISTEN)
nginx       1167         nginx    6u     IPv4              24063      0t0      TCP *:pcsync-https (LISTEN)
nginx       1167         nginx    7u     IPv4              24064      0t0      TCP *:http (LISTEN)
nginx       1167         nginx    8u     IPv6              24065      0t0      TCP *:http (LISTEN)
uwsgi       1168          root    3u     IPv4              25630      0t0      TCP localhost:8050 (LISTEN)
uwsgi       1205          root    3u     IPv4              25630      0t0      TCP localhost:8050 (LISTEN)
uwsgi       1206          root    3u     IPv4              25630      0t0      TCP localhost:8050 (LISTEN)
uwsgi       1207          root    3u     IPv4              25630      0t0      TCP localhost:8050 (LISTEN)
uwsgi       1208          root    3u     IPv4              25630      0t0      TCP localhost:8050 (LISTEN)
uwsgi       1209          root    3u     IPv4              25630      0t0      TCP localhost:8050 (LISTEN)
aap-gatew   1613          root    9u     IPv6              26755      0t0      TCP *:50051 (LISTEN)
aap-gatew   1614          root   11u     IPv6              26752      0t0      TCP *:50051 (LISTEN)
aap-gatew   1615          root   13u     IPv6              25760      0t0      TCP *:50051 (LISTEN)
aap-gatew   1616          root   15u     IPv6              24248      0t0      TCP *:50051 (LISTEN)
aap-gatew   1617          root   17u     IPv6              23372      0t0      TCP *:50051 (LISTEN)
sshd      746542          root    4u     IPv4            6075629      0t0      TCP aap25-execution.aap-test.local:ssh->192.168.1.168:51740 (ESTABLISHED)
sshd      746546          root    4u     IPv4            6075629      0t0      TCP aap25-execution.aap-test.local:ssh->192.168.1.168:51740 (ESTABLISHED)
slirp4net 747066           awx    3u     IPv4            6077029      0t0      TCP aap25-execution.aap-test.local:44240->aap25-execution.aap-test.local:ssh (ESTABLISHED)
sshd      747101          root    4u     IPv4            6075047      0t0      TCP aap25-execution.aap-test.local:ssh->aap25-execution.aap-test.local:44240 (ESTABLISHED)
sshd      747108          root    4u     IPv4            6075047      0t0      TCP aap25-execution.aap-test.local:ssh->aap25-execution.aap-test.local:44240 (ESTABLISHED)

    PID    PPID CMD                           RSS    VSZ %CPU %MEM     ELAPSED
 746036       1 bash -c  log_file="/tmp/mem  3456   7260  0.0  0.0       03:40
Receptor Child Processes for PID 746036:
      PID    PPID CMD                           RSS    VSZ %CPU %MEM     ELAPSED
Receptor Threads for PID 746036:
    PID    SPID %CPU %MEM   RSS COMMAND
 746036  746036  0.0  0.0  3456 bash
Receptor Network Connections for PID 746036:
COMMAND      PID          USER   FD   TYPE  DEVICE SIZE/OFF     NODE NAME
envoy        744          root   39u  IPv4 6032203      0t0      TCP aap25-execution.aap-test.local:35964->aap25-execution.aap-test.local:pcsync-https (ESTABLISHED)
receptor     751           awx    8u  IPv6   24629      0t0      TCP *:27199 (LISTEN)
receptor     751           awx    9u  IPv4   24235      0t0      TCP aap25-execution.aap-test.local:35552->aap25-control.aap-test.local:27199 (ESTABLISHED)
chronyd      762        chrony    5u  IPv4   24615      0t0      UDP localhost:323 
chronyd      762        chrony    6u  IPv6   24616      0t0      UDP localhost:323 
NetworkMa    774          root   26u  IPv4   24013      0t0      UDP aap25-execution.aap-test.local:bootpc->pi.hole:bootps 
sshd         797          root    3u  IPv4   22893      0t0      TCP *:ssh (LISTEN)
sshd         797          root    4u  IPv6   22895      0t0      TCP *:ssh (LISTEN)
node_expo   1111 node_exporter    3u  IPv6   21489      0t0      TCP *:jetdirect (LISTEN)
node_expo   1111 node_exporter    7u  IPv6   25899      0t0      TCP aap25-execution.aap-test.local:jetdirect->monitoring-node.aap-test.local:59590 (ESTABLISHED)
redis-ser   1112         redis    6u  IPv4   24055      0t0      TCP *:redis (LISTEN)
redis-ser   1112         redis    7u  IPv6   24056      0t0      TCP *:redis (LISTEN)
nginx       1162          root    6u  IPv4   24063      0t0      TCP *:pcsync-https (LISTEN)
nginx       1162          root    7u  IPv4   24064      0t0      TCP *:http (LISTEN)
nginx       1162          root    8u  IPv6   24065      0t0      TCP *:http (LISTEN)
nginx       1164         nginx    6u  IPv4   24063      0t0      TCP *:pcsync-https (LISTEN)
nginx       1164         nginx    7u  IPv4   24064      0t0      TCP *:http (LISTEN)
nginx       1164         nginx    8u  IPv6   24065      0t0      TCP *:http (LISTEN)
nginx       1165         nginx    6u  IPv4   24063      0t0      TCP *:pcsync-https (LISTEN)
nginx       1165         nginx    7u  IPv4   24064      0t0      TCP *:http (LISTEN)
nginx       1165         nginx    8u  IPv6   24065      0t0      TCP *:http (LISTEN)
nginx       1165         nginx   18u  IPv4 6032661      0t0      TCP aap25-execution.aap-test.local:pcsync-https->aap25-execution.aap-test.local:35964 (ESTABLISHED)
nginx       1166         nginx    6u  IPv4   24063      0t0      TCP *:pcsync-https (LISTEN)
nginx       1166         nginx    7u  IPv4   24064      0t0      TCP *:http (LISTEN)
nginx       1166         nginx    8u  IPv6   24065      0t0      TCP *:http (LISTEN)
nginx       1167         nginx    6u  IPv4   24063      0t0      TCP *:pcsync-https (LISTEN)
nginx       1167         nginx    7u  IPv4   24064      0t0      TCP *:http (LISTEN)
nginx       1167         nginx    8u  IPv6   24065      0t0      TCP *:http (LISTEN)
uwsgi       1168          root    3u  IPv4   25630      0t0      TCP localhost:8050 (LISTEN)
uwsgi       1205          root    3u  IPv4   25630      0t0      TCP localhost:8050 (LISTEN)
uwsgi       1206          root    3u  IPv4   25630      0t0      TCP localhost:8050 (LISTEN)
uwsgi       1207          root    3u  IPv4   25630      0t0      TCP localhost:8050 (LISTEN)
uwsgi       1208          root    3u  IPv4   25630      0t0      TCP localhost:8050 (LISTEN)
uwsgi       1209          root    3u  IPv4   25630      0t0      TCP localhost:8050 (LISTEN)
aap-gatew   1613          root    9u  IPv6   26755      0t0      TCP *:50051 (LISTEN)
aap-gatew   1614          root   11u  IPv6   26752      0t0      TCP *:50051 (LISTEN)
aap-gatew   1615          root   13u  IPv6   25760      0t0      TCP *:50051 (LISTEN)
aap-gatew   1616          root   15u  IPv6   24248      0t0      TCP *:50051 (LISTEN)
aap-gatew   1617          root   17u  IPv6   23372      0t0      TCP *:50051 (LISTEN)
bash      746036          root  cwd    DIR   253,0     4096 33685638 /root
bash      746036          root  rtd    DIR   253,0      235      128 /
bash      746036          root  txt    REG   253,0  1389072 33779126 /usr/bin/bash
bash      746036          root  mem    REG   253,0  2586930    30692 /usr/lib/locale/en_US.utf8/LC_COLLATE
bash      746036          root  mem    REG   253,0  2544344 50356320 /usr/lib64/libc.so.6
bash      746036          root  mem    REG   253,0   346132 50355997 /usr/lib/locale/C.utf8/LC_CTYPE
bash      746036          root  mem    REG   253,0       54    30695 /usr/lib/locale/en_US.utf8/LC_NUMERIC
bash      746036          root  mem    REG   253,0     3284 16862149 /usr/lib/locale/en_US.utf8/LC_TIME
bash      746036          root  mem    REG   253,0      286 16862147 /usr/lib/locale/en_US.utf8/LC_MONETARY
bash      746036          root  mem    REG   253,0       57 16862160 /usr/lib/locale/en_US.utf8/LC_MESSAGES/SYS_LC_MESSAGES
bash      746036          root  mem    REG   253,0    26988 33779313 /usr/lib64/gconv/gconv-modules.cache
bash      746036          root  mem    REG   253,0   195080 50355981 /usr/lib64/libtinfo.so.6.2
bash      746036          root  mem    REG   253,0       34 50356298 /usr/lib/locale/en_US.utf8/LC_PAPER
bash      746036          root  mem    REG   253,0       77    30694 /usr/lib/locale/en_US.utf8/LC_NAME
bash      746036          root  mem    REG   253,0      167 16862143 /usr/lib/locale/en_US.utf8/LC_ADDRESS
bash      746036          root  mem    REG   253,0       59 16862148 /usr/lib/locale/en_US.utf8/LC_TELEPHONE
bash      746036          root  mem    REG   253,0       23 16862146 /usr/lib/locale/en_US.utf8/LC_MEASUREMENT
bash      746036          root  mem    REG   253,0      369 16862145 /usr/lib/locale/en_US.utf8/LC_IDENTIFICATION
bash      746036          root  mem    REG   253,0   897856 50356316 /usr/lib64/ld-linux-x86-64.so.2
bash      746036          root    0r   CHR     1,3      0t0        4 /dev/null
bash      746036          root    1w   REG   253,0        0 17893681 /tmp/memory_monitor.log
bash      746036          root    2w   REG   253,0        0 17893681 /tmp/memory_monitor.log
bash      746036          root    3r  FIFO    0,13      0t0  6090621 pipe
sshd      746542          root    4u  IPv4 6075629      0t0      TCP aap25-execution.aap-test.local:ssh->192.168.1.168:51740 (ESTABLISHED)
sshd      746546          root    4u  IPv4 6075629      0t0      TCP aap25-execution.aap-test.local:ssh->192.168.1.168:51740 (ESTABLISHED)
slirp4net 747066           awx    3u  IPv4 6077029      0t0      TCP aap25-execution.aap-test.local:44240->aap25-execution.aap-test.local:ssh (ESTABLISHED)
sshd      747101          root    4u  IPv4 6075047      0t0      TCP aap25-execution.aap-test.local:ssh->aap25-execution.aap-test.local:44240 (ESTABLISHED)
sshd      747108          root    4u  IPv4 6075047      0t0      TCP aap25-execution.aap-test.local:ssh->aap25-execution.aap-test.local:44240 (ESTABLISHED)

    PID    PPID CMD                           RSS    VSZ %CPU %MEM     ELAPSED
 747027     751 /usr/bin/receptor --node id 38356 1937236 0.1  0.4       02:41
Receptor Child Processes for PID 747027:
      PID    PPID CMD                           RSS    VSZ %CPU %MEM     ELAPSED
 747035  747027 /usr/bin/python3.11 -sP /us 57588 137472  0.0  0.7       02:41
Receptor Threads for PID 747027:
    PID    SPID %CPU %MEM   RSS COMMAND
 747027  747027  0.0  0.4 38356 receptor
 747027  747028  0.0  0.4 38356 receptor
 747027  747029  0.0  0.4 38356 receptor
 747027  747030  0.0  0.4 38356 receptor
 747027  747031  0.0  0.4 38356 receptor
 747027  747032  0.0  0.4 38356 receptor
 747027  747033  0.0  0.4 38356 receptor
 747027  747034  0.0  0.4 38356 receptor
 747027  747922  0.0  0.4 38356 receptor
 747027  747923  0.0  0.4 38356 receptor
Receptor Network Connections for PID 747027:
COMMAND      PID          USER   FD      TYPE  DEVICE SIZE/OFF     NODE NAME
envoy        744          root   39u     IPv4 6032203      0t0      TCP aap25-execution.aap-test.local:35964->aap25-execution.aap-test.local:pcsync-https (ESTABLISHED)
receptor     751           awx    8u     IPv6   24629      0t0      TCP *:27199 (LISTEN)
receptor     751           awx    9u     IPv4   24235      0t0      TCP aap25-execution.aap-test.local:35552->aap25-control.aap-test.local:27199 (ESTABLISHED)
chronyd      762        chrony    5u     IPv4   24615      0t0      UDP localhost:323 
chronyd      762        chrony    6u     IPv6   24616      0t0      UDP localhost:323 
NetworkMa    774          root   26u     IPv4   24013      0t0      UDP aap25-execution.aap-test.local:bootpc->pi.hole:bootps 
sshd         797          root    3u     IPv4   22893      0t0      TCP *:ssh (LISTEN)
sshd         797          root    4u     IPv6   22895      0t0      TCP *:ssh (LISTEN)
node_expo   1111 node_exporter    3u     IPv6   21489      0t0      TCP *:jetdirect (LISTEN)
node_expo   1111 node_exporter    7u     IPv6   25899      0t0      TCP aap25-execution.aap-test.local:jetdirect->monitoring-node.aap-test.local:59590 (ESTABLISHED)
redis-ser   1112         redis    6u     IPv4   24055      0t0      TCP *:redis (LISTEN)
redis-ser   1112         redis    7u     IPv6   24056      0t0      TCP *:redis (LISTEN)
nginx       1162          root    6u     IPv4   24063      0t0      TCP *:pcsync-https (LISTEN)
nginx       1162          root    7u     IPv4   24064      0t0      TCP *:http (LISTEN)
nginx       1162          root    8u     IPv6   24065      0t0      TCP *:http (LISTEN)
nginx       1164         nginx    6u     IPv4   24063      0t0      TCP *:pcsync-https (LISTEN)
nginx       1164         nginx    7u     IPv4   24064      0t0      TCP *:http (LISTEN)
nginx       1164         nginx    8u     IPv6   24065      0t0      TCP *:http (LISTEN)
nginx       1165         nginx    6u     IPv4   24063      0t0      TCP *:pcsync-https (LISTEN)
nginx       1165         nginx    7u     IPv4   24064      0t0      TCP *:http (LISTEN)
nginx       1165         nginx    8u     IPv6   24065      0t0      TCP *:http (LISTEN)
nginx       1165         nginx   18u     IPv4 6032661      0t0      TCP aap25-execution.aap-test.local:pcsync-https->aap25-execution.aap-test.local:35964 (ESTABLISHED)
nginx       1166         nginx    6u     IPv4   24063      0t0      TCP *:pcsync-https (LISTEN)
nginx       1166         nginx    7u     IPv4   24064      0t0      TCP *:http (LISTEN)
nginx       1166         nginx    8u     IPv6   24065      0t0      TCP *:http (LISTEN)
nginx       1167         nginx    6u     IPv4   24063      0t0      TCP *:pcsync-https (LISTEN)
nginx       1167         nginx    7u     IPv4   24064      0t0      TCP *:http (LISTEN)
nginx       1167         nginx    8u     IPv6   24065      0t0      TCP *:http (LISTEN)
uwsgi       1168          root    3u     IPv4   25630      0t0      TCP localhost:8050 (LISTEN)
uwsgi       1205          root    3u     IPv4   25630      0t0      TCP localhost:8050 (LISTEN)
uwsgi       1206          root    3u     IPv4   25630      0t0      TCP localhost:8050 (LISTEN)
uwsgi       1207          root    3u     IPv4   25630      0t0      TCP localhost:8050 (LISTEN)
uwsgi       1208          root    3u     IPv4   25630      0t0      TCP localhost:8050 (LISTEN)
uwsgi       1209          root    3u     IPv4   25630      0t0      TCP localhost:8050 (LISTEN)
aap-gatew   1613          root    9u     IPv6   26755      0t0      TCP *:50051 (LISTEN)
aap-gatew   1614          root   11u     IPv6   26752      0t0      TCP *:50051 (LISTEN)
aap-gatew   1615          root   13u     IPv6   25760      0t0      TCP *:50051 (LISTEN)
aap-gatew   1616          root   15u     IPv6   24248      0t0      TCP *:50051 (LISTEN)
aap-gatew   1617          root   17u     IPv6   23372      0t0      TCP *:50051 (LISTEN)
sshd      746542          root    4u     IPv4 6075629      0t0      TCP aap25-execution.aap-test.local:ssh->192.168.1.168:51740 (ESTABLISHED)
sshd      746546          root    4u     IPv4 6075629      0t0      TCP aap25-execution.aap-test.local:ssh->192.168.1.168:51740 (ESTABLISHED)
receptor  747027           awx  cwd       DIR   253,0      235      128 /
receptor  747027           awx  rtd       DIR   253,0      235      128 /
receptor  747027           awx  txt       REG   253,0 55920336 33686933 /usr/bin/receptor
receptor  747027           awx  mem       REG   253,0  5436640 50527991 /usr/lib64/libcrypto.so.3.2.2
receptor  747027           awx  mem       REG   253,0  2544344 50356320 /usr/lib64/libc.so.6
receptor  747027           awx  mem       REG   253,0   102552 50356340 /usr/lib64/libz.so.1.2.11
receptor  747027           awx  mem       REG   253,0    70520 50356331 /usr/lib64/libresolv.so.2
receptor  747027           awx  mem       REG   253,0   897856 50356316 /usr/lib64/ld-linux-x86-64.so.2
receptor  747027           awx    0r      CHR     1,3      0t0        4 /dev/null
receptor  747027           awx    1w      REG   253,0      888 17327669 /var/log/receptor/receptor.log
receptor  747027           awx    2w      REG   253,0      888 17327669 /var/log/receptor/receptor.log
receptor  747027           awx    3r      REG   253,0    63880 17719176 /tmp/receptor/192.168.1.20/pFVrDBUa/stdin
receptor  747027           awx    4u  a_inode    0,14        0     2078 [eventpoll:5]
receptor  747027           awx    5r     FIFO    0,13      0t0  6077670 pipe
receptor  747027           awx    6w     FIFO    0,13      0t0  6077670 pipe
receptor  747027           awx    7w      REG   253,0    38068 17719177 /tmp/receptor/192.168.1.20/pFVrDBUa/stdout
slirp4net 747066           awx    3u     IPv4 6077029      0t0      TCP aap25-execution.aap-test.local:44240->aap25-execution.aap-test.local:ssh (ESTABLISHED)
sshd      747101          root    4u     IPv4 6075047      0t0      TCP aap25-execution.aap-test.local:ssh->aap25-execution.aap-test.local:44240 (ESTABLISHED)
sshd      747108          root    4u     IPv4 6075047      0t0      TCP aap25-execution.aap-test.local:ssh->aap25-execution.aap-test.local:44240 (ESTABLISHED)

    PID    PPID CMD                           RSS    VSZ %CPU %MEM     ELAPSED
Receptor Child Processes for PID 749286:
  No child processes found
Receptor Threads for PID 749286:
    PID    SPID %CPU %MEM   RSS COMMAND
Receptor Network Connections for PID 749286:
COMMAND      PID          USER   FD   TYPE  DEVICE SIZE/OFF NODE NAME
envoy        744          root   39u  IPv4 6032203      0t0  TCP aap25-execution.aap-test.local:35964->aap25-execution.aap-test.local:pcsync-https (ESTABLISHED)
receptor     751           awx    8u  IPv6   24629      0t0  TCP *:27199 (LISTEN)
receptor     751           awx    9u  IPv4   24235      0t0  TCP aap25-execution.aap-test.local:35552->aap25-control.aap-test.local:27199 (ESTABLISHED)
chronyd      762        chrony    5u  IPv4   24615      0t0  UDP localhost:323 
chronyd      762        chrony    6u  IPv6   24616      0t0  UDP localhost:323 
NetworkMa    774          root   26u  IPv4   24013      0t0  UDP aap25-execution.aap-test.local:bootpc->pi.hole:bootps 
sshd         797          root    3u  IPv4   22893      0t0  TCP *:ssh (LISTEN)
sshd         797          root    4u  IPv6   22895      0t0  TCP *:ssh (LISTEN)
node_expo   1111 node_exporter    3u  IPv6   21489      0t0  TCP *:jetdirect (LISTEN)
node_expo   1111 node_exporter    7u  IPv6   25899      0t0  TCP aap25-execution.aap-test.local:jetdirect->monitoring-node.aap-test.local:59590 (ESTABLISHED)
redis-ser   1112         redis    6u  IPv4   24055      0t0  TCP *:redis (LISTEN)
redis-ser   1112         redis    7u  IPv6   24056      0t0  TCP *:redis (LISTEN)
nginx       1162          root    6u  IPv4   24063      0t0  TCP *:pcsync-https (LISTEN)
nginx       1162          root    7u  IPv4   24064      0t0  TCP *:http (LISTEN)
nginx       1162          root    8u  IPv6   24065      0t0  TCP *:http (LISTEN)
nginx       1164         nginx    6u  IPv4   24063      0t0  TCP *:pcsync-https (LISTEN)
nginx       1164         nginx    7u  IPv4   24064      0t0  TCP *:http (LISTEN)
nginx       1164         nginx    8u  IPv6   24065      0t0  TCP *:http (LISTEN)
nginx       1165         nginx    6u  IPv4   24063      0t0  TCP *:pcsync-https (LISTEN)
nginx       1165         nginx    7u  IPv4   24064      0t0  TCP *:http (LISTEN)
nginx       1165         nginx    8u  IPv6   24065      0t0  TCP *:http (LISTEN)
nginx       1165         nginx   18u  IPv4 6032661      0t0  TCP aap25-execution.aap-test.local:pcsync-https->aap25-execution.aap-test.local:35964 (ESTABLISHED)
nginx       1166         nginx    6u  IPv4   24063      0t0  TCP *:pcsync-https (LISTEN)
nginx       1166         nginx    7u  IPv4   24064      0t0  TCP *:http (LISTEN)
nginx       1166         nginx    8u  IPv6   24065      0t0  TCP *:http (LISTEN)
nginx       1167         nginx    6u  IPv4   24063      0t0  TCP *:pcsync-https (LISTEN)
nginx       1167         nginx    7u  IPv4   24064      0t0  TCP *:http (LISTEN)
nginx       1167         nginx    8u  IPv6   24065      0t0  TCP *:http (LISTEN)
uwsgi       1168          root    3u  IPv4   25630      0t0  TCP localhost:8050 (LISTEN)
uwsgi       1205          root    3u  IPv4   25630      0t0  TCP localhost:8050 (LISTEN)
uwsgi       1206          root    3u  IPv4   25630      0t0  TCP localhost:8050 (LISTEN)
uwsgi       1207          root    3u  IPv4   25630      0t0  TCP localhost:8050 (LISTEN)
uwsgi       1208          root    3u  IPv4   25630      0t0  TCP localhost:8050 (LISTEN)
uwsgi       1209          root    3u  IPv4   25630      0t0  TCP localhost:8050 (LISTEN)
aap-gatew   1613          root    9u  IPv6   26755      0t0  TCP *:50051 (LISTEN)
aap-gatew   1614          root   11u  IPv6   26752      0t0  TCP *:50051 (LISTEN)
aap-gatew   1615          root   13u  IPv6   25760      0t0  TCP *:50051 (LISTEN)
aap-gatew   1616          root   15u  IPv6   24248      0t0  TCP *:50051 (LISTEN)
aap-gatew   1617          root   17u  IPv6   23372      0t0  TCP *:50051 (LISTEN)
sshd      746542          root    4u  IPv4 6075629      0t0  TCP aap25-execution.aap-test.local:ssh->192.168.1.168:51740 (ESTABLISHED)
sshd      746546          root    4u  IPv4 6075629      0t0  TCP aap25-execution.aap-test.local:ssh->192.168.1.168:51740 (ESTABLISHED)
slirp4net 747066           awx    3u  IPv4 6077029      0t0  TCP aap25-execution.aap-test.local:44240->aap25-execution.aap-test.local:ssh (ESTABLISHED)
sshd      747101          root    4u  IPv4 6075047      0t0  TCP aap25-execution.aap-test.local:ssh->aap25-execution.aap-test.local:44240 (ESTABLISHED)
sshd      747108          root    4u  IPv4 6075047      0t0  TCP aap25-execution.aap-test.local:ssh->aap25-execution.aap-test.local:44240 (ESTABLISHED)
  No network connections found

=== RECEPTOR MEMORY SUMMARY ===
Total Receptor RSS Memory: 180240 KB (176 MB)
Total Receptor VSZ Memory: 5809232 KB (5673 MB)
Number of Receptor Processes: 4

AAP-related Processes and Children:
=== AAP Service Processes ===
Process: receptor (PID: 751)
    PID    PPID CMD                           RSS
    751       1 /usr/bin/receptor -c /etc/r 42484
  Children of PID 751:
    PID    PPID CMD                           RSS
 747027     751 /usr/bin/receptor --node id 38356

Process: redis-server (PID: 1112)
    PID    PPID CMD                           RSS
   1112       1 /usr/bin/redis-server *:637 14980

Process: nginx (PID: 1162)
    PID    PPID CMD                           RSS
   1162       1 nginx: master process /usr/  2480
  Children of PID 1162:
    PID    PPID CMD                           RSS
   1164    1162 nginx: worker process        7984
    PID    PPID CMD                           RSS
   1165    1162 nginx: worker process        8368
    PID    PPID CMD                           RSS
   1166    1162 nginx: worker process        7984
    PID    PPID CMD                           RSS
   1167    1162 nginx: worker process        8112

Process: nginx (PID: 1164)
    PID    PPID CMD                           RSS
   1164    1162 nginx: worker process        7984

Process: nginx (PID: 1165)
    PID    PPID CMD                           RSS
   1165    1162 nginx: worker process        8368

Process: nginx (PID: 1166)
    PID    PPID CMD                           RSS
   1166    1162 nginx: worker process        7984

Process: nginx (PID: 1167)
    PID    PPID CMD                           RSS
   1167    1162 nginx: worker process        8112

Process: uwsgi (PID: 1168)
    PID    PPID CMD                           RSS
   1168     777 uwsgi /etc/ansible-automati 14208
  Children of PID 1168:
    PID    PPID CMD                           RSS
   1205    1168 uwsgi /etc/ansible-automati 135284
    PID    PPID CMD                           RSS
   1206    1168 uwsgi /etc/ansible-automati 135112
    PID    PPID CMD                           RSS
   1207    1168 uwsgi /etc/ansible-automati 135224
    PID    PPID CMD                           RSS
   1208    1168 uwsgi /etc/ansible-automati 135284
    PID    PPID CMD                           RSS
   1209    1168 uwsgi /etc/ansible-automati 135172

Process: uwsgi (PID: 1205)
    PID    PPID CMD                           RSS
   1205    1168 uwsgi /etc/ansible-automati 135284

Process: uwsgi (PID: 1206)
    PID    PPID CMD                           RSS
   1206    1168 uwsgi /etc/ansible-automati 135112

Process: uwsgi (PID: 1207)
    PID    PPID CMD                           RSS
   1207    1168 uwsgi /etc/ansible-automati 135224

Process: uwsgi (PID: 1208)
    PID    PPID CMD                           RSS
   1208    1168 uwsgi /etc/ansible-automati 135284

Process: uwsgi (PID: 1209)
    PID    PPID CMD                           RSS
   1209    1168 uwsgi /etc/ansible-automati 135172

Process: bash (PID: 746036)
    PID    PPID CMD                           RSS
 746036       1 bash -c  log_file="/tmp/mem  3456
  Children of PID 746036:
    PID    PPID CMD                           RSS
 749407  746036 bash -c  log_file="/tmp/mem  2112

Process: receptor (PID: 747027)
    PID    PPID CMD                           RSS
 747027     751 /usr/bin/receptor --node id 38356
  Children of PID 747027:
    PID    PPID CMD                           RSS
 747035  747027 /usr/bin/python3.11 -sP /us 57588

Process: bash (PID: 749407)
    PID    PPID CMD                           RSS
 749407  746036 bash -c  log_file="/tmp/mem  2112
  Children of PID 749407:
    PID    PPID CMD                           RSS


Process Tree for AAP Services:
=== automation-controller Process Tree ===
bash(746036)---pstree(749471)
=== receptor Process Tree ===
receptor(751)-+-receptor(747027)-+-ansible-runner(747035)---podman(747045)-+-exe(747053)-+-slirp4netns(747066)
              |                  |                                         |             |-{exe}(747054)
              |                  |                                         |             |-{exe}(747055)
              |                  |                                         |             |-{exe}(747056)
              |                  |                                         |             |-{exe}(747057)
              |                  |                                         |             |-{exe}(747058)
              |                  |                                         |             |-{exe}(747061)
              |                  |                                         |             |-{exe}(747063)
              |                  |                                         |             |-{exe}(747062)
              |                  |                                         |             `-{exe}(747068)
              |                  |                                         |-{podman}(747046)
              |                  |                                         |-{podman}(747047)
              |                  |                                         |-{podman}(747048)
              |                  |                                         |-{podman}(747049)
              |                  |                                         |-{podman}(747050)
              |                  |                                         |-{podman}(747051)
              |                  |                                         |-{podman}(747052)
              |                  |                                         `-{podman}(748917)
              |                  |-{receptor}(747028)
              |                  |-{receptor}(747029)
              |                  |-{receptor}(747030)
              |                  |-{receptor}(747031)
              |                  |-{receptor}(747032)
              |                  |-{receptor}(747033)
              |                  |-{receptor}(747034)
              |                  |-{receptor}(747922)
              |                  `-{receptor}(747923)
              |-{receptor}(756)
              |-{receptor}(757)
              |-{receptor}(758)
              |-{receptor}(759)
              |-{receptor}(760)
              |-{receptor}(765)
              `-{receptor}(2141)
bash(746036)---pstree(749476)
receptor(747027)-+-ansible-runner(747035)---podman(747045)-+-exe(747053)-+-slirp4netns(747066)
                 |                                         |             |-{exe}(747054)
                 |                                         |             |-{exe}(747055)
                 |                                         |             |-{exe}(747056)
                 |                                         |             |-{exe}(747057)
                 |                                         |             |-{exe}(747058)
                 |                                         |             |-{exe}(747061)
                 |                                         |             |-{exe}(747063)
                 |                                         |             |-{exe}(747062)
                 |                                         |             `-{exe}(747068)
                 |                                         |-{podman}(747046)
                 |                                         |-{podman}(747047)
                 |                                         |-{podman}(747048)
                 |                                         |-{podman}(747049)
                 |                                         |-{podman}(747050)
                 |                                         |-{podman}(747051)
                 |                                         |-{podman}(747052)
                 |                                         `-{podman}(748917)
                 |-{receptor}(747028)
                 |-{receptor}(747029)
                 |-{receptor}(747030)
                 |-{receptor}(747031)
                 |-{receptor}(747032)
                 |-{receptor}(747033)
                 |-{receptor}(747034)
                 |-{receptor}(747922)
                 `-{receptor}(747923)
=== nginx Process Tree ===
nginx(1162)-+-nginx(1164)
            |-nginx(1165)
            |-nginx(1166)
            `-nginx(1167)
nginx(1164)
nginx(1165)
nginx(1166)
nginx(1167)
bash(746036)---pstree(749486)
=== postgresql Process Tree ===
bash(746036)---pstree(749490)
=== redis Process Tree ===
redis-server(1112)-+-{redis-server}(1153)
                   |-{redis-server}(1154)
                   |-{redis-server}(1155)
                   `-{redis-server}(1156)
bash(746036)---pstree(749495)
=== uwsgi Process Tree ===
uwsgi(1168)-+-uwsgi(1205)
            |-uwsgi(1206)
            |-uwsgi(1207)
            |-uwsgi(1208)
            `-uwsgi(1209)
uwsgi(1205)
uwsgi(1206)
uwsgi(1207)
uwsgi(1208)
uwsgi(1209)
bash(746036)---pstree(749505)
=== automation-hub Process Tree ===
bash(746036)---pstree(749509)
=== automation-eda Process Tree ===
bash(746036)---pstree(749513)

=================================================================================
2025-07-07 09:10:16
Memory Usage Report:
               total        used        free      shared  buff/cache   available
Mem:            7681        1600        4911         148        1600        6080
Swap:           2047           0        2047

Top 10 Processes by RSS Memory:
    PID    PPID CMD                           RSS
   1205    1168 uwsgi /etc/ansible-automati 135284
   1208    1168 uwsgi /etc/ansible-automati 135284
   1207    1168 uwsgi /etc/ansible-automati 135224
   1209    1168 uwsgi /etc/ansible-automati 135172
   1206    1168 uwsgi /etc/ansible-automati 135112
   1172     777 /usr/bin/python3.11 -sP /us 116096
   1617    1172 /usr/bin/python3.11 -sP /us 103088
   1616    1172 /usr/bin/python3.11 -sP /us 103084
   1615    1172 /usr/bin/python3.11 -sP /us 101116
   1613    1172 /usr/bin/python3.11 -sP /us 100988

=== RECEPTOR PROCESS ANALYSIS ===
Receptor Main Processes:
    PID    PPID CMD                           RSS    VSZ %CPU %MEM     ELAPSED
    751       1 /usr/bin/receptor -c /etc/r 42484 1790028 0.0  0.5  3-19:07:15
Receptor Child Processes for PID 751:
  No child processes found
Receptor Threads for PID 751:
    PID    SPID %CPU %MEM   RSS COMMAND
    751     751  0.0  0.5 42484 receptor
    751     756  0.0  0.5 42484 receptor
    751     757  0.0  0.5 42484 receptor
    751     758  0.0  0.5 42484 receptor
    751     759  0.0  0.5 42484 receptor
    751     760  0.0  0.5 42484 receptor
    751     765  0.0  0.5 42484 receptor
    751    2141  0.0  0.5 42484 receptor
Receptor Network Connections for PID 751:
COMMAND      PID          USER   FD      TYPE             DEVICE SIZE/OFF     NODE NAME
envoy        744          root   39u     IPv4            6032203      0t0      TCP aap25-execution.aap-test.local:35964->aap25-execution.aap-test.local:pcsync-https (ESTABLISHED)
receptor     751           awx  cwd       DIR              253,0      235      128 /
receptor     751           awx  rtd       DIR              253,0      235      128 /
receptor     751           awx  txt       REG              253,0 55920336 33686933 /usr/bin/receptor
receptor     751           awx  mem       REG              253,0  5436640 50527991 /usr/lib64/libcrypto.so.3.2.2
receptor     751           awx  mem       REG              253,0   102552 50356340 /usr/lib64/libz.so.1.2.11
receptor     751           awx  mem       REG              253,0  2544344 50356320 /usr/lib64/libc.so.6
receptor     751           awx  mem       REG              253,0    70520 50356331 /usr/lib64/libresolv.so.2
receptor     751           awx  mem       REG              253,0   897856 50356316 /usr/lib64/ld-linux-x86-64.so.2
receptor     751           awx    0r      CHR                1,3      0t0        4 /dev/null
receptor     751           awx    1w      REG              253,0      888 17327669 /var/log/receptor/receptor.log
receptor     751           awx    2w      REG              253,0      888 17327669 /var/log/receptor/receptor.log
receptor     751           awx    3rW     REG               0,24        0      957 /run/awx-receptor/receptor.sock.lock
receptor     751           awx    4u  a_inode               0,14        0     2078 [eventpoll:5,7,8,9]
receptor     751           awx    5r     FIFO               0,13      0t0    24621 pipe
receptor     751           awx    6w     FIFO               0,13      0t0    24621 pipe
receptor     751           awx    7u     unix 0xffff9ae448c8f300      0t0    24624 /var/run/awx-receptor/receptor.sock type=STREAM (LISTEN)
receptor     751           awx    8u     IPv6              24629      0t0      TCP *:27199 (LISTEN)
receptor     751           awx    9u     IPv4              24235      0t0      TCP aap25-execution.aap-test.local:35552->aap25-control.aap-test.local:27199 (ESTABLISHED)
chronyd      762        chrony    5u     IPv4              24615      0t0      UDP localhost:323 
chronyd      762        chrony    6u     IPv6              24616      0t0      UDP localhost:323 
NetworkMa    774          root   26u     IPv4              24013      0t0      UDP aap25-execution.aap-test.local:bootpc->pi.hole:bootps 
sshd         797          root    3u     IPv4              22893      0t0      TCP *:ssh (LISTEN)
sshd         797          root    4u     IPv6              22895      0t0      TCP *:ssh (LISTEN)
node_expo   1111 node_exporter    3u     IPv6              21489      0t0      TCP *:jetdirect (LISTEN)
node_expo   1111 node_exporter    7u     IPv6              25899      0t0      TCP aap25-execution.aap-test.local:jetdirect->monitoring-node.aap-test.local:59590 (ESTABLISHED)
redis-ser   1112         redis    6u     IPv4              24055      0t0      TCP *:redis (LISTEN)
redis-ser   1112         redis    7u     IPv6              24056      0t0      TCP *:redis (LISTEN)
nginx       1162          root    6u     IPv4              24063      0t0      TCP *:pcsync-https (LISTEN)
nginx       1162          root    7u     IPv4              24064      0t0      TCP *:http (LISTEN)
nginx       1162          root    8u     IPv6              24065      0t0      TCP *:http (LISTEN)
nginx       1164         nginx    6u     IPv4              24063      0t0      TCP *:pcsync-https (LISTEN)
nginx       1164         nginx    7u     IPv4              24064      0t0      TCP *:http (LISTEN)
nginx       1164         nginx    8u     IPv6              24065      0t0      TCP *:http (LISTEN)
nginx       1165         nginx    6u     IPv4              24063      0t0      TCP *:pcsync-https (LISTEN)
nginx       1165         nginx    7u     IPv4              24064      0t0      TCP *:http (LISTEN)
nginx       1165         nginx    8u     IPv6              24065      0t0      TCP *:http (LISTEN)
nginx       1165         nginx   18u     IPv4            6032661      0t0      TCP aap25-execution.aap-test.local:pcsync-https->aap25-execution.aap-test.local:35964 (ESTABLISHED)
nginx       1166         nginx    6u     IPv4              24063      0t0      TCP *:pcsync-https (LISTEN)
nginx       1166         nginx    7u     IPv4              24064      0t0      TCP *:http (LISTEN)
nginx       1166         nginx    8u     IPv6              24065      0t0      TCP *:http (LISTEN)
nginx       1167         nginx    6u     IPv4              24063      0t0      TCP *:pcsync-https (LISTEN)
nginx       1167         nginx    7u     IPv4              24064      0t0      TCP *:http (LISTEN)
nginx       1167         nginx    8u     IPv6              24065      0t0      TCP *:http (LISTEN)
uwsgi       1168          root    3u     IPv4              25630      0t0      TCP localhost:8050 (LISTEN)
uwsgi       1205          root    3u     IPv4              25630      0t0      TCP localhost:8050 (LISTEN)
uwsgi       1206          root    3u     IPv4              25630      0t0      TCP localhost:8050 (LISTEN)
uwsgi       1207          root    3u     IPv4              25630      0t0      TCP localhost:8050 (LISTEN)
uwsgi       1208          root    3u     IPv4              25630      0t0      TCP localhost:8050 (LISTEN)
uwsgi       1209          root    3u     IPv4              25630      0t0      TCP localhost:8050 (LISTEN)
aap-gatew   1613          root    9u     IPv6              26755      0t0      TCP *:50051 (LISTEN)
aap-gatew   1614          root   11u     IPv6              26752      0t0      TCP *:50051 (LISTEN)
aap-gatew   1615          root   13u     IPv6              25760      0t0      TCP *:50051 (LISTEN)
aap-gatew   1616          root   15u     IPv6              24248      0t0      TCP *:50051 (LISTEN)
aap-gatew   1617          root   17u     IPv6              23372      0t0      TCP *:50051 (LISTEN)
sshd      749565          root    4u     IPv4            6094116      0t0      TCP aap25-execution.aap-test.local:ssh->192.168.1.168:51316 (ESTABLISHED)
sshd      749569          root    4u     IPv4            6094116      0t0      TCP aap25-execution.aap-test.local:ssh->192.168.1.168:51316 (ESTABLISHED)

    PID    PPID CMD                           RSS    VSZ %CPU %MEM     ELAPSED
 746036       1 bash -c  log_file="/tmp/mem  3456   7260  0.0  0.0       04:11
Receptor Child Processes for PID 746036:
      PID    PPID CMD                           RSS    VSZ %CPU %MEM     ELAPSED
Receptor Threads for PID 746036:
    PID    SPID %CPU %MEM   RSS COMMAND
 746036  746036  0.0  0.0  3456 bash
Receptor Network Connections for PID 746036:
COMMAND      PID          USER   FD   TYPE  DEVICE SIZE/OFF     NODE NAME
envoy        744          root   39u  IPv4 6032203      0t0      TCP aap25-execution.aap-test.local:35964->aap25-execution.aap-test.local:pcsync-https (ESTABLISHED)
receptor     751           awx    8u  IPv6   24629      0t0      TCP *:27199 (LISTEN)
receptor     751           awx    9u  IPv4   24235      0t0      TCP aap25-execution.aap-test.local:35552->aap25-control.aap-test.local:27199 (ESTABLISHED)
chronyd      762        chrony    5u  IPv4   24615      0t0      UDP localhost:323 
chronyd      762        chrony    6u  IPv6   24616      0t0      UDP localhost:323 
NetworkMa    774          root   26u  IPv4   24013      0t0      UDP aap25-execution.aap-test.local:bootpc->pi.hole:bootps 
sshd         797          root    3u  IPv4   22893      0t0      TCP *:ssh (LISTEN)
sshd         797          root    4u  IPv6   22895      0t0      TCP *:ssh (LISTEN)
node_expo   1111 node_exporter    3u  IPv6   21489      0t0      TCP *:jetdirect (LISTEN)
node_expo   1111 node_exporter    7u  IPv6   25899      0t0      TCP aap25-execution.aap-test.local:jetdirect->monitoring-node.aap-test.local:59590 (ESTABLISHED)
redis-ser   1112         redis    6u  IPv4   24055      0t0      TCP *:redis (LISTEN)
redis-ser   1112         redis    7u  IPv6   24056      0t0      TCP *:redis (LISTEN)
nginx       1162          root    6u  IPv4   24063      0t0      TCP *:pcsync-https (LISTEN)
nginx       1162          root    7u  IPv4   24064      0t0      TCP *:http (LISTEN)
nginx       1162          root    8u  IPv6   24065      0t0      TCP *:http (LISTEN)
nginx       1164         nginx    6u  IPv4   24063      0t0      TCP *:pcsync-https (LISTEN)
nginx       1164         nginx    7u  IPv4   24064      0t0      TCP *:http (LISTEN)
nginx       1164         nginx    8u  IPv6   24065      0t0      TCP *:http (LISTEN)
nginx       1165         nginx    6u  IPv4   24063      0t0      TCP *:pcsync-https (LISTEN)
nginx       1165         nginx    7u  IPv4   24064      0t0      TCP *:http (LISTEN)
nginx       1165         nginx    8u  IPv6   24065      0t0      TCP *:http (LISTEN)
nginx       1165         nginx   18u  IPv4 6032661      0t0      TCP aap25-execution.aap-test.local:pcsync-https->aap25-execution.aap-test.local:35964 (ESTABLISHED)
nginx       1166         nginx    6u  IPv4   24063      0t0      TCP *:pcsync-https (LISTEN)
nginx       1166         nginx    7u  IPv4   24064      0t0      TCP *:http (LISTEN)
nginx       1166         nginx    8u  IPv6   24065      0t0      TCP *:http (LISTEN)
nginx       1167         nginx    6u  IPv4   24063      0t0      TCP *:pcsync-https (LISTEN)
nginx       1167         nginx    7u  IPv4   24064      0t0      TCP *:http (LISTEN)
nginx       1167         nginx    8u  IPv6   24065      0t0      TCP *:http (LISTEN)
uwsgi       1168          root    3u  IPv4   25630      0t0      TCP localhost:8050 (LISTEN)
uwsgi       1205          root    3u  IPv4   25630      0t0      TCP localhost:8050 (LISTEN)
uwsgi       1206          root    3u  IPv4   25630      0t0      TCP localhost:8050 (LISTEN)
uwsgi       1207          root    3u  IPv4   25630      0t0      TCP localhost:8050 (LISTEN)
uwsgi       1208          root    3u  IPv4   25630      0t0      TCP localhost:8050 (LISTEN)
uwsgi       1209          root    3u  IPv4   25630      0t0      TCP localhost:8050 (LISTEN)
aap-gatew   1613          root    9u  IPv6   26755      0t0      TCP *:50051 (LISTEN)
aap-gatew   1614          root   11u  IPv6   26752      0t0      TCP *:50051 (LISTEN)
aap-gatew   1615          root   13u  IPv6   25760      0t0      TCP *:50051 (LISTEN)
aap-gatew   1616          root   15u  IPv6   24248      0t0      TCP *:50051 (LISTEN)
aap-gatew   1617          root   17u  IPv6   23372      0t0      TCP *:50051 (LISTEN)
bash      746036          root  cwd    DIR   253,0     4096 33685638 /root
bash      746036          root  rtd    DIR   253,0      235      128 /
bash      746036          root  txt    REG   253,0  1389072 33779126 /usr/bin/bash
bash      746036          root  mem    REG   253,0  2586930    30692 /usr/lib/locale/en_US.utf8/LC_COLLATE
bash      746036          root  mem    REG   253,0  2544344 50356320 /usr/lib64/libc.so.6
bash      746036          root  mem    REG   253,0   346132 50355997 /usr/lib/locale/C.utf8/LC_CTYPE
bash      746036          root  mem    REG   253,0       54    30695 /usr/lib/locale/en_US.utf8/LC_NUMERIC
bash      746036          root  mem    REG   253,0     3284 16862149 /usr/lib/locale/en_US.utf8/LC_TIME
bash      746036          root  mem    REG   253,0      286 16862147 /usr/lib/locale/en_US.utf8/LC_MONETARY
bash      746036          root  mem    REG   253,0       57 16862160 /usr/lib/locale/en_US.utf8/LC_MESSAGES/SYS_LC_MESSAGES
bash      746036          root  mem    REG   253,0    26988 33779313 /usr/lib64/gconv/gconv-modules.cache
bash      746036          root  mem    REG   253,0   195080 50355981 /usr/lib64/libtinfo.so.6.2
bash      746036          root  mem    REG   253,0       34 50356298 /usr/lib/locale/en_US.utf8/LC_PAPER
bash      746036          root  mem    REG   253,0       77    30694 /usr/lib/locale/en_US.utf8/LC_NAME
bash      746036          root  mem    REG   253,0      167 16862143 /usr/lib/locale/en_US.utf8/LC_ADDRESS
bash      746036          root  mem    REG   253,0       59 16862148 /usr/lib/locale/en_US.utf8/LC_TELEPHONE
bash      746036          root  mem    REG   253,0       23 16862146 /usr/lib/locale/en_US.utf8/LC_MEASUREMENT
bash      746036          root  mem    REG   253,0      369 16862145 /usr/lib/locale/en_US.utf8/LC_IDENTIFICATION
bash      746036          root  mem    REG   253,0   897856 50356316 /usr/lib64/ld-linux-x86-64.so.2
bash      746036          root    0r   CHR     1,3      0t0        4 /dev/null
bash      746036          root    1w   REG   253,0        0 17893681 /tmp/memory_monitor.log
bash      746036          root    2w   REG   253,0        0 17893681 /tmp/memory_monitor.log
bash      746036          root    3r  FIFO    0,13      0t0  6093683 pipe
sshd      749565          root    4u  IPv4 6094116      0t0      TCP aap25-execution.aap-test.local:ssh->192.168.1.168:51316 (ESTABLISHED)
sshd      749569          root    4u  IPv4 6094116      0t0      TCP aap25-execution.aap-test.local:ssh->192.168.1.168:51316 (ESTABLISHED)

    PID    PPID CMD                           RSS    VSZ %CPU %MEM     ELAPSED
Receptor Child Processes for PID 750111:
  No child processes found
Receptor Threads for PID 750111:
    PID    SPID %CPU %MEM   RSS COMMAND
Receptor Network Connections for PID 750111:
COMMAND      PID          USER   FD   TYPE  DEVICE SIZE/OFF NODE NAME
envoy        744          root   39u  IPv4 6032203      0t0  TCP aap25-execution.aap-test.local:35964->aap25-execution.aap-test.local:pcsync-https (ESTABLISHED)
receptor     751           awx    8u  IPv6   24629      0t0  TCP *:27199 (LISTEN)
receptor     751           awx    9u  IPv4   24235      0t0  TCP aap25-execution.aap-test.local:35552->aap25-control.aap-test.local:27199 (ESTABLISHED)
chronyd      762        chrony    5u  IPv4   24615      0t0  UDP localhost:323 
chronyd      762        chrony    6u  IPv6   24616      0t0  UDP localhost:323 
NetworkMa    774          root   26u  IPv4   24013      0t0  UDP aap25-execution.aap-test.local:bootpc->pi.hole:bootps 
sshd         797          root    3u  IPv4   22893      0t0  TCP *:ssh (LISTEN)
sshd         797          root    4u  IPv6   22895      0t0  TCP *:ssh (LISTEN)
node_expo   1111 node_exporter    3u  IPv6   21489      0t0  TCP *:jetdirect (LISTEN)
node_expo   1111 node_exporter    7u  IPv6   25899      0t0  TCP aap25-execution.aap-test.local:jetdirect->monitoring-node.aap-test.local:59590 (ESTABLISHED)
redis-ser   1112         redis    6u  IPv4   24055      0t0  TCP *:redis (LISTEN)
redis-ser   1112         redis    7u  IPv6   24056      0t0  TCP *:redis (LISTEN)
nginx       1162          root    6u  IPv4   24063      0t0  TCP *:pcsync-https (LISTEN)
nginx       1162          root    7u  IPv4   24064      0t0  TCP *:http (LISTEN)
nginx       1162          root    8u  IPv6   24065      0t0  TCP *:http (LISTEN)
nginx       1164         nginx    6u  IPv4   24063      0t0  TCP *:pcsync-https (LISTEN)
nginx       1164         nginx    7u  IPv4   24064      0t0  TCP *:http (LISTEN)
nginx       1164         nginx    8u  IPv6   24065      0t0  TCP *:http (LISTEN)
nginx       1165         nginx    6u  IPv4   24063      0t0  TCP *:pcsync-https (LISTEN)
nginx       1165         nginx    7u  IPv4   24064      0t0  TCP *:http (LISTEN)
nginx       1165         nginx    8u  IPv6   24065      0t0  TCP *:http (LISTEN)
nginx       1165         nginx   18u  IPv4 6032661      0t0  TCP aap25-execution.aap-test.local:pcsync-https->aap25-execution.aap-test.local:35964 (ESTABLISHED)
nginx       1166         nginx    6u  IPv4   24063      0t0  TCP *:pcsync-https (LISTEN)
nginx       1166         nginx    7u  IPv4   24064      0t0  TCP *:http (LISTEN)
nginx       1166         nginx    8u  IPv6   24065      0t0  TCP *:http (LISTEN)
nginx       1167         nginx    6u  IPv4   24063      0t0  TCP *:pcsync-https (LISTEN)
nginx       1167         nginx    7u  IPv4   24064      0t0  TCP *:http (LISTEN)
nginx       1167         nginx    8u  IPv6   24065      0t0  TCP *:http (LISTEN)
uwsgi       1168          root    3u  IPv4   25630      0t0  TCP localhost:8050 (LISTEN)
uwsgi       1205          root    3u  IPv4   25630      0t0  TCP localhost:8050 (LISTEN)
uwsgi       1206          root    3u  IPv4   25630      0t0  TCP localhost:8050 (LISTEN)
uwsgi       1207          root    3u  IPv4   25630      0t0  TCP localhost:8050 (LISTEN)
uwsgi       1208          root    3u  IPv4   25630      0t0  TCP localhost:8050 (LISTEN)
uwsgi       1209          root    3u  IPv4   25630      0t0  TCP localhost:8050 (LISTEN)
aap-gatew   1613          root    9u  IPv6   26755      0t0  TCP *:50051 (LISTEN)
aap-gatew   1614          root   11u  IPv6   26752      0t0  TCP *:50051 (LISTEN)
aap-gatew   1615          root   13u  IPv6   25760      0t0  TCP *:50051 (LISTEN)
aap-gatew   1616          root   15u  IPv6   24248      0t0  TCP *:50051 (LISTEN)
aap-gatew   1617          root   17u  IPv6   23372      0t0  TCP *:50051 (LISTEN)
sshd      749565          root    4u  IPv4 6094116      0t0  TCP aap25-execution.aap-test.local:ssh->192.168.1.168:51316 (ESTABLISHED)
sshd      749569          root    4u  IPv4 6094116      0t0  TCP aap25-execution.aap-test.local:ssh->192.168.1.168:51316 (ESTABLISHED)
  No network connections found

=== RECEPTOR MEMORY SUMMARY ===
Total Receptor RSS Memory: 45940 KB (44 MB)
Total Receptor VSZ Memory: 1797288 KB (1755 MB)
Number of Receptor Processes: 3

AAP-related Processes and Children:
=== AAP Service Processes ===
Process: receptor (PID: 751)
    PID    PPID CMD                           RSS
    751       1 /usr/bin/receptor -c /etc/r 42484

Process: redis-server (PID: 1112)
    PID    PPID CMD                           RSS
   1112       1 /usr/bin/redis-server *:637 14980

Process: nginx (PID: 1162)
    PID    PPID CMD                           RSS
   1162       1 nginx: master process /usr/  2480
  Children of PID 1162:
    PID    PPID CMD                           RSS
   1164    1162 nginx: worker process        7984
    PID    PPID CMD                           RSS
   1165    1162 nginx: worker process        8368
    PID    PPID CMD                           RSS
   1166    1162 nginx: worker process        7984
    PID    PPID CMD                           RSS
   1167    1162 nginx: worker process        8112

Process: nginx (PID: 1164)
    PID    PPID CMD                           RSS
   1164    1162 nginx: worker process        7984

Process: nginx (PID: 1165)
    PID    PPID CMD                           RSS
   1165    1162 nginx: worker process        8368

Process: nginx (PID: 1166)
    PID    PPID CMD                           RSS
   1166    1162 nginx: worker process        7984

Process: nginx (PID: 1167)
    PID    PPID CMD                           RSS
   1167    1162 nginx: worker process        8112

Process: uwsgi (PID: 1168)
    PID    PPID CMD                           RSS
   1168     777 uwsgi /etc/ansible-automati 14208
  Children of PID 1168:
    PID    PPID CMD                           RSS
   1205    1168 uwsgi /etc/ansible-automati 135284
    PID    PPID CMD                           RSS
   1206    1168 uwsgi /etc/ansible-automati 135112
    PID    PPID CMD                           RSS
   1207    1168 uwsgi /etc/ansible-automati 135224
    PID    PPID CMD                           RSS
   1208    1168 uwsgi /etc/ansible-automati 135284
    PID    PPID CMD                           RSS
   1209    1168 uwsgi /etc/ansible-automati 135172

Process: uwsgi (PID: 1205)
    PID    PPID CMD                           RSS
   1205    1168 uwsgi /etc/ansible-automati 135284

Process: uwsgi (PID: 1206)
    PID    PPID CMD                           RSS
   1206    1168 uwsgi /etc/ansible-automati 135112

Process: uwsgi (PID: 1207)
    PID    PPID CMD                           RSS
   1207    1168 uwsgi /etc/ansible-automati 135224

Process: uwsgi (PID: 1208)
    PID    PPID CMD                           RSS
   1208    1168 uwsgi /etc/ansible-automati 135284

Process: uwsgi (PID: 1209)
    PID    PPID CMD                           RSS
   1209    1168 uwsgi /etc/ansible-automati 135172

Process: bash (PID: 746036)
    PID    PPID CMD                           RSS
 746036       1 bash -c  log_file="/tmp/mem  3456
  Children of PID 746036:
    PID    PPID CMD                           RSS
 750191  746036 bash -c  log_file="/tmp/mem  2112

Process: bash (PID: 750191)
    PID    PPID CMD                           RSS
 750191  746036 bash -c  log_file="/tmp/mem  2112
  Children of PID 750191:
    PID    PPID CMD                           RSS


Process Tree for AAP Services:
=== automation-controller Process Tree ===
bash(746036)---pstree(750255)
=== receptor Process Tree ===
receptor(751)-+-{receptor}(756)
              |-{receptor}(757)
              |-{receptor}(758)
              |-{receptor}(759)
              |-{receptor}(760)
              |-{receptor}(765)
              `-{receptor}(2141)
bash(746036)---pstree(750260)
=== nginx Process Tree ===
nginx(1162)-+-nginx(1164)
            |-nginx(1165)
            |-nginx(1166)
            `-nginx(1167)
nginx(1164)
nginx(1165)
nginx(1166)
nginx(1167)
bash(746036)---pstree(750269)
=== postgresql Process Tree ===
bash(746036)---pstree(750273)
=== redis Process Tree ===
redis-server(1112)-+-{redis-server}(1153)
                   |-{redis-server}(1154)
                   |-{redis-server}(1155)
                   `-{redis-server}(1156)
bash(746036)---pstree(750278)
=== uwsgi Process Tree ===
uwsgi(1168)-+-uwsgi(1205)
            |-uwsgi(1206)
            |-uwsgi(1207)
            |-uwsgi(1208)
            `-uwsgi(1209)
uwsgi(1205)
uwsgi(1206)
uwsgi(1207)
uwsgi(1208)
uwsgi(1209)
bash(746036)---pstree(750288)
=== automation-hub Process Tree ===
bash(746036)---pstree(750292)
=== automation-eda Process Tree ===
bash(746036)---pstree(750296)

=================================================================================
2025-07-07 09:10:47
Memory Usage Report:
               total        used        free      shared  buff/cache   available
Mem:            7681        1835        4672         148        1605        5845
Swap:           2047           0        2047

Top 10 Processes by RSS Memory:
    PID    PPID CMD                           RSS
   1205    1168 uwsgi /etc/ansible-automati 135284
   1208    1168 uwsgi /etc/ansible-automati 135284
   1207    1168 uwsgi /etc/ansible-automati 135224
   1209    1168 uwsgi /etc/ansible-automati 135172
   1206    1168 uwsgi /etc/ansible-automati 135112
   1172     777 /usr/bin/python3.11 -sP /us 116096
   1617    1172 /usr/bin/python3.11 -sP /us 103088
   1616    1172 /usr/bin/python3.11 -sP /us 103084
   1615    1172 /usr/bin/python3.11 -sP /us 101116
   1613    1172 /usr/bin/python3.11 -sP /us 100988

=== RECEPTOR PROCESS ANALYSIS ===
Receptor Main Processes:
    PID    PPID CMD                           RSS    VSZ %CPU %MEM     ELAPSED
    751       1 /usr/bin/receptor -c /etc/r 43124 1790284 0.0  0.5  3-19:07:46
Receptor Child Processes for PID 751:
      PID    PPID CMD                           RSS    VSZ %CPU %MEM     ELAPSED
 750310     751 /usr/bin/receptor --node id 34264 1936404 0.1  0.4       00:27
Receptor Threads for PID 751:
    PID    SPID %CPU %MEM   RSS COMMAND
    751     751  0.0  0.5 43124 receptor
    751     756  0.0  0.5 43124 receptor
    751     757  0.0  0.5 43124 receptor
    751     758  0.0  0.5 43124 receptor
    751     759  0.0  0.5 43124 receptor
    751     760  0.0  0.5 43124 receptor
    751     765  0.0  0.5 43124 receptor
    751    2141  0.0  0.5 43124 receptor
Receptor Network Connections for PID 751:
COMMAND      PID          USER   FD      TYPE             DEVICE SIZE/OFF     NODE NAME
envoy        744          root   39u     IPv4            6032203      0t0      TCP aap25-execution.aap-test.local:35964->aap25-execution.aap-test.local:pcsync-https (ESTABLISHED)
receptor     751           awx  cwd       DIR              253,0      235      128 /
receptor     751           awx  rtd       DIR              253,0      235      128 /
receptor     751           awx  txt       REG              253,0 55920336 33686933 /usr/bin/receptor
receptor     751           awx  mem       REG              253,0  5436640 50527991 /usr/lib64/libcrypto.so.3.2.2
receptor     751           awx  mem       REG              253,0   102552 50356340 /usr/lib64/libz.so.1.2.11
receptor     751           awx  mem       REG              253,0  2544344 50356320 /usr/lib64/libc.so.6
receptor     751           awx  mem       REG              253,0    70520 50356331 /usr/lib64/libresolv.so.2
receptor     751           awx  mem       REG              253,0   897856 50356316 /usr/lib64/ld-linux-x86-64.so.2
receptor     751           awx    0r      CHR                1,3      0t0        4 /dev/null
receptor     751           awx    1w      REG              253,0      999 17327669 /var/log/receptor/receptor.log
receptor     751           awx    2w      REG              253,0      999 17327669 /var/log/receptor/receptor.log
receptor     751           awx    3rW     REG               0,24        0      957 /run/awx-receptor/receptor.sock.lock
receptor     751           awx    4u  a_inode               0,14        0     2078 [eventpoll:5,7,8,9,10]
receptor     751           awx    5r     FIFO               0,13      0t0    24621 pipe
receptor     751           awx    6w     FIFO               0,13      0t0    24621 pipe
receptor     751           awx    7u     unix 0xffff9ae448c8f300      0t0    24624 /var/run/awx-receptor/receptor.sock type=STREAM (LISTEN)
receptor     751           awx    8u     IPv6              24629      0t0      TCP *:27199 (LISTEN)
receptor     751           awx    9u     IPv4              24235      0t0      TCP aap25-execution.aap-test.local:35552->aap25-control.aap-test.local:27199 (ESTABLISHED)
receptor     751           awx   10r  a_inode               0,14        0     2078 inotify
receptor     751           awx   11r      REG              253,0    38066  1680144 /tmp/receptor/192.168.1.20/TI4YbI1a/stdout
chronyd      762        chrony    5u     IPv4              24615      0t0      UDP localhost:323 
chronyd      762        chrony    6u     IPv6              24616      0t0      UDP localhost:323 
NetworkMa    774          root   26u     IPv4              24013      0t0      UDP aap25-execution.aap-test.local:bootpc->pi.hole:bootps 
sshd         797          root    3u     IPv4              22893      0t0      TCP *:ssh (LISTEN)
sshd         797          root    4u     IPv6              22895      0t0      TCP *:ssh (LISTEN)
node_expo   1111 node_exporter    3u     IPv6              21489      0t0      TCP *:jetdirect (LISTEN)
node_expo   1111 node_exporter    7u     IPv6              25899      0t0      TCP aap25-execution.aap-test.local:jetdirect->monitoring-node.aap-test.local:59590 (ESTABLISHED)
redis-ser   1112         redis    6u     IPv4              24055      0t0      TCP *:redis (LISTEN)
redis-ser   1112         redis    7u     IPv6              24056      0t0      TCP *:redis (LISTEN)
nginx       1162          root    6u     IPv4              24063      0t0      TCP *:pcsync-https (LISTEN)
nginx       1162          root    7u     IPv4              24064      0t0      TCP *:http (LISTEN)
nginx       1162          root    8u     IPv6              24065      0t0      TCP *:http (LISTEN)
nginx       1164         nginx    6u     IPv4              24063      0t0      TCP *:pcsync-https (LISTEN)
nginx       1164         nginx    7u     IPv4              24064      0t0      TCP *:http (LISTEN)
nginx       1164         nginx    8u     IPv6              24065      0t0      TCP *:http (LISTEN)
nginx       1165         nginx    6u     IPv4              24063      0t0      TCP *:pcsync-https (LISTEN)
nginx       1165         nginx    7u     IPv4              24064      0t0      TCP *:http (LISTEN)
nginx       1165         nginx    8u     IPv6              24065      0t0      TCP *:http (LISTEN)
nginx       1165         nginx   18u     IPv4            6032661      0t0      TCP aap25-execution.aap-test.local:pcsync-https->aap25-execution.aap-test.local:35964 (ESTABLISHED)
nginx       1166         nginx    6u     IPv4              24063      0t0      TCP *:pcsync-https (LISTEN)
nginx       1166         nginx    7u     IPv4              24064      0t0      TCP *:http (LISTEN)
nginx       1166         nginx    8u     IPv6              24065      0t0      TCP *:http (LISTEN)
nginx       1167         nginx    6u     IPv4              24063      0t0      TCP *:pcsync-https (LISTEN)
nginx       1167         nginx    7u     IPv4              24064      0t0      TCP *:http (LISTEN)
nginx       1167         nginx    8u     IPv6              24065      0t0      TCP *:http (LISTEN)
uwsgi       1168          root    3u     IPv4              25630      0t0      TCP localhost:8050 (LISTEN)
uwsgi       1205          root    3u     IPv4              25630      0t0      TCP localhost:8050 (LISTEN)
uwsgi       1206          root    3u     IPv4              25630      0t0      TCP localhost:8050 (LISTEN)
uwsgi       1207          root    3u     IPv4              25630      0t0      TCP localhost:8050 (LISTEN)
uwsgi       1208          root    3u     IPv4              25630      0t0      TCP localhost:8050 (LISTEN)
uwsgi       1209          root    3u     IPv4              25630      0t0      TCP localhost:8050 (LISTEN)
aap-gatew   1613          root    9u     IPv6              26755      0t0      TCP *:50051 (LISTEN)
aap-gatew   1614          root   11u     IPv6              26752      0t0      TCP *:50051 (LISTEN)
aap-gatew   1615          root   13u     IPv6              25760      0t0      TCP *:50051 (LISTEN)
aap-gatew   1616          root   15u     IPv6              24248      0t0      TCP *:50051 (LISTEN)
aap-gatew   1617          root   17u     IPv6              23372      0t0      TCP *:50051 (LISTEN)
sshd      749565          root    4u     IPv4            6094116      0t0      TCP aap25-execution.aap-test.local:ssh->192.168.1.168:51316 (ESTABLISHED)
sshd      749569          root    4u     IPv4            6094116      0t0      TCP aap25-execution.aap-test.local:ssh->192.168.1.168:51316 (ESTABLISHED)
slirp4net 750349           awx    3u     IPv4            6097125      0t0      TCP aap25-execution.aap-test.local:57540->aap25-execution.aap-test.local:ssh (ESTABLISHED)
sshd      750386          root    4u     IPv4            6096138      0t0      TCP aap25-execution.aap-test.local:ssh->aap25-execution.aap-test.local:57540 (ESTABLISHED)
sshd      750393          root    4u     IPv4            6096138      0t0      TCP aap25-execution.aap-test.local:ssh->aap25-execution.aap-test.local:57540 (ESTABLISHED)

    PID    PPID CMD                           RSS    VSZ %CPU %MEM     ELAPSED
 746036       1 bash -c  log_file="/tmp/mem  3456   7260  0.0  0.0       04:42
Receptor Child Processes for PID 746036:
      PID    PPID CMD                           RSS    VSZ %CPU %MEM     ELAPSED
Receptor Threads for PID 746036:
    PID    SPID %CPU %MEM   RSS COMMAND
 746036  746036  0.0  0.0  3456 bash
Receptor Network Connections for PID 746036:
COMMAND      PID          USER   FD   TYPE  DEVICE SIZE/OFF     NODE NAME
envoy        744          root   39u  IPv4 6032203      0t0      TCP aap25-execution.aap-test.local:35964->aap25-execution.aap-test.local:pcsync-https (ESTABLISHED)
receptor     751           awx    8u  IPv6   24629      0t0      TCP *:27199 (LISTEN)
receptor     751           awx    9u  IPv4   24235      0t0      TCP aap25-execution.aap-test.local:35552->aap25-control.aap-test.local:27199 (ESTABLISHED)
chronyd      762        chrony    5u  IPv4   24615      0t0      UDP localhost:323 
chronyd      762        chrony    6u  IPv6   24616      0t0      UDP localhost:323 
NetworkMa    774          root   26u  IPv4   24013      0t0      UDP aap25-execution.aap-test.local:bootpc->pi.hole:bootps 
sshd         797          root    3u  IPv4   22893      0t0      TCP *:ssh (LISTEN)
sshd         797          root    4u  IPv6   22895      0t0      TCP *:ssh (LISTEN)
node_expo   1111 node_exporter    3u  IPv6   21489      0t0      TCP *:jetdirect (LISTEN)
node_expo   1111 node_exporter    7u  IPv6   25899      0t0      TCP aap25-execution.aap-test.local:jetdirect->monitoring-node.aap-test.local:59590 (ESTABLISHED)
redis-ser   1112         redis    6u  IPv4   24055      0t0      TCP *:redis (LISTEN)
redis-ser   1112         redis    7u  IPv6   24056      0t0      TCP *:redis (LISTEN)
nginx       1162          root    6u  IPv4   24063      0t0      TCP *:pcsync-https (LISTEN)
nginx       1162          root    7u  IPv4   24064      0t0      TCP *:http (LISTEN)
nginx       1162          root    8u  IPv6   24065      0t0      TCP *:http (LISTEN)
nginx       1164         nginx    6u  IPv4   24063      0t0      TCP *:pcsync-https (LISTEN)
nginx       1164         nginx    7u  IPv4   24064      0t0      TCP *:http (LISTEN)
nginx       1164         nginx    8u  IPv6   24065      0t0      TCP *:http (LISTEN)
nginx       1165         nginx    6u  IPv4   24063      0t0      TCP *:pcsync-https (LISTEN)
nginx       1165         nginx    7u  IPv4   24064      0t0      TCP *:http (LISTEN)
nginx       1165         nginx    8u  IPv6   24065      0t0      TCP *:http (LISTEN)
nginx       1165         nginx   18u  IPv4 6032661      0t0      TCP aap25-execution.aap-test.local:pcsync-https->aap25-execution.aap-test.local:35964 (ESTABLISHED)
nginx       1166         nginx    6u  IPv4   24063      0t0      TCP *:pcsync-https (LISTEN)
nginx       1166         nginx    7u  IPv4   24064      0t0      TCP *:http (LISTEN)
nginx       1166         nginx    8u  IPv6   24065      0t0      TCP *:http (LISTEN)
nginx       1167         nginx    6u  IPv4   24063      0t0      TCP *:pcsync-https (LISTEN)
nginx       1167         nginx    7u  IPv4   24064      0t0      TCP *:http (LISTEN)
nginx       1167         nginx    8u  IPv6   24065      0t0      TCP *:http (LISTEN)
uwsgi       1168          root    3u  IPv4   25630      0t0      TCP localhost:8050 (LISTEN)
uwsgi       1205          root    3u  IPv4   25630      0t0      TCP localhost:8050 (LISTEN)
uwsgi       1206          root    3u  IPv4   25630      0t0      TCP localhost:8050 (LISTEN)
uwsgi       1207          root    3u  IPv4   25630      0t0      TCP localhost:8050 (LISTEN)
uwsgi       1208          root    3u  IPv4   25630      0t0      TCP localhost:8050 (LISTEN)
uwsgi       1209          root    3u  IPv4   25630      0t0      TCP localhost:8050 (LISTEN)
aap-gatew   1613          root    9u  IPv6   26755      0t0      TCP *:50051 (LISTEN)
aap-gatew   1614          root   11u  IPv6   26752      0t0      TCP *:50051 (LISTEN)
aap-gatew   1615          root   13u  IPv6   25760      0t0      TCP *:50051 (LISTEN)
aap-gatew   1616          root   15u  IPv6   24248      0t0      TCP *:50051 (LISTEN)
aap-gatew   1617          root   17u  IPv6   23372      0t0      TCP *:50051 (LISTEN)
bash      746036          root  cwd    DIR   253,0     4096 33685638 /root
bash      746036          root  rtd    DIR   253,0      235      128 /
bash      746036          root  txt    REG   253,0  1389072 33779126 /usr/bin/bash
bash      746036          root  mem    REG   253,0  2586930    30692 /usr/lib/locale/en_US.utf8/LC_COLLATE
bash      746036          root  mem    REG   253,0  2544344 50356320 /usr/lib64/libc.so.6
bash      746036          root  mem    REG   253,0   346132 50355997 /usr/lib/locale/C.utf8/LC_CTYPE
bash      746036          root  mem    REG   253,0       54    30695 /usr/lib/locale/en_US.utf8/LC_NUMERIC
bash      746036          root  mem    REG   253,0     3284 16862149 /usr/lib/locale/en_US.utf8/LC_TIME
bash      746036          root  mem    REG   253,0      286 16862147 /usr/lib/locale/en_US.utf8/LC_MONETARY
bash      746036          root  mem    REG   253,0       57 16862160 /usr/lib/locale/en_US.utf8/LC_MESSAGES/SYS_LC_MESSAGES
bash      746036          root  mem    REG   253,0    26988 33779313 /usr/lib64/gconv/gconv-modules.cache
bash      746036          root  mem    REG   253,0   195080 50355981 /usr/lib64/libtinfo.so.6.2
bash      746036          root  mem    REG   253,0       34 50356298 /usr/lib/locale/en_US.utf8/LC_PAPER
bash      746036          root  mem    REG   253,0       77    30694 /usr/lib/locale/en_US.utf8/LC_NAME
bash      746036          root  mem    REG   253,0      167 16862143 /usr/lib/locale/en_US.utf8/LC_ADDRESS
bash      746036          root  mem    REG   253,0       59 16862148 /usr/lib/locale/en_US.utf8/LC_TELEPHONE
bash      746036          root  mem    REG   253,0       23 16862146 /usr/lib/locale/en_US.utf8/LC_MEASUREMENT
bash      746036          root  mem    REG   253,0      369 16862145 /usr/lib/locale/en_US.utf8/LC_IDENTIFICATION
bash      746036          root  mem    REG   253,0   897856 50356316 /usr/lib64/ld-linux-x86-64.so.2
bash      746036          root    0r   CHR     1,3      0t0        4 /dev/null
bash      746036          root    1w   REG   253,0        0 17893681 /tmp/memory_monitor.log
bash      746036          root    2w   REG   253,0        0 17893681 /tmp/memory_monitor.log
bash      746036          root    3r  FIFO    0,13      0t0  6096889 pipe
sshd      749565          root    4u  IPv4 6094116      0t0      TCP aap25-execution.aap-test.local:ssh->192.168.1.168:51316 (ESTABLISHED)
sshd      749569          root    4u  IPv4 6094116      0t0      TCP aap25-execution.aap-test.local:ssh->192.168.1.168:51316 (ESTABLISHED)
slirp4net 750349           awx    3u  IPv4 6097125      0t0      TCP aap25-execution.aap-test.local:57540->aap25-execution.aap-test.local:ssh (ESTABLISHED)
sshd      750386          root    4u  IPv4 6096138      0t0      TCP aap25-execution.aap-test.local:ssh->aap25-execution.aap-test.local:57540 (ESTABLISHED)
sshd      750393          root    4u  IPv4 6096138      0t0      TCP aap25-execution.aap-test.local:ssh->aap25-execution.aap-test.local:57540 (ESTABLISHED)

    PID    PPID CMD                           RSS    VSZ %CPU %MEM     ELAPSED
 750310     751 /usr/bin/receptor --node id 34264 1936404 0.1  0.4       00:27
Receptor Child Processes for PID 750310:
      PID    PPID CMD                           RSS    VSZ %CPU %MEM     ELAPSED
 750318  750310 /usr/bin/python3.11 -sP /us 57416 137472  0.4  0.7       00:27
Receptor Threads for PID 750310:
    PID    SPID %CPU %MEM   RSS COMMAND
 750310  750310  0.0  0.4 34264 receptor
 750310  750311  0.0  0.4 34264 receptor
 750310  750312  0.0  0.4 34264 receptor
 750310  750313  0.0  0.4 34264 receptor
 750310  750314  0.0  0.4 34264 receptor
 750310  750315  0.0  0.4 34264 receptor
 750310  750316  0.0  0.4 34264 receptor
 750310  750317  0.0  0.4 34264 receptor
 750310  750929  0.0  0.4 34264 receptor
 750310  750930  0.0  0.4 34264 receptor
Receptor Network Connections for PID 750310:
COMMAND      PID          USER   FD      TYPE  DEVICE SIZE/OFF     NODE NAME
envoy        744          root   39u     IPv4 6032203      0t0      TCP aap25-execution.aap-test.local:35964->aap25-execution.aap-test.local:pcsync-https (ESTABLISHED)
receptor     751           awx    8u     IPv6   24629      0t0      TCP *:27199 (LISTEN)
receptor     751           awx    9u     IPv4   24235      0t0      TCP aap25-execution.aap-test.local:35552->aap25-control.aap-test.local:27199 (ESTABLISHED)
chronyd      762        chrony    5u     IPv4   24615      0t0      UDP localhost:323 
chronyd      762        chrony    6u     IPv6   24616      0t0      UDP localhost:323 
NetworkMa    774          root   26u     IPv4   24013      0t0      UDP aap25-execution.aap-test.local:bootpc->pi.hole:bootps 
sshd         797          root    3u     IPv4   22893      0t0      TCP *:ssh (LISTEN)
sshd         797          root    4u     IPv6   22895      0t0      TCP *:ssh (LISTEN)
node_expo   1111 node_exporter    3u     IPv6   21489      0t0      TCP *:jetdirect (LISTEN)
node_expo   1111 node_exporter    7u     IPv6   25899      0t0      TCP aap25-execution.aap-test.local:jetdirect->monitoring-node.aap-test.local:59590 (ESTABLISHED)
redis-ser   1112         redis    6u     IPv4   24055      0t0      TCP *:redis (LISTEN)
redis-ser   1112         redis    7u     IPv6   24056      0t0      TCP *:redis (LISTEN)
nginx       1162          root    6u     IPv4   24063      0t0      TCP *:pcsync-https (LISTEN)
nginx       1162          root    7u     IPv4   24064      0t0      TCP *:http (LISTEN)
nginx       1162          root    8u     IPv6   24065      0t0      TCP *:http (LISTEN)
nginx       1164         nginx    6u     IPv4   24063      0t0      TCP *:pcsync-https (LISTEN)
nginx       1164         nginx    7u     IPv4   24064      0t0      TCP *:http (LISTEN)
nginx       1164         nginx    8u     IPv6   24065      0t0      TCP *:http (LISTEN)
nginx       1165         nginx    6u     IPv4   24063      0t0      TCP *:pcsync-https (LISTEN)
nginx       1165         nginx    7u     IPv4   24064      0t0      TCP *:http (LISTEN)
nginx       1165         nginx    8u     IPv6   24065      0t0      TCP *:http (LISTEN)
nginx       1165         nginx   18u     IPv4 6032661      0t0      TCP aap25-execution.aap-test.local:pcsync-https->aap25-execution.aap-test.local:35964 (ESTABLISHED)
nginx       1166         nginx    6u     IPv4   24063      0t0      TCP *:pcsync-https (LISTEN)
nginx       1166         nginx    7u     IPv4   24064      0t0      TCP *:http (LISTEN)
nginx       1166         nginx    8u     IPv6   24065      0t0      TCP *:http (LISTEN)
nginx       1167         nginx    6u     IPv4   24063      0t0      TCP *:pcsync-https (LISTEN)
nginx       1167         nginx    7u     IPv4   24064      0t0      TCP *:http (LISTEN)
nginx       1167         nginx    8u     IPv6   24065      0t0      TCP *:http (LISTEN)
uwsgi       1168          root    3u     IPv4   25630      0t0      TCP localhost:8050 (LISTEN)
uwsgi       1205          root    3u     IPv4   25630      0t0      TCP localhost:8050 (LISTEN)
uwsgi       1206          root    3u     IPv4   25630      0t0      TCP localhost:8050 (LISTEN)
uwsgi       1207          root    3u     IPv4   25630      0t0      TCP localhost:8050 (LISTEN)
uwsgi       1208          root    3u     IPv4   25630      0t0      TCP localhost:8050 (LISTEN)
uwsgi       1209          root    3u     IPv4   25630      0t0      TCP localhost:8050 (LISTEN)
aap-gatew   1613          root    9u     IPv6   26755      0t0      TCP *:50051 (LISTEN)
aap-gatew   1614          root   11u     IPv6   26752      0t0      TCP *:50051 (LISTEN)
aap-gatew   1615          root   13u     IPv6   25760      0t0      TCP *:50051 (LISTEN)
aap-gatew   1616          root   15u     IPv6   24248      0t0      TCP *:50051 (LISTEN)
aap-gatew   1617          root   17u     IPv6   23372      0t0      TCP *:50051 (LISTEN)
sshd      749565          root    4u     IPv4 6094116      0t0      TCP aap25-execution.aap-test.local:ssh->192.168.1.168:51316 (ESTABLISHED)
sshd      749569          root    4u     IPv4 6094116      0t0      TCP aap25-execution.aap-test.local:ssh->192.168.1.168:51316 (ESTABLISHED)
receptor  750310           awx  cwd       DIR   253,0      235      128 /
receptor  750310           awx  rtd       DIR   253,0      235      128 /
receptor  750310           awx  txt       REG   253,0 55920336 33686933 /usr/bin/receptor
receptor  750310           awx  mem       REG   253,0  5436640 50527991 /usr/lib64/libcrypto.so.3.2.2
receptor  750310           awx  mem       REG   253,0   102552 50356340 /usr/lib64/libz.so.1.2.11
receptor  750310           awx  mem       REG   253,0  2544344 50356320 /usr/lib64/libc.so.6
receptor  750310           awx  mem       REG   253,0    70520 50356331 /usr/lib64/libresolv.so.2
receptor  750310           awx  mem       REG   253,0   897856 50356316 /usr/lib64/ld-linux-x86-64.so.2
receptor  750310           awx    0r      CHR     1,3      0t0        4 /dev/null
receptor  750310           awx    1w      REG   253,0      999 17327669 /var/log/receptor/receptor.log
receptor  750310           awx    2w      REG   253,0      999 17327669 /var/log/receptor/receptor.log
receptor  750310           awx    3r      REG   253,0    63880  1680142 /tmp/receptor/192.168.1.20/TI4YbI1a/stdin
receptor  750310           awx    4u  a_inode    0,14        0     2078 [eventpoll:5]
receptor  750310           awx    5r     FIFO    0,13      0t0  6095640 pipe
receptor  750310           awx    6w     FIFO    0,13      0t0  6095640 pipe
receptor  750310           awx    7w      REG   253,0    38066  1680144 /tmp/receptor/192.168.1.20/TI4YbI1a/stdout
slirp4net 750349           awx    3u     IPv4 6097125      0t0      TCP aap25-execution.aap-test.local:57540->aap25-execution.aap-test.local:ssh (ESTABLISHED)
sshd      750386          root    4u     IPv4 6096138      0t0      TCP aap25-execution.aap-test.local:ssh->aap25-execution.aap-test.local:57540 (ESTABLISHED)
sshd      750393          root    4u     IPv4 6096138      0t0      TCP aap25-execution.aap-test.local:ssh->aap25-execution.aap-test.local:57540 (ESTABLISHED)

    PID    PPID CMD                           RSS    VSZ %CPU %MEM     ELAPSED
Receptor Child Processes for PID 750968:
  No child processes found
Receptor Threads for PID 750968:
    PID    SPID %CPU %MEM   RSS COMMAND
Receptor Network Connections for PID 750968:
COMMAND      PID          USER   FD   TYPE  DEVICE SIZE/OFF NODE NAME
envoy        744          root   39u  IPv4 6032203      0t0  TCP aap25-execution.aap-test.local:35964->aap25-execution.aap-test.local:pcsync-https (ESTABLISHED)
receptor     751           awx    8u  IPv6   24629      0t0  TCP *:27199 (LISTEN)
receptor     751           awx    9u  IPv4   24235      0t0  TCP aap25-execution.aap-test.local:35552->aap25-control.aap-test.local:27199 (ESTABLISHED)
chronyd      762        chrony    5u  IPv4   24615      0t0  UDP localhost:323 
chronyd      762        chrony    6u  IPv6   24616      0t0  UDP localhost:323 
NetworkMa    774          root   26u  IPv4   24013      0t0  UDP aap25-execution.aap-test.local:bootpc->pi.hole:bootps 
sshd         797          root    3u  IPv4   22893      0t0  TCP *:ssh (LISTEN)
sshd         797          root    4u  IPv6   22895      0t0  TCP *:ssh (LISTEN)
node_expo   1111 node_exporter    3u  IPv6   21489      0t0  TCP *:jetdirect (LISTEN)
node_expo   1111 node_exporter    7u  IPv6   25899      0t0  TCP aap25-execution.aap-test.local:jetdirect->monitoring-node.aap-test.local:59590 (ESTABLISHED)
redis-ser   1112         redis    6u  IPv4   24055      0t0  TCP *:redis (LISTEN)
redis-ser   1112         redis    7u  IPv6   24056      0t0  TCP *:redis (LISTEN)
nginx       1162          root    6u  IPv4   24063      0t0  TCP *:pcsync-https (LISTEN)
nginx       1162          root    7u  IPv4   24064      0t0  TCP *:http (LISTEN)
nginx       1162          root    8u  IPv6   24065      0t0  TCP *:http (LISTEN)
nginx       1164         nginx    6u  IPv4   24063      0t0  TCP *:pcsync-https (LISTEN)
nginx       1164         nginx    7u  IPv4   24064      0t0  TCP *:http (LISTEN)
nginx       1164         nginx    8u  IPv6   24065      0t0  TCP *:http (LISTEN)
nginx       1165         nginx    6u  IPv4   24063      0t0  TCP *:pcsync-https (LISTEN)
nginx       1165         nginx    7u  IPv4   24064      0t0  TCP *:http (LISTEN)
nginx       1165         nginx    8u  IPv6   24065      0t0  TCP *:http (LISTEN)
nginx       1165         nginx   18u  IPv4 6032661      0t0  TCP aap25-execution.aap-test.local:pcsync-https->aap25-execution.aap-test.local:35964 (ESTABLISHED)
nginx       1166         nginx    6u  IPv4   24063      0t0  TCP *:pcsync-https (LISTEN)
nginx       1166         nginx    7u  IPv4   24064      0t0  TCP *:http (LISTEN)
nginx       1166         nginx    8u  IPv6   24065      0t0  TCP *:http (LISTEN)
nginx       1167         nginx    6u  IPv4   24063      0t0  TCP *:pcsync-https (LISTEN)
nginx       1167         nginx    7u  IPv4   24064      0t0  TCP *:http (LISTEN)
nginx       1167         nginx    8u  IPv6   24065      0t0  TCP *:http (LISTEN)
uwsgi       1168          root    3u  IPv4   25630      0t0  TCP localhost:8050 (LISTEN)
uwsgi       1205          root    3u  IPv4   25630      0t0  TCP localhost:8050 (LISTEN)
uwsgi       1206          root    3u  IPv4   25630      0t0  TCP localhost:8050 (LISTEN)
uwsgi       1207          root    3u  IPv4   25630      0t0  TCP localhost:8050 (LISTEN)
uwsgi       1208          root    3u  IPv4   25630      0t0  TCP localhost:8050 (LISTEN)
uwsgi       1209          root    3u  IPv4   25630      0t0  TCP localhost:8050 (LISTEN)
aap-gatew   1613          root    9u  IPv6   26755      0t0  TCP *:50051 (LISTEN)
aap-gatew   1614          root   11u  IPv6   26752      0t0  TCP *:50051 (LISTEN)
aap-gatew   1615          root   13u  IPv6   25760      0t0  TCP *:50051 (LISTEN)
aap-gatew   1616          root   15u  IPv6   24248      0t0  TCP *:50051 (LISTEN)
aap-gatew   1617          root   17u  IPv6   23372      0t0  TCP *:50051 (LISTEN)
sshd      749565          root    4u  IPv4 6094116      0t0  TCP aap25-execution.aap-test.local:ssh->192.168.1.168:51316 (ESTABLISHED)
sshd      749569          root    4u  IPv4 6094116      0t0  TCP aap25-execution.aap-test.local:ssh->192.168.1.168:51316 (ESTABLISHED)
slirp4net 750349           awx    3u  IPv4 6097125      0t0  TCP aap25-execution.aap-test.local:57540->aap25-execution.aap-test.local:ssh (ESTABLISHED)
sshd      750386          root    4u  IPv4 6096138      0t0  TCP aap25-execution.aap-test.local:ssh->aap25-execution.aap-test.local:57540 (ESTABLISHED)
sshd      750393          root    4u  IPv4 6096138      0t0  TCP aap25-execution.aap-test.local:ssh->aap25-execution.aap-test.local:57540 (ESTABLISHED)
  No network connections found

=== RECEPTOR MEMORY SUMMARY ===
Total Receptor RSS Memory: 172524 KB (168 MB)
Total Receptor VSZ Memory: 5807824 KB (5671 MB)
Number of Receptor Processes: 4

AAP-related Processes and Children:
=== AAP Service Processes ===
Process: receptor (PID: 751)
    PID    PPID CMD                           RSS
    751       1 /usr/bin/receptor -c /etc/r 43124
  Children of PID 751:
    PID    PPID CMD                           RSS
 750310     751 /usr/bin/receptor --node id 34264

Process: redis-server (PID: 1112)
    PID    PPID CMD                           RSS
   1112       1 /usr/bin/redis-server *:637 14980

Process: nginx (PID: 1162)
    PID    PPID CMD                           RSS
   1162       1 nginx: master process /usr/  2480
  Children of PID 1162:
    PID    PPID CMD                           RSS
   1164    1162 nginx: worker process        7984
    PID    PPID CMD                           RSS
   1165    1162 nginx: worker process        8368
    PID    PPID CMD                           RSS
   1166    1162 nginx: worker process        7984
    PID    PPID CMD                           RSS
   1167    1162 nginx: worker process        8112

Process: nginx (PID: 1164)
    PID    PPID CMD                           RSS
   1164    1162 nginx: worker process        7984

Process: nginx (PID: 1165)
    PID    PPID CMD                           RSS
   1165    1162 nginx: worker process        8368

Process: nginx (PID: 1166)
    PID    PPID CMD                           RSS
   1166    1162 nginx: worker process        7984

Process: nginx (PID: 1167)
    PID    PPID CMD                           RSS
   1167    1162 nginx: worker process        8112

Process: uwsgi (PID: 1168)
    PID    PPID CMD                           RSS
   1168     777 uwsgi /etc/ansible-automati 14208
  Children of PID 1168:
    PID    PPID CMD                           RSS
   1205    1168 uwsgi /etc/ansible-automati 135284
    PID    PPID CMD                           RSS
   1206    1168 uwsgi /etc/ansible-automati 135112
    PID    PPID CMD                           RSS
   1207    1168 uwsgi /etc/ansible-automati 135224
    PID    PPID CMD                           RSS
   1208    1168 uwsgi /etc/ansible-automati 135284
    PID    PPID CMD                           RSS
   1209    1168 uwsgi /etc/ansible-automati 135172

Process: uwsgi (PID: 1205)
    PID    PPID CMD                           RSS
   1205    1168 uwsgi /etc/ansible-automati 135284

Process: uwsgi (PID: 1206)
    PID    PPID CMD                           RSS
   1206    1168 uwsgi /etc/ansible-automati 135112

Process: uwsgi (PID: 1207)
    PID    PPID CMD                           RSS
   1207    1168 uwsgi /etc/ansible-automati 135224

Process: uwsgi (PID: 1208)
    PID    PPID CMD                           RSS
   1208    1168 uwsgi /etc/ansible-automati 135284

Process: uwsgi (PID: 1209)
    PID    PPID CMD                           RSS
   1209    1168 uwsgi /etc/ansible-automati 135172

Process: bash (PID: 746036)
    PID    PPID CMD                           RSS
 746036       1 bash -c  log_file="/tmp/mem  3456
  Children of PID 746036:
    PID    PPID CMD                           RSS
 751089  746036 bash -c  log_file="/tmp/mem  2112

Process: receptor (PID: 750310)
    PID    PPID CMD                           RSS
 750310     751 /usr/bin/receptor --node id 34264
  Children of PID 750310:
    PID    PPID CMD                           RSS
 750318  750310 /usr/bin/python3.11 -sP /us 57416

Process: bash (PID: 751089)
    PID    PPID CMD                           RSS
 751089  746036 bash -c  log_file="/tmp/mem  2112
  Children of PID 751089:
    PID    PPID CMD                           RSS


Process Tree for AAP Services:
=== automation-controller Process Tree ===
bash(746036)---pstree(751153)
=== receptor Process Tree ===
receptor(751)-+-receptor(750310)-+-ansible-runner(750318)---podman(750328)-+-exe(750337)-+-slirp4netns(750349)
              |                  |                                         |             |-{exe}(750338)
              |                  |                                         |             |-{exe}(750339)
              |                  |                                         |             |-{exe}(750341)
              |                  |                                         |             |-{exe}(750342)
              |                  |                                         |             |-{exe}(750343)
              |                  |                                         |             |-{exe}(750345)
              |                  |                                         |             |-{exe}(750346)
              |                  |                                         |             |-{exe}(750351)
              |                  |                                         |             |-{exe}(750352)
              |                  |                                         |             `-{exe}(750353)
              |                  |                                         |-{podman}(750329)
              |                  |                                         |-{podman}(750330)
              |                  |                                         |-{podman}(750331)
              |                  |                                         |-{podman}(750332)
              |                  |                                         |-{podman}(750333)
              |                  |                                         |-{podman}(750334)
              |                  |                                         |-{podman}(750335)
              |                  |                                         `-{podman}(750336)
              |                  |-{receptor}(750311)
              |                  |-{receptor}(750312)
              |                  |-{receptor}(750313)
              |                  |-{receptor}(750314)
              |                  |-{receptor}(750315)
              |                  |-{receptor}(750316)
              |                  |-{receptor}(750317)
              |                  |-{receptor}(750929)
              |                  `-{receptor}(750930)
              |-{receptor}(756)
              |-{receptor}(757)
              |-{receptor}(758)
              |-{receptor}(759)
              |-{receptor}(760)
              |-{receptor}(765)
              `-{receptor}(2141)
bash(746036)---pstree(751158)
receptor(750310)-+-ansible-runner(750318)---podman(750328)-+-exe(750337)-+-slirp4netns(750349)
                 |                                         |             |-{exe}(750338)
                 |                                         |             |-{exe}(750339)
                 |                                         |             |-{exe}(750341)
                 |                                         |             |-{exe}(750342)
                 |                                         |             |-{exe}(750343)
                 |                                         |             |-{exe}(750345)
                 |                                         |             |-{exe}(750346)
                 |                                         |             |-{exe}(750351)
                 |                                         |             |-{exe}(750352)
                 |                                         |             `-{exe}(750353)
                 |                                         |-{podman}(750329)
                 |                                         |-{podman}(750330)
                 |                                         |-{podman}(750331)
                 |                                         |-{podman}(750332)
                 |                                         |-{podman}(750333)
                 |                                         |-{podman}(750334)
                 |                                         |-{podman}(750335)
                 |                                         `-{podman}(750336)
                 |-{receptor}(750311)
                 |-{receptor}(750312)
                 |-{receptor}(750313)
                 |-{receptor}(750314)
                 |-{receptor}(750315)
                 |-{receptor}(750316)
                 |-{receptor}(750317)
                 |-{receptor}(750929)
                 `-{receptor}(750930)
=== nginx Process Tree ===
nginx(1162)-+-nginx(1164)
            |-nginx(1165)
            |-nginx(1166)
            `-nginx(1167)
nginx(1164)
nginx(1165)
nginx(1166)
nginx(1167)
bash(746036)---pstree(751168)
=== postgresql Process Tree ===
bash(746036)---pstree(751172)
=== redis Process Tree ===
redis-server(1112)-+-{redis-server}(1153)
                   |-{redis-server}(1154)
                   |-{redis-server}(1155)
                   `-{redis-server}(1156)
bash(746036)---pstree(751177)
=== uwsgi Process Tree ===
uwsgi(1168)-+-uwsgi(1205)
            |-uwsgi(1206)
            |-uwsgi(1207)
            |-uwsgi(1208)
            `-uwsgi(1209)
uwsgi(1205)
uwsgi(1206)
uwsgi(1207)
uwsgi(1208)
uwsgi(1209)
bash(746036)---pstree(751187)
=== automation-hub Process Tree ===
bash(746036)---pstree(751191)
=== automation-eda Process Tree ===
bash(746036)---pstree(751195)

=================================================================================
2025-07-07 09:11:19
Memory Usage Report:
               total        used        free      shared  buff/cache   available
Mem:            7681        1782        4725         148        1606        5898
Swap:           2047           0        2047

Top 10 Processes by RSS Memory:
    PID    PPID CMD                           RSS
   1205    1168 uwsgi /etc/ansible-automati 135284
   1208    1168 uwsgi /etc/ansible-automati 135284
   1207    1168 uwsgi /etc/ansible-automati 135224
   1209    1168 uwsgi /etc/ansible-automati 135172
   1206    1168 uwsgi /etc/ansible-automati 135112
   1172     777 /usr/bin/python3.11 -sP /us 116096
   1617    1172 /usr/bin/python3.11 -sP /us 103088
   1616    1172 /usr/bin/python3.11 -sP /us 103084
   1615    1172 /usr/bin/python3.11 -sP /us 101116
   1613    1172 /usr/bin/python3.11 -sP /us 100988

=== RECEPTOR PROCESS ANALYSIS ===
Receptor Main Processes:
    PID    PPID CMD                           RSS    VSZ %CPU %MEM     ELAPSED
    751       1 /usr/bin/receptor -c /etc/r 43380 1790284 0.0  0.5  3-19:08:17
Receptor Child Processes for PID 751:
      PID    PPID CMD                           RSS    VSZ %CPU %MEM     ELAPSED
 750310     751 /usr/bin/receptor --node id 34520 1936404 0.1  0.4       00:58
Receptor Threads for PID 751:
    PID    SPID %CPU %MEM   RSS COMMAND
    751     751  0.0  0.5 43380 receptor
    751     756  0.0  0.5 43380 receptor
    751     757  0.0  0.5 43380 receptor
    751     758  0.0  0.5 43380 receptor
    751     759  0.0  0.5 43380 receptor
    751     760  0.0  0.5 43380 receptor
    751     765  0.0  0.5 43380 receptor
    751    2141  0.0  0.5 43380 receptor
Receptor Network Connections for PID 751:
COMMAND      PID          USER   FD      TYPE             DEVICE SIZE/OFF     NODE NAME
envoy        744          root   39u     IPv4            6032203      0t0      TCP aap25-execution.aap-test.local:35964->aap25-execution.aap-test.local:pcsync-https (ESTABLISHED)
receptor     751           awx  cwd       DIR              253,0      235      128 /
receptor     751           awx  rtd       DIR              253,0      235      128 /
receptor     751           awx  txt       REG              253,0 55920336 33686933 /usr/bin/receptor
receptor     751           awx  mem       REG              253,0  5436640 50527991 /usr/lib64/libcrypto.so.3.2.2
receptor     751           awx  mem       REG              253,0   102552 50356340 /usr/lib64/libz.so.1.2.11
receptor     751           awx  mem       REG              253,0  2544344 50356320 /usr/lib64/libc.so.6
receptor     751           awx  mem       REG              253,0    70520 50356331 /usr/lib64/libresolv.so.2
receptor     751           awx  mem       REG              253,0   897856 50356316 /usr/lib64/ld-linux-x86-64.so.2
receptor     751           awx    0r      CHR                1,3      0t0        4 /dev/null
receptor     751           awx    1w      REG              253,0      999 17327669 /var/log/receptor/receptor.log
receptor     751           awx    2w      REG              253,0      999 17327669 /var/log/receptor/receptor.log
receptor     751           awx    3rW     REG               0,24        0      957 /run/awx-receptor/receptor.sock.lock
receptor     751           awx    4u  a_inode               0,14        0     2078 [eventpoll:5,7,8,9,10]
receptor     751           awx    5r     FIFO               0,13      0t0    24621 pipe
receptor     751           awx    6w     FIFO               0,13      0t0    24621 pipe
receptor     751           awx    7u     unix 0xffff9ae448c8f300      0t0    24624 /var/run/awx-receptor/receptor.sock type=STREAM (LISTEN)
receptor     751           awx    8u     IPv6              24629      0t0      TCP *:27199 (LISTEN)
receptor     751           awx    9u     IPv4              24235      0t0      TCP aap25-execution.aap-test.local:35552->aap25-control.aap-test.local:27199 (ESTABLISHED)
receptor     751           awx   10r  a_inode               0,14        0     2078 inotify
receptor     751           awx   11r      REG              253,0    38066  1680144 /tmp/receptor/192.168.1.20/TI4YbI1a/stdout
chronyd      762        chrony    5u     IPv4              24615      0t0      UDP localhost:323 
chronyd      762        chrony    6u     IPv6              24616      0t0      UDP localhost:323 
NetworkMa    774          root   26u     IPv4              24013      0t0      UDP aap25-execution.aap-test.local:bootpc->pi.hole:bootps 
sshd         797          root    3u     IPv4              22893      0t0      TCP *:ssh (LISTEN)
sshd         797          root    4u     IPv6              22895      0t0      TCP *:ssh (LISTEN)
node_expo   1111 node_exporter    3u     IPv6              21489      0t0      TCP *:jetdirect (LISTEN)
node_expo   1111 node_exporter    7u     IPv6              25899      0t0      TCP aap25-execution.aap-test.local:jetdirect->monitoring-node.aap-test.local:59590 (ESTABLISHED)
redis-ser   1112         redis    6u     IPv4              24055      0t0      TCP *:redis (LISTEN)
redis-ser   1112         redis    7u     IPv6              24056      0t0      TCP *:redis (LISTEN)
nginx       1162          root    6u     IPv4              24063      0t0      TCP *:pcsync-https (LISTEN)
nginx       1162          root    7u     IPv4              24064      0t0      TCP *:http (LISTEN)
nginx       1162          root    8u     IPv6              24065      0t0      TCP *:http (LISTEN)
nginx       1164         nginx    6u     IPv4              24063      0t0      TCP *:pcsync-https (LISTEN)
nginx       1164         nginx    7u     IPv4              24064      0t0      TCP *:http (LISTEN)
nginx       1164         nginx    8u     IPv6              24065      0t0      TCP *:http (LISTEN)
nginx       1165         nginx    6u     IPv4              24063      0t0      TCP *:pcsync-https (LISTEN)
nginx       1165         nginx    7u     IPv4              24064      0t0      TCP *:http (LISTEN)
nginx       1165         nginx    8u     IPv6              24065      0t0      TCP *:http (LISTEN)
nginx       1165         nginx   18u     IPv4            6032661      0t0      TCP aap25-execution.aap-test.local:pcsync-https->aap25-execution.aap-test.local:35964 (ESTABLISHED)
nginx       1166         nginx    6u     IPv4              24063      0t0      TCP *:pcsync-https (LISTEN)
nginx       1166         nginx    7u     IPv4              24064      0t0      TCP *:http (LISTEN)
nginx       1166         nginx    8u     IPv6              24065      0t0      TCP *:http (LISTEN)
nginx       1167         nginx    6u     IPv4              24063      0t0      TCP *:pcsync-https (LISTEN)
nginx       1167         nginx    7u     IPv4              24064      0t0      TCP *:http (LISTEN)
nginx       1167         nginx    8u     IPv6              24065      0t0      TCP *:http (LISTEN)
uwsgi       1168          root    3u     IPv4              25630      0t0      TCP localhost:8050 (LISTEN)
uwsgi       1205          root    3u     IPv4              25630      0t0      TCP localhost:8050 (LISTEN)
uwsgi       1206          root    3u     IPv4              25630      0t0      TCP localhost:8050 (LISTEN)
uwsgi       1207          root    3u     IPv4              25630      0t0      TCP localhost:8050 (LISTEN)
uwsgi       1208          root    3u     IPv4              25630      0t0      TCP localhost:8050 (LISTEN)
uwsgi       1209          root    3u     IPv4              25630      0t0      TCP localhost:8050 (LISTEN)
aap-gatew   1613          root    9u     IPv6              26755      0t0      TCP *:50051 (LISTEN)
aap-gatew   1614          root   11u     IPv6              26752      0t0      TCP *:50051 (LISTEN)
aap-gatew   1615          root   13u     IPv6              25760      0t0      TCP *:50051 (LISTEN)
aap-gatew   1616          root   15u     IPv6              24248      0t0      TCP *:50051 (LISTEN)
aap-gatew   1617          root   17u     IPv6              23372      0t0      TCP *:50051 (LISTEN)
sshd      749565          root    4u     IPv4            6094116      0t0      TCP aap25-execution.aap-test.local:ssh->192.168.1.168:51316 (ESTABLISHED)
sshd      749569          root    4u     IPv4            6094116      0t0      TCP aap25-execution.aap-test.local:ssh->192.168.1.168:51316 (ESTABLISHED)
slirp4net 750349           awx    3u     IPv4            6097125      0t0      TCP aap25-execution.aap-test.local:57540->aap25-execution.aap-test.local:ssh (ESTABLISHED)
sshd      750386          root    4u     IPv4            6096138      0t0      TCP aap25-execution.aap-test.local:ssh->aap25-execution.aap-test.local:57540 (ESTABLISHED)
sshd      750393          root    4u     IPv4            6096138      0t0      TCP aap25-execution.aap-test.local:ssh->aap25-execution.aap-test.local:57540 (ESTABLISHED)

    PID    PPID CMD                           RSS    VSZ %CPU %MEM     ELAPSED
 746036       1 bash -c  log_file="/tmp/mem  3456   7260  0.0  0.0       05:13
Receptor Child Processes for PID 746036:
      PID    PPID CMD                           RSS    VSZ %CPU %MEM     ELAPSED
Receptor Threads for PID 746036:
    PID    SPID %CPU %MEM   RSS COMMAND
 746036  746036  0.0  0.0  3456 bash
Receptor Network Connections for PID 746036:
COMMAND      PID          USER   FD   TYPE  DEVICE SIZE/OFF     NODE NAME
envoy        744          root   39u  IPv4 6032203      0t0      TCP aap25-execution.aap-test.local:35964->aap25-execution.aap-test.local:pcsync-https (ESTABLISHED)
receptor     751           awx    8u  IPv6   24629      0t0      TCP *:27199 (LISTEN)
receptor     751           awx    9u  IPv4   24235      0t0      TCP aap25-execution.aap-test.local:35552->aap25-control.aap-test.local:27199 (ESTABLISHED)
chronyd      762        chrony    5u  IPv4   24615      0t0      UDP localhost:323 
chronyd      762        chrony    6u  IPv6   24616      0t0      UDP localhost:323 
NetworkMa    774          root   26u  IPv4   24013      0t0      UDP aap25-execution.aap-test.local:bootpc->pi.hole:bootps 
sshd         797          root    3u  IPv4   22893      0t0      TCP *:ssh (LISTEN)
sshd         797          root    4u  IPv6   22895      0t0      TCP *:ssh (LISTEN)
node_expo   1111 node_exporter    3u  IPv6   21489      0t0      TCP *:jetdirect (LISTEN)
node_expo   1111 node_exporter    7u  IPv6   25899      0t0      TCP aap25-execution.aap-test.local:jetdirect->monitoring-node.aap-test.local:59590 (ESTABLISHED)
redis-ser   1112         redis    6u  IPv4   24055      0t0      TCP *:redis (LISTEN)
redis-ser   1112         redis    7u  IPv6   24056      0t0      TCP *:redis (LISTEN)
nginx       1162          root    6u  IPv4   24063      0t0      TCP *:pcsync-https (LISTEN)
nginx       1162          root    7u  IPv4   24064      0t0      TCP *:http (LISTEN)
nginx       1162          root    8u  IPv6   24065      0t0      TCP *:http (LISTEN)
nginx       1164         nginx    6u  IPv4   24063      0t0      TCP *:pcsync-https (LISTEN)
nginx       1164         nginx    7u  IPv4   24064      0t0      TCP *:http (LISTEN)
nginx       1164         nginx    8u  IPv6   24065      0t0      TCP *:http (LISTEN)
nginx       1165         nginx    6u  IPv4   24063      0t0      TCP *:pcsync-https (LISTEN)
nginx       1165         nginx    7u  IPv4   24064      0t0      TCP *:http (LISTEN)
nginx       1165         nginx    8u  IPv6   24065      0t0      TCP *:http (LISTEN)
nginx       1165         nginx   18u  IPv4 6032661      0t0      TCP aap25-execution.aap-test.local:pcsync-https->aap25-execution.aap-test.local:35964 (ESTABLISHED)
nginx       1166         nginx    6u  IPv4   24063      0t0      TCP *:pcsync-https (LISTEN)
nginx       1166         nginx    7u  IPv4   24064      0t0      TCP *:http (LISTEN)
nginx       1166         nginx    8u  IPv6   24065      0t0      TCP *:http (LISTEN)
nginx       1167         nginx    6u  IPv4   24063      0t0      TCP *:pcsync-https (LISTEN)
nginx       1167         nginx    7u  IPv4   24064      0t0      TCP *:http (LISTEN)
nginx       1167         nginx    8u  IPv6   24065      0t0      TCP *:http (LISTEN)
uwsgi       1168          root    3u  IPv4   25630      0t0      TCP localhost:8050 (LISTEN)
uwsgi       1205          root    3u  IPv4   25630      0t0      TCP localhost:8050 (LISTEN)
uwsgi       1206          root    3u  IPv4   25630      0t0      TCP localhost:8050 (LISTEN)
uwsgi       1207          root    3u  IPv4   25630      0t0      TCP localhost:8050 (LISTEN)
uwsgi       1208          root    3u  IPv4   25630      0t0      TCP localhost:8050 (LISTEN)
uwsgi       1209          root    3u  IPv4   25630      0t0      TCP localhost:8050 (LISTEN)
aap-gatew   1613          root    9u  IPv6   26755      0t0      TCP *:50051 (LISTEN)
aap-gatew   1614          root   11u  IPv6   26752      0t0      TCP *:50051 (LISTEN)
aap-gatew   1615          root   13u  IPv6   25760      0t0      TCP *:50051 (LISTEN)
aap-gatew   1616          root   15u  IPv6   24248      0t0      TCP *:50051 (LISTEN)
aap-gatew   1617          root   17u  IPv6   23372      0t0      TCP *:50051 (LISTEN)
bash      746036          root  cwd    DIR   253,0     4096 33685638 /root
bash      746036          root  rtd    DIR   253,0      235      128 /
bash      746036          root  txt    REG   253,0  1389072 33779126 /usr/bin/bash
bash      746036          root  mem    REG   253,0  2586930    30692 /usr/lib/locale/en_US.utf8/LC_COLLATE
bash      746036          root  mem    REG   253,0  2544344 50356320 /usr/lib64/libc.so.6
bash      746036          root  mem    REG   253,0   346132 50355997 /usr/lib/locale/C.utf8/LC_CTYPE
bash      746036          root  mem    REG   253,0       54    30695 /usr/lib/locale/en_US.utf8/LC_NUMERIC
bash      746036          root  mem    REG   253,0     3284 16862149 /usr/lib/locale/en_US.utf8/LC_TIME
bash      746036          root  mem    REG   253,0      286 16862147 /usr/lib/locale/en_US.utf8/LC_MONETARY
bash      746036          root  mem    REG   253,0       57 16862160 /usr/lib/locale/en_US.utf8/LC_MESSAGES/SYS_LC_MESSAGES
bash      746036          root  mem    REG   253,0    26988 33779313 /usr/lib64/gconv/gconv-modules.cache
bash      746036          root  mem    REG   253,0   195080 50355981 /usr/lib64/libtinfo.so.6.2
bash      746036          root  mem    REG   253,0       34 50356298 /usr/lib/locale/en_US.utf8/LC_PAPER
bash      746036          root  mem    REG   253,0       77    30694 /usr/lib/locale/en_US.utf8/LC_NAME
bash      746036          root  mem    REG   253,0      167 16862143 /usr/lib/locale/en_US.utf8/LC_ADDRESS
bash      746036          root  mem    REG   253,0       59 16862148 /usr/lib/locale/en_US.utf8/LC_TELEPHONE
bash      746036          root  mem    REG   253,0       23 16862146 /usr/lib/locale/en_US.utf8/LC_MEASUREMENT
bash      746036          root  mem    REG   253,0      369 16862145 /usr/lib/locale/en_US.utf8/LC_IDENTIFICATION
bash      746036          root  mem    REG   253,0   897856 50356316 /usr/lib64/ld-linux-x86-64.so.2
bash      746036          root    0r   CHR     1,3      0t0        4 /dev/null
bash      746036          root    1w   REG   253,0        0 17893681 /tmp/memory_monitor.log
bash      746036          root    2w   REG   253,0        0 17893681 /tmp/memory_monitor.log
bash      746036          root    3r  FIFO    0,13      0t0  6101416 pipe
sshd      749565          root    4u  IPv4 6094116      0t0      TCP aap25-execution.aap-test.local:ssh->192.168.1.168:51316 (ESTABLISHED)
sshd      749569          root    4u  IPv4 6094116      0t0      TCP aap25-execution.aap-test.local:ssh->192.168.1.168:51316 (ESTABLISHED)
slirp4net 750349           awx    3u  IPv4 6097125      0t0      TCP aap25-execution.aap-test.local:57540->aap25-execution.aap-test.local:ssh (ESTABLISHED)
sshd      750386          root    4u  IPv4 6096138      0t0      TCP aap25-execution.aap-test.local:ssh->aap25-execution.aap-test.local:57540 (ESTABLISHED)
sshd      750393          root    4u  IPv4 6096138      0t0      TCP aap25-execution.aap-test.local:ssh->aap25-execution.aap-test.local:57540 (ESTABLISHED)

    PID    PPID CMD                           RSS    VSZ %CPU %MEM     ELAPSED
 750310     751 /usr/bin/receptor --node id 34520 1936404 0.1  0.4       00:58
Receptor Child Processes for PID 750310:
      PID    PPID CMD                           RSS    VSZ %CPU %MEM     ELAPSED
 750318  750310 /usr/bin/python3.11 -sP /us 57416 137472  0.2  0.7       00:58
Receptor Threads for PID 750310:
    PID    SPID %CPU %MEM   RSS COMMAND
 750310  750310  0.0  0.4 34520 receptor
 750310  750311  0.0  0.4 34520 receptor
 750310  750312  0.0  0.4 34520 receptor
 750310  750313  0.0  0.4 34520 receptor
 750310  750314  0.0  0.4 34520 receptor
 750310  750315  0.0  0.4 34520 receptor
 750310  750316  0.0  0.4 34520 receptor
 750310  750317  0.0  0.4 34520 receptor
 750310  750929  0.0  0.4 34520 receptor
 750310  750930  0.0  0.4 34520 receptor
Receptor Network Connections for PID 750310:
COMMAND      PID          USER   FD      TYPE  DEVICE SIZE/OFF     NODE NAME
envoy        744          root   39u     IPv4 6032203      0t0      TCP aap25-execution.aap-test.local:35964->aap25-execution.aap-test.local:pcsync-https (ESTABLISHED)
receptor     751           awx    8u     IPv6   24629      0t0      TCP *:27199 (LISTEN)
receptor     751           awx    9u     IPv4   24235      0t0      TCP aap25-execution.aap-test.local:35552->aap25-control.aap-test.local:27199 (ESTABLISHED)
chronyd      762        chrony    5u     IPv4   24615      0t0      UDP localhost:323 
chronyd      762        chrony    6u     IPv6   24616      0t0      UDP localhost:323 
NetworkMa    774          root   26u     IPv4   24013      0t0      UDP aap25-execution.aap-test.local:bootpc->pi.hole:bootps 
sshd         797          root    3u     IPv4   22893      0t0      TCP *:ssh (LISTEN)
sshd         797          root    4u     IPv6   22895      0t0      TCP *:ssh (LISTEN)
node_expo   1111 node_exporter    3u     IPv6   21489      0t0      TCP *:jetdirect (LISTEN)
node_expo   1111 node_exporter    7u     IPv6   25899      0t0      TCP aap25-execution.aap-test.local:jetdirect->monitoring-node.aap-test.local:59590 (ESTABLISHED)
redis-ser   1112         redis    6u     IPv4   24055      0t0      TCP *:redis (LISTEN)
redis-ser   1112         redis    7u     IPv6   24056      0t0      TCP *:redis (LISTEN)
nginx       1162          root    6u     IPv4   24063      0t0      TCP *:pcsync-https (LISTEN)
nginx       1162          root    7u     IPv4   24064      0t0      TCP *:http (LISTEN)
nginx       1162          root    8u     IPv6   24065      0t0      TCP *:http (LISTEN)
nginx       1164         nginx    6u     IPv4   24063      0t0      TCP *:pcsync-https (LISTEN)
nginx       1164         nginx    7u     IPv4   24064      0t0      TCP *:http (LISTEN)
nginx       1164         nginx    8u     IPv6   24065      0t0      TCP *:http (LISTEN)
nginx       1165         nginx    6u     IPv4   24063      0t0      TCP *:pcsync-https (LISTEN)
nginx       1165         nginx    7u     IPv4   24064      0t0      TCP *:http (LISTEN)
nginx       1165         nginx    8u     IPv6   24065      0t0      TCP *:http (LISTEN)
nginx       1165         nginx   18u     IPv4 6032661      0t0      TCP aap25-execution.aap-test.local:pcsync-https->aap25-execution.aap-test.local:35964 (ESTABLISHED)
nginx       1166         nginx    6u     IPv4   24063      0t0      TCP *:pcsync-https (LISTEN)
nginx       1166         nginx    7u     IPv4   24064      0t0      TCP *:http (LISTEN)
nginx       1166         nginx    8u     IPv6   24065      0t0      TCP *:http (LISTEN)
nginx       1167         nginx    6u     IPv4   24063      0t0      TCP *:pcsync-https (LISTEN)
nginx       1167         nginx    7u     IPv4   24064      0t0      TCP *:http (LISTEN)
nginx       1167         nginx    8u     IPv6   24065      0t0      TCP *:http (LISTEN)
uwsgi       1168          root    3u     IPv4   25630      0t0      TCP localhost:8050 (LISTEN)
uwsgi       1205          root    3u     IPv4   25630      0t0      TCP localhost:8050 (LISTEN)
uwsgi       1206          root    3u     IPv4   25630      0t0      TCP localhost:8050 (LISTEN)
uwsgi       1207          root    3u     IPv4   25630      0t0      TCP localhost:8050 (LISTEN)
uwsgi       1208          root    3u     IPv4   25630      0t0      TCP localhost:8050 (LISTEN)
uwsgi       1209          root    3u     IPv4   25630      0t0      TCP localhost:8050 (LISTEN)
aap-gatew   1613          root    9u     IPv6   26755      0t0      TCP *:50051 (LISTEN)
aap-gatew   1614          root   11u     IPv6   26752      0t0      TCP *:50051 (LISTEN)
aap-gatew   1615          root   13u     IPv6   25760      0t0      TCP *:50051 (LISTEN)
aap-gatew   1616          root   15u     IPv6   24248      0t0      TCP *:50051 (LISTEN)
aap-gatew   1617          root   17u     IPv6   23372      0t0      TCP *:50051 (LISTEN)
sshd      749565          root    4u     IPv4 6094116      0t0      TCP aap25-execution.aap-test.local:ssh->192.168.1.168:51316 (ESTABLISHED)
sshd      749569          root    4u     IPv4 6094116      0t0      TCP aap25-execution.aap-test.local:ssh->192.168.1.168:51316 (ESTABLISHED)
receptor  750310           awx  cwd       DIR   253,0      235      128 /
receptor  750310           awx  rtd       DIR   253,0      235      128 /
receptor  750310           awx  txt       REG   253,0 55920336 33686933 /usr/bin/receptor
receptor  750310           awx  mem       REG   253,0  5436640 50527991 /usr/lib64/libcrypto.so.3.2.2
receptor  750310           awx  mem       REG   253,0   102552 50356340 /usr/lib64/libz.so.1.2.11
receptor  750310           awx  mem       REG   253,0  2544344 50356320 /usr/lib64/libc.so.6
receptor  750310           awx  mem       REG   253,0    70520 50356331 /usr/lib64/libresolv.so.2
receptor  750310           awx  mem       REG   253,0   897856 50356316 /usr/lib64/ld-linux-x86-64.so.2
receptor  750310           awx    0r      CHR     1,3      0t0        4 /dev/null
receptor  750310           awx    1w      REG   253,0      999 17327669 /var/log/receptor/receptor.log
receptor  750310           awx    2w      REG   253,0      999 17327669 /var/log/receptor/receptor.log
receptor  750310           awx    3r      REG   253,0    63880  1680142 /tmp/receptor/192.168.1.20/TI4YbI1a/stdin
receptor  750310           awx    4u  a_inode    0,14        0     2078 [eventpoll:5]
receptor  750310           awx    5r     FIFO    0,13      0t0  6095640 pipe
receptor  750310           awx    6w     FIFO    0,13      0t0  6095640 pipe
receptor  750310           awx    7w      REG   253,0    38066  1680144 /tmp/receptor/192.168.1.20/TI4YbI1a/stdout
slirp4net 750349           awx    3u     IPv4 6097125      0t0      TCP aap25-execution.aap-test.local:57540->aap25-execution.aap-test.local:ssh (ESTABLISHED)
sshd      750386          root    4u     IPv4 6096138      0t0      TCP aap25-execution.aap-test.local:ssh->aap25-execution.aap-test.local:57540 (ESTABLISHED)
sshd      750393          root    4u     IPv4 6096138      0t0      TCP aap25-execution.aap-test.local:ssh->aap25-execution.aap-test.local:57540 (ESTABLISHED)

    PID    PPID CMD                           RSS    VSZ %CPU %MEM     ELAPSED
Receptor Child Processes for PID 751299:
  No child processes found
Receptor Threads for PID 751299:
    PID    SPID %CPU %MEM   RSS COMMAND
Receptor Network Connections for PID 751299:
COMMAND      PID          USER   FD   TYPE  DEVICE SIZE/OFF NODE NAME
envoy        744          root   39u  IPv4 6032203      0t0  TCP aap25-execution.aap-test.local:35964->aap25-execution.aap-test.local:pcsync-https (ESTABLISHED)
receptor     751           awx    8u  IPv6   24629      0t0  TCP *:27199 (LISTEN)
receptor     751           awx    9u  IPv4   24235      0t0  TCP aap25-execution.aap-test.local:35552->aap25-control.aap-test.local:27199 (ESTABLISHED)
chronyd      762        chrony    5u  IPv4   24615      0t0  UDP localhost:323 
chronyd      762        chrony    6u  IPv6   24616      0t0  UDP localhost:323 
NetworkMa    774          root   26u  IPv4   24013      0t0  UDP aap25-execution.aap-test.local:bootpc->pi.hole:bootps 
sshd         797          root    3u  IPv4   22893      0t0  TCP *:ssh (LISTEN)
sshd         797          root    4u  IPv6   22895      0t0  TCP *:ssh (LISTEN)
node_expo   1111 node_exporter    3u  IPv6   21489      0t0  TCP *:jetdirect (LISTEN)
node_expo   1111 node_exporter    7u  IPv6   25899      0t0  TCP aap25-execution.aap-test.local:jetdirect->monitoring-node.aap-test.local:59590 (ESTABLISHED)
redis-ser   1112         redis    6u  IPv4   24055      0t0  TCP *:redis (LISTEN)
redis-ser   1112         redis    7u  IPv6   24056      0t0  TCP *:redis (LISTEN)
nginx       1162          root    6u  IPv4   24063      0t0  TCP *:pcsync-https (LISTEN)
nginx       1162          root    7u  IPv4   24064      0t0  TCP *:http (LISTEN)
nginx       1162          root    8u  IPv6   24065      0t0  TCP *:http (LISTEN)
nginx       1164         nginx    6u  IPv4   24063      0t0  TCP *:pcsync-https (LISTEN)
nginx       1164         nginx    7u  IPv4   24064      0t0  TCP *:http (LISTEN)
nginx       1164         nginx    8u  IPv6   24065      0t0  TCP *:http (LISTEN)
nginx       1165         nginx    6u  IPv4   24063      0t0  TCP *:pcsync-https (LISTEN)
nginx       1165         nginx    7u  IPv4   24064      0t0  TCP *:http (LISTEN)
nginx       1165         nginx    8u  IPv6   24065      0t0  TCP *:http (LISTEN)
nginx       1165         nginx   18u  IPv4 6032661      0t0  TCP aap25-execution.aap-test.local:pcsync-https->aap25-execution.aap-test.local:35964 (ESTABLISHED)
nginx       1166         nginx    6u  IPv4   24063      0t0  TCP *:pcsync-https (LISTEN)
nginx       1166         nginx    7u  IPv4   24064      0t0  TCP *:http (LISTEN)
nginx       1166         nginx    8u  IPv6   24065      0t0  TCP *:http (LISTEN)
nginx       1167         nginx    6u  IPv4   24063      0t0  TCP *:pcsync-https (LISTEN)
nginx       1167         nginx    7u  IPv4   24064      0t0  TCP *:http (LISTEN)
nginx       1167         nginx    8u  IPv6   24065      0t0  TCP *:http (LISTEN)
uwsgi       1168          root    3u  IPv4   25630      0t0  TCP localhost:8050 (LISTEN)
uwsgi       1205          root    3u  IPv4   25630      0t0  TCP localhost:8050 (LISTEN)
uwsgi       1206          root    3u  IPv4   25630      0t0  TCP localhost:8050 (LISTEN)
uwsgi       1207          root    3u  IPv4   25630      0t0  TCP localhost:8050 (LISTEN)
uwsgi       1208          root    3u  IPv4   25630      0t0  TCP localhost:8050 (LISTEN)
uwsgi       1209          root    3u  IPv4   25630      0t0  TCP localhost:8050 (LISTEN)
aap-gatew   1613          root    9u  IPv6   26755      0t0  TCP *:50051 (LISTEN)
aap-gatew   1614          root   11u  IPv6   26752      0t0  TCP *:50051 (LISTEN)
aap-gatew   1615          root   13u  IPv6   25760      0t0  TCP *:50051 (LISTEN)
aap-gatew   1616          root   15u  IPv6   24248      0t0  TCP *:50051 (LISTEN)
aap-gatew   1617          root   17u  IPv6   23372      0t0  TCP *:50051 (LISTEN)
sshd      749565          root    4u  IPv4 6094116      0t0  TCP aap25-execution.aap-test.local:ssh->192.168.1.168:51316 (ESTABLISHED)
sshd      749569          root    4u  IPv4 6094116      0t0  TCP aap25-execution.aap-test.local:ssh->192.168.1.168:51316 (ESTABLISHED)
slirp4net 750349           awx    3u  IPv4 6097125      0t0  TCP aap25-execution.aap-test.local:57540->aap25-execution.aap-test.local:ssh (ESTABLISHED)
sshd      750386          root    4u  IPv4 6096138      0t0  TCP aap25-execution.aap-test.local:ssh->aap25-execution.aap-test.local:57540 (ESTABLISHED)
sshd      750393          root    4u  IPv4 6096138      0t0  TCP aap25-execution.aap-test.local:ssh->aap25-execution.aap-test.local:57540 (ESTABLISHED)
  No network connections found

=== RECEPTOR MEMORY SUMMARY ===
Total Receptor RSS Memory: 173292 KB (169 MB)
Total Receptor VSZ Memory: 5807824 KB (5671 MB)
Number of Receptor Processes: 4

AAP-related Processes and Children:
=== AAP Service Processes ===
Process: receptor (PID: 751)
    PID    PPID CMD                           RSS
    751       1 /usr/bin/receptor -c /etc/r 43380
  Children of PID 751:
    PID    PPID CMD                           RSS
 750310     751 /usr/bin/receptor --node id 34520

Process: redis-server (PID: 1112)
    PID    PPID CMD                           RSS
   1112       1 /usr/bin/redis-server *:637 14980

Process: nginx (PID: 1162)
    PID    PPID CMD                           RSS
   1162       1 nginx: master process /usr/  2480
  Children of PID 1162:
    PID    PPID CMD                           RSS
   1164    1162 nginx: worker process        7984
    PID    PPID CMD                           RSS
   1165    1162 nginx: worker process        8368
    PID    PPID CMD                           RSS
   1166    1162 nginx: worker process        7984
    PID    PPID CMD                           RSS
   1167    1162 nginx: worker process        8112

Process: nginx (PID: 1164)
    PID    PPID CMD                           RSS
   1164    1162 nginx: worker process        7984

Process: nginx (PID: 1165)
    PID    PPID CMD                           RSS
   1165    1162 nginx: worker process        8368

Process: nginx (PID: 1166)
    PID    PPID CMD                           RSS
   1166    1162 nginx: worker process        7984

Process: nginx (PID: 1167)
    PID    PPID CMD                           RSS
   1167    1162 nginx: worker process        8112

Process: uwsgi (PID: 1168)
    PID    PPID CMD                           RSS
   1168     777 uwsgi /etc/ansible-automati 14208
  Children of PID 1168:
    PID    PPID CMD                           RSS
   1205    1168 uwsgi /etc/ansible-automati 135284
    PID    PPID CMD                           RSS
   1206    1168 uwsgi /etc/ansible-automati 135112
    PID    PPID CMD                           RSS
   1207    1168 uwsgi /etc/ansible-automati 135224
    PID    PPID CMD                           RSS
   1208    1168 uwsgi /etc/ansible-automati 135284
    PID    PPID CMD                           RSS
   1209    1168 uwsgi /etc/ansible-automati 135172

Process: uwsgi (PID: 1205)
    PID    PPID CMD                           RSS
   1205    1168 uwsgi /etc/ansible-automati 135284

Process: uwsgi (PID: 1206)
    PID    PPID CMD                           RSS
   1206    1168 uwsgi /etc/ansible-automati 135112

Process: uwsgi (PID: 1207)
    PID    PPID CMD                           RSS
   1207    1168 uwsgi /etc/ansible-automati 135224

Process: uwsgi (PID: 1208)
    PID    PPID CMD                           RSS
   1208    1168 uwsgi /etc/ansible-automati 135284

Process: uwsgi (PID: 1209)
    PID    PPID CMD                           RSS
   1209    1168 uwsgi /etc/ansible-automati 135172

Process: bash (PID: 746036)
    PID    PPID CMD                           RSS
 746036       1 bash -c  log_file="/tmp/mem  3456
  Children of PID 746036:
    PID    PPID CMD                           RSS
 751420  746036 bash -c  log_file="/tmp/mem  2112

Process: receptor (PID: 750310)
    PID    PPID CMD                           RSS
 750310     751 /usr/bin/receptor --node id 34520
  Children of PID 750310:
    PID    PPID CMD                           RSS
 750318  750310 /usr/bin/python3.11 -sP /us 57416

Process: bash (PID: 751420)
    PID    PPID CMD                           RSS
 751420  746036 bash -c  log_file="/tmp/mem  2112
  Children of PID 751420:
    PID    PPID CMD                           RSS


Process Tree for AAP Services:
=== automation-controller Process Tree ===
bash(746036)---pstree(751484)
=== receptor Process Tree ===
receptor(751)-+-receptor(750310)-+-ansible-runner(750318)---podman(750328)-+-exe(750337)-+-slirp4netns(750349)
              |                  |                                         |             |-{exe}(750338)
              |                  |                                         |             |-{exe}(750339)
              |                  |                                         |             |-{exe}(750341)
              |                  |                                         |             |-{exe}(750342)
              |                  |                                         |             |-{exe}(750343)
              |                  |                                         |             |-{exe}(750345)
              |                  |                                         |             |-{exe}(750346)
              |                  |                                         |             |-{exe}(750351)
              |                  |                                         |             |-{exe}(750352)
              |                  |                                         |             `-{exe}(750353)
              |                  |                                         |-{podman}(750329)
              |                  |                                         |-{podman}(750330)
              |                  |                                         |-{podman}(750331)
              |                  |                                         |-{podman}(750332)
              |                  |                                         |-{podman}(750333)
              |                  |                                         |-{podman}(750334)
              |                  |                                         |-{podman}(750335)
              |                  |                                         `-{podman}(750336)
              |                  |-{receptor}(750311)
              |                  |-{receptor}(750312)
              |                  |-{receptor}(750313)
              |                  |-{receptor}(750314)
              |                  |-{receptor}(750315)
              |                  |-{receptor}(750316)
              |                  |-{receptor}(750317)
              |                  |-{receptor}(750929)
              |                  `-{receptor}(750930)
              |-{receptor}(756)
              |-{receptor}(757)
              |-{receptor}(758)
              |-{receptor}(759)
              |-{receptor}(760)
              |-{receptor}(765)
              `-{receptor}(2141)
bash(746036)---pstree(751489)
receptor(750310)-+-ansible-runner(750318)---podman(750328)-+-exe(750337)-+-slirp4netns(750349)
                 |                                         |             |-{exe}(750338)
                 |                                         |             |-{exe}(750339)
                 |                                         |             |-{exe}(750341)
                 |                                         |             |-{exe}(750342)
                 |                                         |             |-{exe}(750343)
                 |                                         |             |-{exe}(750345)
                 |                                         |             |-{exe}(750346)
                 |                                         |             |-{exe}(750351)
                 |                                         |             |-{exe}(750352)
                 |                                         |             `-{exe}(750353)
                 |                                         |-{podman}(750329)
                 |                                         |-{podman}(750330)
                 |                                         |-{podman}(750331)
                 |                                         |-{podman}(750332)
                 |                                         |-{podman}(750333)
                 |                                         |-{podman}(750334)
                 |                                         |-{podman}(750335)
                 |                                         `-{podman}(750336)
                 |-{receptor}(750311)
                 |-{receptor}(750312)
                 |-{receptor}(750313)
                 |-{receptor}(750314)
                 |-{receptor}(750315)
                 |-{receptor}(750316)
                 |-{receptor}(750317)
                 |-{receptor}(750929)
                 `-{receptor}(750930)
=== nginx Process Tree ===
nginx(1162)-+-nginx(1164)
            |-nginx(1165)
            |-nginx(1166)
            `-nginx(1167)
nginx(1164)
nginx(1165)
nginx(1166)
nginx(1167)
bash(746036)---pstree(751499)
=== postgresql Process Tree ===
bash(746036)---pstree(751503)
=== redis Process Tree ===
redis-server(1112)-+-{redis-server}(1153)
                   |-{redis-server}(1154)
                   |-{redis-server}(1155)
                   `-{redis-server}(1156)
bash(746036)---pstree(751508)
=== uwsgi Process Tree ===
uwsgi(1168)-+-uwsgi(1205)
            |-uwsgi(1206)
            |-uwsgi(1207)
            |-uwsgi(1208)
            `-uwsgi(1209)
uwsgi(1205)
uwsgi(1206)
uwsgi(1207)
uwsgi(1208)
uwsgi(1209)
bash(746036)---pstree(751518)
=== automation-hub Process Tree ===
bash(746036)---pstree(751522)
=== automation-eda Process Tree ===
bash(746036)---pstree(751526)

=================================================================================
2025-07-07 09:11:50
Memory Usage Report:
               total        used        free      shared  buff/cache   available
Mem:            7681        1789        4717         148        1606        5891
Swap:           2047           0        2047

Top 10 Processes by RSS Memory:
    PID    PPID CMD                           RSS
   1205    1168 uwsgi /etc/ansible-automati 135284
   1208    1168 uwsgi /etc/ansible-automati 135284
   1207    1168 uwsgi /etc/ansible-automati 135224
   1209    1168 uwsgi /etc/ansible-automati 135172
   1206    1168 uwsgi /etc/ansible-automati 135112
   1172     777 /usr/bin/python3.11 -sP /us 116096
   1617    1172 /usr/bin/python3.11 -sP /us 103088
   1616    1172 /usr/bin/python3.11 -sP /us 103084
   1615    1172 /usr/bin/python3.11 -sP /us 101116
   1613    1172 /usr/bin/python3.11 -sP /us 100988

=== RECEPTOR PROCESS ANALYSIS ===
Receptor Main Processes:
    PID    PPID CMD                           RSS    VSZ %CPU %MEM     ELAPSED
    751       1 /usr/bin/receptor -c /etc/r 43508 1790284 0.0  0.5  3-19:08:49
Receptor Child Processes for PID 751:
      PID    PPID CMD                           RSS    VSZ %CPU %MEM     ELAPSED
 750310     751 /usr/bin/receptor --node id 34520 1936404 0.1  0.4       01:30
Receptor Threads for PID 751:
    PID    SPID %CPU %MEM   RSS COMMAND
    751     751  0.0  0.5 43508 receptor
    751     756  0.0  0.5 43508 receptor
    751     757  0.0  0.5 43508 receptor
    751     758  0.0  0.5 43508 receptor
    751     759  0.0  0.5 43508 receptor
    751     760  0.0  0.5 43508 receptor
    751     765  0.0  0.5 43508 receptor
    751    2141  0.0  0.5 43508 receptor
Receptor Network Connections for PID 751:
COMMAND      PID          USER   FD      TYPE             DEVICE SIZE/OFF     NODE NAME
envoy        744          root   39u     IPv4            6032203      0t0      TCP aap25-execution.aap-test.local:35964->aap25-execution.aap-test.local:pcsync-https (ESTABLISHED)
receptor     751           awx  cwd       DIR              253,0      235      128 /
receptor     751           awx  rtd       DIR              253,0      235      128 /
receptor     751           awx  txt       REG              253,0 55920336 33686933 /usr/bin/receptor
receptor     751           awx  mem       REG              253,0  5436640 50527991 /usr/lib64/libcrypto.so.3.2.2
receptor     751           awx  mem       REG              253,0   102552 50356340 /usr/lib64/libz.so.1.2.11
receptor     751           awx  mem       REG              253,0  2544344 50356320 /usr/lib64/libc.so.6
receptor     751           awx  mem       REG              253,0    70520 50356331 /usr/lib64/libresolv.so.2
receptor     751           awx  mem       REG              253,0   897856 50356316 /usr/lib64/ld-linux-x86-64.so.2
receptor     751           awx    0r      CHR                1,3      0t0        4 /dev/null
receptor     751           awx    1w      REG              253,0      999 17327669 /var/log/receptor/receptor.log
receptor     751           awx    2w      REG              253,0      999 17327669 /var/log/receptor/receptor.log
receptor     751           awx    3rW     REG               0,24        0      957 /run/awx-receptor/receptor.sock.lock
receptor     751           awx    4u  a_inode               0,14        0     2078 [eventpoll:5,7,8,9,10]
receptor     751           awx    5r     FIFO               0,13      0t0    24621 pipe
receptor     751           awx    6w     FIFO               0,13      0t0    24621 pipe
receptor     751           awx    7u     unix 0xffff9ae448c8f300      0t0    24624 /var/run/awx-receptor/receptor.sock type=STREAM (LISTEN)
receptor     751           awx    8u     IPv6              24629      0t0      TCP *:27199 (LISTEN)
receptor     751           awx    9u     IPv4              24235      0t0      TCP aap25-execution.aap-test.local:35552->aap25-control.aap-test.local:27199 (ESTABLISHED)
receptor     751           awx   10r  a_inode               0,14        0     2078 inotify
receptor     751           awx   11r      REG              253,0    38066  1680144 /tmp/receptor/192.168.1.20/TI4YbI1a/stdout
chronyd      762        chrony    5u     IPv4              24615      0t0      UDP localhost:323 
chronyd      762        chrony    6u     IPv6              24616      0t0      UDP localhost:323 
NetworkMa    774          root   26u     IPv4              24013      0t0      UDP aap25-execution.aap-test.local:bootpc->pi.hole:bootps 
sshd         797          root    3u     IPv4              22893      0t0      TCP *:ssh (LISTEN)
sshd         797          root    4u     IPv6              22895      0t0      TCP *:ssh (LISTEN)
node_expo   1111 node_exporter    3u     IPv6              21489      0t0      TCP *:jetdirect (LISTEN)
node_expo   1111 node_exporter    7u     IPv6              25899      0t0      TCP aap25-execution.aap-test.local:jetdirect->monitoring-node.aap-test.local:59590 (ESTABLISHED)
redis-ser   1112         redis    6u     IPv4              24055      0t0      TCP *:redis (LISTEN)
redis-ser   1112         redis    7u     IPv6              24056      0t0      TCP *:redis (LISTEN)
nginx       1162          root    6u     IPv4              24063      0t0      TCP *:pcsync-https (LISTEN)
nginx       1162          root    7u     IPv4              24064      0t0      TCP *:http (LISTEN)
nginx       1162          root    8u     IPv6              24065      0t0      TCP *:http (LISTEN)
nginx       1164         nginx    6u     IPv4              24063      0t0      TCP *:pcsync-https (LISTEN)
nginx       1164         nginx    7u     IPv4              24064      0t0      TCP *:http (LISTEN)
nginx       1164         nginx    8u     IPv6              24065      0t0      TCP *:http (LISTEN)
nginx       1165         nginx    6u     IPv4              24063      0t0      TCP *:pcsync-https (LISTEN)
nginx       1165         nginx    7u     IPv4              24064      0t0      TCP *:http (LISTEN)
nginx       1165         nginx    8u     IPv6              24065      0t0      TCP *:http (LISTEN)
nginx       1165         nginx   18u     IPv4            6032661      0t0      TCP aap25-execution.aap-test.local:pcsync-https->aap25-execution.aap-test.local:35964 (ESTABLISHED)
nginx       1166         nginx    6u     IPv4              24063      0t0      TCP *:pcsync-https (LISTEN)
nginx       1166         nginx    7u     IPv4              24064      0t0      TCP *:http (LISTEN)
nginx       1166         nginx    8u     IPv6              24065      0t0      TCP *:http (LISTEN)
nginx       1167         nginx    6u     IPv4              24063      0t0      TCP *:pcsync-https (LISTEN)
nginx       1167         nginx    7u     IPv4              24064      0t0      TCP *:http (LISTEN)
nginx       1167         nginx    8u     IPv6              24065      0t0      TCP *:http (LISTEN)
uwsgi       1168          root    3u     IPv4              25630      0t0      TCP localhost:8050 (LISTEN)
uwsgi       1205          root    3u     IPv4              25630      0t0      TCP localhost:8050 (LISTEN)
uwsgi       1206          root    3u     IPv4              25630      0t0      TCP localhost:8050 (LISTEN)
uwsgi       1207          root    3u     IPv4              25630      0t0      TCP localhost:8050 (LISTEN)
uwsgi       1208          root    3u     IPv4              25630      0t0      TCP localhost:8050 (LISTEN)
uwsgi       1209          root    3u     IPv4              25630      0t0      TCP localhost:8050 (LISTEN)
aap-gatew   1613          root    9u     IPv6              26755      0t0      TCP *:50051 (LISTEN)
aap-gatew   1614          root   11u     IPv6              26752      0t0      TCP *:50051 (LISTEN)
aap-gatew   1615          root   13u     IPv6              25760      0t0      TCP *:50051 (LISTEN)
aap-gatew   1616          root   15u     IPv6              24248      0t0      TCP *:50051 (LISTEN)
aap-gatew   1617          root   17u     IPv6              23372      0t0      TCP *:50051 (LISTEN)
sshd      749565          root    4u     IPv4            6094116      0t0      TCP aap25-execution.aap-test.local:ssh->192.168.1.168:51316 (ESTABLISHED)
sshd      749569          root    4u     IPv4            6094116      0t0      TCP aap25-execution.aap-test.local:ssh->192.168.1.168:51316 (ESTABLISHED)
slirp4net 750349           awx    3u     IPv4            6097125      0t0      TCP aap25-execution.aap-test.local:57540->aap25-execution.aap-test.local:ssh (ESTABLISHED)
sshd      750386          root    4u     IPv4            6096138      0t0      TCP aap25-execution.aap-test.local:ssh->aap25-execution.aap-test.local:57540 (ESTABLISHED)
sshd      750393          root    4u     IPv4            6096138      0t0      TCP aap25-execution.aap-test.local:ssh->aap25-execution.aap-test.local:57540 (ESTABLISHED)

    PID    PPID CMD                           RSS    VSZ %CPU %MEM     ELAPSED
 746036       1 bash -c  log_file="/tmp/mem  3456   7260  0.0  0.0       05:45
Receptor Child Processes for PID 746036:
      PID    PPID CMD                           RSS    VSZ %CPU %MEM     ELAPSED
Receptor Threads for PID 746036:
    PID    SPID %CPU %MEM   RSS COMMAND
 746036  746036  0.0  0.0  3456 bash
Receptor Network Connections for PID 746036:
COMMAND      PID          USER   FD   TYPE  DEVICE SIZE/OFF     NODE NAME
envoy        744          root   39u  IPv4 6032203      0t0      TCP aap25-execution.aap-test.local:35964->aap25-execution.aap-test.local:pcsync-https (ESTABLISHED)
receptor     751           awx    8u  IPv6   24629      0t0      TCP *:27199 (LISTEN)
receptor     751           awx    9u  IPv4   24235      0t0      TCP aap25-execution.aap-test.local:35552->aap25-control.aap-test.local:27199 (ESTABLISHED)
chronyd      762        chrony    5u  IPv4   24615      0t0      UDP localhost:323 
chronyd      762        chrony    6u  IPv6   24616      0t0      UDP localhost:323 
NetworkMa    774          root   26u  IPv4   24013      0t0      UDP aap25-execution.aap-test.local:bootpc->pi.hole:bootps 
sshd         797          root    3u  IPv4   22893      0t0      TCP *:ssh (LISTEN)
sshd         797          root    4u  IPv6   22895      0t0      TCP *:ssh (LISTEN)
node_expo   1111 node_exporter    3u  IPv6   21489      0t0      TCP *:jetdirect (LISTEN)
node_expo   1111 node_exporter    7u  IPv6   25899      0t0      TCP aap25-execution.aap-test.local:jetdirect->monitoring-node.aap-test.local:59590 (ESTABLISHED)
redis-ser   1112         redis    6u  IPv4   24055      0t0      TCP *:redis (LISTEN)
redis-ser   1112         redis    7u  IPv6   24056      0t0      TCP *:redis (LISTEN)
nginx       1162          root    6u  IPv4   24063      0t0      TCP *:pcsync-https (LISTEN)
nginx       1162          root    7u  IPv4   24064      0t0      TCP *:http (LISTEN)
nginx       1162          root    8u  IPv6   24065      0t0      TCP *:http (LISTEN)
nginx       1164         nginx    6u  IPv4   24063      0t0      TCP *:pcsync-https (LISTEN)
nginx       1164         nginx    7u  IPv4   24064      0t0      TCP *:http (LISTEN)
nginx       1164         nginx    8u  IPv6   24065      0t0      TCP *:http (LISTEN)
nginx       1165         nginx    6u  IPv4   24063      0t0      TCP *:pcsync-https (LISTEN)
nginx       1165         nginx    7u  IPv4   24064      0t0      TCP *:http (LISTEN)
nginx       1165         nginx    8u  IPv6   24065      0t0      TCP *:http (LISTEN)
nginx       1165         nginx   18u  IPv4 6032661      0t0      TCP aap25-execution.aap-test.local:pcsync-https->aap25-execution.aap-test.local:35964 (ESTABLISHED)
nginx       1166         nginx    6u  IPv4   24063      0t0      TCP *:pcsync-https (LISTEN)
nginx       1166         nginx    7u  IPv4   24064      0t0      TCP *:http (LISTEN)
nginx       1166         nginx    8u  IPv6   24065      0t0      TCP *:http (LISTEN)
nginx       1167         nginx    6u  IPv4   24063      0t0      TCP *:pcsync-https (LISTEN)
nginx       1167         nginx    7u  IPv4   24064      0t0      TCP *:http (LISTEN)
nginx       1167         nginx    8u  IPv6   24065      0t0      TCP *:http (LISTEN)
uwsgi       1168          root    3u  IPv4   25630      0t0      TCP localhost:8050 (LISTEN)
uwsgi       1205          root    3u  IPv4   25630      0t0      TCP localhost:8050 (LISTEN)
uwsgi       1206          root    3u  IPv4   25630      0t0      TCP localhost:8050 (LISTEN)
uwsgi       1207          root    3u  IPv4   25630      0t0      TCP localhost:8050 (LISTEN)
uwsgi       1208          root    3u  IPv4   25630      0t0      TCP localhost:8050 (LISTEN)
uwsgi       1209          root    3u  IPv4   25630      0t0      TCP localhost:8050 (LISTEN)
aap-gatew   1613          root    9u  IPv6   26755      0t0      TCP *:50051 (LISTEN)
aap-gatew   1614          root   11u  IPv6   26752      0t0      TCP *:50051 (LISTEN)
aap-gatew   1615          root   13u  IPv6   25760      0t0      TCP *:50051 (LISTEN)
aap-gatew   1616          root   15u  IPv6   24248      0t0      TCP *:50051 (LISTEN)
aap-gatew   1617          root   17u  IPv6   23372      0t0      TCP *:50051 (LISTEN)
bash      746036          root  cwd    DIR   253,0     4096 33685638 /root
bash      746036          root  rtd    DIR   253,0      235      128 /
bash      746036          root  txt    REG   253,0  1389072 33779126 /usr/bin/bash
bash      746036          root  mem    REG   253,0  2586930    30692 /usr/lib/locale/en_US.utf8/LC_COLLATE
bash      746036          root  mem    REG   253,0  2544344 50356320 /usr/lib64/libc.so.6
bash      746036          root  mem    REG   253,0   346132 50355997 /usr/lib/locale/C.utf8/LC_CTYPE
bash      746036          root  mem    REG   253,0       54    30695 /usr/lib/locale/en_US.utf8/LC_NUMERIC
bash      746036          root  mem    REG   253,0     3284 16862149 /usr/lib/locale/en_US.utf8/LC_TIME
bash      746036          root  mem    REG   253,0      286 16862147 /usr/lib/locale/en_US.utf8/LC_MONETARY
bash      746036          root  mem    REG   253,0       57 16862160 /usr/lib/locale/en_US.utf8/LC_MESSAGES/SYS_LC_MESSAGES
bash      746036          root  mem    REG   253,0    26988 33779313 /usr/lib64/gconv/gconv-modules.cache
bash      746036          root  mem    REG   253,0   195080 50355981 /usr/lib64/libtinfo.so.6.2
bash      746036          root  mem    REG   253,0       34 50356298 /usr/lib/locale/en_US.utf8/LC_PAPER
bash      746036          root  mem    REG   253,0       77    30694 /usr/lib/locale/en_US.utf8/LC_NAME
bash      746036          root  mem    REG   253,0      167 16862143 /usr/lib/locale/en_US.utf8/LC_ADDRESS
bash      746036          root  mem    REG   253,0       59 16862148 /usr/lib/locale/en_US.utf8/LC_TELEPHONE
bash      746036          root  mem    REG   253,0       23 16862146 /usr/lib/locale/en_US.utf8/LC_MEASUREMENT
bash      746036          root  mem    REG   253,0      369 16862145 /usr/lib/locale/en_US.utf8/LC_IDENTIFICATION
bash      746036          root  mem    REG   253,0   897856 50356316 /usr/lib64/ld-linux-x86-64.so.2
bash      746036          root    0r   CHR     1,3      0t0        4 /dev/null
bash      746036          root    1w   REG   253,0        0 17893681 /tmp/memory_monitor.log
bash      746036          root    2w   REG   253,0        0 17893681 /tmp/memory_monitor.log
bash      746036          root    3r  FIFO    0,13      0t0  6102008 pipe
sshd      749565          root    4u  IPv4 6094116      0t0      TCP aap25-execution.aap-test.local:ssh->192.168.1.168:51316 (ESTABLISHED)
sshd      749569          root    4u  IPv4 6094116      0t0      TCP aap25-execution.aap-test.local:ssh->192.168.1.168:51316 (ESTABLISHED)
slirp4net 750349           awx    3u  IPv4 6097125      0t0      TCP aap25-execution.aap-test.local:57540->aap25-execution.aap-test.local:ssh (ESTABLISHED)
sshd      750386          root    4u  IPv4 6096138      0t0      TCP aap25-execution.aap-test.local:ssh->aap25-execution.aap-test.local:57540 (ESTABLISHED)
sshd      750393          root    4u  IPv4 6096138      0t0      TCP aap25-execution.aap-test.local:ssh->aap25-execution.aap-test.local:57540 (ESTABLISHED)

    PID    PPID CMD                           RSS    VSZ %CPU %MEM     ELAPSED
 750310     751 /usr/bin/receptor --node id 34520 1936404 0.1  0.4       01:30
Receptor Child Processes for PID 750310:
      PID    PPID CMD                           RSS    VSZ %CPU %MEM     ELAPSED
 750318  750310 /usr/bin/python3.11 -sP /us 57416 137472  0.1  0.7       01:30
Receptor Threads for PID 750310:
    PID    SPID %CPU %MEM   RSS COMMAND
 750310  750310  0.0  0.4 34520 receptor
 750310  750311  0.0  0.4 34520 receptor
 750310  750312  0.0  0.4 34520 receptor
 750310  750313  0.0  0.4 34520 receptor
 750310  750314  0.0  0.4 34520 receptor
 750310  750315  0.0  0.4 34520 receptor
 750310  750316  0.0  0.4 34520 receptor
 750310  750317  0.0  0.4 34520 receptor
 750310  750929  0.0  0.4 34520 receptor
 750310  750930  0.0  0.4 34520 receptor
Receptor Network Connections for PID 750310:
COMMAND      PID          USER   FD      TYPE  DEVICE SIZE/OFF     NODE NAME
envoy        744          root   39u     IPv4 6032203      0t0      TCP aap25-execution.aap-test.local:35964->aap25-execution.aap-test.local:pcsync-https (ESTABLISHED)
receptor     751           awx    8u     IPv6   24629      0t0      TCP *:27199 (LISTEN)
receptor     751           awx    9u     IPv4   24235      0t0      TCP aap25-execution.aap-test.local:35552->aap25-control.aap-test.local:27199 (ESTABLISHED)
chronyd      762        chrony    5u     IPv4   24615      0t0      UDP localhost:323 
chronyd      762        chrony    6u     IPv6   24616      0t0      UDP localhost:323 
NetworkMa    774          root   26u     IPv4   24013      0t0      UDP aap25-execution.aap-test.local:bootpc->pi.hole:bootps 
sshd         797          root    3u     IPv4   22893      0t0      TCP *:ssh (LISTEN)
sshd         797          root    4u     IPv6   22895      0t0      TCP *:ssh (LISTEN)
node_expo   1111 node_exporter    3u     IPv6   21489      0t0      TCP *:jetdirect (LISTEN)
node_expo   1111 node_exporter    7u     IPv6   25899      0t0      TCP aap25-execution.aap-test.local:jetdirect->monitoring-node.aap-test.local:59590 (ESTABLISHED)
redis-ser   1112         redis    6u     IPv4   24055      0t0      TCP *:redis (LISTEN)
redis-ser   1112         redis    7u     IPv6   24056      0t0      TCP *:redis (LISTEN)
nginx       1162          root    6u     IPv4   24063      0t0      TCP *:pcsync-https (LISTEN)
nginx       1162          root    7u     IPv4   24064      0t0      TCP *:http (LISTEN)
nginx       1162          root    8u     IPv6   24065      0t0      TCP *:http (LISTEN)
nginx       1164         nginx    6u     IPv4   24063      0t0      TCP *:pcsync-https (LISTEN)
nginx       1164         nginx    7u     IPv4   24064      0t0      TCP *:http (LISTEN)
nginx       1164         nginx    8u     IPv6   24065      0t0      TCP *:http (LISTEN)
nginx       1165         nginx    6u     IPv4   24063      0t0      TCP *:pcsync-https (LISTEN)
nginx       1165         nginx    7u     IPv4   24064      0t0      TCP *:http (LISTEN)
nginx       1165         nginx    8u     IPv6   24065      0t0      TCP *:http (LISTEN)
nginx       1165         nginx   18u     IPv4 6032661      0t0      TCP aap25-execution.aap-test.local:pcsync-https->aap25-execution.aap-test.local:35964 (ESTABLISHED)
nginx       1166         nginx    6u     IPv4   24063      0t0      TCP *:pcsync-https (LISTEN)
nginx       1166         nginx    7u     IPv4   24064      0t0      TCP *:http (LISTEN)
nginx       1166         nginx    8u     IPv6   24065      0t0      TCP *:http (LISTEN)
nginx       1167         nginx    6u     IPv4   24063      0t0      TCP *:pcsync-https (LISTEN)
nginx       1167         nginx    7u     IPv4   24064      0t0      TCP *:http (LISTEN)
nginx       1167         nginx    8u     IPv6   24065      0t0      TCP *:http (LISTEN)
uwsgi       1168          root    3u     IPv4   25630      0t0      TCP localhost:8050 (LISTEN)
uwsgi       1205          root    3u     IPv4   25630      0t0      TCP localhost:8050 (LISTEN)
uwsgi       1206          root    3u     IPv4   25630      0t0      TCP localhost:8050 (LISTEN)
uwsgi       1207          root    3u     IPv4   25630      0t0      TCP localhost:8050 (LISTEN)
uwsgi       1208          root    3u     IPv4   25630      0t0      TCP localhost:8050 (LISTEN)
uwsgi       1209          root    3u     IPv4   25630      0t0      TCP localhost:8050 (LISTEN)
aap-gatew   1613          root    9u     IPv6   26755      0t0      TCP *:50051 (LISTEN)
aap-gatew   1614          root   11u     IPv6   26752      0t0      TCP *:50051 (LISTEN)
aap-gatew   1615          root   13u     IPv6   25760      0t0      TCP *:50051 (LISTEN)
aap-gatew   1616          root   15u     IPv6   24248      0t0      TCP *:50051 (LISTEN)
aap-gatew   1617          root   17u     IPv6   23372      0t0      TCP *:50051 (LISTEN)
sshd      749565          root    4u     IPv4 6094116      0t0      TCP aap25-execution.aap-test.local:ssh->192.168.1.168:51316 (ESTABLISHED)
sshd      749569          root    4u     IPv4 6094116      0t0      TCP aap25-execution.aap-test.local:ssh->192.168.1.168:51316 (ESTABLISHED)
receptor  750310           awx  cwd       DIR   253,0      235      128 /
receptor  750310           awx  rtd       DIR   253,0      235      128 /
receptor  750310           awx  txt       REG   253,0 55920336 33686933 /usr/bin/receptor
receptor  750310           awx  mem       REG   253,0  5436640 50527991 /usr/lib64/libcrypto.so.3.2.2
receptor  750310           awx  mem       REG   253,0   102552 50356340 /usr/lib64/libz.so.1.2.11
receptor  750310           awx  mem       REG   253,0  2544344 50356320 /usr/lib64/libc.so.6
receptor  750310           awx  mem       REG   253,0    70520 50356331 /usr/lib64/libresolv.so.2
receptor  750310           awx  mem       REG   253,0   897856 50356316 /usr/lib64/ld-linux-x86-64.so.2
receptor  750310           awx    0r      CHR     1,3      0t0        4 /dev/null
receptor  750310           awx    1w      REG   253,0      999 17327669 /var/log/receptor/receptor.log
receptor  750310           awx    2w      REG   253,0      999 17327669 /var/log/receptor/receptor.log
receptor  750310           awx    3r      REG   253,0    63880  1680142 /tmp/receptor/192.168.1.20/TI4YbI1a/stdin
receptor  750310           awx    4u  a_inode    0,14        0     2078 [eventpoll:5]
receptor  750310           awx    5r     FIFO    0,13      0t0  6095640 pipe
receptor  750310           awx    6w     FIFO    0,13      0t0  6095640 pipe
receptor  750310           awx    7w      REG   253,0    38066  1680144 /tmp/receptor/192.168.1.20/TI4YbI1a/stdout
slirp4net 750349           awx    3u     IPv4 6097125      0t0      TCP aap25-execution.aap-test.local:57540->aap25-execution.aap-test.local:ssh (ESTABLISHED)
sshd      750386          root    4u     IPv4 6096138      0t0      TCP aap25-execution.aap-test.local:ssh->aap25-execution.aap-test.local:57540 (ESTABLISHED)
sshd      750393          root    4u     IPv4 6096138      0t0      TCP aap25-execution.aap-test.local:ssh->aap25-execution.aap-test.local:57540 (ESTABLISHED)

    PID    PPID CMD                           RSS    VSZ %CPU %MEM     ELAPSED
Receptor Child Processes for PID 751631:
  No child processes found
Receptor Threads for PID 751631:
    PID    SPID %CPU %MEM   RSS COMMAND
Receptor Network Connections for PID 751631:
COMMAND      PID          USER   FD   TYPE  DEVICE SIZE/OFF NODE NAME
envoy        744          root   39u  IPv4 6032203      0t0  TCP aap25-execution.aap-test.local:35964->aap25-execution.aap-test.local:pcsync-https (ESTABLISHED)
receptor     751           awx    8u  IPv6   24629      0t0  TCP *:27199 (LISTEN)
receptor     751           awx    9u  IPv4   24235      0t0  TCP aap25-execution.aap-test.local:35552->aap25-control.aap-test.local:27199 (ESTABLISHED)
chronyd      762        chrony    5u  IPv4   24615      0t0  UDP localhost:323 
chronyd      762        chrony    6u  IPv6   24616      0t0  UDP localhost:323 
NetworkMa    774          root   26u  IPv4   24013      0t0  UDP aap25-execution.aap-test.local:bootpc->pi.hole:bootps 
sshd         797          root    3u  IPv4   22893      0t0  TCP *:ssh (LISTEN)
sshd         797          root    4u  IPv6   22895      0t0  TCP *:ssh (LISTEN)
node_expo   1111 node_exporter    3u  IPv6   21489      0t0  TCP *:jetdirect (LISTEN)
node_expo   1111 node_exporter    7u  IPv6   25899      0t0  TCP aap25-execution.aap-test.local:jetdirect->monitoring-node.aap-test.local:59590 (ESTABLISHED)
redis-ser   1112         redis    6u  IPv4   24055      0t0  TCP *:redis (LISTEN)
redis-ser   1112         redis    7u  IPv6   24056      0t0  TCP *:redis (LISTEN)
nginx       1162          root    6u  IPv4   24063      0t0  TCP *:pcsync-https (LISTEN)
nginx       1162          root    7u  IPv4   24064      0t0  TCP *:http (LISTEN)
nginx       1162          root    8u  IPv6   24065      0t0  TCP *:http (LISTEN)
nginx       1164         nginx    6u  IPv4   24063      0t0  TCP *:pcsync-https (LISTEN)
nginx       1164         nginx    7u  IPv4   24064      0t0  TCP *:http (LISTEN)
nginx       1164         nginx    8u  IPv6   24065      0t0  TCP *:http (LISTEN)
nginx       1165         nginx    6u  IPv4   24063      0t0  TCP *:pcsync-https (LISTEN)
nginx       1165         nginx    7u  IPv4   24064      0t0  TCP *:http (LISTEN)
nginx       1165         nginx    8u  IPv6   24065      0t0  TCP *:http (LISTEN)
nginx       1165         nginx   18u  IPv4 6032661      0t0  TCP aap25-execution.aap-test.local:pcsync-https->aap25-execution.aap-test.local:35964 (ESTABLISHED)
nginx       1166         nginx    6u  IPv4   24063      0t0  TCP *:pcsync-https (LISTEN)
nginx       1166         nginx    7u  IPv4   24064      0t0  TCP *:http (LISTEN)
nginx       1166         nginx    8u  IPv6   24065      0t0  TCP *:http (LISTEN)
nginx       1167         nginx    6u  IPv4   24063      0t0  TCP *:pcsync-https (LISTEN)
nginx       1167         nginx    7u  IPv4   24064      0t0  TCP *:http (LISTEN)
nginx       1167         nginx    8u  IPv6   24065      0t0  TCP *:http (LISTEN)
uwsgi       1168          root    3u  IPv4   25630      0t0  TCP localhost:8050 (LISTEN)
uwsgi       1205          root    3u  IPv4   25630      0t0  TCP localhost:8050 (LISTEN)
uwsgi       1206          root    3u  IPv4   25630      0t0  TCP localhost:8050 (LISTEN)
uwsgi       1207          root    3u  IPv4   25630      0t0  TCP localhost:8050 (LISTEN)
uwsgi       1208          root    3u  IPv4   25630      0t0  TCP localhost:8050 (LISTEN)
uwsgi       1209          root    3u  IPv4   25630      0t0  TCP localhost:8050 (LISTEN)
aap-gatew   1613          root    9u  IPv6   26755      0t0  TCP *:50051 (LISTEN)
aap-gatew   1614          root   11u  IPv6   26752      0t0  TCP *:50051 (LISTEN)
aap-gatew   1615          root   13u  IPv6   25760      0t0  TCP *:50051 (LISTEN)
aap-gatew   1616          root   15u  IPv6   24248      0t0  TCP *:50051 (LISTEN)
aap-gatew   1617          root   17u  IPv6   23372      0t0  TCP *:50051 (LISTEN)
sshd      749565          root    4u  IPv4 6094116      0t0  TCP aap25-execution.aap-test.local:ssh->192.168.1.168:51316 (ESTABLISHED)
sshd      749569          root    4u  IPv4 6094116      0t0  TCP aap25-execution.aap-test.local:ssh->192.168.1.168:51316 (ESTABLISHED)
slirp4net 750349           awx    3u  IPv4 6097125      0t0  TCP aap25-execution.aap-test.local:57540->aap25-execution.aap-test.local:ssh (ESTABLISHED)
sshd      750386          root    4u  IPv4 6096138      0t0  TCP aap25-execution.aap-test.local:ssh->aap25-execution.aap-test.local:57540 (ESTABLISHED)
sshd      750393          root    4u  IPv4 6096138      0t0  TCP aap25-execution.aap-test.local:ssh->aap25-execution.aap-test.local:57540 (ESTABLISHED)
  No network connections found

=== RECEPTOR MEMORY SUMMARY ===
Total Receptor RSS Memory: 173420 KB (169 MB)
Total Receptor VSZ Memory: 5807824 KB (5671 MB)
Number of Receptor Processes: 4

AAP-related Processes and Children:
=== AAP Service Processes ===
Process: receptor (PID: 751)
    PID    PPID CMD                           RSS
    751       1 /usr/bin/receptor -c /etc/r 43508
  Children of PID 751:
    PID    PPID CMD                           RSS
 750310     751 /usr/bin/receptor --node id 34520

Process: redis-server (PID: 1112)
    PID    PPID CMD                           RSS
   1112       1 /usr/bin/redis-server *:637 14980

Process: nginx (PID: 1162)
    PID    PPID CMD                           RSS
   1162       1 nginx: master process /usr/  2480
  Children of PID 1162:
    PID    PPID CMD                           RSS
   1164    1162 nginx: worker process        7984
    PID    PPID CMD                           RSS
   1165    1162 nginx: worker process        8368
    PID    PPID CMD                           RSS
   1166    1162 nginx: worker process        7984
    PID    PPID CMD                           RSS
   1167    1162 nginx: worker process        8112

Process: nginx (PID: 1164)
    PID    PPID CMD                           RSS
   1164    1162 nginx: worker process        7984

Process: nginx (PID: 1165)
    PID    PPID CMD                           RSS
   1165    1162 nginx: worker process        8368

Process: nginx (PID: 1166)
    PID    PPID CMD                           RSS
   1166    1162 nginx: worker process        7984

Process: nginx (PID: 1167)
    PID    PPID CMD                           RSS
   1167    1162 nginx: worker process        8112

Process: uwsgi (PID: 1168)
    PID    PPID CMD                           RSS
   1168     777 uwsgi /etc/ansible-automati 14208
  Children of PID 1168:
    PID    PPID CMD                           RSS
   1205    1168 uwsgi /etc/ansible-automati 135284
    PID    PPID CMD                           RSS
   1206    1168 uwsgi /etc/ansible-automati 135112
    PID    PPID CMD                           RSS
   1207    1168 uwsgi /etc/ansible-automati 135224
    PID    PPID CMD                           RSS
   1208    1168 uwsgi /etc/ansible-automati 135284
    PID    PPID CMD                           RSS
   1209    1168 uwsgi /etc/ansible-automati 135172

Process: uwsgi (PID: 1205)
    PID    PPID CMD                           RSS
   1205    1168 uwsgi /etc/ansible-automati 135284

Process: uwsgi (PID: 1206)
    PID    PPID CMD                           RSS
   1206    1168 uwsgi /etc/ansible-automati 135112

Process: uwsgi (PID: 1207)
    PID    PPID CMD                           RSS
   1207    1168 uwsgi /etc/ansible-automati 135224

Process: uwsgi (PID: 1208)
    PID    PPID CMD                           RSS
   1208    1168 uwsgi /etc/ansible-automati 135284

Process: uwsgi (PID: 1209)
    PID    PPID CMD                           RSS
   1209    1168 uwsgi /etc/ansible-automati 135172

Process: bash (PID: 746036)
    PID    PPID CMD                           RSS
 746036       1 bash -c  log_file="/tmp/mem  3456
  Children of PID 746036:
    PID    PPID CMD                           RSS
 751763  746036 bash -c  log_file="/tmp/mem  2112

Process: receptor (PID: 750310)
    PID    PPID CMD                           RSS
 750310     751 /usr/bin/receptor --node id 34520
  Children of PID 750310:
    PID    PPID CMD                           RSS
 750318  750310 /usr/bin/python3.11 -sP /us 57416

Process: bash (PID: 751763)
    PID    PPID CMD                           RSS
 751763  746036 bash -c  log_file="/tmp/mem  2112
  Children of PID 751763:
    PID    PPID CMD                           RSS


Process Tree for AAP Services:
=== automation-controller Process Tree ===
bash(746036)---pstree(751827)
=== receptor Process Tree ===
receptor(751)-+-receptor(750310)-+-ansible-runner(750318)---podman(750328)-+-exe(750337)-+-slirp4netns(750349)
              |                  |                                         |             |-{exe}(750338)
              |                  |                                         |             |-{exe}(750339)
              |                  |                                         |             |-{exe}(750341)
              |                  |                                         |             |-{exe}(750342)
              |                  |                                         |             |-{exe}(750343)
              |                  |                                         |             |-{exe}(750345)
              |                  |                                         |             |-{exe}(750346)
              |                  |                                         |             |-{exe}(750351)
              |                  |                                         |             |-{exe}(750352)
              |                  |                                         |             `-{exe}(750353)
              |                  |                                         |-{podman}(750329)
              |                  |                                         |-{podman}(750330)
              |                  |                                         |-{podman}(750331)
              |                  |                                         |-{podman}(750332)
              |                  |                                         |-{podman}(750333)
              |                  |                                         |-{podman}(750334)
              |                  |                                         |-{podman}(750335)
              |                  |                                         `-{podman}(750336)
              |                  |-{receptor}(750311)
              |                  |-{receptor}(750312)
              |                  |-{receptor}(750313)
              |                  |-{receptor}(750314)
              |                  |-{receptor}(750315)
              |                  |-{receptor}(750316)
              |                  |-{receptor}(750317)
              |                  |-{receptor}(750929)
              |                  `-{receptor}(750930)
              |-{receptor}(756)
              |-{receptor}(757)
              |-{receptor}(758)
              |-{receptor}(759)
              |-{receptor}(760)
              |-{receptor}(765)
              `-{receptor}(2141)
bash(746036)---pstree(751832)
receptor(750310)-+-ansible-runner(750318)---podman(750328)-+-exe(750337)-+-slirp4netns(750349)
                 |                                         |             |-{exe}(750338)
                 |                                         |             |-{exe}(750339)
                 |                                         |             |-{exe}(750341)
                 |                                         |             |-{exe}(750342)
                 |                                         |             |-{exe}(750343)
                 |                                         |             |-{exe}(750345)
                 |                                         |             |-{exe}(750346)
                 |                                         |             |-{exe}(750351)
                 |                                         |             |-{exe}(750352)
                 |                                         |             `-{exe}(750353)
                 |                                         |-{podman}(750329)
                 |                                         |-{podman}(750330)
                 |                                         |-{podman}(750331)
                 |                                         |-{podman}(750332)
                 |                                         |-{podman}(750333)
                 |                                         |-{podman}(750334)
                 |                                         |-{podman}(750335)
                 |                                         `-{podman}(750336)
                 |-{receptor}(750311)
                 |-{receptor}(750312)
                 |-{receptor}(750313)
                 |-{receptor}(750314)
                 |-{receptor}(750315)
                 |-{receptor}(750316)
                 |-{receptor}(750317)
                 |-{receptor}(750929)
                 `-{receptor}(750930)
=== nginx Process Tree ===
nginx(1162)-+-nginx(1164)
            |-nginx(1165)
            |-nginx(1166)
            `-nginx(1167)
nginx(1164)
nginx(1165)
nginx(1166)
nginx(1167)
bash(746036)---pstree(751842)
=== postgresql Process Tree ===
bash(746036)---pstree(751846)
=== redis Process Tree ===
redis-server(1112)-+-{redis-server}(1153)
                   |-{redis-server}(1154)
                   |-{redis-server}(1155)
                   `-{redis-server}(1156)
bash(746036)---pstree(751851)
=== uwsgi Process Tree ===
uwsgi(1168)-+-uwsgi(1205)
            |-uwsgi(1206)
            |-uwsgi(1207)
            |-uwsgi(1208)
            `-uwsgi(1209)
uwsgi(1205)
uwsgi(1206)
uwsgi(1207)
uwsgi(1208)
uwsgi(1209)
bash(746036)---pstree(751861)
=== automation-hub Process Tree ===
bash(746036)---pstree(751865)
=== automation-eda Process Tree ===
bash(746036)---pstree(751869)

Memory monitoring completed for aap25 medium test at Mon Jul  7 09:12:21 AM PDT 2025
