Starting memory monitoring for aap25 heavy test at Mon Jul  7 06:51:48 PM EDT 2025
=================================================================================
2025-07-07 18:51:48
Memory Usage Report:
               total        used        free      shared  buff/cache   available
Mem:            7555        1303        5843           9         655        6252
Swap:           5327           0        5327

Top 10 Processes by RSS Memory:
    PID    PPID CMD                           RSS
   1042    1039 uwsgi /etc/ansible-automati 134472
   1044    1039 uwsgi /etc/ansible-automati 131976
   1045    1039 uwsgi /etc/ansible-automati 131612
   1043    1039 uwsgi /etc/ansible-automati 128112
   1551    1040 /usr/bin/python3.11 -sP /us 126772
   1041    1039 uwsgi /etc/ansible-automati 125996
   1040     744 /usr/bin/python3.11 -sP /us 114212
   1553    1040 /usr/bin/python3.11 -sP /us 99028
   1550    1040 /usr/bin/python3.11 -sP /us 98900
   1552    1040 /usr/bin/python3.11 -sP /us 98900

=== RECEPTOR PROCESS ANALYSIS ===
Receptor Main Processes:
    PID    PPID CMD                           RSS    VSZ %CPU %MEM     ELAPSED
   8294       1 bash -c  log_file="/tmp/mem  3456   7260  0.0  0.0       00:00
Receptor Child Processes for PID 8294:
      PID    PPID CMD                           RSS    VSZ %CPU %MEM     ELAPSED
Receptor Threads for PID 8294:
    PID    SPID %CPU %MEM   RSS COMMAND
   8294    8294  0.0  0.0  3456 bash
Receptor Network Connections for PID 8294:
COMMAND    PID   USER   FD   TYPE DEVICE SIZE/OFF     NODE NAME
envoy      718   root   22u  IPv4 155754      0t0      TCP localhost.localdomain:https->192.168.1.49:44362 (ESTABLISHED)
envoy      718   root   31u  IPv4 157257      0t0      TCP localhost.localdomain:33592->localhost.localdomain:pcsync-https (ESTABLISHED)
envoy      718   root   32u  IPv4 157979      0t0      TCP localhost.localdomain:55580->aap25-control.lan:https (ESTABLISHED)
envoy      718   root   34u  IPv4  24602      0t0      TCP *:https (LISTEN)
envoy      718   root   35u  IPv4  24603      0t0      TCP *:https (LISTEN)
envoy      718   root   36u  IPv4 156102      0t0      TCP localhost.localdomain:https->192.168.1.49:39398 (ESTABLISHED)
envoy      718   root   37u  IPv4 155055      0t0      TCP localhost.localdomain:46672->localhost.localdomain:pcsync-https (ESTABLISHED)
envoy      718   root   38u  IPv4  24768      0t0      TCP localhost:36502->localhost:50051 (ESTABLISHED)
envoy      718   root   39u  IPv4 151120      0t0      TCP localhost.localdomain:33070->localhost.localdomain:pcsync-https (ESTABLISHED)
envoy      718   root   40u  IPv4  24083      0t0      TCP localhost:36212->localhost:50051 (ESTABLISHED)
envoy      718   root   42u  IPv4 159454      0t0      TCP localhost.localdomain:60832->localhost.localdomain:pcsync-https (ESTABLISHED)
envoy      718   root   43u  IPv4 153460      0t0      TCP localhost.localdomain:https->192.168.1.49:51778 (ESTABLISHED)
envoy      718   root   44u  IPv4 159297      0t0      TCP localhost.localdomain:https->192.168.1.49:47144 (ESTABLISHED)
envoy      718   root   45u  IPv4 159299      0t0      TCP localhost.localdomain:https->192.168.1.49:47152 (ESTABLISHED)
envoy      718   root   46u  IPv4 159983      0t0      TCP localhost.localdomain:https->192.168.1.49:47126 (ESTABLISHED)
envoy      718   root   47u  IPv4 153464      0t0      TCP localhost.localdomain:36730->aap25-control.lan:https (ESTABLISHED)
envoy      718   root   50u  IPv4 159985      0t0      TCP localhost.localdomain:https->192.168.1.49:47130 (ESTABLISHED)
chronyd    731 chrony    5u  IPv4  21318      0t0      UDP localhost:323 
chronyd    731 chrony    6u  IPv6  21319      0t0      UDP localhost:323 
NetworkMa  741   root   26u  IPv4  22282      0t0      UDP localhost.localdomain:bootpc->pi.hole:bootps 
sshd       771   root    3u  IPv4  22671      0t0      TCP *:ssh (LISTEN)
sshd       771   root    4u  IPv6  22680      0t0      TCP *:ssh (LISTEN)
uwsgi     1039   root    3u  IPv4  22268      0t0      TCP localhost:8050 (LISTEN)
uwsgi     1041   root    3u  IPv4  22268      0t0      TCP localhost:8050 (LISTEN)
uwsgi     1041   root    9u  IPv4  24673      0t0      TCP localhost.localdomain:39976->localhost.localdomain:redis (ESTABLISHED)
uwsgi     1042   root    3u  IPv4  22268      0t0      TCP localhost:8050 (LISTEN)
uwsgi     1042   root    9u  IPv4  23944      0t0      TCP localhost.localdomain:47062->localhost.localdomain:redis (ESTABLISHED)
uwsgi     1043   root    3u  IPv4  22268      0t0      TCP localhost:8050 (LISTEN)
uwsgi     1043   root    8u  IPv4  23929      0t0      TCP localhost.localdomain:40010->localhost.localdomain:redis (ESTABLISHED)
uwsgi     1044   root    3u  IPv4  22268      0t0      TCP localhost:8050 (LISTEN)
uwsgi     1044   root    8u  IPv4  24120      0t0      TCP localhost.localdomain:38856->localhost.localdomain:redis (ESTABLISHED)
uwsgi     1045   root    3u  IPv4  22268      0t0      TCP localhost:8050 (LISTEN)
uwsgi     1045   root    7u  IPv4  23502      0t0      TCP localhost.localdomain:39996->localhost.localdomain:redis (ESTABLISHED)
redis-ser 1055  redis    6u  IPv4  23180      0t0      TCP *:redis (LISTEN)
redis-ser 1055  redis    7u  IPv6  23181      0t0      TCP *:redis (LISTEN)
redis-ser 1055  redis    8u  IPv4  23915      0t0      TCP localhost.localdomain:redis->localhost.localdomain:39996 (ESTABLISHED)
redis-ser 1055  redis    9u  IPv4  24592      0t0      TCP localhost.localdomain:redis->localhost.localdomain:40010 (ESTABLISHED)
redis-ser 1055  redis   10u  IPv4  24629      0t0      TCP localhost.localdomain:redis->localhost.localdomain:47062 (ESTABLISHED)
redis-ser 1055  redis   11u  IPv4  23986      0t0      TCP localhost.localdomain:redis->localhost.localdomain:39976 (ESTABLISHED)
redis-ser 1055  redis   12u  IPv4  24052      0t0      TCP localhost.localdomain:redis->localhost.localdomain:39430 (ESTABLISHED)
redis-ser 1055  redis   13u  IPv4  24840      0t0      TCP localhost.localdomain:redis->localhost.localdomain:38856 (ESTABLISHED)
redis-ser 1055  redis   14u  IPv4  25748      0t0      TCP localhost.localdomain:redis->localhost.localdomain:54620 (ESTABLISHED)
redis-ser 1055  redis   15u  IPv4  25800      0t0      TCP localhost.localdomain:redis->localhost.localdomain:54634 (ESTABLISHED)
redis-ser 1055  redis   16u  IPv4  25803      0t0      TCP localhost.localdomain:redis->localhost.localdomain:54640 (ESTABLISHED)
redis-ser 1055  redis   17u  IPv4  25474      0t0      TCP localhost.localdomain:redis->localhost.localdomain:54656 (ESTABLISHED)
redis-ser 1055  redis   18u  IPv4  25510      0t0      TCP localhost.localdomain:redis->localhost.localdomain:54672 (ESTABLISHED)
nginx     1094   root    6u  IPv4  23210      0t0      TCP *:pcsync-https (LISTEN)
nginx     1095  nginx    6u  IPv4  23210      0t0      TCP *:pcsync-https (LISTEN)
nginx     1095  nginx   11u  IPv4 157977      0t0      TCP localhost.localdomain:pcsync-https->localhost.localdomain:33592 (ESTABLISHED)
nginx     1095  nginx   12u  IPv4 151802      0t0      TCP localhost.localdomain:pcsync-https->localhost.localdomain:33070 (ESTABLISHED)
nginx     1095  nginx   14u  IPv4 160161      0t0      TCP localhost.localdomain:pcsync-https->localhost.localdomain:60832 (ESTABLISHED)
nginx     1095  nginx   15u  IPv4 155770      0t0      TCP localhost.localdomain:pcsync-https->localhost.localdomain:46672 (ESTABLISHED)
nginx     1096  nginx    6u  IPv4  23210      0t0      TCP *:pcsync-https (LISTEN)
aap-gatew 1550   root    9u  IPv6  23874      0t0      TCP *:50051 (LISTEN)
aap-gatew 1551   root   11u  IPv6  23877      0t0      TCP *:50051 (LISTEN)
aap-gatew 1551   root   12u  IPv6  24050      0t0      TCP localhost:50051->localhost:36502 (ESTABLISHED)
aap-gatew 1551   root   13u  IPv4  24769      0t0      TCP localhost.localdomain:39430->localhost.localdomain:redis (ESTABLISHED)
aap-gatew 1551   root   14u  IPv4  24770      0t0      TCP localhost.localdomain:53488->aap25-database.lan:postgres (ESTABLISHED)
aap-gatew 1551   root   15u  IPv6  24800      0t0      TCP localhost:50051->localhost:36212 (ESTABLISHED)
aap-gatew 1551   root   16u  IPv4  25421      0t0      TCP localhost.localdomain:54620->localhost.localdomain:redis (ESTABLISHED)
aap-gatew 1551   root   17u  IPv4  25437      0t0      TCP localhost.localdomain:40206->aap25-database.lan:postgres (ESTABLISHED)
aap-gatew 1551   root   18u  IPv4  25768      0t0      TCP localhost.localdomain:40226->aap25-database.lan:postgres (ESTABLISHED)
aap-gatew 1551   root   19u  IPv4  25461      0t0      TCP localhost.localdomain:54634->localhost.localdomain:redis (ESTABLISHED)
aap-gatew 1551   root   20u  IPv4  25809      0t0      TCP localhost.localdomain:40244->aap25-database.lan:postgres (ESTABLISHED)
aap-gatew 1551   root   21u  IPv4  25802      0t0      TCP localhost.localdomain:54640->localhost.localdomain:redis (ESTABLISHED)
aap-gatew 1551   root   22u  IPv4  25465      0t0      TCP localhost.localdomain:40254->aap25-database.lan:postgres (ESTABLISHED)
aap-gatew 1551   root   23u  IPv4  25812      0t0      TCP localhost.localdomain:54656->localhost.localdomain:redis (ESTABLISHED)
aap-gatew 1551   root   24u  IPv4  25476      0t0      TCP localhost.localdomain:40256->aap25-database.lan:postgres (ESTABLISHED)
aap-gatew 1551   root   25u  IPv4  25509      0t0      TCP localhost.localdomain:54672->localhost.localdomain:redis (ESTABLISHED)
aap-gatew 1551   root   26u  IPv4  25888      0t0      TCP localhost.localdomain:47994->aap25-database.lan:postgres (ESTABLISHED)
aap-gatew 1552   root   13u  IPv6  23880      0t0      TCP *:50051 (LISTEN)
aap-gatew 1553   root   15u  IPv6  23474      0t0      TCP *:50051 (LISTEN)
aap-gatew 1554   root   17u  IPv6  23471      0t0      TCP *:50051 (LISTEN)
sshd      8147   root    4u  IPv4 160285      0t0      TCP localhost.localdomain:ssh->192.168.1.49:44634 (ESTABLISHED)
sshd      8167   root    4u  IPv4 160285      0t0      TCP localhost.localdomain:ssh->192.168.1.49:44634 (ESTABLISHED)
bash      8294   root  cwd    DIR  253,0     4096 50331782 /root
bash      8294   root  rtd    DIR  253,0      235      128 /
bash      8294   root  txt    REG  253,0  1389072 50367435 /usr/bin/bash
bash      8294   root  mem    REG  253,0  2586930 50367720 /usr/lib/locale/en_US.utf8/LC_COLLATE
bash      8294   root  mem    REG  253,0  2544344     2597 /usr/lib64/libc.so.6
bash      8294   root  mem    REG  253,0   346132 33699956 /usr/lib/locale/C.utf8/LC_CTYPE
bash      8294   root  mem    REG  253,0       54 50367723 /usr/lib/locale/en_US.utf8/LC_NUMERIC
bash      8294   root  mem    REG  253,0     3284     2565 /usr/lib/locale/en_US.utf8/LC_TIME
bash      8294   root  mem    REG  253,0      286     2563 /usr/lib/locale/en_US.utf8/LC_MONETARY
bash      8294   root  mem    REG  253,0       57     2576 /usr/lib/locale/en_US.utf8/LC_MESSAGES/SYS_LC_MESSAGES
bash      8294   root  mem    REG  253,0    26988 16780452 /usr/lib64/gconv/gconv-modules.cache
bash      8294   root  mem    REG  253,0   195080     2316 /usr/lib64/libtinfo.so.6.2
bash      8294   root  mem    REG  253,0       34 33700259 /usr/lib/locale/en_US.utf8/LC_PAPER
bash      8294   root  mem    REG  253,0       77 50367722 /usr/lib/locale/en_US.utf8/LC_NAME
bash      8294   root  mem    REG  253,0      167     2559 /usr/lib/locale/en_US.utf8/LC_ADDRESS
bash      8294   root  mem    REG  253,0       59     2564 /usr/lib/locale/en_US.utf8/LC_TELEPHONE
bash      8294   root  mem    REG  253,0       23     2562 /usr/lib/locale/en_US.utf8/LC_MEASUREMENT
bash      8294   root  mem    REG  253,0      369     2561 /usr/lib/locale/en_US.utf8/LC_IDENTIFICATION
bash      8294   root  mem    REG  253,0   897856     2593 /usr/lib64/ld-linux-x86-64.so.2
bash      8294   root    0r   CHR    1,3      0t0        4 /dev/null
bash      8294   root    1w   REG  253,0        0 34669828 /tmp/memory_monitor.log
bash      8294   root    2w   REG  253,0        0 34669828 /tmp/memory_monitor.log
bash      8294   root    3r  FIFO   0,13      0t0   160645 pipe

    PID    PPID CMD                           RSS    VSZ %CPU %MEM     ELAPSED
Receptor Child Processes for PID 8302:
  No child processes found
Receptor Threads for PID 8302:
    PID    SPID %CPU %MEM   RSS COMMAND
Receptor Network Connections for PID 8302:
COMMAND    PID   USER   FD   TYPE DEVICE SIZE/OFF NODE NAME
envoy      718   root   22u  IPv4 155754      0t0  TCP localhost.localdomain:https->192.168.1.49:44362 (ESTABLISHED)
envoy      718   root   31u  IPv4 157257      0t0  TCP localhost.localdomain:33592->localhost.localdomain:pcsync-https (ESTABLISHED)
envoy      718   root   32u  IPv4 157979      0t0  TCP localhost.localdomain:55580->aap25-control.lan:https (ESTABLISHED)
envoy      718   root   34u  IPv4  24602      0t0  TCP *:https (LISTEN)
envoy      718   root   35u  IPv4  24603      0t0  TCP *:https (LISTEN)
envoy      718   root   36u  IPv4 156102      0t0  TCP localhost.localdomain:https->192.168.1.49:39398 (ESTABLISHED)
envoy      718   root   37u  IPv4 155055      0t0  TCP localhost.localdomain:46672->localhost.localdomain:pcsync-https (ESTABLISHED)
envoy      718   root   38u  IPv4  24768      0t0  TCP localhost:36502->localhost:50051 (ESTABLISHED)
envoy      718   root   39u  IPv4 151120      0t0  TCP localhost.localdomain:33070->localhost.localdomain:pcsync-https (ESTABLISHED)
envoy      718   root   40u  IPv4  24083      0t0  TCP localhost:36212->localhost:50051 (ESTABLISHED)
envoy      718   root   42u  IPv4 159454      0t0  TCP localhost.localdomain:60832->localhost.localdomain:pcsync-https (ESTABLISHED)
envoy      718   root   43u  IPv4 153460      0t0  TCP localhost.localdomain:https->192.168.1.49:51778 (ESTABLISHED)
envoy      718   root   44u  IPv4 159297      0t0  TCP localhost.localdomain:https->192.168.1.49:47144 (ESTABLISHED)
envoy      718   root   45u  IPv4 159299      0t0  TCP localhost.localdomain:https->192.168.1.49:47152 (ESTABLISHED)
envoy      718   root   46u  IPv4 159983      0t0  TCP localhost.localdomain:https->192.168.1.49:47126 (ESTABLISHED)
envoy      718   root   47u  IPv4 153464      0t0  TCP localhost.localdomain:36730->aap25-control.lan:https (ESTABLISHED)
envoy      718   root   50u  IPv4 159985      0t0  TCP localhost.localdomain:https->192.168.1.49:47130 (ESTABLISHED)
chronyd    731 chrony    5u  IPv4  21318      0t0  UDP localhost:323 
chronyd    731 chrony    6u  IPv6  21319      0t0  UDP localhost:323 
NetworkMa  741   root   26u  IPv4  22282      0t0  UDP localhost.localdomain:bootpc->pi.hole:bootps 
sshd       771   root    3u  IPv4  22671      0t0  TCP *:ssh (LISTEN)
sshd       771   root    4u  IPv6  22680      0t0  TCP *:ssh (LISTEN)
uwsgi     1039   root    3u  IPv4  22268      0t0  TCP localhost:8050 (LISTEN)
uwsgi     1041   root    3u  IPv4  22268      0t0  TCP localhost:8050 (LISTEN)
uwsgi     1041   root    9u  IPv4  24673      0t0  TCP localhost.localdomain:39976->localhost.localdomain:redis (ESTABLISHED)
uwsgi     1042   root    3u  IPv4  22268      0t0  TCP localhost:8050 (LISTEN)
uwsgi     1042   root    9u  IPv4  23944      0t0  TCP localhost.localdomain:47062->localhost.localdomain:redis (ESTABLISHED)
uwsgi     1043   root    3u  IPv4  22268      0t0  TCP localhost:8050 (LISTEN)
uwsgi     1043   root    8u  IPv4  23929      0t0  TCP localhost.localdomain:40010->localhost.localdomain:redis (ESTABLISHED)
uwsgi     1044   root    3u  IPv4  22268      0t0  TCP localhost:8050 (LISTEN)
uwsgi     1044   root    8u  IPv4  24120      0t0  TCP localhost.localdomain:38856->localhost.localdomain:redis (ESTABLISHED)
uwsgi     1045   root    3u  IPv4  22268      0t0  TCP localhost:8050 (LISTEN)
uwsgi     1045   root    7u  IPv4  23502      0t0  TCP localhost.localdomain:39996->localhost.localdomain:redis (ESTABLISHED)
redis-ser 1055  redis    6u  IPv4  23180      0t0  TCP *:redis (LISTEN)
redis-ser 1055  redis    7u  IPv6  23181      0t0  TCP *:redis (LISTEN)
redis-ser 1055  redis    8u  IPv4  23915      0t0  TCP localhost.localdomain:redis->localhost.localdomain:39996 (ESTABLISHED)
redis-ser 1055  redis    9u  IPv4  24592      0t0  TCP localhost.localdomain:redis->localhost.localdomain:40010 (ESTABLISHED)
redis-ser 1055  redis   10u  IPv4  24629      0t0  TCP localhost.localdomain:redis->localhost.localdomain:47062 (ESTABLISHED)
redis-ser 1055  redis   11u  IPv4  23986      0t0  TCP localhost.localdomain:redis->localhost.localdomain:39976 (ESTABLISHED)
redis-ser 1055  redis   12u  IPv4  24052      0t0  TCP localhost.localdomain:redis->localhost.localdomain:39430 (ESTABLISHED)
redis-ser 1055  redis   13u  IPv4  24840      0t0  TCP localhost.localdomain:redis->localhost.localdomain:38856 (ESTABLISHED)
redis-ser 1055  redis   14u  IPv4  25748      0t0  TCP localhost.localdomain:redis->localhost.localdomain:54620 (ESTABLISHED)
redis-ser 1055  redis   15u  IPv4  25800      0t0  TCP localhost.localdomain:redis->localhost.localdomain:54634 (ESTABLISHED)
redis-ser 1055  redis   16u  IPv4  25803      0t0  TCP localhost.localdomain:redis->localhost.localdomain:54640 (ESTABLISHED)
redis-ser 1055  redis   17u  IPv4  25474      0t0  TCP localhost.localdomain:redis->localhost.localdomain:54656 (ESTABLISHED)
redis-ser 1055  redis   18u  IPv4  25510      0t0  TCP localhost.localdomain:redis->localhost.localdomain:54672 (ESTABLISHED)
nginx     1094   root    6u  IPv4  23210      0t0  TCP *:pcsync-https (LISTEN)
nginx     1095  nginx    6u  IPv4  23210      0t0  TCP *:pcsync-https (LISTEN)
nginx     1095  nginx   11u  IPv4 157977      0t0  TCP localhost.localdomain:pcsync-https->localhost.localdomain:33592 (ESTABLISHED)
nginx     1095  nginx   12u  IPv4 151802      0t0  TCP localhost.localdomain:pcsync-https->localhost.localdomain:33070 (ESTABLISHED)
nginx     1095  nginx   14u  IPv4 160161      0t0  TCP localhost.localdomain:pcsync-https->localhost.localdomain:60832 (ESTABLISHED)
nginx     1095  nginx   15u  IPv4 155770      0t0  TCP localhost.localdomain:pcsync-https->localhost.localdomain:46672 (ESTABLISHED)
nginx     1096  nginx    6u  IPv4  23210      0t0  TCP *:pcsync-https (LISTEN)
aap-gatew 1550   root    9u  IPv6  23874      0t0  TCP *:50051 (LISTEN)
aap-gatew 1551   root   11u  IPv6  23877      0t0  TCP *:50051 (LISTEN)
aap-gatew 1551   root   12u  IPv6  24050      0t0  TCP localhost:50051->localhost:36502 (ESTABLISHED)
aap-gatew 1551   root   13u  IPv4  24769      0t0  TCP localhost.localdomain:39430->localhost.localdomain:redis (ESTABLISHED)
aap-gatew 1551   root   14u  IPv4  24770      0t0  TCP localhost.localdomain:53488->aap25-database.lan:postgres (ESTABLISHED)
aap-gatew 1551   root   15u  IPv6  24800      0t0  TCP localhost:50051->localhost:36212 (ESTABLISHED)
aap-gatew 1551   root   16u  IPv4  25421      0t0  TCP localhost.localdomain:54620->localhost.localdomain:redis (ESTABLISHED)
aap-gatew 1551   root   17u  IPv4  25437      0t0  TCP localhost.localdomain:40206->aap25-database.lan:postgres (ESTABLISHED)
aap-gatew 1551   root   18u  IPv4  25768      0t0  TCP localhost.localdomain:40226->aap25-database.lan:postgres (ESTABLISHED)
aap-gatew 1551   root   19u  IPv4  25461      0t0  TCP localhost.localdomain:54634->localhost.localdomain:redis (ESTABLISHED)
aap-gatew 1551   root   20u  IPv4  25809      0t0  TCP localhost.localdomain:40244->aap25-database.lan:postgres (ESTABLISHED)
aap-gatew 1551   root   21u  IPv4  25802      0t0  TCP localhost.localdomain:54640->localhost.localdomain:redis (ESTABLISHED)
aap-gatew 1551   root   22u  IPv4  25465      0t0  TCP localhost.localdomain:40254->aap25-database.lan:postgres (ESTABLISHED)
aap-gatew 1551   root   23u  IPv4  25812      0t0  TCP localhost.localdomain:54656->localhost.localdomain:redis (ESTABLISHED)
aap-gatew 1551   root   24u  IPv4  25476      0t0  TCP localhost.localdomain:40256->aap25-database.lan:postgres (ESTABLISHED)
aap-gatew 1551   root   25u  IPv4  25509      0t0  TCP localhost.localdomain:54672->localhost.localdomain:redis (ESTABLISHED)
aap-gatew 1551   root   26u  IPv4  25888      0t0  TCP localhost.localdomain:47994->aap25-database.lan:postgres (ESTABLISHED)
aap-gatew 1552   root   13u  IPv6  23880      0t0  TCP *:50051 (LISTEN)
aap-gatew 1553   root   15u  IPv6  23474      0t0  TCP *:50051 (LISTEN)
aap-gatew 1554   root   17u  IPv6  23471      0t0  TCP *:50051 (LISTEN)
sshd      8147   root    4u  IPv4 160285      0t0  TCP localhost.localdomain:ssh->192.168.1.49:44634 (ESTABLISHED)
sshd      8167   root    4u  IPv4 160285      0t0  TCP localhost.localdomain:ssh->192.168.1.49:44634 (ESTABLISHED)
  No network connections found

=== RECEPTOR MEMORY SUMMARY ===
Total Receptor RSS Memory: 3584 KB (3 MB)
Total Receptor VSZ Memory: 7260 KB (7 MB)
Number of Receptor Processes: 2

AAP-related Processes and Children:
=== AAP Service Processes ===
Process: uwsgi (PID: 1039)
    PID    PPID CMD                           RSS
   1039     744 uwsgi /etc/ansible-automati 14208
  Children of PID 1039:
    PID    PPID CMD                           RSS
   1041    1039 uwsgi /etc/ansible-automati 125996
    PID    PPID CMD                           RSS
   1042    1039 uwsgi /etc/ansible-automati 134472
    PID    PPID CMD                           RSS
   1043    1039 uwsgi /etc/ansible-automati 128112
    PID    PPID CMD                           RSS
   1044    1039 uwsgi /etc/ansible-automati 131976
    PID    PPID CMD                           RSS
   1045    1039 uwsgi /etc/ansible-automati 131612

Process: uwsgi (PID: 1041)
    PID    PPID CMD                           RSS
   1041    1039 uwsgi /etc/ansible-automati 125996

Process: uwsgi (PID: 1042)
    PID    PPID CMD                           RSS
   1042    1039 uwsgi /etc/ansible-automati 134472

Process: uwsgi (PID: 1043)
    PID    PPID CMD                           RSS
   1043    1039 uwsgi /etc/ansible-automati 128112

Process: uwsgi (PID: 1044)
    PID    PPID CMD                           RSS
   1044    1039 uwsgi /etc/ansible-automati 131976

Process: uwsgi (PID: 1045)
    PID    PPID CMD                           RSS
   1045    1039 uwsgi /etc/ansible-automati 131612

Process: redis-server (PID: 1055)
    PID    PPID CMD                           RSS
   1055       1 /usr/bin/redis-server *:637 16260

Process: nginx (PID: 1094)
    PID    PPID CMD                           RSS
   1094       1 nginx: master process /usr/  2084
  Children of PID 1094:
    PID    PPID CMD                           RSS
   1095    1094 nginx: worker process        8356
    PID    PPID CMD                           RSS
   1096    1094 nginx: worker process        8484

Process: nginx (PID: 1095)
    PID    PPID CMD                           RSS
   1095    1094 nginx: worker process        8356

Process: nginx (PID: 1096)
    PID    PPID CMD                           RSS
   1096    1094 nginx: worker process        8484

Process: bash (PID: 8294)
    PID    PPID CMD                           RSS
   8294       1 bash -c  log_file="/tmp/mem  3584
  Children of PID 8294:
    PID    PPID CMD                           RSS
   8361    8294 bash -c  log_file="/tmp/mem  2340

Process: bash (PID: 8361)
    PID    PPID CMD                           RSS
   8361    8294 bash -c  log_file="/tmp/mem  2340
  Children of PID 8361:
    PID    PPID CMD                           RSS


Process Tree for AAP Services:
=== automation-controller Process Tree ===
bash(8294)---pstree(8409)
=== receptor Process Tree ===
bash(8294)---pstree(8413)
=== nginx Process Tree ===
nginx(1094)-+-nginx(1095)
            `-nginx(1096)
nginx(1095)
nginx(1096)
bash(8294)---pstree(8420)
=== postgresql Process Tree ===
bash(8294)---pstree(8424)
=== redis Process Tree ===
redis-server(1055)-+-{redis-server}(1066)
                   |-{redis-server}(1067)
                   |-{redis-server}(1068)
                   `-{redis-server}(1069)
bash(8294)---pstree(8429)
=== uwsgi Process Tree ===
uwsgi(1039)-+-uwsgi(1041)
            |-uwsgi(1042)
            |-uwsgi(1043)
            |-uwsgi(1044)
            `-uwsgi(1045)
uwsgi(1041)
uwsgi(1042)
uwsgi(1043)
uwsgi(1044)
uwsgi(1045)
bash(8294)---pstree(8439)
=== automation-hub Process Tree ===
bash(8294)---pstree(8443)
=== automation-eda Process Tree ===
bash(8294)---pstree(8447)

=================================================================================
2025-07-07 18:52:19
Memory Usage Report:
               total        used        free      shared  buff/cache   available
Mem:            7555        1268        5878           9         656        6287
Swap:           5327           0        5327

Top 10 Processes by RSS Memory:
    PID    PPID CMD                           RSS
   1042    1039 uwsgi /etc/ansible-automati 134472
   1044    1039 uwsgi /etc/ansible-automati 131976
   1045    1039 uwsgi /etc/ansible-automati 131612
   1043    1039 uwsgi /etc/ansible-automati 128112
   1551    1040 /usr/bin/python3.11 -sP /us 126772
   1041    1039 uwsgi /etc/ansible-automati 125996
   1040     744 /usr/bin/python3.11 -sP /us 114212
   1553    1040 /usr/bin/python3.11 -sP /us 99028
   1550    1040 /usr/bin/python3.11 -sP /us 98900
   1552    1040 /usr/bin/python3.11 -sP /us 98900

=== RECEPTOR PROCESS ANALYSIS ===
Receptor Main Processes:
    PID    PPID CMD                           RSS    VSZ %CPU %MEM     ELAPSED
   8294       1 bash -c  log_file="/tmp/mem  3584   7260  0.0  0.0       00:31
Receptor Child Processes for PID 8294:
      PID    PPID CMD                           RSS    VSZ %CPU %MEM     ELAPSED
Receptor Threads for PID 8294:
    PID    SPID %CPU %MEM   RSS COMMAND
   8294    8294  0.0  0.0  3584 bash
Receptor Network Connections for PID 8294:
COMMAND    PID   USER   FD   TYPE DEVICE SIZE/OFF     NODE NAME
envoy      718   root   22u  IPv4 155754      0t0      TCP localhost.localdomain:https->192.168.1.49:44362 (ESTABLISHED)
envoy      718   root   31u  IPv4 157257      0t0      TCP localhost.localdomain:33592->localhost.localdomain:pcsync-https (ESTABLISHED)
envoy      718   root   32u  IPv4 157979      0t0      TCP localhost.localdomain:55580->aap25-control.lan:https (ESTABLISHED)
envoy      718   root   34u  IPv4  24602      0t0      TCP *:https (LISTEN)
envoy      718   root   35u  IPv4  24603      0t0      TCP *:https (LISTEN)
envoy      718   root   36u  IPv4 156102      0t0      TCP localhost.localdomain:https->192.168.1.49:39398 (ESTABLISHED)
envoy      718   root   37u  IPv4 155055      0t0      TCP localhost.localdomain:46672->localhost.localdomain:pcsync-https (ESTABLISHED)
envoy      718   root   38u  IPv4  24768      0t0      TCP localhost:36502->localhost:50051 (ESTABLISHED)
envoy      718   root   39u  IPv4 151120      0t0      TCP localhost.localdomain:33070->localhost.localdomain:pcsync-https (ESTABLISHED)
envoy      718   root   40u  IPv4  24083      0t0      TCP localhost:36212->localhost:50051 (ESTABLISHED)
envoy      718   root   42u  IPv4 159454      0t0      TCP localhost.localdomain:60832->localhost.localdomain:pcsync-https (ESTABLISHED)
envoy      718   root   43u  IPv4 153460      0t0      TCP localhost.localdomain:https->192.168.1.49:51778 (ESTABLISHED)
envoy      718   root   44u  IPv4 159297      0t0      TCP localhost.localdomain:https->192.168.1.49:47144 (ESTABLISHED)
envoy      718   root   45u  IPv4 159299      0t0      TCP localhost.localdomain:https->192.168.1.49:47152 (ESTABLISHED)
envoy      718   root   46u  IPv4 159983      0t0      TCP localhost.localdomain:https->192.168.1.49:47126 (ESTABLISHED)
envoy      718   root   47u  IPv4 153464      0t0      TCP localhost.localdomain:36730->aap25-control.lan:https (ESTABLISHED)
envoy      718   root   50u  IPv4 159985      0t0      TCP localhost.localdomain:https->192.168.1.49:47130 (ESTABLISHED)
chronyd    731 chrony    5u  IPv4  21318      0t0      UDP localhost:323 
chronyd    731 chrony    6u  IPv6  21319      0t0      UDP localhost:323 
NetworkMa  741   root   26u  IPv4  22282      0t0      UDP localhost.localdomain:bootpc->pi.hole:bootps 
sshd       771   root    3u  IPv4  22671      0t0      TCP *:ssh (LISTEN)
sshd       771   root    4u  IPv6  22680      0t0      TCP *:ssh (LISTEN)
uwsgi     1039   root    3u  IPv4  22268      0t0      TCP localhost:8050 (LISTEN)
uwsgi     1041   root    3u  IPv4  22268      0t0      TCP localhost:8050 (LISTEN)
uwsgi     1041   root    9u  IPv4  24673      0t0      TCP localhost.localdomain:39976->localhost.localdomain:redis (ESTABLISHED)
uwsgi     1042   root    3u  IPv4  22268      0t0      TCP localhost:8050 (LISTEN)
uwsgi     1042   root    9u  IPv4  23944      0t0      TCP localhost.localdomain:47062->localhost.localdomain:redis (ESTABLISHED)
uwsgi     1043   root    3u  IPv4  22268      0t0      TCP localhost:8050 (LISTEN)
uwsgi     1043   root    8u  IPv4  23929      0t0      TCP localhost.localdomain:40010->localhost.localdomain:redis (ESTABLISHED)
uwsgi     1044   root    3u  IPv4  22268      0t0      TCP localhost:8050 (LISTEN)
uwsgi     1044   root    8u  IPv4  24120      0t0      TCP localhost.localdomain:38856->localhost.localdomain:redis (ESTABLISHED)
uwsgi     1045   root    3u  IPv4  22268      0t0      TCP localhost:8050 (LISTEN)
uwsgi     1045   root    7u  IPv4  23502      0t0      TCP localhost.localdomain:39996->localhost.localdomain:redis (ESTABLISHED)
redis-ser 1055  redis    6u  IPv4  23180      0t0      TCP *:redis (LISTEN)
redis-ser 1055  redis    7u  IPv6  23181      0t0      TCP *:redis (LISTEN)
redis-ser 1055  redis    8u  IPv4  23915      0t0      TCP localhost.localdomain:redis->localhost.localdomain:39996 (ESTABLISHED)
redis-ser 1055  redis    9u  IPv4  24592      0t0      TCP localhost.localdomain:redis->localhost.localdomain:40010 (ESTABLISHED)
redis-ser 1055  redis   10u  IPv4  24629      0t0      TCP localhost.localdomain:redis->localhost.localdomain:47062 (ESTABLISHED)
redis-ser 1055  redis   11u  IPv4  23986      0t0      TCP localhost.localdomain:redis->localhost.localdomain:39976 (ESTABLISHED)
redis-ser 1055  redis   12u  IPv4  24052      0t0      TCP localhost.localdomain:redis->localhost.localdomain:39430 (ESTABLISHED)
redis-ser 1055  redis   13u  IPv4  24840      0t0      TCP localhost.localdomain:redis->localhost.localdomain:38856 (ESTABLISHED)
redis-ser 1055  redis   14u  IPv4  25748      0t0      TCP localhost.localdomain:redis->localhost.localdomain:54620 (ESTABLISHED)
redis-ser 1055  redis   15u  IPv4  25800      0t0      TCP localhost.localdomain:redis->localhost.localdomain:54634 (ESTABLISHED)
redis-ser 1055  redis   16u  IPv4  25803      0t0      TCP localhost.localdomain:redis->localhost.localdomain:54640 (ESTABLISHED)
redis-ser 1055  redis   17u  IPv4  25474      0t0      TCP localhost.localdomain:redis->localhost.localdomain:54656 (ESTABLISHED)
redis-ser 1055  redis   18u  IPv4  25510      0t0      TCP localhost.localdomain:redis->localhost.localdomain:54672 (ESTABLISHED)
nginx     1094   root    6u  IPv4  23210      0t0      TCP *:pcsync-https (LISTEN)
nginx     1095  nginx    6u  IPv4  23210      0t0      TCP *:pcsync-https (LISTEN)
nginx     1095  nginx   11u  IPv4 157977      0t0      TCP localhost.localdomain:pcsync-https->localhost.localdomain:33592 (ESTABLISHED)
nginx     1095  nginx   12u  IPv4 151802      0t0      TCP localhost.localdomain:pcsync-https->localhost.localdomain:33070 (ESTABLISHED)
nginx     1095  nginx   14u  IPv4 160161      0t0      TCP localhost.localdomain:pcsync-https->localhost.localdomain:60832 (ESTABLISHED)
nginx     1095  nginx   15u  IPv4 155770      0t0      TCP localhost.localdomain:pcsync-https->localhost.localdomain:46672 (ESTABLISHED)
nginx     1096  nginx    6u  IPv4  23210      0t0      TCP *:pcsync-https (LISTEN)
aap-gatew 1550   root    9u  IPv6  23874      0t0      TCP *:50051 (LISTEN)
aap-gatew 1551   root   11u  IPv6  23877      0t0      TCP *:50051 (LISTEN)
aap-gatew 1551   root   12u  IPv6  24050      0t0      TCP localhost:50051->localhost:36502 (ESTABLISHED)
aap-gatew 1551   root   13u  IPv4  24769      0t0      TCP localhost.localdomain:39430->localhost.localdomain:redis (ESTABLISHED)
aap-gatew 1551   root   14u  IPv4  24770      0t0      TCP localhost.localdomain:53488->aap25-database.lan:postgres (ESTABLISHED)
aap-gatew 1551   root   15u  IPv6  24800      0t0      TCP localhost:50051->localhost:36212 (ESTABLISHED)
aap-gatew 1551   root   16u  IPv4  25421      0t0      TCP localhost.localdomain:54620->localhost.localdomain:redis (ESTABLISHED)
aap-gatew 1551   root   17u  IPv4  25437      0t0      TCP localhost.localdomain:40206->aap25-database.lan:postgres (ESTABLISHED)
aap-gatew 1551   root   18u  IPv4  25768      0t0      TCP localhost.localdomain:40226->aap25-database.lan:postgres (ESTABLISHED)
aap-gatew 1551   root   19u  IPv4  25461      0t0      TCP localhost.localdomain:54634->localhost.localdomain:redis (ESTABLISHED)
aap-gatew 1551   root   20u  IPv4  25809      0t0      TCP localhost.localdomain:40244->aap25-database.lan:postgres (ESTABLISHED)
aap-gatew 1551   root   21u  IPv4  25802      0t0      TCP localhost.localdomain:54640->localhost.localdomain:redis (ESTABLISHED)
aap-gatew 1551   root   22u  IPv4  25465      0t0      TCP localhost.localdomain:40254->aap25-database.lan:postgres (ESTABLISHED)
aap-gatew 1551   root   23u  IPv4  25812      0t0      TCP localhost.localdomain:54656->localhost.localdomain:redis (ESTABLISHED)
aap-gatew 1551   root   24u  IPv4  25476      0t0      TCP localhost.localdomain:40256->aap25-database.lan:postgres (ESTABLISHED)
aap-gatew 1551   root   25u  IPv4  25509      0t0      TCP localhost.localdomain:54672->localhost.localdomain:redis (ESTABLISHED)
aap-gatew 1551   root   26u  IPv4  25888      0t0      TCP localhost.localdomain:47994->aap25-database.lan:postgres (ESTABLISHED)
aap-gatew 1552   root   13u  IPv6  23880      0t0      TCP *:50051 (LISTEN)
aap-gatew 1553   root   15u  IPv6  23474      0t0      TCP *:50051 (LISTEN)
aap-gatew 1554   root   17u  IPv6  23471      0t0      TCP *:50051 (LISTEN)
sshd      8147   root    4u  IPv4 160285      0t0      TCP localhost.localdomain:ssh->192.168.1.49:44634 (ESTABLISHED)
sshd      8167   root    4u  IPv4 160285      0t0      TCP localhost.localdomain:ssh->192.168.1.49:44634 (ESTABLISHED)
bash      8294   root  cwd    DIR  253,0     4096 50331782 /root
bash      8294   root  rtd    DIR  253,0      235      128 /
bash      8294   root  txt    REG  253,0  1389072 50367435 /usr/bin/bash
bash      8294   root  mem    REG  253,0  2586930 50367720 /usr/lib/locale/en_US.utf8/LC_COLLATE
bash      8294   root  mem    REG  253,0  2544344     2597 /usr/lib64/libc.so.6
bash      8294   root  mem    REG  253,0   346132 33699956 /usr/lib/locale/C.utf8/LC_CTYPE
bash      8294   root  mem    REG  253,0       54 50367723 /usr/lib/locale/en_US.utf8/LC_NUMERIC
bash      8294   root  mem    REG  253,0     3284     2565 /usr/lib/locale/en_US.utf8/LC_TIME
bash      8294   root  mem    REG  253,0      286     2563 /usr/lib/locale/en_US.utf8/LC_MONETARY
bash      8294   root  mem    REG  253,0       57     2576 /usr/lib/locale/en_US.utf8/LC_MESSAGES/SYS_LC_MESSAGES
bash      8294   root  mem    REG  253,0    26988 16780452 /usr/lib64/gconv/gconv-modules.cache
bash      8294   root  mem    REG  253,0   195080     2316 /usr/lib64/libtinfo.so.6.2
bash      8294   root  mem    REG  253,0       34 33700259 /usr/lib/locale/en_US.utf8/LC_PAPER
bash      8294   root  mem    REG  253,0       77 50367722 /usr/lib/locale/en_US.utf8/LC_NAME
bash      8294   root  mem    REG  253,0      167     2559 /usr/lib/locale/en_US.utf8/LC_ADDRESS
bash      8294   root  mem    REG  253,0       59     2564 /usr/lib/locale/en_US.utf8/LC_TELEPHONE
bash      8294   root  mem    REG  253,0       23     2562 /usr/lib/locale/en_US.utf8/LC_MEASUREMENT
bash      8294   root  mem    REG  253,0      369     2561 /usr/lib/locale/en_US.utf8/LC_IDENTIFICATION
bash      8294   root  mem    REG  253,0   897856     2593 /usr/lib64/ld-linux-x86-64.so.2
bash      8294   root    0r   CHR    1,3      0t0        4 /dev/null
bash      8294   root    1w   REG  253,0        0 34669828 /tmp/memory_monitor.log
bash      8294   root    2w   REG  253,0        0 34669828 /tmp/memory_monitor.log
bash      8294   root    3r  FIFO   0,13      0t0   161599 pipe

    PID    PPID CMD                           RSS    VSZ %CPU %MEM     ELAPSED
Receptor Child Processes for PID 8456:
  No child processes found
Receptor Threads for PID 8456:
    PID    SPID %CPU %MEM   RSS COMMAND
Receptor Network Connections for PID 8456:
COMMAND    PID   USER   FD   TYPE DEVICE SIZE/OFF NODE NAME
envoy      718   root   22u  IPv4 155754      0t0  TCP localhost.localdomain:https->192.168.1.49:44362 (ESTABLISHED)
envoy      718   root   31u  IPv4 157257      0t0  TCP localhost.localdomain:33592->localhost.localdomain:pcsync-https (ESTABLISHED)
envoy      718   root   32u  IPv4 157979      0t0  TCP localhost.localdomain:55580->aap25-control.lan:https (ESTABLISHED)
envoy      718   root   34u  IPv4  24602      0t0  TCP *:https (LISTEN)
envoy      718   root   35u  IPv4  24603      0t0  TCP *:https (LISTEN)
envoy      718   root   36u  IPv4 156102      0t0  TCP localhost.localdomain:https->192.168.1.49:39398 (ESTABLISHED)
envoy      718   root   37u  IPv4 155055      0t0  TCP localhost.localdomain:46672->localhost.localdomain:pcsync-https (ESTABLISHED)
envoy      718   root   38u  IPv4  24768      0t0  TCP localhost:36502->localhost:50051 (ESTABLISHED)
envoy      718   root   39u  IPv4 151120      0t0  TCP localhost.localdomain:33070->localhost.localdomain:pcsync-https (ESTABLISHED)
envoy      718   root   40u  IPv4  24083      0t0  TCP localhost:36212->localhost:50051 (ESTABLISHED)
envoy      718   root   42u  IPv4 159454      0t0  TCP localhost.localdomain:60832->localhost.localdomain:pcsync-https (ESTABLISHED)
envoy      718   root   43u  IPv4 153460      0t0  TCP localhost.localdomain:https->192.168.1.49:51778 (ESTABLISHED)
envoy      718   root   44u  IPv4 159297      0t0  TCP localhost.localdomain:https->192.168.1.49:47144 (ESTABLISHED)
envoy      718   root   45u  IPv4 159299      0t0  TCP localhost.localdomain:https->192.168.1.49:47152 (ESTABLISHED)
envoy      718   root   46u  IPv4 159983      0t0  TCP localhost.localdomain:https->192.168.1.49:47126 (ESTABLISHED)
envoy      718   root   47u  IPv4 153464      0t0  TCP localhost.localdomain:36730->aap25-control.lan:https (ESTABLISHED)
envoy      718   root   50u  IPv4 159985      0t0  TCP localhost.localdomain:https->192.168.1.49:47130 (ESTABLISHED)
chronyd    731 chrony    5u  IPv4  21318      0t0  UDP localhost:323 
chronyd    731 chrony    6u  IPv6  21319      0t0  UDP localhost:323 
NetworkMa  741   root   26u  IPv4  22282      0t0  UDP localhost.localdomain:bootpc->pi.hole:bootps 
sshd       771   root    3u  IPv4  22671      0t0  TCP *:ssh (LISTEN)
sshd       771   root    4u  IPv6  22680      0t0  TCP *:ssh (LISTEN)
uwsgi     1039   root    3u  IPv4  22268      0t0  TCP localhost:8050 (LISTEN)
uwsgi     1041   root    3u  IPv4  22268      0t0  TCP localhost:8050 (LISTEN)
uwsgi     1041   root    9u  IPv4  24673      0t0  TCP localhost.localdomain:39976->localhost.localdomain:redis (ESTABLISHED)
uwsgi     1042   root    3u  IPv4  22268      0t0  TCP localhost:8050 (LISTEN)
uwsgi     1042   root    9u  IPv4  23944      0t0  TCP localhost.localdomain:47062->localhost.localdomain:redis (ESTABLISHED)
uwsgi     1043   root    3u  IPv4  22268      0t0  TCP localhost:8050 (LISTEN)
uwsgi     1043   root    8u  IPv4  23929      0t0  TCP localhost.localdomain:40010->localhost.localdomain:redis (ESTABLISHED)
uwsgi     1044   root    3u  IPv4  22268      0t0  TCP localhost:8050 (LISTEN)
uwsgi     1044   root    8u  IPv4  24120      0t0  TCP localhost.localdomain:38856->localhost.localdomain:redis (ESTABLISHED)
uwsgi     1045   root    3u  IPv4  22268      0t0  TCP localhost:8050 (LISTEN)
uwsgi     1045   root    7u  IPv4  23502      0t0  TCP localhost.localdomain:39996->localhost.localdomain:redis (ESTABLISHED)
redis-ser 1055  redis    6u  IPv4  23180      0t0  TCP *:redis (LISTEN)
redis-ser 1055  redis    7u  IPv6  23181      0t0  TCP *:redis (LISTEN)
redis-ser 1055  redis    8u  IPv4  23915      0t0  TCP localhost.localdomain:redis->localhost.localdomain:39996 (ESTABLISHED)
redis-ser 1055  redis    9u  IPv4  24592      0t0  TCP localhost.localdomain:redis->localhost.localdomain:40010 (ESTABLISHED)
redis-ser 1055  redis   10u  IPv4  24629      0t0  TCP localhost.localdomain:redis->localhost.localdomain:47062 (ESTABLISHED)
redis-ser 1055  redis   11u  IPv4  23986      0t0  TCP localhost.localdomain:redis->localhost.localdomain:39976 (ESTABLISHED)
redis-ser 1055  redis   12u  IPv4  24052      0t0  TCP localhost.localdomain:redis->localhost.localdomain:39430 (ESTABLISHED)
redis-ser 1055  redis   13u  IPv4  24840      0t0  TCP localhost.localdomain:redis->localhost.localdomain:38856 (ESTABLISHED)
redis-ser 1055  redis   14u  IPv4  25748      0t0  TCP localhost.localdomain:redis->localhost.localdomain:54620 (ESTABLISHED)
redis-ser 1055  redis   15u  IPv4  25800      0t0  TCP localhost.localdomain:redis->localhost.localdomain:54634 (ESTABLISHED)
redis-ser 1055  redis   16u  IPv4  25803      0t0  TCP localhost.localdomain:redis->localhost.localdomain:54640 (ESTABLISHED)
redis-ser 1055  redis   17u  IPv4  25474      0t0  TCP localhost.localdomain:redis->localhost.localdomain:54656 (ESTABLISHED)
redis-ser 1055  redis   18u  IPv4  25510      0t0  TCP localhost.localdomain:redis->localhost.localdomain:54672 (ESTABLISHED)
nginx     1094   root    6u  IPv4  23210      0t0  TCP *:pcsync-https (LISTEN)
nginx     1095  nginx    6u  IPv4  23210      0t0  TCP *:pcsync-https (LISTEN)
nginx     1095  nginx   11u  IPv4 157977      0t0  TCP localhost.localdomain:pcsync-https->localhost.localdomain:33592 (ESTABLISHED)
nginx     1095  nginx   12u  IPv4 151802      0t0  TCP localhost.localdomain:pcsync-https->localhost.localdomain:33070 (ESTABLISHED)
nginx     1095  nginx   14u  IPv4 160161      0t0  TCP localhost.localdomain:pcsync-https->localhost.localdomain:60832 (ESTABLISHED)
nginx     1095  nginx   15u  IPv4 155770      0t0  TCP localhost.localdomain:pcsync-https->localhost.localdomain:46672 (ESTABLISHED)
nginx     1096  nginx    6u  IPv4  23210      0t0  TCP *:pcsync-https (LISTEN)
aap-gatew 1550   root    9u  IPv6  23874      0t0  TCP *:50051 (LISTEN)
aap-gatew 1551   root   11u  IPv6  23877      0t0  TCP *:50051 (LISTEN)
aap-gatew 1551   root   12u  IPv6  24050      0t0  TCP localhost:50051->localhost:36502 (ESTABLISHED)
aap-gatew 1551   root   13u  IPv4  24769      0t0  TCP localhost.localdomain:39430->localhost.localdomain:redis (ESTABLISHED)
aap-gatew 1551   root   14u  IPv4  24770      0t0  TCP localhost.localdomain:53488->aap25-database.lan:postgres (ESTABLISHED)
aap-gatew 1551   root   15u  IPv6  24800      0t0  TCP localhost:50051->localhost:36212 (ESTABLISHED)
aap-gatew 1551   root   16u  IPv4  25421      0t0  TCP localhost.localdomain:54620->localhost.localdomain:redis (ESTABLISHED)
aap-gatew 1551   root   17u  IPv4  25437      0t0  TCP localhost.localdomain:40206->aap25-database.lan:postgres (ESTABLISHED)
aap-gatew 1551   root   18u  IPv4  25768      0t0  TCP localhost.localdomain:40226->aap25-database.lan:postgres (ESTABLISHED)
aap-gatew 1551   root   19u  IPv4  25461      0t0  TCP localhost.localdomain:54634->localhost.localdomain:redis (ESTABLISHED)
aap-gatew 1551   root   20u  IPv4  25809      0t0  TCP localhost.localdomain:40244->aap25-database.lan:postgres (ESTABLISHED)
aap-gatew 1551   root   21u  IPv4  25802      0t0  TCP localhost.localdomain:54640->localhost.localdomain:redis (ESTABLISHED)
aap-gatew 1551   root   22u  IPv4  25465      0t0  TCP localhost.localdomain:40254->aap25-database.lan:postgres (ESTABLISHED)
aap-gatew 1551   root   23u  IPv4  25812      0t0  TCP localhost.localdomain:54656->localhost.localdomain:redis (ESTABLISHED)
aap-gatew 1551   root   24u  IPv4  25476      0t0  TCP localhost.localdomain:40256->aap25-database.lan:postgres (ESTABLISHED)
aap-gatew 1551   root   25u  IPv4  25509      0t0  TCP localhost.localdomain:54672->localhost.localdomain:redis (ESTABLISHED)
aap-gatew 1551   root   26u  IPv4  25888      0t0  TCP localhost.localdomain:47994->aap25-database.lan:postgres (ESTABLISHED)
aap-gatew 1552   root   13u  IPv6  23880      0t0  TCP *:50051 (LISTEN)
aap-gatew 1553   root   15u  IPv6  23474      0t0  TCP *:50051 (LISTEN)
aap-gatew 1554   root   17u  IPv6  23471      0t0  TCP *:50051 (LISTEN)
sshd      8147   root    4u  IPv4 160285      0t0  TCP localhost.localdomain:ssh->192.168.1.49:44634 (ESTABLISHED)
sshd      8167   root    4u  IPv4 160285      0t0  TCP localhost.localdomain:ssh->192.168.1.49:44634 (ESTABLISHED)
  No network connections found

=== RECEPTOR MEMORY SUMMARY ===
Total Receptor RSS Memory: 3584 KB (3 MB)
Total Receptor VSZ Memory: 7260 KB (7 MB)
Number of Receptor Processes: 2

AAP-related Processes and Children:
=== AAP Service Processes ===
Process: uwsgi (PID: 1039)
    PID    PPID CMD                           RSS
   1039     744 uwsgi /etc/ansible-automati 14208
  Children of PID 1039:
    PID    PPID CMD                           RSS
   1041    1039 uwsgi /etc/ansible-automati 125996
    PID    PPID CMD                           RSS
   1042    1039 uwsgi /etc/ansible-automati 134472
    PID    PPID CMD                           RSS
   1043    1039 uwsgi /etc/ansible-automati 128112
    PID    PPID CMD                           RSS
   1044    1039 uwsgi /etc/ansible-automati 131976
    PID    PPID CMD                           RSS
   1045    1039 uwsgi /etc/ansible-automati 131612

Process: uwsgi (PID: 1041)
    PID    PPID CMD                           RSS
   1041    1039 uwsgi /etc/ansible-automati 125996

Process: uwsgi (PID: 1042)
    PID    PPID CMD                           RSS
   1042    1039 uwsgi /etc/ansible-automati 134472

Process: uwsgi (PID: 1043)
    PID    PPID CMD                           RSS
   1043    1039 uwsgi /etc/ansible-automati 128112

Process: uwsgi (PID: 1044)
    PID    PPID CMD                           RSS
   1044    1039 uwsgi /etc/ansible-automati 131976

Process: uwsgi (PID: 1045)
    PID    PPID CMD                           RSS
   1045    1039 uwsgi /etc/ansible-automati 131612

Process: redis-server (PID: 1055)
    PID    PPID CMD                           RSS
   1055       1 /usr/bin/redis-server *:637 16260

Process: nginx (PID: 1094)
    PID    PPID CMD                           RSS
   1094       1 nginx: master process /usr/  2084
  Children of PID 1094:
    PID    PPID CMD                           RSS
   1095    1094 nginx: worker process        8356
    PID    PPID CMD                           RSS
   1096    1094 nginx: worker process        8484

Process: nginx (PID: 1095)
    PID    PPID CMD                           RSS
   1095    1094 nginx: worker process        8356

Process: nginx (PID: 1096)
    PID    PPID CMD                           RSS
   1096    1094 nginx: worker process        8484

Process: bash (PID: 8294)
    PID    PPID CMD                           RSS
   8294       1 bash -c  log_file="/tmp/mem  3584
  Children of PID 8294:
    PID    PPID CMD                           RSS
   8515    8294 bash -c  log_file="/tmp/mem  2348

Process: bash (PID: 8515)
    PID    PPID CMD                           RSS
   8515    8294 bash -c  log_file="/tmp/mem  2348
  Children of PID 8515:
    PID    PPID CMD                           RSS


Process Tree for AAP Services:
=== automation-controller Process Tree ===
bash(8294)---pstree(8563)
=== receptor Process Tree ===
bash(8294)---pstree(8567)
=== nginx Process Tree ===
nginx(1094)-+-nginx(1095)
            `-nginx(1096)
nginx(1095)
nginx(1096)
bash(8294)---pstree(8574)
=== postgresql Process Tree ===
bash(8294)---pstree(8578)
=== redis Process Tree ===
redis-server(1055)-+-{redis-server}(1066)
                   |-{redis-server}(1067)
                   |-{redis-server}(1068)
                   `-{redis-server}(1069)
bash(8294)---pstree(8583)
=== uwsgi Process Tree ===
uwsgi(1039)-+-uwsgi(1041)
            |-uwsgi(1042)
            |-uwsgi(1043)
            |-uwsgi(1044)
            `-uwsgi(1045)
uwsgi(1041)
uwsgi(1042)
uwsgi(1043)
uwsgi(1044)
uwsgi(1045)
bash(8294)---pstree(8593)
=== automation-hub Process Tree ===
bash(8294)---pstree(8597)
=== automation-eda Process Tree ===
bash(8294)---pstree(8601)

=================================================================================
2025-07-07 18:52:50
Memory Usage Report:
               total        used        free      shared  buff/cache   available
Mem:            7555        1251        5894           9         656        6303
Swap:           5327           0        5327

Top 10 Processes by RSS Memory:
    PID    PPID CMD                           RSS
   1042    1039 uwsgi /etc/ansible-automati 134472
   1044    1039 uwsgi /etc/ansible-automati 131976
   1045    1039 uwsgi /etc/ansible-automati 131612
   1043    1039 uwsgi /etc/ansible-automati 128752
   1551    1040 /usr/bin/python3.11 -sP /us 126772
   1041    1039 uwsgi /etc/ansible-automati 125996
   1040     744 /usr/bin/python3.11 -sP /us 114212
   1553    1040 /usr/bin/python3.11 -sP /us 99028
   1550    1040 /usr/bin/python3.11 -sP /us 98900
   1552    1040 /usr/bin/python3.11 -sP /us 98900

=== RECEPTOR PROCESS ANALYSIS ===
Receptor Main Processes:
    PID    PPID CMD                           RSS    VSZ %CPU %MEM     ELAPSED
   8294       1 bash -c  log_file="/tmp/mem  3584   7260  0.0  0.0       01:02
Receptor Child Processes for PID 8294:
      PID    PPID CMD                           RSS    VSZ %CPU %MEM     ELAPSED
Receptor Threads for PID 8294:
    PID    SPID %CPU %MEM   RSS COMMAND
   8294    8294  0.0  0.0  3584 bash
Receptor Network Connections for PID 8294:
COMMAND    PID   USER   FD   TYPE DEVICE SIZE/OFF     NODE NAME
envoy      718   root   22u  IPv4 155754      0t0      TCP localhost.localdomain:https->192.168.1.49:44362 (ESTABLISHED)
envoy      718   root   31u  IPv4 157257      0t0      TCP localhost.localdomain:33592->localhost.localdomain:pcsync-https (ESTABLISHED)
envoy      718   root   32u  IPv4 157979      0t0      TCP localhost.localdomain:55580->aap25-control.lan:https (ESTABLISHED)
envoy      718   root   34u  IPv4  24602      0t0      TCP *:https (LISTEN)
envoy      718   root   35u  IPv4  24603      0t0      TCP *:https (LISTEN)
envoy      718   root   36u  IPv4 156102      0t0      TCP localhost.localdomain:https->192.168.1.49:39398 (ESTABLISHED)
envoy      718   root   37u  IPv4 155055      0t0      TCP localhost.localdomain:46672->localhost.localdomain:pcsync-https (ESTABLISHED)
envoy      718   root   38u  IPv4  24768      0t0      TCP localhost:36502->localhost:50051 (ESTABLISHED)
envoy      718   root   39u  IPv4 151120      0t0      TCP localhost.localdomain:33070->localhost.localdomain:pcsync-https (ESTABLISHED)
envoy      718   root   40u  IPv4  24083      0t0      TCP localhost:36212->localhost:50051 (ESTABLISHED)
envoy      718   root   41u  IPv4 163013      0t0      TCP localhost.localdomain:36522->aap25-control.lan:https (ESTABLISHED)
envoy      718   root   42u  IPv4 159454      0t0      TCP localhost.localdomain:60832->localhost.localdomain:pcsync-https (ESTABLISHED)
envoy      718   root   43u  IPv4 153460      0t0      TCP localhost.localdomain:https->192.168.1.49:51778 (ESTABLISHED)
envoy      718   root   44u  IPv4 159297      0t0      TCP localhost.localdomain:https->192.168.1.49:47144 (ESTABLISHED)
envoy      718   root   45u  IPv4 159299      0t0      TCP localhost.localdomain:https->192.168.1.49:47152 (ESTABLISHED)
envoy      718   root   46u  IPv4 159983      0t0      TCP localhost.localdomain:https->192.168.1.49:47126 (ESTABLISHED)
envoy      718   root   47u  IPv4 153464      0t0      TCP localhost.localdomain:36730->aap25-control.lan:https (ESTABLISHED)
envoy      718   root   48u  IPv4 163018      0t0      TCP localhost.localdomain:36534->aap25-control.lan:https (ESTABLISHED)
envoy      718   root   50u  IPv4 159985      0t0      TCP localhost.localdomain:https->192.168.1.49:47130 (ESTABLISHED)
chronyd    731 chrony    5u  IPv4  21318      0t0      UDP localhost:323 
chronyd    731 chrony    6u  IPv6  21319      0t0      UDP localhost:323 
NetworkMa  741   root   26u  IPv4  22282      0t0      UDP localhost.localdomain:bootpc->pi.hole:bootps 
sshd       771   root    3u  IPv4  22671      0t0      TCP *:ssh (LISTEN)
sshd       771   root    4u  IPv6  22680      0t0      TCP *:ssh (LISTEN)
uwsgi     1039   root    3u  IPv4  22268      0t0      TCP localhost:8050 (LISTEN)
uwsgi     1041   root    3u  IPv4  22268      0t0      TCP localhost:8050 (LISTEN)
uwsgi     1041   root    9u  IPv4  24673      0t0      TCP localhost.localdomain:39976->localhost.localdomain:redis (ESTABLISHED)
uwsgi     1042   root    3u  IPv4  22268      0t0      TCP localhost:8050 (LISTEN)
uwsgi     1042   root    9u  IPv4  23944      0t0      TCP localhost.localdomain:47062->localhost.localdomain:redis (ESTABLISHED)
uwsgi     1043   root    3u  IPv4  22268      0t0      TCP localhost:8050 (LISTEN)
uwsgi     1043   root    8u  IPv4  23929      0t0      TCP localhost.localdomain:40010->localhost.localdomain:redis (ESTABLISHED)
uwsgi     1044   root    3u  IPv4  22268      0t0      TCP localhost:8050 (LISTEN)
uwsgi     1044   root    8u  IPv4  24120      0t0      TCP localhost.localdomain:38856->localhost.localdomain:redis (ESTABLISHED)
uwsgi     1045   root    3u  IPv4  22268      0t0      TCP localhost:8050 (LISTEN)
uwsgi     1045   root    7u  IPv4  23502      0t0      TCP localhost.localdomain:39996->localhost.localdomain:redis (ESTABLISHED)
redis-ser 1055  redis    6u  IPv4  23180      0t0      TCP *:redis (LISTEN)
redis-ser 1055  redis    7u  IPv6  23181      0t0      TCP *:redis (LISTEN)
redis-ser 1055  redis    8u  IPv4  23915      0t0      TCP localhost.localdomain:redis->localhost.localdomain:39996 (ESTABLISHED)
redis-ser 1055  redis    9u  IPv4  24592      0t0      TCP localhost.localdomain:redis->localhost.localdomain:40010 (ESTABLISHED)
redis-ser 1055  redis   10u  IPv4  24629      0t0      TCP localhost.localdomain:redis->localhost.localdomain:47062 (ESTABLISHED)
redis-ser 1055  redis   11u  IPv4  23986      0t0      TCP localhost.localdomain:redis->localhost.localdomain:39976 (ESTABLISHED)
redis-ser 1055  redis   12u  IPv4  24052      0t0      TCP localhost.localdomain:redis->localhost.localdomain:39430 (ESTABLISHED)
redis-ser 1055  redis   13u  IPv4  24840      0t0      TCP localhost.localdomain:redis->localhost.localdomain:38856 (ESTABLISHED)
redis-ser 1055  redis   14u  IPv4  25748      0t0      TCP localhost.localdomain:redis->localhost.localdomain:54620 (ESTABLISHED)
redis-ser 1055  redis   15u  IPv4  25800      0t0      TCP localhost.localdomain:redis->localhost.localdomain:54634 (ESTABLISHED)
redis-ser 1055  redis   16u  IPv4  25803      0t0      TCP localhost.localdomain:redis->localhost.localdomain:54640 (ESTABLISHED)
redis-ser 1055  redis   17u  IPv4  25474      0t0      TCP localhost.localdomain:redis->localhost.localdomain:54656 (ESTABLISHED)
redis-ser 1055  redis   18u  IPv4  25510      0t0      TCP localhost.localdomain:redis->localhost.localdomain:54672 (ESTABLISHED)
nginx     1094   root    6u  IPv4  23210      0t0      TCP *:pcsync-https (LISTEN)
nginx     1095  nginx    6u  IPv4  23210      0t0      TCP *:pcsync-https (LISTEN)
nginx     1095  nginx   11u  IPv4 157977      0t0      TCP localhost.localdomain:pcsync-https->localhost.localdomain:33592 (ESTABLISHED)
nginx     1095  nginx   12u  IPv4 151802      0t0      TCP localhost.localdomain:pcsync-https->localhost.localdomain:33070 (ESTABLISHED)
nginx     1095  nginx   14u  IPv4 160161      0t0      TCP localhost.localdomain:pcsync-https->localhost.localdomain:60832 (ESTABLISHED)
nginx     1095  nginx   15u  IPv4 155770      0t0      TCP localhost.localdomain:pcsync-https->localhost.localdomain:46672 (ESTABLISHED)
nginx     1096  nginx    6u  IPv4  23210      0t0      TCP *:pcsync-https (LISTEN)
aap-gatew 1550   root    9u  IPv6  23874      0t0      TCP *:50051 (LISTEN)
aap-gatew 1551   root   11u  IPv6  23877      0t0      TCP *:50051 (LISTEN)
aap-gatew 1551   root   12u  IPv6  24050      0t0      TCP localhost:50051->localhost:36502 (ESTABLISHED)
aap-gatew 1551   root   13u  IPv4  24769      0t0      TCP localhost.localdomain:39430->localhost.localdomain:redis (ESTABLISHED)
aap-gatew 1551   root   14u  IPv4  24770      0t0      TCP localhost.localdomain:53488->aap25-database.lan:postgres (ESTABLISHED)
aap-gatew 1551   root   15u  IPv6  24800      0t0      TCP localhost:50051->localhost:36212 (ESTABLISHED)
aap-gatew 1551   root   16u  IPv4  25421      0t0      TCP localhost.localdomain:54620->localhost.localdomain:redis (ESTABLISHED)
aap-gatew 1551   root   17u  IPv4  25437      0t0      TCP localhost.localdomain:40206->aap25-database.lan:postgres (ESTABLISHED)
aap-gatew 1551   root   18u  IPv4  25768      0t0      TCP localhost.localdomain:40226->aap25-database.lan:postgres (ESTABLISHED)
aap-gatew 1551   root   19u  IPv4  25461      0t0      TCP localhost.localdomain:54634->localhost.localdomain:redis (ESTABLISHED)
aap-gatew 1551   root   20u  IPv4  25809      0t0      TCP localhost.localdomain:40244->aap25-database.lan:postgres (ESTABLISHED)
aap-gatew 1551   root   21u  IPv4  25802      0t0      TCP localhost.localdomain:54640->localhost.localdomain:redis (ESTABLISHED)
aap-gatew 1551   root   22u  IPv4  25465      0t0      TCP localhost.localdomain:40254->aap25-database.lan:postgres (ESTABLISHED)
aap-gatew 1551   root   23u  IPv4  25812      0t0      TCP localhost.localdomain:54656->localhost.localdomain:redis (ESTABLISHED)
aap-gatew 1551   root   24u  IPv4  25476      0t0      TCP localhost.localdomain:40256->aap25-database.lan:postgres (ESTABLISHED)
aap-gatew 1551   root   25u  IPv4  25509      0t0      TCP localhost.localdomain:54672->localhost.localdomain:redis (ESTABLISHED)
aap-gatew 1551   root   26u  IPv4  25888      0t0      TCP localhost.localdomain:47994->aap25-database.lan:postgres (ESTABLISHED)
aap-gatew 1552   root   13u  IPv6  23880      0t0      TCP *:50051 (LISTEN)
aap-gatew 1553   root   15u  IPv6  23474      0t0      TCP *:50051 (LISTEN)
aap-gatew 1554   root   17u  IPv6  23471      0t0      TCP *:50051 (LISTEN)
sshd      8147   root    4u  IPv4 160285      0t0      TCP localhost.localdomain:ssh->192.168.1.49:44634 (ESTABLISHED)
sshd      8167   root    4u  IPv4 160285      0t0      TCP localhost.localdomain:ssh->192.168.1.49:44634 (ESTABLISHED)
bash      8294   root  cwd    DIR  253,0     4096 50331782 /root
bash      8294   root  rtd    DIR  253,0      235      128 /
bash      8294   root  txt    REG  253,0  1389072 50367435 /usr/bin/bash
bash      8294   root  mem    REG  253,0  2586930 50367720 /usr/lib/locale/en_US.utf8/LC_COLLATE
bash      8294   root  mem    REG  253,0  2544344     2597 /usr/lib64/libc.so.6
bash      8294   root  mem    REG  253,0   346132 33699956 /usr/lib/locale/C.utf8/LC_CTYPE
bash      8294   root  mem    REG  253,0       54 50367723 /usr/lib/locale/en_US.utf8/LC_NUMERIC
bash      8294   root  mem    REG  253,0     3284     2565 /usr/lib/locale/en_US.utf8/LC_TIME
bash      8294   root  mem    REG  253,0      286     2563 /usr/lib/locale/en_US.utf8/LC_MONETARY
bash      8294   root  mem    REG  253,0       57     2576 /usr/lib/locale/en_US.utf8/LC_MESSAGES/SYS_LC_MESSAGES
bash      8294   root  mem    REG  253,0    26988 16780452 /usr/lib64/gconv/gconv-modules.cache
bash      8294   root  mem    REG  253,0   195080     2316 /usr/lib64/libtinfo.so.6.2
bash      8294   root  mem    REG  253,0       34 33700259 /usr/lib/locale/en_US.utf8/LC_PAPER
bash      8294   root  mem    REG  253,0       77 50367722 /usr/lib/locale/en_US.utf8/LC_NAME
bash      8294   root  mem    REG  253,0      167     2559 /usr/lib/locale/en_US.utf8/LC_ADDRESS
bash      8294   root  mem    REG  253,0       59     2564 /usr/lib/locale/en_US.utf8/LC_TELEPHONE
bash      8294   root  mem    REG  253,0       23     2562 /usr/lib/locale/en_US.utf8/LC_MEASUREMENT
bash      8294   root  mem    REG  253,0      369     2561 /usr/lib/locale/en_US.utf8/LC_IDENTIFICATION
bash      8294   root  mem    REG  253,0   897856     2593 /usr/lib64/ld-linux-x86-64.so.2
bash      8294   root    0r   CHR    1,3      0t0        4 /dev/null
bash      8294   root    1w   REG  253,0        0 34669828 /tmp/memory_monitor.log
bash      8294   root    2w   REG  253,0        0 34669828 /tmp/memory_monitor.log
bash      8294   root    3r  FIFO   0,13      0t0   164010 pipe

    PID    PPID CMD                           RSS    VSZ %CPU %MEM     ELAPSED
Receptor Child Processes for PID 8636:
  No child processes found
Receptor Threads for PID 8636:
    PID    SPID %CPU %MEM   RSS COMMAND
Receptor Network Connections for PID 8636:
COMMAND    PID   USER   FD   TYPE DEVICE SIZE/OFF NODE NAME
envoy      718   root   22u  IPv4 155754      0t0  TCP localhost.localdomain:https->192.168.1.49:44362 (ESTABLISHED)
envoy      718   root   31u  IPv4 157257      0t0  TCP localhost.localdomain:33592->localhost.localdomain:pcsync-https (ESTABLISHED)
envoy      718   root   32u  IPv4 157979      0t0  TCP localhost.localdomain:55580->aap25-control.lan:https (ESTABLISHED)
envoy      718   root   34u  IPv4  24602      0t0  TCP *:https (LISTEN)
envoy      718   root   35u  IPv4  24603      0t0  TCP *:https (LISTEN)
envoy      718   root   36u  IPv4 156102      0t0  TCP localhost.localdomain:https->192.168.1.49:39398 (ESTABLISHED)
envoy      718   root   37u  IPv4 155055      0t0  TCP localhost.localdomain:46672->localhost.localdomain:pcsync-https (ESTABLISHED)
envoy      718   root   38u  IPv4  24768      0t0  TCP localhost:36502->localhost:50051 (ESTABLISHED)
envoy      718   root   39u  IPv4 151120      0t0  TCP localhost.localdomain:33070->localhost.localdomain:pcsync-https (ESTABLISHED)
envoy      718   root   40u  IPv4  24083      0t0  TCP localhost:36212->localhost:50051 (ESTABLISHED)
envoy      718   root   41u  IPv4 163013      0t0  TCP localhost.localdomain:36522->aap25-control.lan:https (ESTABLISHED)
envoy      718   root   42u  IPv4 159454      0t0  TCP localhost.localdomain:60832->localhost.localdomain:pcsync-https (ESTABLISHED)
envoy      718   root   43u  IPv4 153460      0t0  TCP localhost.localdomain:https->192.168.1.49:51778 (ESTABLISHED)
envoy      718   root   44u  IPv4 159297      0t0  TCP localhost.localdomain:https->192.168.1.49:47144 (ESTABLISHED)
envoy      718   root   45u  IPv4 159299      0t0  TCP localhost.localdomain:https->192.168.1.49:47152 (ESTABLISHED)
envoy      718   root   46u  IPv4 159983      0t0  TCP localhost.localdomain:https->192.168.1.49:47126 (ESTABLISHED)
envoy      718   root   47u  IPv4 153464      0t0  TCP localhost.localdomain:36730->aap25-control.lan:https (ESTABLISHED)
envoy      718   root   48u  IPv4 163018      0t0  TCP localhost.localdomain:36534->aap25-control.lan:https (ESTABLISHED)
envoy      718   root   50u  IPv4 159985      0t0  TCP localhost.localdomain:https->192.168.1.49:47130 (ESTABLISHED)
chronyd    731 chrony    5u  IPv4  21318      0t0  UDP localhost:323 
chronyd    731 chrony    6u  IPv6  21319      0t0  UDP localhost:323 
NetworkMa  741   root   26u  IPv4  22282      0t0  UDP localhost.localdomain:bootpc->pi.hole:bootps 
sshd       771   root    3u  IPv4  22671      0t0  TCP *:ssh (LISTEN)
sshd       771   root    4u  IPv6  22680      0t0  TCP *:ssh (LISTEN)
uwsgi     1039   root    3u  IPv4  22268      0t0  TCP localhost:8050 (LISTEN)
uwsgi     1041   root    3u  IPv4  22268      0t0  TCP localhost:8050 (LISTEN)
uwsgi     1041   root    9u  IPv4  24673      0t0  TCP localhost.localdomain:39976->localhost.localdomain:redis (ESTABLISHED)
uwsgi     1042   root    3u  IPv4  22268      0t0  TCP localhost:8050 (LISTEN)
uwsgi     1042   root    9u  IPv4  23944      0t0  TCP localhost.localdomain:47062->localhost.localdomain:redis (ESTABLISHED)
uwsgi     1043   root    3u  IPv4  22268      0t0  TCP localhost:8050 (LISTEN)
uwsgi     1043   root    8u  IPv4  23929      0t0  TCP localhost.localdomain:40010->localhost.localdomain:redis (ESTABLISHED)
uwsgi     1044   root    3u  IPv4  22268      0t0  TCP localhost:8050 (LISTEN)
uwsgi     1044   root    8u  IPv4  24120      0t0  TCP localhost.localdomain:38856->localhost.localdomain:redis (ESTABLISHED)
uwsgi     1045   root    3u  IPv4  22268      0t0  TCP localhost:8050 (LISTEN)
uwsgi     1045   root    7u  IPv4  23502      0t0  TCP localhost.localdomain:39996->localhost.localdomain:redis (ESTABLISHED)
redis-ser 1055  redis    6u  IPv4  23180      0t0  TCP *:redis (LISTEN)
redis-ser 1055  redis    7u  IPv6  23181      0t0  TCP *:redis (LISTEN)
redis-ser 1055  redis    8u  IPv4  23915      0t0  TCP localhost.localdomain:redis->localhost.localdomain:39996 (ESTABLISHED)
redis-ser 1055  redis    9u  IPv4  24592      0t0  TCP localhost.localdomain:redis->localhost.localdomain:40010 (ESTABLISHED)
redis-ser 1055  redis   10u  IPv4  24629      0t0  TCP localhost.localdomain:redis->localhost.localdomain:47062 (ESTABLISHED)
redis-ser 1055  redis   11u  IPv4  23986      0t0  TCP localhost.localdomain:redis->localhost.localdomain:39976 (ESTABLISHED)
redis-ser 1055  redis   12u  IPv4  24052      0t0  TCP localhost.localdomain:redis->localhost.localdomain:39430 (ESTABLISHED)
redis-ser 1055  redis   13u  IPv4  24840      0t0  TCP localhost.localdomain:redis->localhost.localdomain:38856 (ESTABLISHED)
redis-ser 1055  redis   14u  IPv4  25748      0t0  TCP localhost.localdomain:redis->localhost.localdomain:54620 (ESTABLISHED)
redis-ser 1055  redis   15u  IPv4  25800      0t0  TCP localhost.localdomain:redis->localhost.localdomain:54634 (ESTABLISHED)
redis-ser 1055  redis   16u  IPv4  25803      0t0  TCP localhost.localdomain:redis->localhost.localdomain:54640 (ESTABLISHED)
redis-ser 1055  redis   17u  IPv4  25474      0t0  TCP localhost.localdomain:redis->localhost.localdomain:54656 (ESTABLISHED)
redis-ser 1055  redis   18u  IPv4  25510      0t0  TCP localhost.localdomain:redis->localhost.localdomain:54672 (ESTABLISHED)
nginx     1094   root    6u  IPv4  23210      0t0  TCP *:pcsync-https (LISTEN)
nginx     1095  nginx    6u  IPv4  23210      0t0  TCP *:pcsync-https (LISTEN)
nginx     1095  nginx   11u  IPv4 157977      0t0  TCP localhost.localdomain:pcsync-https->localhost.localdomain:33592 (ESTABLISHED)
nginx     1095  nginx   12u  IPv4 151802      0t0  TCP localhost.localdomain:pcsync-https->localhost.localdomain:33070 (ESTABLISHED)
nginx     1095  nginx   14u  IPv4 160161      0t0  TCP localhost.localdomain:pcsync-https->localhost.localdomain:60832 (ESTABLISHED)
nginx     1095  nginx   15u  IPv4 155770      0t0  TCP localhost.localdomain:pcsync-https->localhost.localdomain:46672 (ESTABLISHED)
nginx     1096  nginx    6u  IPv4  23210      0t0  TCP *:pcsync-https (LISTEN)
aap-gatew 1550   root    9u  IPv6  23874      0t0  TCP *:50051 (LISTEN)
aap-gatew 1551   root   11u  IPv6  23877      0t0  TCP *:50051 (LISTEN)
aap-gatew 1551   root   12u  IPv6  24050      0t0  TCP localhost:50051->localhost:36502 (ESTABLISHED)
aap-gatew 1551   root   13u  IPv4  24769      0t0  TCP localhost.localdomain:39430->localhost.localdomain:redis (ESTABLISHED)
aap-gatew 1551   root   14u  IPv4  24770      0t0  TCP localhost.localdomain:53488->aap25-database.lan:postgres (ESTABLISHED)
aap-gatew 1551   root   15u  IPv6  24800      0t0  TCP localhost:50051->localhost:36212 (ESTABLISHED)
aap-gatew 1551   root   16u  IPv4  25421      0t0  TCP localhost.localdomain:54620->localhost.localdomain:redis (ESTABLISHED)
aap-gatew 1551   root   17u  IPv4  25437      0t0  TCP localhost.localdomain:40206->aap25-database.lan:postgres (ESTABLISHED)
aap-gatew 1551   root   18u  IPv4  25768      0t0  TCP localhost.localdomain:40226->aap25-database.lan:postgres (ESTABLISHED)
aap-gatew 1551   root   19u  IPv4  25461      0t0  TCP localhost.localdomain:54634->localhost.localdomain:redis (ESTABLISHED)
aap-gatew 1551   root   20u  IPv4  25809      0t0  TCP localhost.localdomain:40244->aap25-database.lan:postgres (ESTABLISHED)
aap-gatew 1551   root   21u  IPv4  25802      0t0  TCP localhost.localdomain:54640->localhost.localdomain:redis (ESTABLISHED)
aap-gatew 1551   root   22u  IPv4  25465      0t0  TCP localhost.localdomain:40254->aap25-database.lan:postgres (ESTABLISHED)
aap-gatew 1551   root   23u  IPv4  25812      0t0  TCP localhost.localdomain:54656->localhost.localdomain:redis (ESTABLISHED)
aap-gatew 1551   root   24u  IPv4  25476      0t0  TCP localhost.localdomain:40256->aap25-database.lan:postgres (ESTABLISHED)
aap-gatew 1551   root   25u  IPv4  25509      0t0  TCP localhost.localdomain:54672->localhost.localdomain:redis (ESTABLISHED)
aap-gatew 1551   root   26u  IPv4  25888      0t0  TCP localhost.localdomain:47994->aap25-database.lan:postgres (ESTABLISHED)
aap-gatew 1552   root   13u  IPv6  23880      0t0  TCP *:50051 (LISTEN)
aap-gatew 1553   root   15u  IPv6  23474      0t0  TCP *:50051 (LISTEN)
aap-gatew 1554   root   17u  IPv6  23471      0t0  TCP *:50051 (LISTEN)
sshd      8147   root    4u  IPv4 160285      0t0  TCP localhost.localdomain:ssh->192.168.1.49:44634 (ESTABLISHED)
sshd      8167   root    4u  IPv4 160285      0t0  TCP localhost.localdomain:ssh->192.168.1.49:44634 (ESTABLISHED)
  No network connections found

=== RECEPTOR MEMORY SUMMARY ===
Total Receptor RSS Memory: 3584 KB (3 MB)
Total Receptor VSZ Memory: 7260 KB (7 MB)
Number of Receptor Processes: 2

AAP-related Processes and Children:
=== AAP Service Processes ===
Process: uwsgi (PID: 1039)
    PID    PPID CMD                           RSS
   1039     744 uwsgi /etc/ansible-automati 14208
  Children of PID 1039:
    PID    PPID CMD                           RSS
   1041    1039 uwsgi /etc/ansible-automati 125996
    PID    PPID CMD                           RSS
   1042    1039 uwsgi /etc/ansible-automati 134472
    PID    PPID CMD                           RSS
   1043    1039 uwsgi /etc/ansible-automati 128752
    PID    PPID CMD                           RSS
   1044    1039 uwsgi /etc/ansible-automati 131976
    PID    PPID CMD                           RSS
   1045    1039 uwsgi /etc/ansible-automati 131612

Process: uwsgi (PID: 1041)
    PID    PPID CMD                           RSS
   1041    1039 uwsgi /etc/ansible-automati 125996

Process: uwsgi (PID: 1042)
    PID    PPID CMD                           RSS
   1042    1039 uwsgi /etc/ansible-automati 134472

Process: uwsgi (PID: 1043)
    PID    PPID CMD                           RSS
   1043    1039 uwsgi /etc/ansible-automati 128752

Process: uwsgi (PID: 1044)
    PID    PPID CMD                           RSS
   1044    1039 uwsgi /etc/ansible-automati 131976

Process: uwsgi (PID: 1045)
    PID    PPID CMD                           RSS
   1045    1039 uwsgi /etc/ansible-automati 131612

Process: redis-server (PID: 1055)
    PID    PPID CMD                           RSS
   1055       1 /usr/bin/redis-server *:637 16260

Process: nginx (PID: 1094)
    PID    PPID CMD                           RSS
   1094       1 nginx: master process /usr/  2084
  Children of PID 1094:
    PID    PPID CMD                           RSS
   1095    1094 nginx: worker process        8356
    PID    PPID CMD                           RSS
   1096    1094 nginx: worker process        8484

Process: nginx (PID: 1095)
    PID    PPID CMD                           RSS
   1095    1094 nginx: worker process        8356

Process: nginx (PID: 1096)
    PID    PPID CMD                           RSS
   1096    1094 nginx: worker process        8484

Process: bash (PID: 8294)
    PID    PPID CMD                           RSS
   8294       1 bash -c  log_file="/tmp/mem  3584
  Children of PID 8294:
    PID    PPID CMD                           RSS
   8695    8294 bash -c  log_file="/tmp/mem  2368

Process: bash (PID: 8695)
    PID    PPID CMD                           RSS
   8695    8294 bash -c  log_file="/tmp/mem  2368
  Children of PID 8695:
    PID    PPID CMD                           RSS


Process Tree for AAP Services:
=== automation-controller Process Tree ===
bash(8294)---pstree(8743)
=== receptor Process Tree ===
bash(8294)---pstree(8747)
=== nginx Process Tree ===
nginx(1094)-+-nginx(1095)
            `-nginx(1096)
nginx(1095)
nginx(1096)
bash(8294)---pstree(8754)
=== postgresql Process Tree ===
bash(8294)---pstree(8758)
=== redis Process Tree ===
redis-server(1055)-+-{redis-server}(1066)
                   |-{redis-server}(1067)
                   |-{redis-server}(1068)
                   `-{redis-server}(1069)
bash(8294)---pstree(8763)
=== uwsgi Process Tree ===
uwsgi(1039)-+-uwsgi(1041)
            |-uwsgi(1042)
            |-uwsgi(1043)
            |-uwsgi(1044)
            `-uwsgi(1045)
uwsgi(1041)
uwsgi(1042)
uwsgi(1043)
uwsgi(1044)
uwsgi(1045)
bash(8294)---pstree(8773)
=== automation-hub Process Tree ===
bash(8294)---pstree(8777)
=== automation-eda Process Tree ===
bash(8294)---pstree(8781)

=================================================================================
2025-07-07 18:53:22
Memory Usage Report:
               total        used        free      shared  buff/cache   available
Mem:            7555        1250        5896           9         656        6305
Swap:           5327           0        5327

Top 10 Processes by RSS Memory:
    PID    PPID CMD                           RSS
   1042    1039 uwsgi /etc/ansible-automati 134472
   1044    1039 uwsgi /etc/ansible-automati 131976
   1045    1039 uwsgi /etc/ansible-automati 131612
   1043    1039 uwsgi /etc/ansible-automati 128752
   1551    1040 /usr/bin/python3.11 -sP /us 126900
   1041    1039 uwsgi /etc/ansible-automati 125996
   1040     744 /usr/bin/python3.11 -sP /us 114212
   1553    1040 /usr/bin/python3.11 -sP /us 99028
   1550    1040 /usr/bin/python3.11 -sP /us 98900
   1552    1040 /usr/bin/python3.11 -sP /us 98900

=== RECEPTOR PROCESS ANALYSIS ===
Receptor Main Processes:
    PID    PPID CMD                           RSS    VSZ %CPU %MEM     ELAPSED
   8294       1 bash -c  log_file="/tmp/mem  3584   7260  0.0  0.0       01:34
Receptor Child Processes for PID 8294:
      PID    PPID CMD                           RSS    VSZ %CPU %MEM     ELAPSED
Receptor Threads for PID 8294:
    PID    SPID %CPU %MEM   RSS COMMAND
   8294    8294  0.0  0.0  3584 bash
Receptor Network Connections for PID 8294:
COMMAND    PID   USER   FD   TYPE DEVICE SIZE/OFF     NODE NAME
envoy      718   root   22u  IPv4 155754      0t0      TCP localhost.localdomain:https->192.168.1.49:44362 (ESTABLISHED)
envoy      718   root   31u  IPv4 157257      0t0      TCP localhost.localdomain:33592->localhost.localdomain:pcsync-https (ESTABLISHED)
envoy      718   root   32u  IPv4 157979      0t0      TCP localhost.localdomain:55580->aap25-control.lan:https (ESTABLISHED)
envoy      718   root   34u  IPv4  24602      0t0      TCP *:https (LISTEN)
envoy      718   root   35u  IPv4  24603      0t0      TCP *:https (LISTEN)
envoy      718   root   36u  IPv4 156102      0t0      TCP localhost.localdomain:https->192.168.1.49:39398 (ESTABLISHED)
envoy      718   root   37u  IPv4 155055      0t0      TCP localhost.localdomain:46672->localhost.localdomain:pcsync-https (ESTABLISHED)
envoy      718   root   38u  IPv4  24768      0t0      TCP localhost:36502->localhost:50051 (ESTABLISHED)
envoy      718   root   39u  IPv4 151120      0t0      TCP localhost.localdomain:33070->localhost.localdomain:pcsync-https (ESTABLISHED)
envoy      718   root   40u  IPv4  24083      0t0      TCP localhost:36212->localhost:50051 (ESTABLISHED)
envoy      718   root   41u  IPv4 163013      0t0      TCP localhost.localdomain:36522->aap25-control.lan:https (ESTABLISHED)
envoy      718   root   42u  IPv4 159454      0t0      TCP localhost.localdomain:60832->localhost.localdomain:pcsync-https (ESTABLISHED)
envoy      718   root   43u  IPv4 153460      0t0      TCP localhost.localdomain:https->192.168.1.49:51778 (ESTABLISHED)
envoy      718   root   44u  IPv4 159297      0t0      TCP localhost.localdomain:https->192.168.1.49:47144 (ESTABLISHED)
envoy      718   root   45u  IPv4 159299      0t0      TCP localhost.localdomain:https->192.168.1.49:47152 (ESTABLISHED)
envoy      718   root   46u  IPv4 159983      0t0      TCP localhost.localdomain:https->192.168.1.49:47126 (ESTABLISHED)
envoy      718   root   47u  IPv4 153464      0t0      TCP localhost.localdomain:36730->aap25-control.lan:https (ESTABLISHED)
envoy      718   root   48u  IPv4 163018      0t0      TCP localhost.localdomain:36534->aap25-control.lan:https (ESTABLISHED)
envoy      718   root   49u  IPv4 164403      0t0      TCP localhost.localdomain:56328->aap25-control.lan:https (ESTABLISHED)
envoy      718   root   50u  IPv4 159985      0t0      TCP localhost.localdomain:https->192.168.1.49:47130 (ESTABLISHED)
envoy      718   root   51u  IPv4 163765      0t0      TCP localhost.localdomain:45138->localhost.localdomain:pcsync-https (ESTABLISHED)
envoy      718   root   52u  IPv4 164404      0t0      TCP localhost.localdomain:56330->aap25-control.lan:https (ESTABLISHED)
chronyd    731 chrony    5u  IPv4  21318      0t0      UDP localhost:323 
chronyd    731 chrony    6u  IPv6  21319      0t0      UDP localhost:323 
NetworkMa  741   root   26u  IPv4  22282      0t0      UDP localhost.localdomain:bootpc->pi.hole:bootps 
sshd       771   root    3u  IPv4  22671      0t0      TCP *:ssh (LISTEN)
sshd       771   root    4u  IPv6  22680      0t0      TCP *:ssh (LISTEN)
uwsgi     1039   root    3u  IPv4  22268      0t0      TCP localhost:8050 (LISTEN)
uwsgi     1041   root    3u  IPv4  22268      0t0      TCP localhost:8050 (LISTEN)
uwsgi     1041   root    9u  IPv4  24673      0t0      TCP localhost.localdomain:39976->localhost.localdomain:redis (ESTABLISHED)
uwsgi     1042   root    3u  IPv4  22268      0t0      TCP localhost:8050 (LISTEN)
uwsgi     1042   root    9u  IPv4  23944      0t0      TCP localhost.localdomain:47062->localhost.localdomain:redis (ESTABLISHED)
uwsgi     1043   root    3u  IPv4  22268      0t0      TCP localhost:8050 (LISTEN)
uwsgi     1043   root    8u  IPv4  23929      0t0      TCP localhost.localdomain:40010->localhost.localdomain:redis (ESTABLISHED)
uwsgi     1044   root    3u  IPv4  22268      0t0      TCP localhost:8050 (LISTEN)
uwsgi     1044   root    8u  IPv4  24120      0t0      TCP localhost.localdomain:38856->localhost.localdomain:redis (ESTABLISHED)
uwsgi     1045   root    3u  IPv4  22268      0t0      TCP localhost:8050 (LISTEN)
uwsgi     1045   root    7u  IPv4  23502      0t0      TCP localhost.localdomain:39996->localhost.localdomain:redis (ESTABLISHED)
redis-ser 1055  redis    6u  IPv4  23180      0t0      TCP *:redis (LISTEN)
redis-ser 1055  redis    7u  IPv6  23181      0t0      TCP *:redis (LISTEN)
redis-ser 1055  redis    8u  IPv4  23915      0t0      TCP localhost.localdomain:redis->localhost.localdomain:39996 (ESTABLISHED)
redis-ser 1055  redis    9u  IPv4  24592      0t0      TCP localhost.localdomain:redis->localhost.localdomain:40010 (ESTABLISHED)
redis-ser 1055  redis   10u  IPv4  24629      0t0      TCP localhost.localdomain:redis->localhost.localdomain:47062 (ESTABLISHED)
redis-ser 1055  redis   11u  IPv4  23986      0t0      TCP localhost.localdomain:redis->localhost.localdomain:39976 (ESTABLISHED)
redis-ser 1055  redis   12u  IPv4  24052      0t0      TCP localhost.localdomain:redis->localhost.localdomain:39430 (ESTABLISHED)
redis-ser 1055  redis   13u  IPv4  24840      0t0      TCP localhost.localdomain:redis->localhost.localdomain:38856 (ESTABLISHED)
redis-ser 1055  redis   14u  IPv4  25748      0t0      TCP localhost.localdomain:redis->localhost.localdomain:54620 (ESTABLISHED)
redis-ser 1055  redis   15u  IPv4  25800      0t0      TCP localhost.localdomain:redis->localhost.localdomain:54634 (ESTABLISHED)
redis-ser 1055  redis   16u  IPv4  25803      0t0      TCP localhost.localdomain:redis->localhost.localdomain:54640 (ESTABLISHED)
redis-ser 1055  redis   17u  IPv4  25474      0t0      TCP localhost.localdomain:redis->localhost.localdomain:54656 (ESTABLISHED)
redis-ser 1055  redis   18u  IPv4  25510      0t0      TCP localhost.localdomain:redis->localhost.localdomain:54672 (ESTABLISHED)
nginx     1094   root    6u  IPv4  23210      0t0      TCP *:pcsync-https (LISTEN)
nginx     1095  nginx    6u  IPv4  23210      0t0      TCP *:pcsync-https (LISTEN)
nginx     1095  nginx   11u  IPv4 157977      0t0      TCP localhost.localdomain:pcsync-https->localhost.localdomain:33592 (ESTABLISHED)
nginx     1095  nginx   12u  IPv4 151802      0t0      TCP localhost.localdomain:pcsync-https->localhost.localdomain:33070 (ESTABLISHED)
nginx     1095  nginx   14u  IPv4 160161      0t0      TCP localhost.localdomain:pcsync-https->localhost.localdomain:60832 (ESTABLISHED)
nginx     1095  nginx   15u  IPv4 155770      0t0      TCP localhost.localdomain:pcsync-https->localhost.localdomain:46672 (ESTABLISHED)
nginx     1095  nginx   17u  IPv4 163766      0t0      TCP localhost.localdomain:pcsync-https->localhost.localdomain:45138 (ESTABLISHED)
nginx     1096  nginx    6u  IPv4  23210      0t0      TCP *:pcsync-https (LISTEN)
aap-gatew 1550   root    9u  IPv6  23874      0t0      TCP *:50051 (LISTEN)
aap-gatew 1551   root   11u  IPv6  23877      0t0      TCP *:50051 (LISTEN)
aap-gatew 1551   root   12u  IPv6  24050      0t0      TCP localhost:50051->localhost:36502 (ESTABLISHED)
aap-gatew 1551   root   13u  IPv4  24769      0t0      TCP localhost.localdomain:39430->localhost.localdomain:redis (ESTABLISHED)
aap-gatew 1551   root   14u  IPv4  24770      0t0      TCP localhost.localdomain:53488->aap25-database.lan:postgres (ESTABLISHED)
aap-gatew 1551   root   15u  IPv6  24800      0t0      TCP localhost:50051->localhost:36212 (ESTABLISHED)
aap-gatew 1551   root   16u  IPv4  25421      0t0      TCP localhost.localdomain:54620->localhost.localdomain:redis (ESTABLISHED)
aap-gatew 1551   root   17u  IPv4  25437      0t0      TCP localhost.localdomain:40206->aap25-database.lan:postgres (ESTABLISHED)
aap-gatew 1551   root   18u  IPv4  25768      0t0      TCP localhost.localdomain:40226->aap25-database.lan:postgres (ESTABLISHED)
aap-gatew 1551   root   19u  IPv4  25461      0t0      TCP localhost.localdomain:54634->localhost.localdomain:redis (ESTABLISHED)
aap-gatew 1551   root   20u  IPv4  25809      0t0      TCP localhost.localdomain:40244->aap25-database.lan:postgres (ESTABLISHED)
aap-gatew 1551   root   21u  IPv4  25802      0t0      TCP localhost.localdomain:54640->localhost.localdomain:redis (ESTABLISHED)
aap-gatew 1551   root   22u  IPv4  25465      0t0      TCP localhost.localdomain:40254->aap25-database.lan:postgres (ESTABLISHED)
aap-gatew 1551   root   23u  IPv4  25812      0t0      TCP localhost.localdomain:54656->localhost.localdomain:redis (ESTABLISHED)
aap-gatew 1551   root   24u  IPv4  25476      0t0      TCP localhost.localdomain:40256->aap25-database.lan:postgres (ESTABLISHED)
aap-gatew 1551   root   25u  IPv4  25509      0t0      TCP localhost.localdomain:54672->localhost.localdomain:redis (ESTABLISHED)
aap-gatew 1551   root   26u  IPv4  25888      0t0      TCP localhost.localdomain:47994->aap25-database.lan:postgres (ESTABLISHED)
aap-gatew 1552   root   13u  IPv6  23880      0t0      TCP *:50051 (LISTEN)
aap-gatew 1553   root   15u  IPv6  23474      0t0      TCP *:50051 (LISTEN)
aap-gatew 1554   root   17u  IPv6  23471      0t0      TCP *:50051 (LISTEN)
sshd      8147   root    4u  IPv4 160285      0t0      TCP localhost.localdomain:ssh->192.168.1.49:44634 (ESTABLISHED)
sshd      8167   root    4u  IPv4 160285      0t0      TCP localhost.localdomain:ssh->192.168.1.49:44634 (ESTABLISHED)
bash      8294   root  cwd    DIR  253,0     4096 50331782 /root
bash      8294   root  rtd    DIR  253,0      235      128 /
bash      8294   root  txt    REG  253,0  1389072 50367435 /usr/bin/bash
bash      8294   root  mem    REG  253,0  2586930 50367720 /usr/lib/locale/en_US.utf8/LC_COLLATE
bash      8294   root  mem    REG  253,0  2544344     2597 /usr/lib64/libc.so.6
bash      8294   root  mem    REG  253,0   346132 33699956 /usr/lib/locale/C.utf8/LC_CTYPE
bash      8294   root  mem    REG  253,0       54 50367723 /usr/lib/locale/en_US.utf8/LC_NUMERIC
bash      8294   root  mem    REG  253,0     3284     2565 /usr/lib/locale/en_US.utf8/LC_TIME
bash      8294   root  mem    REG  253,0      286     2563 /usr/lib/locale/en_US.utf8/LC_MONETARY
bash      8294   root  mem    REG  253,0       57     2576 /usr/lib/locale/en_US.utf8/LC_MESSAGES/SYS_LC_MESSAGES
bash      8294   root  mem    REG  253,0    26988 16780452 /usr/lib64/gconv/gconv-modules.cache
bash      8294   root  mem    REG  253,0   195080     2316 /usr/lib64/libtinfo.so.6.2
bash      8294   root  mem    REG  253,0       34 33700259 /usr/lib/locale/en_US.utf8/LC_PAPER
bash      8294   root  mem    REG  253,0       77 50367722 /usr/lib/locale/en_US.utf8/LC_NAME
bash      8294   root  mem    REG  253,0      167     2559 /usr/lib/locale/en_US.utf8/LC_ADDRESS
bash      8294   root  mem    REG  253,0       59     2564 /usr/lib/locale/en_US.utf8/LC_TELEPHONE
bash      8294   root  mem    REG  253,0       23     2562 /usr/lib/locale/en_US.utf8/LC_MEASUREMENT
bash      8294   root  mem    REG  253,0      369     2561 /usr/lib/locale/en_US.utf8/LC_IDENTIFICATION
bash      8294   root  mem    REG  253,0   897856     2593 /usr/lib64/ld-linux-x86-64.so.2
bash      8294   root    0r   CHR    1,3      0t0        4 /dev/null
bash      8294   root    1w   REG  253,0        0 34669828 /tmp/memory_monitor.log
bash      8294   root    2w   REG  253,0        0 34669828 /tmp/memory_monitor.log
bash      8294   root    3r  FIFO   0,13      0t0   164459 pipe

    PID    PPID CMD                           RSS    VSZ %CPU %MEM     ELAPSED
Receptor Child Processes for PID 8789:
  No child processes found
Receptor Threads for PID 8789:
    PID    SPID %CPU %MEM   RSS COMMAND
Receptor Network Connections for PID 8789:
COMMAND    PID   USER   FD   TYPE DEVICE SIZE/OFF NODE NAME
envoy      718   root   22u  IPv4 155754      0t0  TCP localhost.localdomain:https->192.168.1.49:44362 (ESTABLISHED)
envoy      718   root   31u  IPv4 157257      0t0  TCP localhost.localdomain:33592->localhost.localdomain:pcsync-https (ESTABLISHED)
envoy      718   root   32u  IPv4 157979      0t0  TCP localhost.localdomain:55580->aap25-control.lan:https (ESTABLISHED)
envoy      718   root   34u  IPv4  24602      0t0  TCP *:https (LISTEN)
envoy      718   root   35u  IPv4  24603      0t0  TCP *:https (LISTEN)
envoy      718   root   36u  IPv4 156102      0t0  TCP localhost.localdomain:https->192.168.1.49:39398 (ESTABLISHED)
envoy      718   root   37u  IPv4 155055      0t0  TCP localhost.localdomain:46672->localhost.localdomain:pcsync-https (ESTABLISHED)
envoy      718   root   38u  IPv4  24768      0t0  TCP localhost:36502->localhost:50051 (ESTABLISHED)
envoy      718   root   39u  IPv4 151120      0t0  TCP localhost.localdomain:33070->localhost.localdomain:pcsync-https (ESTABLISHED)
envoy      718   root   40u  IPv4  24083      0t0  TCP localhost:36212->localhost:50051 (ESTABLISHED)
envoy      718   root   41u  IPv4 163013      0t0  TCP localhost.localdomain:36522->aap25-control.lan:https (ESTABLISHED)
envoy      718   root   42u  IPv4 159454      0t0  TCP localhost.localdomain:60832->localhost.localdomain:pcsync-https (ESTABLISHED)
envoy      718   root   43u  IPv4 153460      0t0  TCP localhost.localdomain:https->192.168.1.49:51778 (ESTABLISHED)
envoy      718   root   44u  IPv4 159297      0t0  TCP localhost.localdomain:https->192.168.1.49:47144 (ESTABLISHED)
envoy      718   root   45u  IPv4 159299      0t0  TCP localhost.localdomain:https->192.168.1.49:47152 (ESTABLISHED)
envoy      718   root   46u  IPv4 159983      0t0  TCP localhost.localdomain:https->192.168.1.49:47126 (ESTABLISHED)
envoy      718   root   47u  IPv4 153464      0t0  TCP localhost.localdomain:36730->aap25-control.lan:https (ESTABLISHED)
envoy      718   root   48u  IPv4 163018      0t0  TCP localhost.localdomain:36534->aap25-control.lan:https (ESTABLISHED)
envoy      718   root   49u  IPv4 164403      0t0  TCP localhost.localdomain:56328->aap25-control.lan:https (ESTABLISHED)
envoy      718   root   50u  IPv4 159985      0t0  TCP localhost.localdomain:https->192.168.1.49:47130 (ESTABLISHED)
envoy      718   root   51u  IPv4 163765      0t0  TCP localhost.localdomain:45138->localhost.localdomain:pcsync-https (ESTABLISHED)
envoy      718   root   52u  IPv4 164404      0t0  TCP localhost.localdomain:56330->aap25-control.lan:https (ESTABLISHED)
chronyd    731 chrony    5u  IPv4  21318      0t0  UDP localhost:323 
chronyd    731 chrony    6u  IPv6  21319      0t0  UDP localhost:323 
NetworkMa  741   root   26u  IPv4  22282      0t0  UDP localhost.localdomain:bootpc->pi.hole:bootps 
sshd       771   root    3u  IPv4  22671      0t0  TCP *:ssh (LISTEN)
sshd       771   root    4u  IPv6  22680      0t0  TCP *:ssh (LISTEN)
uwsgi     1039   root    3u  IPv4  22268      0t0  TCP localhost:8050 (LISTEN)
uwsgi     1041   root    3u  IPv4  22268      0t0  TCP localhost:8050 (LISTEN)
uwsgi     1041   root    9u  IPv4  24673      0t0  TCP localhost.localdomain:39976->localhost.localdomain:redis (ESTABLISHED)
uwsgi     1042   root    3u  IPv4  22268      0t0  TCP localhost:8050 (LISTEN)
uwsgi     1042   root    9u  IPv4  23944      0t0  TCP localhost.localdomain:47062->localhost.localdomain:redis (ESTABLISHED)
uwsgi     1043   root    3u  IPv4  22268      0t0  TCP localhost:8050 (LISTEN)
uwsgi     1043   root    8u  IPv4  23929      0t0  TCP localhost.localdomain:40010->localhost.localdomain:redis (ESTABLISHED)
uwsgi     1044   root    3u  IPv4  22268      0t0  TCP localhost:8050 (LISTEN)
uwsgi     1044   root    8u  IPv4  24120      0t0  TCP localhost.localdomain:38856->localhost.localdomain:redis (ESTABLISHED)
uwsgi     1045   root    3u  IPv4  22268      0t0  TCP localhost:8050 (LISTEN)
uwsgi     1045   root    7u  IPv4  23502      0t0  TCP localhost.localdomain:39996->localhost.localdomain:redis (ESTABLISHED)
redis-ser 1055  redis    6u  IPv4  23180      0t0  TCP *:redis (LISTEN)
redis-ser 1055  redis    7u  IPv6  23181      0t0  TCP *:redis (LISTEN)
redis-ser 1055  redis    8u  IPv4  23915      0t0  TCP localhost.localdomain:redis->localhost.localdomain:39996 (ESTABLISHED)
redis-ser 1055  redis    9u  IPv4  24592      0t0  TCP localhost.localdomain:redis->localhost.localdomain:40010 (ESTABLISHED)
redis-ser 1055  redis   10u  IPv4  24629      0t0  TCP localhost.localdomain:redis->localhost.localdomain:47062 (ESTABLISHED)
redis-ser 1055  redis   11u  IPv4  23986      0t0  TCP localhost.localdomain:redis->localhost.localdomain:39976 (ESTABLISHED)
redis-ser 1055  redis   12u  IPv4  24052      0t0  TCP localhost.localdomain:redis->localhost.localdomain:39430 (ESTABLISHED)
redis-ser 1055  redis   13u  IPv4  24840      0t0  TCP localhost.localdomain:redis->localhost.localdomain:38856 (ESTABLISHED)
redis-ser 1055  redis   14u  IPv4  25748      0t0  TCP localhost.localdomain:redis->localhost.localdomain:54620 (ESTABLISHED)
redis-ser 1055  redis   15u  IPv4  25800      0t0  TCP localhost.localdomain:redis->localhost.localdomain:54634 (ESTABLISHED)
redis-ser 1055  redis   16u  IPv4  25803      0t0  TCP localhost.localdomain:redis->localhost.localdomain:54640 (ESTABLISHED)
redis-ser 1055  redis   17u  IPv4  25474      0t0  TCP localhost.localdomain:redis->localhost.localdomain:54656 (ESTABLISHED)
redis-ser 1055  redis   18u  IPv4  25510      0t0  TCP localhost.localdomain:redis->localhost.localdomain:54672 (ESTABLISHED)
nginx     1094   root    6u  IPv4  23210      0t0  TCP *:pcsync-https (LISTEN)
nginx     1095  nginx    6u  IPv4  23210      0t0  TCP *:pcsync-https (LISTEN)
nginx     1095  nginx   11u  IPv4 157977      0t0  TCP localhost.localdomain:pcsync-https->localhost.localdomain:33592 (ESTABLISHED)
nginx     1095  nginx   12u  IPv4 151802      0t0  TCP localhost.localdomain:pcsync-https->localhost.localdomain:33070 (ESTABLISHED)
nginx     1095  nginx   14u  IPv4 160161      0t0  TCP localhost.localdomain:pcsync-https->localhost.localdomain:60832 (ESTABLISHED)
nginx     1095  nginx   15u  IPv4 155770      0t0  TCP localhost.localdomain:pcsync-https->localhost.localdomain:46672 (ESTABLISHED)
nginx     1095  nginx   17u  IPv4 163766      0t0  TCP localhost.localdomain:pcsync-https->localhost.localdomain:45138 (ESTABLISHED)
nginx     1096  nginx    6u  IPv4  23210      0t0  TCP *:pcsync-https (LISTEN)
aap-gatew 1550   root    9u  IPv6  23874      0t0  TCP *:50051 (LISTEN)
aap-gatew 1551   root   11u  IPv6  23877      0t0  TCP *:50051 (LISTEN)
aap-gatew 1551   root   12u  IPv6  24050      0t0  TCP localhost:50051->localhost:36502 (ESTABLISHED)
aap-gatew 1551   root   13u  IPv4  24769      0t0  TCP localhost.localdomain:39430->localhost.localdomain:redis (ESTABLISHED)
aap-gatew 1551   root   14u  IPv4  24770      0t0  TCP localhost.localdomain:53488->aap25-database.lan:postgres (ESTABLISHED)
aap-gatew 1551   root   15u  IPv6  24800      0t0  TCP localhost:50051->localhost:36212 (ESTABLISHED)
aap-gatew 1551   root   16u  IPv4  25421      0t0  TCP localhost.localdomain:54620->localhost.localdomain:redis (ESTABLISHED)
aap-gatew 1551   root   17u  IPv4  25437      0t0  TCP localhost.localdomain:40206->aap25-database.lan:postgres (ESTABLISHED)
aap-gatew 1551   root   18u  IPv4  25768      0t0  TCP localhost.localdomain:40226->aap25-database.lan:postgres (ESTABLISHED)
aap-gatew 1551   root   19u  IPv4  25461      0t0  TCP localhost.localdomain:54634->localhost.localdomain:redis (ESTABLISHED)
aap-gatew 1551   root   20u  IPv4  25809      0t0  TCP localhost.localdomain:40244->aap25-database.lan:postgres (ESTABLISHED)
aap-gatew 1551   root   21u  IPv4  25802      0t0  TCP localhost.localdomain:54640->localhost.localdomain:redis (ESTABLISHED)
aap-gatew 1551   root   22u  IPv4  25465      0t0  TCP localhost.localdomain:40254->aap25-database.lan:postgres (ESTABLISHED)
aap-gatew 1551   root   23u  IPv4  25812      0t0  TCP localhost.localdomain:54656->localhost.localdomain:redis (ESTABLISHED)
aap-gatew 1551   root   24u  IPv4  25476      0t0  TCP localhost.localdomain:40256->aap25-database.lan:postgres (ESTABLISHED)
aap-gatew 1551   root   25u  IPv4  25509      0t0  TCP localhost.localdomain:54672->localhost.localdomain:redis (ESTABLISHED)
aap-gatew 1551   root   26u  IPv4  25888      0t0  TCP localhost.localdomain:47994->aap25-database.lan:postgres (ESTABLISHED)
aap-gatew 1552   root   13u  IPv6  23880      0t0  TCP *:50051 (LISTEN)
aap-gatew 1553   root   15u  IPv6  23474      0t0  TCP *:50051 (LISTEN)
aap-gatew 1554   root   17u  IPv6  23471      0t0  TCP *:50051 (LISTEN)
sshd      8147   root    4u  IPv4 160285      0t0  TCP localhost.localdomain:ssh->192.168.1.49:44634 (ESTABLISHED)
sshd      8167   root    4u  IPv4 160285      0t0  TCP localhost.localdomain:ssh->192.168.1.49:44634 (ESTABLISHED)
  No network connections found

=== RECEPTOR MEMORY SUMMARY ===
Total Receptor RSS Memory: 3584 KB (3 MB)
Total Receptor VSZ Memory: 7260 KB (7 MB)
Number of Receptor Processes: 2

AAP-related Processes and Children:
=== AAP Service Processes ===
Process: uwsgi (PID: 1039)
    PID    PPID CMD                           RSS
   1039     744 uwsgi /etc/ansible-automati 14208
  Children of PID 1039:
    PID    PPID CMD                           RSS
   1041    1039 uwsgi /etc/ansible-automati 125996
    PID    PPID CMD                           RSS
   1042    1039 uwsgi /etc/ansible-automati 134472
    PID    PPID CMD                           RSS
   1043    1039 uwsgi /etc/ansible-automati 128752
    PID    PPID CMD                           RSS
   1044    1039 uwsgi /etc/ansible-automati 131976
    PID    PPID CMD                           RSS
   1045    1039 uwsgi /etc/ansible-automati 131612

Process: uwsgi (PID: 1041)
    PID    PPID CMD                           RSS
   1041    1039 uwsgi /etc/ansible-automati 125996

Process: uwsgi (PID: 1042)
    PID    PPID CMD                           RSS
   1042    1039 uwsgi /etc/ansible-automati 134472

Process: uwsgi (PID: 1043)
    PID    PPID CMD                           RSS
   1043    1039 uwsgi /etc/ansible-automati 128752

Process: uwsgi (PID: 1044)
    PID    PPID CMD                           RSS
   1044    1039 uwsgi /etc/ansible-automati 131976

Process: uwsgi (PID: 1045)
    PID    PPID CMD                           RSS
   1045    1039 uwsgi /etc/ansible-automati 131612

Process: redis-server (PID: 1055)
    PID    PPID CMD                           RSS
   1055       1 /usr/bin/redis-server *:637 16260

Process: nginx (PID: 1094)
    PID    PPID CMD                           RSS
   1094       1 nginx: master process /usr/  2084
  Children of PID 1094:
    PID    PPID CMD                           RSS
   1095    1094 nginx: worker process        8484
    PID    PPID CMD                           RSS
   1096    1094 nginx: worker process        8484

Process: nginx (PID: 1095)
    PID    PPID CMD                           RSS
   1095    1094 nginx: worker process        8484

Process: nginx (PID: 1096)
    PID    PPID CMD                           RSS
   1096    1094 nginx: worker process        8484

Process: bash (PID: 8294)
    PID    PPID CMD                           RSS
   8294       1 bash -c  log_file="/tmp/mem  3584
  Children of PID 8294:
    PID    PPID CMD                           RSS
   8848    8294 bash -c  log_file="/tmp/mem  2380

Process: bash (PID: 8848)
    PID    PPID CMD                           RSS
   8848    8294 bash -c  log_file="/tmp/mem  2380
  Children of PID 8848:
    PID    PPID CMD                           RSS


Process Tree for AAP Services:
=== automation-controller Process Tree ===
bash(8294)---pstree(8896)
=== receptor Process Tree ===
bash(8294)---pstree(8900)
=== nginx Process Tree ===
nginx(1094)-+-nginx(1095)
            `-nginx(1096)
nginx(1095)
nginx(1096)
bash(8294)---pstree(8907)
=== postgresql Process Tree ===
bash(8294)---pstree(8911)
=== redis Process Tree ===
redis-server(1055)-+-{redis-server}(1066)
                   |-{redis-server}(1067)
                   |-{redis-server}(1068)
                   `-{redis-server}(1069)
bash(8294)---pstree(8916)
=== uwsgi Process Tree ===
uwsgi(1039)-+-uwsgi(1041)
            |-uwsgi(1042)
            |-uwsgi(1043)
            |-uwsgi(1044)
            `-uwsgi(1045)
uwsgi(1041)
uwsgi(1042)
uwsgi(1043)
uwsgi(1044)
uwsgi(1045)
bash(8294)---pstree(8926)
=== automation-hub Process Tree ===
bash(8294)---pstree(8930)
=== automation-eda Process Tree ===
bash(8294)---pstree(8934)

=================================================================================
2025-07-07 18:53:52
Memory Usage Report:
               total        used        free      shared  buff/cache   available
Mem:            7555        1249        5896           9         656        6305
Swap:           5327           0        5327

Top 10 Processes by RSS Memory:
    PID    PPID CMD                           RSS
   1042    1039 uwsgi /etc/ansible-automati 134472
   1044    1039 uwsgi /etc/ansible-automati 131976
   1045    1039 uwsgi /etc/ansible-automati 131612
   1043    1039 uwsgi /etc/ansible-automati 128752
   1551    1040 /usr/bin/python3.11 -sP /us 126900
   1041    1039 uwsgi /etc/ansible-automati 126124
   1040     744 /usr/bin/python3.11 -sP /us 114212
   1553    1040 /usr/bin/python3.11 -sP /us 99028
   1550    1040 /usr/bin/python3.11 -sP /us 98900
   1552    1040 /usr/bin/python3.11 -sP /us 98900

=== RECEPTOR PROCESS ANALYSIS ===
Receptor Main Processes:
    PID    PPID CMD                           RSS    VSZ %CPU %MEM     ELAPSED
   8294       1 bash -c  log_file="/tmp/mem  3584   7260  0.0  0.0       02:04
Receptor Child Processes for PID 8294:
      PID    PPID CMD                           RSS    VSZ %CPU %MEM     ELAPSED
Receptor Threads for PID 8294:
    PID    SPID %CPU %MEM   RSS COMMAND
   8294    8294  0.0  0.0  3584 bash
Receptor Network Connections for PID 8294:
COMMAND    PID   USER   FD   TYPE DEVICE SIZE/OFF     NODE NAME
envoy      718   root   22u  IPv4 155754      0t0      TCP localhost.localdomain:https->192.168.1.49:44362 (ESTABLISHED)
envoy      718   root   31u  IPv4 157257      0t0      TCP localhost.localdomain:33592->localhost.localdomain:pcsync-https (ESTABLISHED)
envoy      718   root   32u  IPv4 157979      0t0      TCP localhost.localdomain:55580->aap25-control.lan:https (ESTABLISHED)
envoy      718   root   34u  IPv4  24602      0t0      TCP *:https (LISTEN)
envoy      718   root   35u  IPv4  24603      0t0      TCP *:https (LISTEN)
envoy      718   root   36u  IPv4 156102      0t0      TCP localhost.localdomain:https->192.168.1.49:39398 (ESTABLISHED)
envoy      718   root   37u  IPv4 155055      0t0      TCP localhost.localdomain:46672->localhost.localdomain:pcsync-https (ESTABLISHED)
envoy      718   root   38u  IPv4  24768      0t0      TCP localhost:36502->localhost:50051 (ESTABLISHED)
envoy      718   root   39u  IPv4 151120      0t0      TCP localhost.localdomain:33070->localhost.localdomain:pcsync-https (ESTABLISHED)
envoy      718   root   40u  IPv4  24083      0t0      TCP localhost:36212->localhost:50051 (ESTABLISHED)
envoy      718   root   41u  IPv4 163013      0t0      TCP localhost.localdomain:36522->aap25-control.lan:https (ESTABLISHED)
envoy      718   root   42u  IPv4 159454      0t0      TCP localhost.localdomain:60832->localhost.localdomain:pcsync-https (ESTABLISHED)
envoy      718   root   43u  IPv4 153460      0t0      TCP localhost.localdomain:https->192.168.1.49:51778 (ESTABLISHED)
envoy      718   root   44u  IPv4 159297      0t0      TCP localhost.localdomain:https->192.168.1.49:47144 (ESTABLISHED)
envoy      718   root   45u  IPv4 159299      0t0      TCP localhost.localdomain:https->192.168.1.49:47152 (ESTABLISHED)
envoy      718   root   46u  IPv4 159983      0t0      TCP localhost.localdomain:https->192.168.1.49:47126 (ESTABLISHED)
envoy      718   root   47u  IPv4 153464      0t0      TCP localhost.localdomain:36730->aap25-control.lan:https (ESTABLISHED)
envoy      718   root   48u  IPv4 163018      0t0      TCP localhost.localdomain:36534->aap25-control.lan:https (ESTABLISHED)
envoy      718   root   49u  IPv4 164403      0t0      TCP localhost.localdomain:56328->aap25-control.lan:https (ESTABLISHED)
envoy      718   root   50u  IPv4 159985      0t0      TCP localhost.localdomain:https->192.168.1.49:47130 (ESTABLISHED)
envoy      718   root   51u  IPv4 163765      0t0      TCP localhost.localdomain:45138->localhost.localdomain:pcsync-https (ESTABLISHED)
envoy      718   root   52u  IPv4 164404      0t0      TCP localhost.localdomain:56330->aap25-control.lan:https (ESTABLISHED)
chronyd    731 chrony    5u  IPv4  21318      0t0      UDP localhost:323 
chronyd    731 chrony    6u  IPv6  21319      0t0      UDP localhost:323 
NetworkMa  741   root   26u  IPv4  22282      0t0      UDP localhost.localdomain:bootpc->pi.hole:bootps 
sshd       771   root    3u  IPv4  22671      0t0      TCP *:ssh (LISTEN)
sshd       771   root    4u  IPv6  22680      0t0      TCP *:ssh (LISTEN)
uwsgi     1039   root    3u  IPv4  22268      0t0      TCP localhost:8050 (LISTEN)
uwsgi     1041   root    3u  IPv4  22268      0t0      TCP localhost:8050 (LISTEN)
uwsgi     1041   root    9u  IPv4  24673      0t0      TCP localhost.localdomain:39976->localhost.localdomain:redis (ESTABLISHED)
uwsgi     1042   root    3u  IPv4  22268      0t0      TCP localhost:8050 (LISTEN)
uwsgi     1042   root    9u  IPv4  23944      0t0      TCP localhost.localdomain:47062->localhost.localdomain:redis (ESTABLISHED)
uwsgi     1043   root    3u  IPv4  22268      0t0      TCP localhost:8050 (LISTEN)
uwsgi     1043   root    8u  IPv4  23929      0t0      TCP localhost.localdomain:40010->localhost.localdomain:redis (ESTABLISHED)
uwsgi     1044   root    3u  IPv4  22268      0t0      TCP localhost:8050 (LISTEN)
uwsgi     1044   root    8u  IPv4  24120      0t0      TCP localhost.localdomain:38856->localhost.localdomain:redis (ESTABLISHED)
uwsgi     1045   root    3u  IPv4  22268      0t0      TCP localhost:8050 (LISTEN)
uwsgi     1045   root    7u  IPv4  23502      0t0      TCP localhost.localdomain:39996->localhost.localdomain:redis (ESTABLISHED)
redis-ser 1055  redis    6u  IPv4  23180      0t0      TCP *:redis (LISTEN)
redis-ser 1055  redis    7u  IPv6  23181      0t0      TCP *:redis (LISTEN)
redis-ser 1055  redis    8u  IPv4  23915      0t0      TCP localhost.localdomain:redis->localhost.localdomain:39996 (ESTABLISHED)
redis-ser 1055  redis    9u  IPv4  24592      0t0      TCP localhost.localdomain:redis->localhost.localdomain:40010 (ESTABLISHED)
redis-ser 1055  redis   10u  IPv4  24629      0t0      TCP localhost.localdomain:redis->localhost.localdomain:47062 (ESTABLISHED)
redis-ser 1055  redis   11u  IPv4  23986      0t0      TCP localhost.localdomain:redis->localhost.localdomain:39976 (ESTABLISHED)
redis-ser 1055  redis   12u  IPv4  24052      0t0      TCP localhost.localdomain:redis->localhost.localdomain:39430 (ESTABLISHED)
redis-ser 1055  redis   13u  IPv4  24840      0t0      TCP localhost.localdomain:redis->localhost.localdomain:38856 (ESTABLISHED)
redis-ser 1055  redis   14u  IPv4  25748      0t0      TCP localhost.localdomain:redis->localhost.localdomain:54620 (ESTABLISHED)
redis-ser 1055  redis   15u  IPv4  25800      0t0      TCP localhost.localdomain:redis->localhost.localdomain:54634 (ESTABLISHED)
redis-ser 1055  redis   16u  IPv4  25803      0t0      TCP localhost.localdomain:redis->localhost.localdomain:54640 (ESTABLISHED)
redis-ser 1055  redis   17u  IPv4  25474      0t0      TCP localhost.localdomain:redis->localhost.localdomain:54656 (ESTABLISHED)
redis-ser 1055  redis   18u  IPv4  25510      0t0      TCP localhost.localdomain:redis->localhost.localdomain:54672 (ESTABLISHED)
nginx     1094   root    6u  IPv4  23210      0t0      TCP *:pcsync-https (LISTEN)
nginx     1095  nginx    6u  IPv4  23210      0t0      TCP *:pcsync-https (LISTEN)
nginx     1095  nginx   11u  IPv4 157977      0t0      TCP localhost.localdomain:pcsync-https->localhost.localdomain:33592 (ESTABLISHED)
nginx     1095  nginx   12u  IPv4 151802      0t0      TCP localhost.localdomain:pcsync-https->localhost.localdomain:33070 (ESTABLISHED)
nginx     1095  nginx   14u  IPv4 160161      0t0      TCP localhost.localdomain:pcsync-https->localhost.localdomain:60832 (ESTABLISHED)
nginx     1095  nginx   15u  IPv4 155770      0t0      TCP localhost.localdomain:pcsync-https->localhost.localdomain:46672 (ESTABLISHED)
nginx     1095  nginx   17u  IPv4 163766      0t0      TCP localhost.localdomain:pcsync-https->localhost.localdomain:45138 (ESTABLISHED)
nginx     1096  nginx    6u  IPv4  23210      0t0      TCP *:pcsync-https (LISTEN)
aap-gatew 1550   root    9u  IPv6  23874      0t0      TCP *:50051 (LISTEN)
aap-gatew 1551   root   11u  IPv6  23877      0t0      TCP *:50051 (LISTEN)
aap-gatew 1551   root   12u  IPv6  24050      0t0      TCP localhost:50051->localhost:36502 (ESTABLISHED)
aap-gatew 1551   root   13u  IPv4  24769      0t0      TCP localhost.localdomain:39430->localhost.localdomain:redis (ESTABLISHED)
aap-gatew 1551   root   14u  IPv4  24770      0t0      TCP localhost.localdomain:53488->aap25-database.lan:postgres (ESTABLISHED)
aap-gatew 1551   root   15u  IPv6  24800      0t0      TCP localhost:50051->localhost:36212 (ESTABLISHED)
aap-gatew 1551   root   16u  IPv4  25421      0t0      TCP localhost.localdomain:54620->localhost.localdomain:redis (ESTABLISHED)
aap-gatew 1551   root   17u  IPv4  25437      0t0      TCP localhost.localdomain:40206->aap25-database.lan:postgres (ESTABLISHED)
aap-gatew 1551   root   18u  IPv4  25768      0t0      TCP localhost.localdomain:40226->aap25-database.lan:postgres (ESTABLISHED)
aap-gatew 1551   root   19u  IPv4  25461      0t0      TCP localhost.localdomain:54634->localhost.localdomain:redis (ESTABLISHED)
aap-gatew 1551   root   20u  IPv4  25809      0t0      TCP localhost.localdomain:40244->aap25-database.lan:postgres (ESTABLISHED)
aap-gatew 1551   root   21u  IPv4  25802      0t0      TCP localhost.localdomain:54640->localhost.localdomain:redis (ESTABLISHED)
aap-gatew 1551   root   22u  IPv4  25465      0t0      TCP localhost.localdomain:40254->aap25-database.lan:postgres (ESTABLISHED)
aap-gatew 1551   root   23u  IPv4  25812      0t0      TCP localhost.localdomain:54656->localhost.localdomain:redis (ESTABLISHED)
aap-gatew 1551   root   24u  IPv4  25476      0t0      TCP localhost.localdomain:40256->aap25-database.lan:postgres (ESTABLISHED)
aap-gatew 1551   root   25u  IPv4  25509      0t0      TCP localhost.localdomain:54672->localhost.localdomain:redis (ESTABLISHED)
aap-gatew 1551   root   26u  IPv4  25888      0t0      TCP localhost.localdomain:47994->aap25-database.lan:postgres (ESTABLISHED)
aap-gatew 1552   root   13u  IPv6  23880      0t0      TCP *:50051 (LISTEN)
aap-gatew 1553   root   15u  IPv6  23474      0t0      TCP *:50051 (LISTEN)
aap-gatew 1554   root   17u  IPv6  23471      0t0      TCP *:50051 (LISTEN)
bash      8294   root  cwd    DIR  253,0     4096 50331782 /root
bash      8294   root  rtd    DIR  253,0      235      128 /
bash      8294   root  txt    REG  253,0  1389072 50367435 /usr/bin/bash
bash      8294   root  mem    REG  253,0  2586930 50367720 /usr/lib/locale/en_US.utf8/LC_COLLATE
bash      8294   root  mem    REG  253,0  2544344     2597 /usr/lib64/libc.so.6
bash      8294   root  mem    REG  253,0   346132 33699956 /usr/lib/locale/C.utf8/LC_CTYPE
bash      8294   root  mem    REG  253,0       54 50367723 /usr/lib/locale/en_US.utf8/LC_NUMERIC
bash      8294   root  mem    REG  253,0     3284     2565 /usr/lib/locale/en_US.utf8/LC_TIME
bash      8294   root  mem    REG  253,0      286     2563 /usr/lib/locale/en_US.utf8/LC_MONETARY
bash      8294   root  mem    REG  253,0       57     2576 /usr/lib/locale/en_US.utf8/LC_MESSAGES/SYS_LC_MESSAGES
bash      8294   root  mem    REG  253,0    26988 16780452 /usr/lib64/gconv/gconv-modules.cache
bash      8294   root  mem    REG  253,0   195080     2316 /usr/lib64/libtinfo.so.6.2
bash      8294   root  mem    REG  253,0       34 33700259 /usr/lib/locale/en_US.utf8/LC_PAPER
bash      8294   root  mem    REG  253,0       77 50367722 /usr/lib/locale/en_US.utf8/LC_NAME
bash      8294   root  mem    REG  253,0      167     2559 /usr/lib/locale/en_US.utf8/LC_ADDRESS
bash      8294   root  mem    REG  253,0       59     2564 /usr/lib/locale/en_US.utf8/LC_TELEPHONE
bash      8294   root  mem    REG  253,0       23     2562 /usr/lib/locale/en_US.utf8/LC_MEASUREMENT
bash      8294   root  mem    REG  253,0      369     2561 /usr/lib/locale/en_US.utf8/LC_IDENTIFICATION
bash      8294   root  mem    REG  253,0   897856     2593 /usr/lib64/ld-linux-x86-64.so.2
bash      8294   root    0r   CHR    1,3      0t0        4 /dev/null
bash      8294   root    1w   REG  253,0        0 34669828 /tmp/memory_monitor.log
bash      8294   root    2w   REG  253,0        0 34669828 /tmp/memory_monitor.log
bash      8294   root    3r  FIFO   0,13      0t0   165981 pipe

    PID    PPID CMD                           RSS    VSZ %CPU %MEM     ELAPSED
Receptor Child Processes for PID 8942:
  No child processes found
Receptor Threads for PID 8942:
    PID    SPID %CPU %MEM   RSS COMMAND
Receptor Network Connections for PID 8942:
COMMAND    PID   USER   FD   TYPE DEVICE SIZE/OFF NODE NAME
envoy      718   root   22u  IPv4 155754      0t0  TCP localhost.localdomain:https->192.168.1.49:44362 (ESTABLISHED)
envoy      718   root   31u  IPv4 157257      0t0  TCP localhost.localdomain:33592->localhost.localdomain:pcsync-https (ESTABLISHED)
envoy      718   root   32u  IPv4 157979      0t0  TCP localhost.localdomain:55580->aap25-control.lan:https (ESTABLISHED)
envoy      718   root   34u  IPv4  24602      0t0  TCP *:https (LISTEN)
envoy      718   root   35u  IPv4  24603      0t0  TCP *:https (LISTEN)
envoy      718   root   36u  IPv4 156102      0t0  TCP localhost.localdomain:https->192.168.1.49:39398 (ESTABLISHED)
envoy      718   root   37u  IPv4 155055      0t0  TCP localhost.localdomain:46672->localhost.localdomain:pcsync-https (ESTABLISHED)
envoy      718   root   38u  IPv4  24768      0t0  TCP localhost:36502->localhost:50051 (ESTABLISHED)
envoy      718   root   39u  IPv4 151120      0t0  TCP localhost.localdomain:33070->localhost.localdomain:pcsync-https (ESTABLISHED)
envoy      718   root   40u  IPv4  24083      0t0  TCP localhost:36212->localhost:50051 (ESTABLISHED)
envoy      718   root   41u  IPv4 163013      0t0  TCP localhost.localdomain:36522->aap25-control.lan:https (ESTABLISHED)
envoy      718   root   42u  IPv4 159454      0t0  TCP localhost.localdomain:60832->localhost.localdomain:pcsync-https (ESTABLISHED)
envoy      718   root   43u  IPv4 153460      0t0  TCP localhost.localdomain:https->192.168.1.49:51778 (ESTABLISHED)
envoy      718   root   44u  IPv4 159297      0t0  TCP localhost.localdomain:https->192.168.1.49:47144 (ESTABLISHED)
envoy      718   root   45u  IPv4 159299      0t0  TCP localhost.localdomain:https->192.168.1.49:47152 (ESTABLISHED)
envoy      718   root   46u  IPv4 159983      0t0  TCP localhost.localdomain:https->192.168.1.49:47126 (ESTABLISHED)
envoy      718   root   47u  IPv4 153464      0t0  TCP localhost.localdomain:36730->aap25-control.lan:https (ESTABLISHED)
envoy      718   root   48u  IPv4 163018      0t0  TCP localhost.localdomain:36534->aap25-control.lan:https (ESTABLISHED)
envoy      718   root   49u  IPv4 164403      0t0  TCP localhost.localdomain:56328->aap25-control.lan:https (ESTABLISHED)
envoy      718   root   50u  IPv4 159985      0t0  TCP localhost.localdomain:https->192.168.1.49:47130 (ESTABLISHED)
envoy      718   root   51u  IPv4 163765      0t0  TCP localhost.localdomain:45138->localhost.localdomain:pcsync-https (ESTABLISHED)
envoy      718   root   52u  IPv4 164404      0t0  TCP localhost.localdomain:56330->aap25-control.lan:https (ESTABLISHED)
chronyd    731 chrony    5u  IPv4  21318      0t0  UDP localhost:323 
chronyd    731 chrony    6u  IPv6  21319      0t0  UDP localhost:323 
NetworkMa  741   root   26u  IPv4  22282      0t0  UDP localhost.localdomain:bootpc->pi.hole:bootps 
sshd       771   root    3u  IPv4  22671      0t0  TCP *:ssh (LISTEN)
sshd       771   root    4u  IPv6  22680      0t0  TCP *:ssh (LISTEN)
uwsgi     1039   root    3u  IPv4  22268      0t0  TCP localhost:8050 (LISTEN)
uwsgi     1041   root    3u  IPv4  22268      0t0  TCP localhost:8050 (LISTEN)
uwsgi     1041   root    9u  IPv4  24673      0t0  TCP localhost.localdomain:39976->localhost.localdomain:redis (ESTABLISHED)
uwsgi     1042   root    3u  IPv4  22268      0t0  TCP localhost:8050 (LISTEN)
uwsgi     1042   root    9u  IPv4  23944      0t0  TCP localhost.localdomain:47062->localhost.localdomain:redis (ESTABLISHED)
uwsgi     1043   root    3u  IPv4  22268      0t0  TCP localhost:8050 (LISTEN)
uwsgi     1043   root    8u  IPv4  23929      0t0  TCP localhost.localdomain:40010->localhost.localdomain:redis (ESTABLISHED)
uwsgi     1044   root    3u  IPv4  22268      0t0  TCP localhost:8050 (LISTEN)
uwsgi     1044   root    8u  IPv4  24120      0t0  TCP localhost.localdomain:38856->localhost.localdomain:redis (ESTABLISHED)
uwsgi     1045   root    3u  IPv4  22268      0t0  TCP localhost:8050 (LISTEN)
uwsgi     1045   root    7u  IPv4  23502      0t0  TCP localhost.localdomain:39996->localhost.localdomain:redis (ESTABLISHED)
redis-ser 1055  redis    6u  IPv4  23180      0t0  TCP *:redis (LISTEN)
redis-ser 1055  redis    7u  IPv6  23181      0t0  TCP *:redis (LISTEN)
redis-ser 1055  redis    8u  IPv4  23915      0t0  TCP localhost.localdomain:redis->localhost.localdomain:39996 (ESTABLISHED)
redis-ser 1055  redis    9u  IPv4  24592      0t0  TCP localhost.localdomain:redis->localhost.localdomain:40010 (ESTABLISHED)
redis-ser 1055  redis   10u  IPv4  24629      0t0  TCP localhost.localdomain:redis->localhost.localdomain:47062 (ESTABLISHED)
redis-ser 1055  redis   11u  IPv4  23986      0t0  TCP localhost.localdomain:redis->localhost.localdomain:39976 (ESTABLISHED)
redis-ser 1055  redis   12u  IPv4  24052      0t0  TCP localhost.localdomain:redis->localhost.localdomain:39430 (ESTABLISHED)
redis-ser 1055  redis   13u  IPv4  24840      0t0  TCP localhost.localdomain:redis->localhost.localdomain:38856 (ESTABLISHED)
redis-ser 1055  redis   14u  IPv4  25748      0t0  TCP localhost.localdomain:redis->localhost.localdomain:54620 (ESTABLISHED)
redis-ser 1055  redis   15u  IPv4  25800      0t0  TCP localhost.localdomain:redis->localhost.localdomain:54634 (ESTABLISHED)
redis-ser 1055  redis   16u  IPv4  25803      0t0  TCP localhost.localdomain:redis->localhost.localdomain:54640 (ESTABLISHED)
redis-ser 1055  redis   17u  IPv4  25474      0t0  TCP localhost.localdomain:redis->localhost.localdomain:54656 (ESTABLISHED)
redis-ser 1055  redis   18u  IPv4  25510      0t0  TCP localhost.localdomain:redis->localhost.localdomain:54672 (ESTABLISHED)
nginx     1094   root    6u  IPv4  23210      0t0  TCP *:pcsync-https (LISTEN)
nginx     1095  nginx    6u  IPv4  23210      0t0  TCP *:pcsync-https (LISTEN)
nginx     1095  nginx   11u  IPv4 157977      0t0  TCP localhost.localdomain:pcsync-https->localhost.localdomain:33592 (ESTABLISHED)
nginx     1095  nginx   12u  IPv4 151802      0t0  TCP localhost.localdomain:pcsync-https->localhost.localdomain:33070 (ESTABLISHED)
nginx     1095  nginx   14u  IPv4 160161      0t0  TCP localhost.localdomain:pcsync-https->localhost.localdomain:60832 (ESTABLISHED)
nginx     1095  nginx   15u  IPv4 155770      0t0  TCP localhost.localdomain:pcsync-https->localhost.localdomain:46672 (ESTABLISHED)
nginx     1095  nginx   17u  IPv4 163766      0t0  TCP localhost.localdomain:pcsync-https->localhost.localdomain:45138 (ESTABLISHED)
nginx     1096  nginx    6u  IPv4  23210      0t0  TCP *:pcsync-https (LISTEN)
aap-gatew 1550   root    9u  IPv6  23874      0t0  TCP *:50051 (LISTEN)
aap-gatew 1551   root   11u  IPv6  23877      0t0  TCP *:50051 (LISTEN)
aap-gatew 1551   root   12u  IPv6  24050      0t0  TCP localhost:50051->localhost:36502 (ESTABLISHED)
aap-gatew 1551   root   13u  IPv4  24769      0t0  TCP localhost.localdomain:39430->localhost.localdomain:redis (ESTABLISHED)
aap-gatew 1551   root   14u  IPv4  24770      0t0  TCP localhost.localdomain:53488->aap25-database.lan:postgres (ESTABLISHED)
aap-gatew 1551   root   15u  IPv6  24800      0t0  TCP localhost:50051->localhost:36212 (ESTABLISHED)
aap-gatew 1551   root   16u  IPv4  25421      0t0  TCP localhost.localdomain:54620->localhost.localdomain:redis (ESTABLISHED)
aap-gatew 1551   root   17u  IPv4  25437      0t0  TCP localhost.localdomain:40206->aap25-database.lan:postgres (ESTABLISHED)
aap-gatew 1551   root   18u  IPv4  25768      0t0  TCP localhost.localdomain:40226->aap25-database.lan:postgres (ESTABLISHED)
aap-gatew 1551   root   19u  IPv4  25461      0t0  TCP localhost.localdomain:54634->localhost.localdomain:redis (ESTABLISHED)
aap-gatew 1551   root   20u  IPv4  25809      0t0  TCP localhost.localdomain:40244->aap25-database.lan:postgres (ESTABLISHED)
aap-gatew 1551   root   21u  IPv4  25802      0t0  TCP localhost.localdomain:54640->localhost.localdomain:redis (ESTABLISHED)
aap-gatew 1551   root   22u  IPv4  25465      0t0  TCP localhost.localdomain:40254->aap25-database.lan:postgres (ESTABLISHED)
aap-gatew 1551   root   23u  IPv4  25812      0t0  TCP localhost.localdomain:54656->localhost.localdomain:redis (ESTABLISHED)
aap-gatew 1551   root   24u  IPv4  25476      0t0  TCP localhost.localdomain:40256->aap25-database.lan:postgres (ESTABLISHED)
aap-gatew 1551   root   25u  IPv4  25509      0t0  TCP localhost.localdomain:54672->localhost.localdomain:redis (ESTABLISHED)
aap-gatew 1551   root   26u  IPv4  25888      0t0  TCP localhost.localdomain:47994->aap25-database.lan:postgres (ESTABLISHED)
aap-gatew 1552   root   13u  IPv6  23880      0t0  TCP *:50051 (LISTEN)
aap-gatew 1553   root   15u  IPv6  23474      0t0  TCP *:50051 (LISTEN)
aap-gatew 1554   root   17u  IPv6  23471      0t0  TCP *:50051 (LISTEN)
  No network connections found

=== RECEPTOR MEMORY SUMMARY ===
Total Receptor RSS Memory: 3584 KB (3 MB)
Total Receptor VSZ Memory: 7336 KB (7 MB)
Number of Receptor Processes: 2

AAP-related Processes and Children:
=== AAP Service Processes ===
Process: uwsgi (PID: 1039)
    PID    PPID CMD                           RSS
   1039     744 uwsgi /etc/ansible-automati 14208
  Children of PID 1039:
    PID    PPID CMD                           RSS
   1041    1039 uwsgi /etc/ansible-automati 126124
    PID    PPID CMD                           RSS
   1042    1039 uwsgi /etc/ansible-automati 134472
    PID    PPID CMD                           RSS
   1043    1039 uwsgi /etc/ansible-automati 128752
    PID    PPID CMD                           RSS
   1044    1039 uwsgi /etc/ansible-automati 131976
    PID    PPID CMD                           RSS
   1045    1039 uwsgi /etc/ansible-automati 131612

Process: uwsgi (PID: 1041)
    PID    PPID CMD                           RSS
   1041    1039 uwsgi /etc/ansible-automati 126124

Process: uwsgi (PID: 1042)
    PID    PPID CMD                           RSS
   1042    1039 uwsgi /etc/ansible-automati 134472

Process: uwsgi (PID: 1043)
    PID    PPID CMD                           RSS
   1043    1039 uwsgi /etc/ansible-automati 128752

Process: uwsgi (PID: 1044)
    PID    PPID CMD                           RSS
   1044    1039 uwsgi /etc/ansible-automati 131976

Process: uwsgi (PID: 1045)
    PID    PPID CMD                           RSS
   1045    1039 uwsgi /etc/ansible-automati 131612

Process: redis-server (PID: 1055)
    PID    PPID CMD                           RSS
   1055       1 /usr/bin/redis-server *:637 16260

Process: nginx (PID: 1094)
    PID    PPID CMD                           RSS
   1094       1 nginx: master process /usr/  2084
  Children of PID 1094:
    PID    PPID CMD                           RSS
   1095    1094 nginx: worker process        8484
    PID    PPID CMD                           RSS
   1096    1094 nginx: worker process        8484

Process: nginx (PID: 1095)
    PID    PPID CMD                           RSS
   1095    1094 nginx: worker process        8484

Process: nginx (PID: 1096)
    PID    PPID CMD                           RSS
   1096    1094 nginx: worker process        8484

Process: bash (PID: 8294)
    PID    PPID CMD                           RSS
   8294       1 bash -c  log_file="/tmp/mem  3584
  Children of PID 8294:
    PID    PPID CMD                           RSS
   9001    8294 bash -c  log_file="/tmp/mem  2388

Process: bash (PID: 9001)
    PID    PPID CMD                           RSS
   9001    8294 bash -c  log_file="/tmp/mem  2388
  Children of PID 9001:
    PID    PPID CMD                           RSS


Process Tree for AAP Services:
=== automation-controller Process Tree ===
bash(8294)---pstree(9049)
=== receptor Process Tree ===
bash(8294)---pstree(9053)
=== nginx Process Tree ===
nginx(1094)-+-nginx(1095)
            `-nginx(1096)
nginx(1095)
nginx(1096)
bash(8294)---pstree(9060)
=== postgresql Process Tree ===
bash(8294)---pstree(9064)
=== redis Process Tree ===
redis-server(1055)-+-{redis-server}(1066)
                   |-{redis-server}(1067)
                   |-{redis-server}(1068)
                   `-{redis-server}(1069)
bash(8294)---pstree(9069)
=== uwsgi Process Tree ===
uwsgi(1039)-+-uwsgi(1041)
            |-uwsgi(1042)
            |-uwsgi(1043)
            |-uwsgi(1044)
            `-uwsgi(1045)
uwsgi(1041)
uwsgi(1042)
uwsgi(1043)
uwsgi(1044)
uwsgi(1045)
bash(8294)---pstree(9079)
=== automation-hub Process Tree ===
bash(8294)---pstree(9083)
=== automation-eda Process Tree ===
bash(8294)---pstree(9087)

=================================================================================
2025-07-07 18:54:23
Memory Usage Report:
               total        used        free      shared  buff/cache   available
Mem:            7555        1235        5910           9         656        6320
Swap:           5327           0        5327

Top 10 Processes by RSS Memory:
    PID    PPID CMD                           RSS
   1042    1039 uwsgi /etc/ansible-automati 134472
   1044    1039 uwsgi /etc/ansible-automati 131976
   1045    1039 uwsgi /etc/ansible-automati 131612
   1043    1039 uwsgi /etc/ansible-automati 128752
   1551    1040 /usr/bin/python3.11 -sP /us 126900
   1041    1039 uwsgi /etc/ansible-automati 126252
   1040     744 /usr/bin/python3.11 -sP /us 114212
   1553    1040 /usr/bin/python3.11 -sP /us 99028
   1550    1040 /usr/bin/python3.11 -sP /us 98900
   1552    1040 /usr/bin/python3.11 -sP /us 98900

=== RECEPTOR PROCESS ANALYSIS ===
Receptor Main Processes:
    PID    PPID CMD                           RSS    VSZ %CPU %MEM     ELAPSED
   8294       1 bash -c  log_file="/tmp/mem  3584   7336  0.0  0.0       02:35
Receptor Child Processes for PID 8294:
      PID    PPID CMD                           RSS    VSZ %CPU %MEM     ELAPSED
Receptor Threads for PID 8294:
    PID    SPID %CPU %MEM   RSS COMMAND
   8294    8294  0.0  0.0  3584 bash
Receptor Network Connections for PID 8294:
COMMAND    PID   USER   FD   TYPE DEVICE SIZE/OFF     NODE NAME
envoy      718   root   22u  IPv4 155754      0t0      TCP localhost.localdomain:https->192.168.1.49:44362 (ESTABLISHED)
envoy      718   root   31u  IPv4 157257      0t0      TCP localhost.localdomain:33592->localhost.localdomain:pcsync-https (ESTABLISHED)
envoy      718   root   32u  IPv4 157979      0t0      TCP localhost.localdomain:55580->aap25-control.lan:https (ESTABLISHED)
envoy      718   root   34u  IPv4  24602      0t0      TCP *:https (LISTEN)
envoy      718   root   35u  IPv4  24603      0t0      TCP *:https (LISTEN)
envoy      718   root   36u  IPv4 156102      0t0      TCP localhost.localdomain:https->192.168.1.49:39398 (ESTABLISHED)
envoy      718   root   37u  IPv4 155055      0t0      TCP localhost.localdomain:46672->localhost.localdomain:pcsync-https (ESTABLISHED)
envoy      718   root   38u  IPv4  24768      0t0      TCP localhost:36502->localhost:50051 (ESTABLISHED)
envoy      718   root   39u  IPv4 151120      0t0      TCP localhost.localdomain:33070->localhost.localdomain:pcsync-https (ESTABLISHED)
envoy      718   root   40u  IPv4  24083      0t0      TCP localhost:36212->localhost:50051 (ESTABLISHED)
envoy      718   root   41u  IPv4 163013      0t0      TCP localhost.localdomain:36522->aap25-control.lan:https (ESTABLISHED)
envoy      718   root   42u  IPv4 159454      0t0      TCP localhost.localdomain:60832->localhost.localdomain:pcsync-https (ESTABLISHED)
envoy      718   root   43u  IPv4 153460      0t0      TCP localhost.localdomain:https->192.168.1.49:51778 (ESTABLISHED)
envoy      718   root   44u  IPv4 159297      0t0      TCP localhost.localdomain:https->192.168.1.49:47144 (ESTABLISHED)
envoy      718   root   45u  IPv4 159299      0t0      TCP localhost.localdomain:https->192.168.1.49:47152 (ESTABLISHED)
envoy      718   root   46u  IPv4 159983      0t0      TCP localhost.localdomain:https->192.168.1.49:47126 (ESTABLISHED)
envoy      718   root   47u  IPv4 153464      0t0      TCP localhost.localdomain:36730->aap25-control.lan:https (ESTABLISHED)
envoy      718   root   48u  IPv4 163018      0t0      TCP localhost.localdomain:36534->aap25-control.lan:https (ESTABLISHED)
envoy      718   root   49u  IPv4 164403      0t0      TCP localhost.localdomain:56328->aap25-control.lan:https (ESTABLISHED)
envoy      718   root   50u  IPv4 159985      0t0      TCP localhost.localdomain:https->192.168.1.49:47130 (ESTABLISHED)
envoy      718   root   51u  IPv4 163765      0t0      TCP localhost.localdomain:45138->localhost.localdomain:pcsync-https (ESTABLISHED)
envoy      718   root   52u  IPv4 164404      0t0      TCP localhost.localdomain:56330->aap25-control.lan:https (ESTABLISHED)
chronyd    731 chrony    5u  IPv4  21318      0t0      UDP localhost:323 
chronyd    731 chrony    6u  IPv6  21319      0t0      UDP localhost:323 
NetworkMa  741   root   26u  IPv4  22282      0t0      UDP localhost.localdomain:bootpc->pi.hole:bootps 
sshd       771   root    3u  IPv4  22671      0t0      TCP *:ssh (LISTEN)
sshd       771   root    4u  IPv6  22680      0t0      TCP *:ssh (LISTEN)
uwsgi     1039   root    3u  IPv4  22268      0t0      TCP localhost:8050 (LISTEN)
uwsgi     1041   root    3u  IPv4  22268      0t0      TCP localhost:8050 (LISTEN)
uwsgi     1041   root    9u  IPv4  24673      0t0      TCP localhost.localdomain:39976->localhost.localdomain:redis (ESTABLISHED)
uwsgi     1042   root    3u  IPv4  22268      0t0      TCP localhost:8050 (LISTEN)
uwsgi     1042   root    9u  IPv4  23944      0t0      TCP localhost.localdomain:47062->localhost.localdomain:redis (ESTABLISHED)
uwsgi     1043   root    3u  IPv4  22268      0t0      TCP localhost:8050 (LISTEN)
uwsgi     1043   root    8u  IPv4  23929      0t0      TCP localhost.localdomain:40010->localhost.localdomain:redis (ESTABLISHED)
uwsgi     1044   root    3u  IPv4  22268      0t0      TCP localhost:8050 (LISTEN)
uwsgi     1044   root    8u  IPv4  24120      0t0      TCP localhost.localdomain:38856->localhost.localdomain:redis (ESTABLISHED)
uwsgi     1045   root    3u  IPv4  22268      0t0      TCP localhost:8050 (LISTEN)
uwsgi     1045   root    7u  IPv4  23502      0t0      TCP localhost.localdomain:39996->localhost.localdomain:redis (ESTABLISHED)
redis-ser 1055  redis    6u  IPv4  23180      0t0      TCP *:redis (LISTEN)
redis-ser 1055  redis    7u  IPv6  23181      0t0      TCP *:redis (LISTEN)
redis-ser 1055  redis    8u  IPv4  23915      0t0      TCP localhost.localdomain:redis->localhost.localdomain:39996 (ESTABLISHED)
redis-ser 1055  redis    9u  IPv4  24592      0t0      TCP localhost.localdomain:redis->localhost.localdomain:40010 (ESTABLISHED)
redis-ser 1055  redis   10u  IPv4  24629      0t0      TCP localhost.localdomain:redis->localhost.localdomain:47062 (ESTABLISHED)
redis-ser 1055  redis   11u  IPv4  23986      0t0      TCP localhost.localdomain:redis->localhost.localdomain:39976 (ESTABLISHED)
redis-ser 1055  redis   12u  IPv4  24052      0t0      TCP localhost.localdomain:redis->localhost.localdomain:39430 (ESTABLISHED)
redis-ser 1055  redis   13u  IPv4  24840      0t0      TCP localhost.localdomain:redis->localhost.localdomain:38856 (ESTABLISHED)
redis-ser 1055  redis   14u  IPv4  25748      0t0      TCP localhost.localdomain:redis->localhost.localdomain:54620 (ESTABLISHED)
redis-ser 1055  redis   15u  IPv4  25800      0t0      TCP localhost.localdomain:redis->localhost.localdomain:54634 (ESTABLISHED)
redis-ser 1055  redis   16u  IPv4  25803      0t0      TCP localhost.localdomain:redis->localhost.localdomain:54640 (ESTABLISHED)
redis-ser 1055  redis   17u  IPv4  25474      0t0      TCP localhost.localdomain:redis->localhost.localdomain:54656 (ESTABLISHED)
redis-ser 1055  redis   18u  IPv4  25510      0t0      TCP localhost.localdomain:redis->localhost.localdomain:54672 (ESTABLISHED)
nginx     1094   root    6u  IPv4  23210      0t0      TCP *:pcsync-https (LISTEN)
nginx     1095  nginx    6u  IPv4  23210      0t0      TCP *:pcsync-https (LISTEN)
nginx     1095  nginx   11u  IPv4 157977      0t0      TCP localhost.localdomain:pcsync-https->localhost.localdomain:33592 (ESTABLISHED)
nginx     1095  nginx   12u  IPv4 151802      0t0      TCP localhost.localdomain:pcsync-https->localhost.localdomain:33070 (ESTABLISHED)
nginx     1095  nginx   14u  IPv4 160161      0t0      TCP localhost.localdomain:pcsync-https->localhost.localdomain:60832 (ESTABLISHED)
nginx     1095  nginx   15u  IPv4 155770      0t0      TCP localhost.localdomain:pcsync-https->localhost.localdomain:46672 (ESTABLISHED)
nginx     1095  nginx   17u  IPv4 163766      0t0      TCP localhost.localdomain:pcsync-https->localhost.localdomain:45138 (ESTABLISHED)
nginx     1096  nginx    6u  IPv4  23210      0t0      TCP *:pcsync-https (LISTEN)
aap-gatew 1550   root    9u  IPv6  23874      0t0      TCP *:50051 (LISTEN)
aap-gatew 1551   root   11u  IPv6  23877      0t0      TCP *:50051 (LISTEN)
aap-gatew 1551   root   12u  IPv6  24050      0t0      TCP localhost:50051->localhost:36502 (ESTABLISHED)
aap-gatew 1551   root   13u  IPv4  24769      0t0      TCP localhost.localdomain:39430->localhost.localdomain:redis (ESTABLISHED)
aap-gatew 1551   root   14u  IPv4  24770      0t0      TCP localhost.localdomain:53488->aap25-database.lan:postgres (ESTABLISHED)
aap-gatew 1551   root   15u  IPv6  24800      0t0      TCP localhost:50051->localhost:36212 (ESTABLISHED)
aap-gatew 1551   root   16u  IPv4  25421      0t0      TCP localhost.localdomain:54620->localhost.localdomain:redis (ESTABLISHED)
aap-gatew 1551   root   17u  IPv4  25437      0t0      TCP localhost.localdomain:40206->aap25-database.lan:postgres (ESTABLISHED)
aap-gatew 1551   root   18u  IPv4  25768      0t0      TCP localhost.localdomain:40226->aap25-database.lan:postgres (ESTABLISHED)
aap-gatew 1551   root   19u  IPv4  25461      0t0      TCP localhost.localdomain:54634->localhost.localdomain:redis (ESTABLISHED)
aap-gatew 1551   root   20u  IPv4  25809      0t0      TCP localhost.localdomain:40244->aap25-database.lan:postgres (ESTABLISHED)
aap-gatew 1551   root   21u  IPv4  25802      0t0      TCP localhost.localdomain:54640->localhost.localdomain:redis (ESTABLISHED)
aap-gatew 1551   root   22u  IPv4  25465      0t0      TCP localhost.localdomain:40254->aap25-database.lan:postgres (ESTABLISHED)
aap-gatew 1551   root   23u  IPv4  25812      0t0      TCP localhost.localdomain:54656->localhost.localdomain:redis (ESTABLISHED)
aap-gatew 1551   root   24u  IPv4  25476      0t0      TCP localhost.localdomain:40256->aap25-database.lan:postgres (ESTABLISHED)
aap-gatew 1551   root   25u  IPv4  25509      0t0      TCP localhost.localdomain:54672->localhost.localdomain:redis (ESTABLISHED)
aap-gatew 1551   root   26u  IPv4  25888      0t0      TCP localhost.localdomain:47994->aap25-database.lan:postgres (ESTABLISHED)
aap-gatew 1552   root   13u  IPv6  23880      0t0      TCP *:50051 (LISTEN)
aap-gatew 1553   root   15u  IPv6  23474      0t0      TCP *:50051 (LISTEN)
aap-gatew 1554   root   17u  IPv6  23471      0t0      TCP *:50051 (LISTEN)
bash      8294   root  cwd    DIR  253,0     4096 50331782 /root
bash      8294   root  rtd    DIR  253,0      235      128 /
bash      8294   root  txt    REG  253,0  1389072 50367435 /usr/bin/bash
bash      8294   root  mem    REG  253,0  2586930 50367720 /usr/lib/locale/en_US.utf8/LC_COLLATE
bash      8294   root  mem    REG  253,0  2544344     2597 /usr/lib64/libc.so.6
bash      8294   root  mem    REG  253,0   346132 33699956 /usr/lib/locale/C.utf8/LC_CTYPE
bash      8294   root  mem    REG  253,0       54 50367723 /usr/lib/locale/en_US.utf8/LC_NUMERIC
bash      8294   root  mem    REG  253,0     3284     2565 /usr/lib/locale/en_US.utf8/LC_TIME
bash      8294   root  mem    REG  253,0      286     2563 /usr/lib/locale/en_US.utf8/LC_MONETARY
bash      8294   root  mem    REG  253,0       57     2576 /usr/lib/locale/en_US.utf8/LC_MESSAGES/SYS_LC_MESSAGES
bash      8294   root  mem    REG  253,0    26988 16780452 /usr/lib64/gconv/gconv-modules.cache
bash      8294   root  mem    REG  253,0   195080     2316 /usr/lib64/libtinfo.so.6.2
bash      8294   root  mem    REG  253,0       34 33700259 /usr/lib/locale/en_US.utf8/LC_PAPER
bash      8294   root  mem    REG  253,0       77 50367722 /usr/lib/locale/en_US.utf8/LC_NAME
bash      8294   root  mem    REG  253,0      167     2559 /usr/lib/locale/en_US.utf8/LC_ADDRESS
bash      8294   root  mem    REG  253,0       59     2564 /usr/lib/locale/en_US.utf8/LC_TELEPHONE
bash      8294   root  mem    REG  253,0       23     2562 /usr/lib/locale/en_US.utf8/LC_MEASUREMENT
bash      8294   root  mem    REG  253,0      369     2561 /usr/lib/locale/en_US.utf8/LC_IDENTIFICATION
bash      8294   root  mem    REG  253,0   897856     2593 /usr/lib64/ld-linux-x86-64.so.2
bash      8294   root    0r   CHR    1,3      0t0        4 /dev/null
bash      8294   root    1w   REG  253,0        0 34669828 /tmp/memory_monitor.log
bash      8294   root    2w   REG  253,0        0 34669828 /tmp/memory_monitor.log
bash      8294   root    3r  FIFO   0,13      0t0   166946 pipe

    PID    PPID CMD                           RSS    VSZ %CPU %MEM     ELAPSED
Receptor Child Processes for PID 9095:
  No child processes found
Receptor Threads for PID 9095:
    PID    SPID %CPU %MEM   RSS COMMAND
Receptor Network Connections for PID 9095:
COMMAND    PID   USER   FD   TYPE DEVICE SIZE/OFF NODE NAME
envoy      718   root   22u  IPv4 155754      0t0  TCP localhost.localdomain:https->192.168.1.49:44362 (ESTABLISHED)
envoy      718   root   31u  IPv4 157257      0t0  TCP localhost.localdomain:33592->localhost.localdomain:pcsync-https (ESTABLISHED)
envoy      718   root   32u  IPv4 157979      0t0  TCP localhost.localdomain:55580->aap25-control.lan:https (ESTABLISHED)
envoy      718   root   34u  IPv4  24602      0t0  TCP *:https (LISTEN)
envoy      718   root   35u  IPv4  24603      0t0  TCP *:https (LISTEN)
envoy      718   root   36u  IPv4 156102      0t0  TCP localhost.localdomain:https->192.168.1.49:39398 (ESTABLISHED)
envoy      718   root   37u  IPv4 155055      0t0  TCP localhost.localdomain:46672->localhost.localdomain:pcsync-https (ESTABLISHED)
envoy      718   root   38u  IPv4  24768      0t0  TCP localhost:36502->localhost:50051 (ESTABLISHED)
envoy      718   root   39u  IPv4 151120      0t0  TCP localhost.localdomain:33070->localhost.localdomain:pcsync-https (ESTABLISHED)
envoy      718   root   40u  IPv4  24083      0t0  TCP localhost:36212->localhost:50051 (ESTABLISHED)
envoy      718   root   41u  IPv4 163013      0t0  TCP localhost.localdomain:36522->aap25-control.lan:https (ESTABLISHED)
envoy      718   root   42u  IPv4 159454      0t0  TCP localhost.localdomain:60832->localhost.localdomain:pcsync-https (ESTABLISHED)
envoy      718   root   43u  IPv4 153460      0t0  TCP localhost.localdomain:https->192.168.1.49:51778 (ESTABLISHED)
envoy      718   root   44u  IPv4 159297      0t0  TCP localhost.localdomain:https->192.168.1.49:47144 (ESTABLISHED)
envoy      718   root   45u  IPv4 159299      0t0  TCP localhost.localdomain:https->192.168.1.49:47152 (ESTABLISHED)
envoy      718   root   46u  IPv4 159983      0t0  TCP localhost.localdomain:https->192.168.1.49:47126 (ESTABLISHED)
envoy      718   root   47u  IPv4 153464      0t0  TCP localhost.localdomain:36730->aap25-control.lan:https (ESTABLISHED)
envoy      718   root   48u  IPv4 163018      0t0  TCP localhost.localdomain:36534->aap25-control.lan:https (ESTABLISHED)
envoy      718   root   49u  IPv4 164403      0t0  TCP localhost.localdomain:56328->aap25-control.lan:https (ESTABLISHED)
envoy      718   root   50u  IPv4 159985      0t0  TCP localhost.localdomain:https->192.168.1.49:47130 (ESTABLISHED)
envoy      718   root   51u  IPv4 163765      0t0  TCP localhost.localdomain:45138->localhost.localdomain:pcsync-https (ESTABLISHED)
envoy      718   root   52u  IPv4 164404      0t0  TCP localhost.localdomain:56330->aap25-control.lan:https (ESTABLISHED)
chronyd    731 chrony    5u  IPv4  21318      0t0  UDP localhost:323 
chronyd    731 chrony    6u  IPv6  21319      0t0  UDP localhost:323 
NetworkMa  741   root   26u  IPv4  22282      0t0  UDP localhost.localdomain:bootpc->pi.hole:bootps 
sshd       771   root    3u  IPv4  22671      0t0  TCP *:ssh (LISTEN)
sshd       771   root    4u  IPv6  22680      0t0  TCP *:ssh (LISTEN)
uwsgi     1039   root    3u  IPv4  22268      0t0  TCP localhost:8050 (LISTEN)
uwsgi     1041   root    3u  IPv4  22268      0t0  TCP localhost:8050 (LISTEN)
uwsgi     1041   root    9u  IPv4  24673      0t0  TCP localhost.localdomain:39976->localhost.localdomain:redis (ESTABLISHED)
uwsgi     1042   root    3u  IPv4  22268      0t0  TCP localhost:8050 (LISTEN)
uwsgi     1042   root    9u  IPv4  23944      0t0  TCP localhost.localdomain:47062->localhost.localdomain:redis (ESTABLISHED)
uwsgi     1043   root    3u  IPv4  22268      0t0  TCP localhost:8050 (LISTEN)
uwsgi     1043   root    8u  IPv4  23929      0t0  TCP localhost.localdomain:40010->localhost.localdomain:redis (ESTABLISHED)
uwsgi     1044   root    3u  IPv4  22268      0t0  TCP localhost:8050 (LISTEN)
uwsgi     1044   root    8u  IPv4  24120      0t0  TCP localhost.localdomain:38856->localhost.localdomain:redis (ESTABLISHED)
uwsgi     1045   root    3u  IPv4  22268      0t0  TCP localhost:8050 (LISTEN)
uwsgi     1045   root    7u  IPv4  23502      0t0  TCP localhost.localdomain:39996->localhost.localdomain:redis (ESTABLISHED)
redis-ser 1055  redis    6u  IPv4  23180      0t0  TCP *:redis (LISTEN)
redis-ser 1055  redis    7u  IPv6  23181      0t0  TCP *:redis (LISTEN)
redis-ser 1055  redis    8u  IPv4  23915      0t0  TCP localhost.localdomain:redis->localhost.localdomain:39996 (ESTABLISHED)
redis-ser 1055  redis    9u  IPv4  24592      0t0  TCP localhost.localdomain:redis->localhost.localdomain:40010 (ESTABLISHED)
redis-ser 1055  redis   10u  IPv4  24629      0t0  TCP localhost.localdomain:redis->localhost.localdomain:47062 (ESTABLISHED)
redis-ser 1055  redis   11u  IPv4  23986      0t0  TCP localhost.localdomain:redis->localhost.localdomain:39976 (ESTABLISHED)
redis-ser 1055  redis   12u  IPv4  24052      0t0  TCP localhost.localdomain:redis->localhost.localdomain:39430 (ESTABLISHED)
redis-ser 1055  redis   13u  IPv4  24840      0t0  TCP localhost.localdomain:redis->localhost.localdomain:38856 (ESTABLISHED)
redis-ser 1055  redis   14u  IPv4  25748      0t0  TCP localhost.localdomain:redis->localhost.localdomain:54620 (ESTABLISHED)
redis-ser 1055  redis   15u  IPv4  25800      0t0  TCP localhost.localdomain:redis->localhost.localdomain:54634 (ESTABLISHED)
redis-ser 1055  redis   16u  IPv4  25803      0t0  TCP localhost.localdomain:redis->localhost.localdomain:54640 (ESTABLISHED)
redis-ser 1055  redis   17u  IPv4  25474      0t0  TCP localhost.localdomain:redis->localhost.localdomain:54656 (ESTABLISHED)
redis-ser 1055  redis   18u  IPv4  25510      0t0  TCP localhost.localdomain:redis->localhost.localdomain:54672 (ESTABLISHED)
nginx     1094   root    6u  IPv4  23210      0t0  TCP *:pcsync-https (LISTEN)
nginx     1095  nginx    6u  IPv4  23210      0t0  TCP *:pcsync-https (LISTEN)
nginx     1095  nginx   11u  IPv4 157977      0t0  TCP localhost.localdomain:pcsync-https->localhost.localdomain:33592 (ESTABLISHED)
nginx     1095  nginx   12u  IPv4 151802      0t0  TCP localhost.localdomain:pcsync-https->localhost.localdomain:33070 (ESTABLISHED)
nginx     1095  nginx   14u  IPv4 160161      0t0  TCP localhost.localdomain:pcsync-https->localhost.localdomain:60832 (ESTABLISHED)
nginx     1095  nginx   15u  IPv4 155770      0t0  TCP localhost.localdomain:pcsync-https->localhost.localdomain:46672 (ESTABLISHED)
nginx     1095  nginx   17u  IPv4 163766      0t0  TCP localhost.localdomain:pcsync-https->localhost.localdomain:45138 (ESTABLISHED)
nginx     1096  nginx    6u  IPv4  23210      0t0  TCP *:pcsync-https (LISTEN)
aap-gatew 1550   root    9u  IPv6  23874      0t0  TCP *:50051 (LISTEN)
aap-gatew 1551   root   11u  IPv6  23877      0t0  TCP *:50051 (LISTEN)
aap-gatew 1551   root   12u  IPv6  24050      0t0  TCP localhost:50051->localhost:36502 (ESTABLISHED)
aap-gatew 1551   root   13u  IPv4  24769      0t0  TCP localhost.localdomain:39430->localhost.localdomain:redis (ESTABLISHED)
aap-gatew 1551   root   14u  IPv4  24770      0t0  TCP localhost.localdomain:53488->aap25-database.lan:postgres (ESTABLISHED)
aap-gatew 1551   root   15u  IPv6  24800      0t0  TCP localhost:50051->localhost:36212 (ESTABLISHED)
aap-gatew 1551   root   16u  IPv4  25421      0t0  TCP localhost.localdomain:54620->localhost.localdomain:redis (ESTABLISHED)
aap-gatew 1551   root   17u  IPv4  25437      0t0  TCP localhost.localdomain:40206->aap25-database.lan:postgres (ESTABLISHED)
aap-gatew 1551   root   18u  IPv4  25768      0t0  TCP localhost.localdomain:40226->aap25-database.lan:postgres (ESTABLISHED)
aap-gatew 1551   root   19u  IPv4  25461      0t0  TCP localhost.localdomain:54634->localhost.localdomain:redis (ESTABLISHED)
aap-gatew 1551   root   20u  IPv4  25809      0t0  TCP localhost.localdomain:40244->aap25-database.lan:postgres (ESTABLISHED)
aap-gatew 1551   root   21u  IPv4  25802      0t0  TCP localhost.localdomain:54640->localhost.localdomain:redis (ESTABLISHED)
aap-gatew 1551   root   22u  IPv4  25465      0t0  TCP localhost.localdomain:40254->aap25-database.lan:postgres (ESTABLISHED)
aap-gatew 1551   root   23u  IPv4  25812      0t0  TCP localhost.localdomain:54656->localhost.localdomain:redis (ESTABLISHED)
aap-gatew 1551   root   24u  IPv4  25476      0t0  TCP localhost.localdomain:40256->aap25-database.lan:postgres (ESTABLISHED)
aap-gatew 1551   root   25u  IPv4  25509      0t0  TCP localhost.localdomain:54672->localhost.localdomain:redis (ESTABLISHED)
aap-gatew 1551   root   26u  IPv4  25888      0t0  TCP localhost.localdomain:47994->aap25-database.lan:postgres (ESTABLISHED)
aap-gatew 1552   root   13u  IPv6  23880      0t0  TCP *:50051 (LISTEN)
aap-gatew 1553   root   15u  IPv6  23474      0t0  TCP *:50051 (LISTEN)
aap-gatew 1554   root   17u  IPv6  23471      0t0  TCP *:50051 (LISTEN)
  No network connections found

=== RECEPTOR MEMORY SUMMARY ===
Total Receptor RSS Memory: 3584 KB (3 MB)
Total Receptor VSZ Memory: 7336 KB (7 MB)
Number of Receptor Processes: 2

AAP-related Processes and Children:
=== AAP Service Processes ===
Process: uwsgi (PID: 1039)
    PID    PPID CMD                           RSS
   1039     744 uwsgi /etc/ansible-automati 14208
  Children of PID 1039:
    PID    PPID CMD                           RSS
   1041    1039 uwsgi /etc/ansible-automati 126252
    PID    PPID CMD                           RSS
   1042    1039 uwsgi /etc/ansible-automati 134472
    PID    PPID CMD                           RSS
   1043    1039 uwsgi /etc/ansible-automati 128752
    PID    PPID CMD                           RSS
   1044    1039 uwsgi /etc/ansible-automati 131976
    PID    PPID CMD                           RSS
   1045    1039 uwsgi /etc/ansible-automati 131612

Process: uwsgi (PID: 1041)
    PID    PPID CMD                           RSS
   1041    1039 uwsgi /etc/ansible-automati 126252

Process: uwsgi (PID: 1042)
    PID    PPID CMD                           RSS
   1042    1039 uwsgi /etc/ansible-automati 134472

Process: uwsgi (PID: 1043)
    PID    PPID CMD                           RSS
   1043    1039 uwsgi /etc/ansible-automati 128752

Process: uwsgi (PID: 1044)
    PID    PPID CMD                           RSS
   1044    1039 uwsgi /etc/ansible-automati 131976

Process: uwsgi (PID: 1045)
    PID    PPID CMD                           RSS
   1045    1039 uwsgi /etc/ansible-automati 131612

Process: redis-server (PID: 1055)
    PID    PPID CMD                           RSS
   1055       1 /usr/bin/redis-server *:637 16260

Process: nginx (PID: 1094)
    PID    PPID CMD                           RSS
   1094       1 nginx: master process /usr/  2084
  Children of PID 1094:
    PID    PPID CMD                           RSS
   1095    1094 nginx: worker process        8484
    PID    PPID CMD                           RSS
   1096    1094 nginx: worker process        8484

Process: nginx (PID: 1095)
    PID    PPID CMD                           RSS
   1095    1094 nginx: worker process        8484

Process: nginx (PID: 1096)
    PID    PPID CMD                           RSS
   1096    1094 nginx: worker process        8484

Process: bash (PID: 8294)
    PID    PPID CMD                           RSS
   8294       1 bash -c  log_file="/tmp/mem  3584
  Children of PID 8294:
    PID    PPID CMD                           RSS
   9154    8294 bash -c  log_file="/tmp/mem  2396

Process: bash (PID: 9154)
    PID    PPID CMD                           RSS
   9154    8294 bash -c  log_file="/tmp/mem  2396
  Children of PID 9154:
    PID    PPID CMD                           RSS


Process Tree for AAP Services:
=== automation-controller Process Tree ===
bash(8294)---pstree(9202)
=== receptor Process Tree ===
bash(8294)---pstree(9206)
=== nginx Process Tree ===
nginx(1094)-+-nginx(1095)
            `-nginx(1096)
nginx(1095)
nginx(1096)
bash(8294)---pstree(9213)
=== postgresql Process Tree ===
bash(8294)---pstree(9217)
=== redis Process Tree ===
redis-server(1055)-+-{redis-server}(1066)
                   |-{redis-server}(1067)
                   |-{redis-server}(1068)
                   `-{redis-server}(1069)
bash(8294)---pstree(9222)
=== uwsgi Process Tree ===
uwsgi(1039)-+-uwsgi(1041)
            |-uwsgi(1042)
            |-uwsgi(1043)
            |-uwsgi(1044)
            `-uwsgi(1045)
uwsgi(1041)
uwsgi(1042)
uwsgi(1043)
uwsgi(1044)
uwsgi(1045)
bash(8294)---pstree(9232)
=== automation-hub Process Tree ===
bash(8294)---pstree(9236)
=== automation-eda Process Tree ===
bash(8294)---pstree(9240)

=================================================================================
2025-07-07 18:54:54
Memory Usage Report:
               total        used        free      shared  buff/cache   available
Mem:            7555        1236        5909           9         656        6319
Swap:           5327           0        5327

Top 10 Processes by RSS Memory:
    PID    PPID CMD                           RSS
   1042    1039 uwsgi /etc/ansible-automati 134472
   1044    1039 uwsgi /etc/ansible-automati 131976
   1045    1039 uwsgi /etc/ansible-automati 131612
   1043    1039 uwsgi /etc/ansible-automati 128752
   1551    1040 /usr/bin/python3.11 -sP /us 126900
   1041    1039 uwsgi /etc/ansible-automati 126252
   1040     744 /usr/bin/python3.11 -sP /us 114212
   1553    1040 /usr/bin/python3.11 -sP /us 99028
   1550    1040 /usr/bin/python3.11 -sP /us 98900
   1552    1040 /usr/bin/python3.11 -sP /us 98900

=== RECEPTOR PROCESS ANALYSIS ===
Receptor Main Processes:
    PID    PPID CMD                           RSS    VSZ %CPU %MEM     ELAPSED
   8294       1 bash -c  log_file="/tmp/mem  3584   7336  0.0  0.0       03:06
Receptor Child Processes for PID 8294:
      PID    PPID CMD                           RSS    VSZ %CPU %MEM     ELAPSED
Receptor Threads for PID 8294:
    PID    SPID %CPU %MEM   RSS COMMAND
   8294    8294  0.0  0.0  3584 bash
Receptor Network Connections for PID 8294:
COMMAND    PID   USER   FD   TYPE DEVICE SIZE/OFF     NODE NAME
envoy      718   root   22u  IPv4 155754      0t0      TCP localhost.localdomain:https->192.168.1.49:44362 (ESTABLISHED)
envoy      718   root   31u  IPv4 157257      0t0      TCP localhost.localdomain:33592->localhost.localdomain:pcsync-https (ESTABLISHED)
envoy      718   root   32u  IPv4 157979      0t0      TCP localhost.localdomain:55580->aap25-control.lan:https (ESTABLISHED)
envoy      718   root   34u  IPv4  24602      0t0      TCP *:https (LISTEN)
envoy      718   root   35u  IPv4  24603      0t0      TCP *:https (LISTEN)
envoy      718   root   36u  IPv4 156102      0t0      TCP localhost.localdomain:https->192.168.1.49:39398 (ESTABLISHED)
envoy      718   root   37u  IPv4 155055      0t0      TCP localhost.localdomain:46672->localhost.localdomain:pcsync-https (ESTABLISHED)
envoy      718   root   38u  IPv4  24768      0t0      TCP localhost:36502->localhost:50051 (ESTABLISHED)
envoy      718   root   39u  IPv4 151120      0t0      TCP localhost.localdomain:33070->localhost.localdomain:pcsync-https (ESTABLISHED)
envoy      718   root   40u  IPv4  24083      0t0      TCP localhost:36212->localhost:50051 (ESTABLISHED)
envoy      718   root   42u  IPv4 159454      0t0      TCP localhost.localdomain:60832->localhost.localdomain:pcsync-https (ESTABLISHED)
envoy      718   root   43u  IPv4 153460      0t0      TCP localhost.localdomain:https->192.168.1.49:51778 (ESTABLISHED)
envoy      718   root   44u  IPv4 159297      0t0      TCP localhost.localdomain:https->192.168.1.49:47144 (ESTABLISHED)
envoy      718   root   45u  IPv4 159299      0t0      TCP localhost.localdomain:https->192.168.1.49:47152 (ESTABLISHED)
envoy      718   root   46u  IPv4 159983      0t0      TCP localhost.localdomain:https->192.168.1.49:47126 (ESTABLISHED)
envoy      718   root   47u  IPv4 153464      0t0      TCP localhost.localdomain:36730->aap25-control.lan:https (ESTABLISHED)
envoy      718   root   50u  IPv4 159985      0t0      TCP localhost.localdomain:https->192.168.1.49:47130 (ESTABLISHED)
chronyd    731 chrony    5u  IPv4  21318      0t0      UDP localhost:323 
chronyd    731 chrony    6u  IPv6  21319      0t0      UDP localhost:323 
NetworkMa  741   root   26u  IPv4  22282      0t0      UDP localhost.localdomain:bootpc->pi.hole:bootps 
sshd       771   root    3u  IPv4  22671      0t0      TCP *:ssh (LISTEN)
sshd       771   root    4u  IPv6  22680      0t0      TCP *:ssh (LISTEN)
uwsgi     1039   root    3u  IPv4  22268      0t0      TCP localhost:8050 (LISTEN)
uwsgi     1041   root    3u  IPv4  22268      0t0      TCP localhost:8050 (LISTEN)
uwsgi     1041   root    9u  IPv4  24673      0t0      TCP localhost.localdomain:39976->localhost.localdomain:redis (ESTABLISHED)
uwsgi     1042   root    3u  IPv4  22268      0t0      TCP localhost:8050 (LISTEN)
uwsgi     1042   root    9u  IPv4  23944      0t0      TCP localhost.localdomain:47062->localhost.localdomain:redis (ESTABLISHED)
uwsgi     1043   root    3u  IPv4  22268      0t0      TCP localhost:8050 (LISTEN)
uwsgi     1043   root    8u  IPv4  23929      0t0      TCP localhost.localdomain:40010->localhost.localdomain:redis (ESTABLISHED)
uwsgi     1044   root    3u  IPv4  22268      0t0      TCP localhost:8050 (LISTEN)
uwsgi     1044   root    8u  IPv4  24120      0t0      TCP localhost.localdomain:38856->localhost.localdomain:redis (ESTABLISHED)
uwsgi     1045   root    3u  IPv4  22268      0t0      TCP localhost:8050 (LISTEN)
uwsgi     1045   root    7u  IPv4  23502      0t0      TCP localhost.localdomain:39996->localhost.localdomain:redis (ESTABLISHED)
redis-ser 1055  redis    6u  IPv4  23180      0t0      TCP *:redis (LISTEN)
redis-ser 1055  redis    7u  IPv6  23181      0t0      TCP *:redis (LISTEN)
redis-ser 1055  redis    8u  IPv4  23915      0t0      TCP localhost.localdomain:redis->localhost.localdomain:39996 (ESTABLISHED)
redis-ser 1055  redis    9u  IPv4  24592      0t0      TCP localhost.localdomain:redis->localhost.localdomain:40010 (ESTABLISHED)
redis-ser 1055  redis   10u  IPv4  24629      0t0      TCP localhost.localdomain:redis->localhost.localdomain:47062 (ESTABLISHED)
redis-ser 1055  redis   11u  IPv4  23986      0t0      TCP localhost.localdomain:redis->localhost.localdomain:39976 (ESTABLISHED)
redis-ser 1055  redis   12u  IPv4  24052      0t0      TCP localhost.localdomain:redis->localhost.localdomain:39430 (ESTABLISHED)
redis-ser 1055  redis   13u  IPv4  24840      0t0      TCP localhost.localdomain:redis->localhost.localdomain:38856 (ESTABLISHED)
redis-ser 1055  redis   14u  IPv4  25748      0t0      TCP localhost.localdomain:redis->localhost.localdomain:54620 (ESTABLISHED)
redis-ser 1055  redis   15u  IPv4  25800      0t0      TCP localhost.localdomain:redis->localhost.localdomain:54634 (ESTABLISHED)
redis-ser 1055  redis   16u  IPv4  25803      0t0      TCP localhost.localdomain:redis->localhost.localdomain:54640 (ESTABLISHED)
redis-ser 1055  redis   17u  IPv4  25474      0t0      TCP localhost.localdomain:redis->localhost.localdomain:54656 (ESTABLISHED)
redis-ser 1055  redis   18u  IPv4  25510      0t0      TCP localhost.localdomain:redis->localhost.localdomain:54672 (ESTABLISHED)
nginx     1094   root    6u  IPv4  23210      0t0      TCP *:pcsync-https (LISTEN)
nginx     1095  nginx    6u  IPv4  23210      0t0      TCP *:pcsync-https (LISTEN)
nginx     1095  nginx   11u  IPv4 157977      0t0      TCP localhost.localdomain:pcsync-https->localhost.localdomain:33592 (ESTABLISHED)
nginx     1095  nginx   12u  IPv4 151802      0t0      TCP localhost.localdomain:pcsync-https->localhost.localdomain:33070 (ESTABLISHED)
nginx     1095  nginx   14u  IPv4 160161      0t0      TCP localhost.localdomain:pcsync-https->localhost.localdomain:60832 (ESTABLISHED)
nginx     1095  nginx   15u  IPv4 155770      0t0      TCP localhost.localdomain:pcsync-https->localhost.localdomain:46672 (ESTABLISHED)
nginx     1096  nginx    6u  IPv4  23210      0t0      TCP *:pcsync-https (LISTEN)
aap-gatew 1550   root    9u  IPv6  23874      0t0      TCP *:50051 (LISTEN)
aap-gatew 1551   root   11u  IPv6  23877      0t0      TCP *:50051 (LISTEN)
aap-gatew 1551   root   12u  IPv6  24050      0t0      TCP localhost:50051->localhost:36502 (ESTABLISHED)
aap-gatew 1551   root   13u  IPv4  24769      0t0      TCP localhost.localdomain:39430->localhost.localdomain:redis (ESTABLISHED)
aap-gatew 1551   root   14u  IPv4  24770      0t0      TCP localhost.localdomain:53488->aap25-database.lan:postgres (ESTABLISHED)
aap-gatew 1551   root   15u  IPv6  24800      0t0      TCP localhost:50051->localhost:36212 (ESTABLISHED)
aap-gatew 1551   root   16u  IPv4  25421      0t0      TCP localhost.localdomain:54620->localhost.localdomain:redis (ESTABLISHED)
aap-gatew 1551   root   17u  IPv4  25437      0t0      TCP localhost.localdomain:40206->aap25-database.lan:postgres (ESTABLISHED)
aap-gatew 1551   root   18u  IPv4  25768      0t0      TCP localhost.localdomain:40226->aap25-database.lan:postgres (ESTABLISHED)
aap-gatew 1551   root   19u  IPv4  25461      0t0      TCP localhost.localdomain:54634->localhost.localdomain:redis (ESTABLISHED)
aap-gatew 1551   root   20u  IPv4  25809      0t0      TCP localhost.localdomain:40244->aap25-database.lan:postgres (ESTABLISHED)
aap-gatew 1551   root   21u  IPv4  25802      0t0      TCP localhost.localdomain:54640->localhost.localdomain:redis (ESTABLISHED)
aap-gatew 1551   root   22u  IPv4  25465      0t0      TCP localhost.localdomain:40254->aap25-database.lan:postgres (ESTABLISHED)
aap-gatew 1551   root   23u  IPv4  25812      0t0      TCP localhost.localdomain:54656->localhost.localdomain:redis (ESTABLISHED)
aap-gatew 1551   root   24u  IPv4  25476      0t0      TCP localhost.localdomain:40256->aap25-database.lan:postgres (ESTABLISHED)
aap-gatew 1551   root   25u  IPv4  25509      0t0      TCP localhost.localdomain:54672->localhost.localdomain:redis (ESTABLISHED)
aap-gatew 1551   root   26u  IPv4  25888      0t0      TCP localhost.localdomain:47994->aap25-database.lan:postgres (ESTABLISHED)
aap-gatew 1552   root   13u  IPv6  23880      0t0      TCP *:50051 (LISTEN)
aap-gatew 1553   root   15u  IPv6  23474      0t0      TCP *:50051 (LISTEN)
aap-gatew 1554   root   17u  IPv6  23471      0t0      TCP *:50051 (LISTEN)
bash      8294   root  cwd    DIR  253,0     4096 50331782 /root
bash      8294   root  rtd    DIR  253,0      235      128 /
bash      8294   root  txt    REG  253,0  1389072 50367435 /usr/bin/bash
bash      8294   root  mem    REG  253,0  2586930 50367720 /usr/lib/locale/en_US.utf8/LC_COLLATE
bash      8294   root  mem    REG  253,0  2544344     2597 /usr/lib64/libc.so.6
bash      8294   root  mem    REG  253,0   346132 33699956 /usr/lib/locale/C.utf8/LC_CTYPE
bash      8294   root  mem    REG  253,0       54 50367723 /usr/lib/locale/en_US.utf8/LC_NUMERIC
bash      8294   root  mem    REG  253,0     3284     2565 /usr/lib/locale/en_US.utf8/LC_TIME
bash      8294   root  mem    REG  253,0      286     2563 /usr/lib/locale/en_US.utf8/LC_MONETARY
bash      8294   root  mem    REG  253,0       57     2576 /usr/lib/locale/en_US.utf8/LC_MESSAGES/SYS_LC_MESSAGES
bash      8294   root  mem    REG  253,0    26988 16780452 /usr/lib64/gconv/gconv-modules.cache
bash      8294   root  mem    REG  253,0   195080     2316 /usr/lib64/libtinfo.so.6.2
bash      8294   root  mem    REG  253,0       34 33700259 /usr/lib/locale/en_US.utf8/LC_PAPER
bash      8294   root  mem    REG  253,0       77 50367722 /usr/lib/locale/en_US.utf8/LC_NAME
bash      8294   root  mem    REG  253,0      167     2559 /usr/lib/locale/en_US.utf8/LC_ADDRESS
bash      8294   root  mem    REG  253,0       59     2564 /usr/lib/locale/en_US.utf8/LC_TELEPHONE
bash      8294   root  mem    REG  253,0       23     2562 /usr/lib/locale/en_US.utf8/LC_MEASUREMENT
bash      8294   root  mem    REG  253,0      369     2561 /usr/lib/locale/en_US.utf8/LC_IDENTIFICATION
bash      8294   root  mem    REG  253,0   897856     2593 /usr/lib64/ld-linux-x86-64.so.2
bash      8294   root    0r   CHR    1,3      0t0        4 /dev/null
bash      8294   root    1w   REG  253,0        0 34669828 /tmp/memory_monitor.log
bash      8294   root    2w   REG  253,0        0 34669828 /tmp/memory_monitor.log
bash      8294   root    3r  FIFO   0,13      0t0   167367 pipe

    PID    PPID CMD                           RSS    VSZ %CPU %MEM     ELAPSED
Receptor Child Processes for PID 9248:
  No child processes found
Receptor Threads for PID 9248:
    PID    SPID %CPU %MEM   RSS COMMAND
Receptor Network Connections for PID 9248:
COMMAND    PID   USER   FD   TYPE DEVICE SIZE/OFF NODE NAME
envoy      718   root   22u  IPv4 155754      0t0  TCP localhost.localdomain:https->192.168.1.49:44362 (ESTABLISHED)
envoy      718   root   31u  IPv4 157257      0t0  TCP localhost.localdomain:33592->localhost.localdomain:pcsync-https (ESTABLISHED)
envoy      718   root   32u  IPv4 157979      0t0  TCP localhost.localdomain:55580->aap25-control.lan:https (ESTABLISHED)
envoy      718   root   34u  IPv4  24602      0t0  TCP *:https (LISTEN)
envoy      718   root   35u  IPv4  24603      0t0  TCP *:https (LISTEN)
envoy      718   root   36u  IPv4 156102      0t0  TCP localhost.localdomain:https->192.168.1.49:39398 (ESTABLISHED)
envoy      718   root   37u  IPv4 155055      0t0  TCP localhost.localdomain:46672->localhost.localdomain:pcsync-https (ESTABLISHED)
envoy      718   root   38u  IPv4  24768      0t0  TCP localhost:36502->localhost:50051 (ESTABLISHED)
envoy      718   root   39u  IPv4 151120      0t0  TCP localhost.localdomain:33070->localhost.localdomain:pcsync-https (ESTABLISHED)
envoy      718   root   40u  IPv4  24083      0t0  TCP localhost:36212->localhost:50051 (ESTABLISHED)
envoy      718   root   42u  IPv4 159454      0t0  TCP localhost.localdomain:60832->localhost.localdomain:pcsync-https (ESTABLISHED)
envoy      718   root   43u  IPv4 153460      0t0  TCP localhost.localdomain:https->192.168.1.49:51778 (ESTABLISHED)
envoy      718   root   44u  IPv4 159297      0t0  TCP localhost.localdomain:https->192.168.1.49:47144 (ESTABLISHED)
envoy      718   root   45u  IPv4 159299      0t0  TCP localhost.localdomain:https->192.168.1.49:47152 (ESTABLISHED)
envoy      718   root   46u  IPv4 159983      0t0  TCP localhost.localdomain:https->192.168.1.49:47126 (ESTABLISHED)
envoy      718   root   47u  IPv4 153464      0t0  TCP localhost.localdomain:36730->aap25-control.lan:https (ESTABLISHED)
envoy      718   root   50u  IPv4 159985      0t0  TCP localhost.localdomain:https->192.168.1.49:47130 (ESTABLISHED)
chronyd    731 chrony    5u  IPv4  21318      0t0  UDP localhost:323 
chronyd    731 chrony    6u  IPv6  21319      0t0  UDP localhost:323 
NetworkMa  741   root   26u  IPv4  22282      0t0  UDP localhost.localdomain:bootpc->pi.hole:bootps 
sshd       771   root    3u  IPv4  22671      0t0  TCP *:ssh (LISTEN)
sshd       771   root    4u  IPv6  22680      0t0  TCP *:ssh (LISTEN)
uwsgi     1039   root    3u  IPv4  22268      0t0  TCP localhost:8050 (LISTEN)
uwsgi     1041   root    3u  IPv4  22268      0t0  TCP localhost:8050 (LISTEN)
uwsgi     1041   root    9u  IPv4  24673      0t0  TCP localhost.localdomain:39976->localhost.localdomain:redis (ESTABLISHED)
uwsgi     1042   root    3u  IPv4  22268      0t0  TCP localhost:8050 (LISTEN)
uwsgi     1042   root    9u  IPv4  23944      0t0  TCP localhost.localdomain:47062->localhost.localdomain:redis (ESTABLISHED)
uwsgi     1043   root    3u  IPv4  22268      0t0  TCP localhost:8050 (LISTEN)
uwsgi     1043   root    8u  IPv4  23929      0t0  TCP localhost.localdomain:40010->localhost.localdomain:redis (ESTABLISHED)
uwsgi     1044   root    3u  IPv4  22268      0t0  TCP localhost:8050 (LISTEN)
uwsgi     1044   root    8u  IPv4  24120      0t0  TCP localhost.localdomain:38856->localhost.localdomain:redis (ESTABLISHED)
uwsgi     1045   root    3u  IPv4  22268      0t0  TCP localhost:8050 (LISTEN)
uwsgi     1045   root    7u  IPv4  23502      0t0  TCP localhost.localdomain:39996->localhost.localdomain:redis (ESTABLISHED)
redis-ser 1055  redis    6u  IPv4  23180      0t0  TCP *:redis (LISTEN)
redis-ser 1055  redis    7u  IPv6  23181      0t0  TCP *:redis (LISTEN)
redis-ser 1055  redis    8u  IPv4  23915      0t0  TCP localhost.localdomain:redis->localhost.localdomain:39996 (ESTABLISHED)
redis-ser 1055  redis    9u  IPv4  24592      0t0  TCP localhost.localdomain:redis->localhost.localdomain:40010 (ESTABLISHED)
redis-ser 1055  redis   10u  IPv4  24629      0t0  TCP localhost.localdomain:redis->localhost.localdomain:47062 (ESTABLISHED)
redis-ser 1055  redis   11u  IPv4  23986      0t0  TCP localhost.localdomain:redis->localhost.localdomain:39976 (ESTABLISHED)
redis-ser 1055  redis   12u  IPv4  24052      0t0  TCP localhost.localdomain:redis->localhost.localdomain:39430 (ESTABLISHED)
redis-ser 1055  redis   13u  IPv4  24840      0t0  TCP localhost.localdomain:redis->localhost.localdomain:38856 (ESTABLISHED)
redis-ser 1055  redis   14u  IPv4  25748      0t0  TCP localhost.localdomain:redis->localhost.localdomain:54620 (ESTABLISHED)
redis-ser 1055  redis   15u  IPv4  25800      0t0  TCP localhost.localdomain:redis->localhost.localdomain:54634 (ESTABLISHED)
redis-ser 1055  redis   16u  IPv4  25803      0t0  TCP localhost.localdomain:redis->localhost.localdomain:54640 (ESTABLISHED)
redis-ser 1055  redis   17u  IPv4  25474      0t0  TCP localhost.localdomain:redis->localhost.localdomain:54656 (ESTABLISHED)
redis-ser 1055  redis   18u  IPv4  25510      0t0  TCP localhost.localdomain:redis->localhost.localdomain:54672 (ESTABLISHED)
nginx     1094   root    6u  IPv4  23210      0t0  TCP *:pcsync-https (LISTEN)
nginx     1095  nginx    6u  IPv4  23210      0t0  TCP *:pcsync-https (LISTEN)
nginx     1095  nginx   11u  IPv4 157977      0t0  TCP localhost.localdomain:pcsync-https->localhost.localdomain:33592 (ESTABLISHED)
nginx     1095  nginx   12u  IPv4 151802      0t0  TCP localhost.localdomain:pcsync-https->localhost.localdomain:33070 (ESTABLISHED)
nginx     1095  nginx   14u  IPv4 160161      0t0  TCP localhost.localdomain:pcsync-https->localhost.localdomain:60832 (ESTABLISHED)
nginx     1095  nginx   15u  IPv4 155770      0t0  TCP localhost.localdomain:pcsync-https->localhost.localdomain:46672 (ESTABLISHED)
nginx     1096  nginx    6u  IPv4  23210      0t0  TCP *:pcsync-https (LISTEN)
aap-gatew 1550   root    9u  IPv6  23874      0t0  TCP *:50051 (LISTEN)
aap-gatew 1551   root   11u  IPv6  23877      0t0  TCP *:50051 (LISTEN)
aap-gatew 1551   root   12u  IPv6  24050      0t0  TCP localhost:50051->localhost:36502 (ESTABLISHED)
aap-gatew 1551   root   13u  IPv4  24769      0t0  TCP localhost.localdomain:39430->localhost.localdomain:redis (ESTABLISHED)
aap-gatew 1551   root   14u  IPv4  24770      0t0  TCP localhost.localdomain:53488->aap25-database.lan:postgres (ESTABLISHED)
aap-gatew 1551   root   15u  IPv6  24800      0t0  TCP localhost:50051->localhost:36212 (ESTABLISHED)
aap-gatew 1551   root   16u  IPv4  25421      0t0  TCP localhost.localdomain:54620->localhost.localdomain:redis (ESTABLISHED)
aap-gatew 1551   root   17u  IPv4  25437      0t0  TCP localhost.localdomain:40206->aap25-database.lan:postgres (ESTABLISHED)
aap-gatew 1551   root   18u  IPv4  25768      0t0  TCP localhost.localdomain:40226->aap25-database.lan:postgres (ESTABLISHED)
aap-gatew 1551   root   19u  IPv4  25461      0t0  TCP localhost.localdomain:54634->localhost.localdomain:redis (ESTABLISHED)
aap-gatew 1551   root   20u  IPv4  25809      0t0  TCP localhost.localdomain:40244->aap25-database.lan:postgres (ESTABLISHED)
aap-gatew 1551   root   21u  IPv4  25802      0t0  TCP localhost.localdomain:54640->localhost.localdomain:redis (ESTABLISHED)
aap-gatew 1551   root   22u  IPv4  25465      0t0  TCP localhost.localdomain:40254->aap25-database.lan:postgres (ESTABLISHED)
aap-gatew 1551   root   23u  IPv4  25812      0t0  TCP localhost.localdomain:54656->localhost.localdomain:redis (ESTABLISHED)
aap-gatew 1551   root   24u  IPv4  25476      0t0  TCP localhost.localdomain:40256->aap25-database.lan:postgres (ESTABLISHED)
aap-gatew 1551   root   25u  IPv4  25509      0t0  TCP localhost.localdomain:54672->localhost.localdomain:redis (ESTABLISHED)
aap-gatew 1551   root   26u  IPv4  25888      0t0  TCP localhost.localdomain:47994->aap25-database.lan:postgres (ESTABLISHED)
aap-gatew 1552   root   13u  IPv6  23880      0t0  TCP *:50051 (LISTEN)
aap-gatew 1553   root   15u  IPv6  23474      0t0  TCP *:50051 (LISTEN)
aap-gatew 1554   root   17u  IPv6  23471      0t0  TCP *:50051 (LISTEN)
  No network connections found

=== RECEPTOR MEMORY SUMMARY ===
Total Receptor RSS Memory: 3584 KB (3 MB)
Total Receptor VSZ Memory: 7336 KB (7 MB)
Number of Receptor Processes: 2

AAP-related Processes and Children:
=== AAP Service Processes ===
Process: uwsgi (PID: 1039)
    PID    PPID CMD                           RSS
   1039     744 uwsgi /etc/ansible-automati 14208
  Children of PID 1039:
    PID    PPID CMD                           RSS
   1041    1039 uwsgi /etc/ansible-automati 126252
    PID    PPID CMD                           RSS
   1042    1039 uwsgi /etc/ansible-automati 134472
    PID    PPID CMD                           RSS
   1043    1039 uwsgi /etc/ansible-automati 128752
    PID    PPID CMD                           RSS
   1044    1039 uwsgi /etc/ansible-automati 131976
    PID    PPID CMD                           RSS
   1045    1039 uwsgi /etc/ansible-automati 131612

Process: uwsgi (PID: 1041)
    PID    PPID CMD                           RSS
   1041    1039 uwsgi /etc/ansible-automati 126252

Process: uwsgi (PID: 1042)
    PID    PPID CMD                           RSS
   1042    1039 uwsgi /etc/ansible-automati 134472

Process: uwsgi (PID: 1043)
    PID    PPID CMD                           RSS
   1043    1039 uwsgi /etc/ansible-automati 128752

Process: uwsgi (PID: 1044)
    PID    PPID CMD                           RSS
   1044    1039 uwsgi /etc/ansible-automati 131976

Process: uwsgi (PID: 1045)
    PID    PPID CMD                           RSS
   1045    1039 uwsgi /etc/ansible-automati 131612

Process: redis-server (PID: 1055)
    PID    PPID CMD                           RSS
   1055       1 /usr/bin/redis-server *:637 16260

Process: nginx (PID: 1094)
    PID    PPID CMD                           RSS
   1094       1 nginx: master process /usr/  2084
  Children of PID 1094:
    PID    PPID CMD                           RSS
   1095    1094 nginx: worker process        8484
    PID    PPID CMD                           RSS
   1096    1094 nginx: worker process        8484

Process: nginx (PID: 1095)
    PID    PPID CMD                           RSS
   1095    1094 nginx: worker process        8484

Process: nginx (PID: 1096)
    PID    PPID CMD                           RSS
   1096    1094 nginx: worker process        8484

Process: bash (PID: 8294)
    PID    PPID CMD                           RSS
   8294       1 bash -c  log_file="/tmp/mem  3584
  Children of PID 8294:
    PID    PPID CMD                           RSS
   9307    8294 bash -c  log_file="/tmp/mem  2396

Process: bash (PID: 9307)
    PID    PPID CMD                           RSS
   9307    8294 bash -c  log_file="/tmp/mem  2396
  Children of PID 9307:
    PID    PPID CMD                           RSS


Process Tree for AAP Services:
=== automation-controller Process Tree ===
bash(8294)---pstree(9355)
=== receptor Process Tree ===
bash(8294)---pstree(9359)
=== nginx Process Tree ===
nginx(1094)-+-nginx(1095)
            `-nginx(1096)
nginx(1095)
nginx(1096)
bash(8294)---pstree(9366)
=== postgresql Process Tree ===
bash(8294)---pstree(9370)
=== redis Process Tree ===
redis-server(1055)-+-{redis-server}(1066)
                   |-{redis-server}(1067)
                   |-{redis-server}(1068)
                   `-{redis-server}(1069)
bash(8294)---pstree(9375)
=== uwsgi Process Tree ===
uwsgi(1039)-+-uwsgi(1041)
            |-uwsgi(1042)
            |-uwsgi(1043)
            |-uwsgi(1044)
            `-uwsgi(1045)
uwsgi(1041)
uwsgi(1042)
uwsgi(1043)
uwsgi(1044)
uwsgi(1045)
bash(8294)---pstree(9385)
=== automation-hub Process Tree ===
bash(8294)---pstree(9389)
=== automation-eda Process Tree ===
bash(8294)---pstree(9393)

=================================================================================
2025-07-07 18:55:25
Memory Usage Report:
               total        used        free      shared  buff/cache   available
Mem:            7555        1235        5911           9         656        6320
Swap:           5327           0        5327

Top 10 Processes by RSS Memory:
    PID    PPID CMD                           RSS
   1042    1039 uwsgi /etc/ansible-automati 134472
   1044    1039 uwsgi /etc/ansible-automati 131976
   1045    1039 uwsgi /etc/ansible-automati 131612
   1043    1039 uwsgi /etc/ansible-automati 128752
   1551    1040 /usr/bin/python3.11 -sP /us 126900
   1041    1039 uwsgi /etc/ansible-automati 126252
   1040     744 /usr/bin/python3.11 -sP /us 114212
   1553    1040 /usr/bin/python3.11 -sP /us 99028
   1550    1040 /usr/bin/python3.11 -sP /us 98900
   1552    1040 /usr/bin/python3.11 -sP /us 98900

=== RECEPTOR PROCESS ANALYSIS ===
Receptor Main Processes:
    PID    PPID CMD                           RSS    VSZ %CPU %MEM     ELAPSED
   8294       1 bash -c  log_file="/tmp/mem  3584   7336  0.0  0.0       03:37
Receptor Child Processes for PID 8294:
      PID    PPID CMD                           RSS    VSZ %CPU %MEM     ELAPSED
Receptor Threads for PID 8294:
    PID    SPID %CPU %MEM   RSS COMMAND
   8294    8294  0.0  0.0  3584 bash
Receptor Network Connections for PID 8294:
COMMAND    PID   USER   FD   TYPE DEVICE SIZE/OFF     NODE NAME
envoy      718   root   22u  IPv4 155754      0t0      TCP localhost.localdomain:https->192.168.1.49:44362 (ESTABLISHED)
envoy      718   root   31u  IPv4 157257      0t0      TCP localhost.localdomain:33592->localhost.localdomain:pcsync-https (ESTABLISHED)
envoy      718   root   32u  IPv4 157979      0t0      TCP localhost.localdomain:55580->aap25-control.lan:https (ESTABLISHED)
envoy      718   root   34u  IPv4  24602      0t0      TCP *:https (LISTEN)
envoy      718   root   35u  IPv4  24603      0t0      TCP *:https (LISTEN)
envoy      718   root   36u  IPv4 156102      0t0      TCP localhost.localdomain:https->192.168.1.49:39398 (ESTABLISHED)
envoy      718   root   37u  IPv4 155055      0t0      TCP localhost.localdomain:46672->localhost.localdomain:pcsync-https (ESTABLISHED)
envoy      718   root   38u  IPv4  24768      0t0      TCP localhost:36502->localhost:50051 (ESTABLISHED)
envoy      718   root   39u  IPv4 151120      0t0      TCP localhost.localdomain:33070->localhost.localdomain:pcsync-https (ESTABLISHED)
envoy      718   root   40u  IPv4  24083      0t0      TCP localhost:36212->localhost:50051 (ESTABLISHED)
envoy      718   root   42u  IPv4 159454      0t0      TCP localhost.localdomain:60832->localhost.localdomain:pcsync-https (ESTABLISHED)
envoy      718   root   43u  IPv4 153460      0t0      TCP localhost.localdomain:https->192.168.1.49:51778 (ESTABLISHED)
envoy      718   root   44u  IPv4 159297      0t0      TCP localhost.localdomain:https->192.168.1.49:47144 (ESTABLISHED)
envoy      718   root   45u  IPv4 159299      0t0      TCP localhost.localdomain:https->192.168.1.49:47152 (ESTABLISHED)
envoy      718   root   46u  IPv4 159983      0t0      TCP localhost.localdomain:https->192.168.1.49:47126 (ESTABLISHED)
envoy      718   root   47u  IPv4 153464      0t0      TCP localhost.localdomain:36730->aap25-control.lan:https (ESTABLISHED)
envoy      718   root   50u  IPv4 159985      0t0      TCP localhost.localdomain:https->192.168.1.49:47130 (ESTABLISHED)
chronyd    731 chrony    5u  IPv4  21318      0t0      UDP localhost:323 
chronyd    731 chrony    6u  IPv6  21319      0t0      UDP localhost:323 
NetworkMa  741   root   26u  IPv4  22282      0t0      UDP localhost.localdomain:bootpc->pi.hole:bootps 
sshd       771   root    3u  IPv4  22671      0t0      TCP *:ssh (LISTEN)
sshd       771   root    4u  IPv6  22680      0t0      TCP *:ssh (LISTEN)
uwsgi     1039   root    3u  IPv4  22268      0t0      TCP localhost:8050 (LISTEN)
uwsgi     1041   root    3u  IPv4  22268      0t0      TCP localhost:8050 (LISTEN)
uwsgi     1041   root    9u  IPv4  24673      0t0      TCP localhost.localdomain:39976->localhost.localdomain:redis (ESTABLISHED)
uwsgi     1042   root    3u  IPv4  22268      0t0      TCP localhost:8050 (LISTEN)
uwsgi     1042   root    9u  IPv4  23944      0t0      TCP localhost.localdomain:47062->localhost.localdomain:redis (ESTABLISHED)
uwsgi     1043   root    3u  IPv4  22268      0t0      TCP localhost:8050 (LISTEN)
uwsgi     1043   root    8u  IPv4  23929      0t0      TCP localhost.localdomain:40010->localhost.localdomain:redis (ESTABLISHED)
uwsgi     1044   root    3u  IPv4  22268      0t0      TCP localhost:8050 (LISTEN)
uwsgi     1044   root    8u  IPv4  24120      0t0      TCP localhost.localdomain:38856->localhost.localdomain:redis (ESTABLISHED)
uwsgi     1045   root    3u  IPv4  22268      0t0      TCP localhost:8050 (LISTEN)
uwsgi     1045   root    7u  IPv4  23502      0t0      TCP localhost.localdomain:39996->localhost.localdomain:redis (ESTABLISHED)
redis-ser 1055  redis    6u  IPv4  23180      0t0      TCP *:redis (LISTEN)
redis-ser 1055  redis    7u  IPv6  23181      0t0      TCP *:redis (LISTEN)
redis-ser 1055  redis    8u  IPv4  23915      0t0      TCP localhost.localdomain:redis->localhost.localdomain:39996 (ESTABLISHED)
redis-ser 1055  redis    9u  IPv4  24592      0t0      TCP localhost.localdomain:redis->localhost.localdomain:40010 (ESTABLISHED)
redis-ser 1055  redis   10u  IPv4  24629      0t0      TCP localhost.localdomain:redis->localhost.localdomain:47062 (ESTABLISHED)
redis-ser 1055  redis   11u  IPv4  23986      0t0      TCP localhost.localdomain:redis->localhost.localdomain:39976 (ESTABLISHED)
redis-ser 1055  redis   12u  IPv4  24052      0t0      TCP localhost.localdomain:redis->localhost.localdomain:39430 (ESTABLISHED)
redis-ser 1055  redis   13u  IPv4  24840      0t0      TCP localhost.localdomain:redis->localhost.localdomain:38856 (ESTABLISHED)
redis-ser 1055  redis   14u  IPv4  25748      0t0      TCP localhost.localdomain:redis->localhost.localdomain:54620 (ESTABLISHED)
redis-ser 1055  redis   15u  IPv4  25800      0t0      TCP localhost.localdomain:redis->localhost.localdomain:54634 (ESTABLISHED)
redis-ser 1055  redis   16u  IPv4  25803      0t0      TCP localhost.localdomain:redis->localhost.localdomain:54640 (ESTABLISHED)
redis-ser 1055  redis   17u  IPv4  25474      0t0      TCP localhost.localdomain:redis->localhost.localdomain:54656 (ESTABLISHED)
redis-ser 1055  redis   18u  IPv4  25510      0t0      TCP localhost.localdomain:redis->localhost.localdomain:54672 (ESTABLISHED)
nginx     1094   root    6u  IPv4  23210      0t0      TCP *:pcsync-https (LISTEN)
nginx     1095  nginx    6u  IPv4  23210      0t0      TCP *:pcsync-https (LISTEN)
nginx     1095  nginx   11u  IPv4 157977      0t0      TCP localhost.localdomain:pcsync-https->localhost.localdomain:33592 (ESTABLISHED)
nginx     1095  nginx   12u  IPv4 151802      0t0      TCP localhost.localdomain:pcsync-https->localhost.localdomain:33070 (ESTABLISHED)
nginx     1095  nginx   14u  IPv4 160161      0t0      TCP localhost.localdomain:pcsync-https->localhost.localdomain:60832 (ESTABLISHED)
nginx     1095  nginx   15u  IPv4 155770      0t0      TCP localhost.localdomain:pcsync-https->localhost.localdomain:46672 (ESTABLISHED)
nginx     1096  nginx    6u  IPv4  23210      0t0      TCP *:pcsync-https (LISTEN)
aap-gatew 1550   root    9u  IPv6  23874      0t0      TCP *:50051 (LISTEN)
aap-gatew 1551   root   11u  IPv6  23877      0t0      TCP *:50051 (LISTEN)
aap-gatew 1551   root   12u  IPv6  24050      0t0      TCP localhost:50051->localhost:36502 (ESTABLISHED)
aap-gatew 1551   root   13u  IPv4  24769      0t0      TCP localhost.localdomain:39430->localhost.localdomain:redis (ESTABLISHED)
aap-gatew 1551   root   14u  IPv4  24770      0t0      TCP localhost.localdomain:53488->aap25-database.lan:postgres (ESTABLISHED)
aap-gatew 1551   root   15u  IPv6  24800      0t0      TCP localhost:50051->localhost:36212 (ESTABLISHED)
aap-gatew 1551   root   16u  IPv4  25421      0t0      TCP localhost.localdomain:54620->localhost.localdomain:redis (ESTABLISHED)
aap-gatew 1551   root   17u  IPv4  25437      0t0      TCP localhost.localdomain:40206->aap25-database.lan:postgres (ESTABLISHED)
aap-gatew 1551   root   18u  IPv4  25768      0t0      TCP localhost.localdomain:40226->aap25-database.lan:postgres (ESTABLISHED)
aap-gatew 1551   root   19u  IPv4  25461      0t0      TCP localhost.localdomain:54634->localhost.localdomain:redis (ESTABLISHED)
aap-gatew 1551   root   20u  IPv4  25809      0t0      TCP localhost.localdomain:40244->aap25-database.lan:postgres (ESTABLISHED)
aap-gatew 1551   root   21u  IPv4  25802      0t0      TCP localhost.localdomain:54640->localhost.localdomain:redis (ESTABLISHED)
aap-gatew 1551   root   22u  IPv4  25465      0t0      TCP localhost.localdomain:40254->aap25-database.lan:postgres (ESTABLISHED)
aap-gatew 1551   root   23u  IPv4  25812      0t0      TCP localhost.localdomain:54656->localhost.localdomain:redis (ESTABLISHED)
aap-gatew 1551   root   24u  IPv4  25476      0t0      TCP localhost.localdomain:40256->aap25-database.lan:postgres (ESTABLISHED)
aap-gatew 1551   root   25u  IPv4  25509      0t0      TCP localhost.localdomain:54672->localhost.localdomain:redis (ESTABLISHED)
aap-gatew 1551   root   26u  IPv4  25888      0t0      TCP localhost.localdomain:47994->aap25-database.lan:postgres (ESTABLISHED)
aap-gatew 1552   root   13u  IPv6  23880      0t0      TCP *:50051 (LISTEN)
aap-gatew 1553   root   15u  IPv6  23474      0t0      TCP *:50051 (LISTEN)
aap-gatew 1554   root   17u  IPv6  23471      0t0      TCP *:50051 (LISTEN)
bash      8294   root  cwd    DIR  253,0     4096 50331782 /root
bash      8294   root  rtd    DIR  253,0      235      128 /
bash      8294   root  txt    REG  253,0  1389072 50367435 /usr/bin/bash
bash      8294   root  mem    REG  253,0  2586930 50367720 /usr/lib/locale/en_US.utf8/LC_COLLATE
bash      8294   root  mem    REG  253,0  2544344     2597 /usr/lib64/libc.so.6
bash      8294   root  mem    REG  253,0   346132 33699956 /usr/lib/locale/C.utf8/LC_CTYPE
bash      8294   root  mem    REG  253,0       54 50367723 /usr/lib/locale/en_US.utf8/LC_NUMERIC
bash      8294   root  mem    REG  253,0     3284     2565 /usr/lib/locale/en_US.utf8/LC_TIME
bash      8294   root  mem    REG  253,0      286     2563 /usr/lib/locale/en_US.utf8/LC_MONETARY
bash      8294   root  mem    REG  253,0       57     2576 /usr/lib/locale/en_US.utf8/LC_MESSAGES/SYS_LC_MESSAGES
bash      8294   root  mem    REG  253,0    26988 16780452 /usr/lib64/gconv/gconv-modules.cache
bash      8294   root  mem    REG  253,0   195080     2316 /usr/lib64/libtinfo.so.6.2
bash      8294   root  mem    REG  253,0       34 33700259 /usr/lib/locale/en_US.utf8/LC_PAPER
bash      8294   root  mem    REG  253,0       77 50367722 /usr/lib/locale/en_US.utf8/LC_NAME
bash      8294   root  mem    REG  253,0      167     2559 /usr/lib/locale/en_US.utf8/LC_ADDRESS
bash      8294   root  mem    REG  253,0       59     2564 /usr/lib/locale/en_US.utf8/LC_TELEPHONE
bash      8294   root  mem    REG  253,0       23     2562 /usr/lib/locale/en_US.utf8/LC_MEASUREMENT
bash      8294   root  mem    REG  253,0      369     2561 /usr/lib/locale/en_US.utf8/LC_IDENTIFICATION
bash      8294   root  mem    REG  253,0   897856     2593 /usr/lib64/ld-linux-x86-64.so.2
bash      8294   root    0r   CHR    1,3      0t0        4 /dev/null
bash      8294   root    1w   REG  253,0        0 34669828 /tmp/memory_monitor.log
bash      8294   root    2w   REG  253,0        0 34669828 /tmp/memory_monitor.log
bash      8294   root    3r  FIFO   0,13      0t0   168980 pipe

    PID    PPID CMD                           RSS    VSZ %CPU %MEM     ELAPSED
Receptor Child Processes for PID 9401:
  No child processes found
Receptor Threads for PID 9401:
    PID    SPID %CPU %MEM   RSS COMMAND
Receptor Network Connections for PID 9401:
COMMAND    PID   USER   FD   TYPE DEVICE SIZE/OFF NODE NAME
envoy      718   root   22u  IPv4 155754      0t0  TCP localhost.localdomain:https->192.168.1.49:44362 (ESTABLISHED)
envoy      718   root   31u  IPv4 157257      0t0  TCP localhost.localdomain:33592->localhost.localdomain:pcsync-https (ESTABLISHED)
envoy      718   root   32u  IPv4 157979      0t0  TCP localhost.localdomain:55580->aap25-control.lan:https (ESTABLISHED)
envoy      718   root   34u  IPv4  24602      0t0  TCP *:https (LISTEN)
envoy      718   root   35u  IPv4  24603      0t0  TCP *:https (LISTEN)
envoy      718   root   36u  IPv4 156102      0t0  TCP localhost.localdomain:https->192.168.1.49:39398 (ESTABLISHED)
envoy      718   root   37u  IPv4 155055      0t0  TCP localhost.localdomain:46672->localhost.localdomain:pcsync-https (ESTABLISHED)
envoy      718   root   38u  IPv4  24768      0t0  TCP localhost:36502->localhost:50051 (ESTABLISHED)
envoy      718   root   39u  IPv4 151120      0t0  TCP localhost.localdomain:33070->localhost.localdomain:pcsync-https (ESTABLISHED)
envoy      718   root   40u  IPv4  24083      0t0  TCP localhost:36212->localhost:50051 (ESTABLISHED)
envoy      718   root   42u  IPv4 159454      0t0  TCP localhost.localdomain:60832->localhost.localdomain:pcsync-https (ESTABLISHED)
envoy      718   root   43u  IPv4 153460      0t0  TCP localhost.localdomain:https->192.168.1.49:51778 (ESTABLISHED)
envoy      718   root   44u  IPv4 159297      0t0  TCP localhost.localdomain:https->192.168.1.49:47144 (ESTABLISHED)
envoy      718   root   45u  IPv4 159299      0t0  TCP localhost.localdomain:https->192.168.1.49:47152 (ESTABLISHED)
envoy      718   root   46u  IPv4 159983      0t0  TCP localhost.localdomain:https->192.168.1.49:47126 (ESTABLISHED)
envoy      718   root   47u  IPv4 153464      0t0  TCP localhost.localdomain:36730->aap25-control.lan:https (ESTABLISHED)
envoy      718   root   50u  IPv4 159985      0t0  TCP localhost.localdomain:https->192.168.1.49:47130 (ESTABLISHED)
chronyd    731 chrony    5u  IPv4  21318      0t0  UDP localhost:323 
chronyd    731 chrony    6u  IPv6  21319      0t0  UDP localhost:323 
NetworkMa  741   root   26u  IPv4  22282      0t0  UDP localhost.localdomain:bootpc->pi.hole:bootps 
sshd       771   root    3u  IPv4  22671      0t0  TCP *:ssh (LISTEN)
sshd       771   root    4u  IPv6  22680      0t0  TCP *:ssh (LISTEN)
uwsgi     1039   root    3u  IPv4  22268      0t0  TCP localhost:8050 (LISTEN)
uwsgi     1041   root    3u  IPv4  22268      0t0  TCP localhost:8050 (LISTEN)
uwsgi     1041   root    9u  IPv4  24673      0t0  TCP localhost.localdomain:39976->localhost.localdomain:redis (ESTABLISHED)
uwsgi     1042   root    3u  IPv4  22268      0t0  TCP localhost:8050 (LISTEN)
uwsgi     1042   root    9u  IPv4  23944      0t0  TCP localhost.localdomain:47062->localhost.localdomain:redis (ESTABLISHED)
uwsgi     1043   root    3u  IPv4  22268      0t0  TCP localhost:8050 (LISTEN)
uwsgi     1043   root    8u  IPv4  23929      0t0  TCP localhost.localdomain:40010->localhost.localdomain:redis (ESTABLISHED)
uwsgi     1044   root    3u  IPv4  22268      0t0  TCP localhost:8050 (LISTEN)
uwsgi     1044   root    8u  IPv4  24120      0t0  TCP localhost.localdomain:38856->localhost.localdomain:redis (ESTABLISHED)
uwsgi     1045   root    3u  IPv4  22268      0t0  TCP localhost:8050 (LISTEN)
uwsgi     1045   root    7u  IPv4  23502      0t0  TCP localhost.localdomain:39996->localhost.localdomain:redis (ESTABLISHED)
redis-ser 1055  redis    6u  IPv4  23180      0t0  TCP *:redis (LISTEN)
redis-ser 1055  redis    7u  IPv6  23181      0t0  TCP *:redis (LISTEN)
redis-ser 1055  redis    8u  IPv4  23915      0t0  TCP localhost.localdomain:redis->localhost.localdomain:39996 (ESTABLISHED)
redis-ser 1055  redis    9u  IPv4  24592      0t0  TCP localhost.localdomain:redis->localhost.localdomain:40010 (ESTABLISHED)
redis-ser 1055  redis   10u  IPv4  24629      0t0  TCP localhost.localdomain:redis->localhost.localdomain:47062 (ESTABLISHED)
redis-ser 1055  redis   11u  IPv4  23986      0t0  TCP localhost.localdomain:redis->localhost.localdomain:39976 (ESTABLISHED)
redis-ser 1055  redis   12u  IPv4  24052      0t0  TCP localhost.localdomain:redis->localhost.localdomain:39430 (ESTABLISHED)
redis-ser 1055  redis   13u  IPv4  24840      0t0  TCP localhost.localdomain:redis->localhost.localdomain:38856 (ESTABLISHED)
redis-ser 1055  redis   14u  IPv4  25748      0t0  TCP localhost.localdomain:redis->localhost.localdomain:54620 (ESTABLISHED)
redis-ser 1055  redis   15u  IPv4  25800      0t0  TCP localhost.localdomain:redis->localhost.localdomain:54634 (ESTABLISHED)
redis-ser 1055  redis   16u  IPv4  25803      0t0  TCP localhost.localdomain:redis->localhost.localdomain:54640 (ESTABLISHED)
redis-ser 1055  redis   17u  IPv4  25474      0t0  TCP localhost.localdomain:redis->localhost.localdomain:54656 (ESTABLISHED)
redis-ser 1055  redis   18u  IPv4  25510      0t0  TCP localhost.localdomain:redis->localhost.localdomain:54672 (ESTABLISHED)
nginx     1094   root    6u  IPv4  23210      0t0  TCP *:pcsync-https (LISTEN)
nginx     1095  nginx    6u  IPv4  23210      0t0  TCP *:pcsync-https (LISTEN)
nginx     1095  nginx   11u  IPv4 157977      0t0  TCP localhost.localdomain:pcsync-https->localhost.localdomain:33592 (ESTABLISHED)
nginx     1095  nginx   12u  IPv4 151802      0t0  TCP localhost.localdomain:pcsync-https->localhost.localdomain:33070 (ESTABLISHED)
nginx     1095  nginx   14u  IPv4 160161      0t0  TCP localhost.localdomain:pcsync-https->localhost.localdomain:60832 (ESTABLISHED)
nginx     1095  nginx   15u  IPv4 155770      0t0  TCP localhost.localdomain:pcsync-https->localhost.localdomain:46672 (ESTABLISHED)
nginx     1096  nginx    6u  IPv4  23210      0t0  TCP *:pcsync-https (LISTEN)
aap-gatew 1550   root    9u  IPv6  23874      0t0  TCP *:50051 (LISTEN)
aap-gatew 1551   root   11u  IPv6  23877      0t0  TCP *:50051 (LISTEN)
aap-gatew 1551   root   12u  IPv6  24050      0t0  TCP localhost:50051->localhost:36502 (ESTABLISHED)
aap-gatew 1551   root   13u  IPv4  24769      0t0  TCP localhost.localdomain:39430->localhost.localdomain:redis (ESTABLISHED)
aap-gatew 1551   root   14u  IPv4  24770      0t0  TCP localhost.localdomain:53488->aap25-database.lan:postgres (ESTABLISHED)
aap-gatew 1551   root   15u  IPv6  24800      0t0  TCP localhost:50051->localhost:36212 (ESTABLISHED)
aap-gatew 1551   root   16u  IPv4  25421      0t0  TCP localhost.localdomain:54620->localhost.localdomain:redis (ESTABLISHED)
aap-gatew 1551   root   17u  IPv4  25437      0t0  TCP localhost.localdomain:40206->aap25-database.lan:postgres (ESTABLISHED)
aap-gatew 1551   root   18u  IPv4  25768      0t0  TCP localhost.localdomain:40226->aap25-database.lan:postgres (ESTABLISHED)
aap-gatew 1551   root   19u  IPv4  25461      0t0  TCP localhost.localdomain:54634->localhost.localdomain:redis (ESTABLISHED)
aap-gatew 1551   root   20u  IPv4  25809      0t0  TCP localhost.localdomain:40244->aap25-database.lan:postgres (ESTABLISHED)
aap-gatew 1551   root   21u  IPv4  25802      0t0  TCP localhost.localdomain:54640->localhost.localdomain:redis (ESTABLISHED)
aap-gatew 1551   root   22u  IPv4  25465      0t0  TCP localhost.localdomain:40254->aap25-database.lan:postgres (ESTABLISHED)
aap-gatew 1551   root   23u  IPv4  25812      0t0  TCP localhost.localdomain:54656->localhost.localdomain:redis (ESTABLISHED)
aap-gatew 1551   root   24u  IPv4  25476      0t0  TCP localhost.localdomain:40256->aap25-database.lan:postgres (ESTABLISHED)
aap-gatew 1551   root   25u  IPv4  25509      0t0  TCP localhost.localdomain:54672->localhost.localdomain:redis (ESTABLISHED)
aap-gatew 1551   root   26u  IPv4  25888      0t0  TCP localhost.localdomain:47994->aap25-database.lan:postgres (ESTABLISHED)
aap-gatew 1552   root   13u  IPv6  23880      0t0  TCP *:50051 (LISTEN)
aap-gatew 1553   root   15u  IPv6  23474      0t0  TCP *:50051 (LISTEN)
aap-gatew 1554   root   17u  IPv6  23471      0t0  TCP *:50051 (LISTEN)
  No network connections found

=== RECEPTOR MEMORY SUMMARY ===
Total Receptor RSS Memory: 3584 KB (3 MB)
Total Receptor VSZ Memory: 7336 KB (7 MB)
Number of Receptor Processes: 2

AAP-related Processes and Children:
=== AAP Service Processes ===
Process: uwsgi (PID: 1039)
    PID    PPID CMD                           RSS
   1039     744 uwsgi /etc/ansible-automati 14208
  Children of PID 1039:
    PID    PPID CMD                           RSS
   1041    1039 uwsgi /etc/ansible-automati 126252
    PID    PPID CMD                           RSS
   1042    1039 uwsgi /etc/ansible-automati 134472
    PID    PPID CMD                           RSS
   1043    1039 uwsgi /etc/ansible-automati 128752
    PID    PPID CMD                           RSS
   1044    1039 uwsgi /etc/ansible-automati 131976
    PID    PPID CMD                           RSS
   1045    1039 uwsgi /etc/ansible-automati 131612

Process: uwsgi (PID: 1041)
    PID    PPID CMD                           RSS
   1041    1039 uwsgi /etc/ansible-automati 126252

Process: uwsgi (PID: 1042)
    PID    PPID CMD                           RSS
   1042    1039 uwsgi /etc/ansible-automati 134472

Process: uwsgi (PID: 1043)
    PID    PPID CMD                           RSS
   1043    1039 uwsgi /etc/ansible-automati 128752

Process: uwsgi (PID: 1044)
    PID    PPID CMD                           RSS
   1044    1039 uwsgi /etc/ansible-automati 131976

Process: uwsgi (PID: 1045)
    PID    PPID CMD                           RSS
   1045    1039 uwsgi /etc/ansible-automati 131612

Process: redis-server (PID: 1055)
    PID    PPID CMD                           RSS
   1055       1 /usr/bin/redis-server *:637 16260

Process: nginx (PID: 1094)
    PID    PPID CMD                           RSS
   1094       1 nginx: master process /usr/  2084
  Children of PID 1094:
    PID    PPID CMD                           RSS
   1095    1094 nginx: worker process        8484
    PID    PPID CMD                           RSS
   1096    1094 nginx: worker process        8484

Process: nginx (PID: 1095)
    PID    PPID CMD                           RSS
   1095    1094 nginx: worker process        8484

Process: nginx (PID: 1096)
    PID    PPID CMD                           RSS
   1096    1094 nginx: worker process        8484

Process: bash (PID: 8294)
    PID    PPID CMD                           RSS
   8294       1 bash -c  log_file="/tmp/mem  3584
  Children of PID 8294:
    PID    PPID CMD                           RSS
   9460    8294 bash -c  log_file="/tmp/mem  2396

Process: bash (PID: 9460)
    PID    PPID CMD                           RSS
   9460    8294 bash -c  log_file="/tmp/mem  2396
  Children of PID 9460:
    PID    PPID CMD                           RSS


Process Tree for AAP Services:
=== automation-controller Process Tree ===
bash(8294)---pstree(9508)
=== receptor Process Tree ===
bash(8294)---pstree(9512)
=== nginx Process Tree ===
nginx(1094)-+-nginx(1095)
            `-nginx(1096)
nginx(1095)
nginx(1096)
bash(8294)---pstree(9519)
=== postgresql Process Tree ===
bash(8294)---pstree(9523)
=== redis Process Tree ===
redis-server(1055)-+-{redis-server}(1066)
                   |-{redis-server}(1067)
                   |-{redis-server}(1068)
                   `-{redis-server}(1069)
bash(8294)---pstree(9528)
=== uwsgi Process Tree ===
uwsgi(1039)-+-uwsgi(1041)
            |-uwsgi(1042)
            |-uwsgi(1043)
            |-uwsgi(1044)
            `-uwsgi(1045)
uwsgi(1041)
uwsgi(1042)
uwsgi(1043)
uwsgi(1044)
uwsgi(1045)
bash(8294)---pstree(9538)
=== automation-hub Process Tree ===
bash(8294)---pstree(9542)
=== automation-eda Process Tree ===
bash(8294)---pstree(9546)

=================================================================================
2025-07-07 18:55:55
Memory Usage Report:
               total        used        free      shared  buff/cache   available
Mem:            7555        1235        5911           9         656        6320
Swap:           5327           0        5327

Top 10 Processes by RSS Memory:
    PID    PPID CMD                           RSS
   1042    1039 uwsgi /etc/ansible-automati 134472
   1044    1039 uwsgi /etc/ansible-automati 131976
   1045    1039 uwsgi /etc/ansible-automati 131612
   1043    1039 uwsgi /etc/ansible-automati 128752
   1551    1040 /usr/bin/python3.11 -sP /us 126900
   1041    1039 uwsgi /etc/ansible-automati 126252
   1040     744 /usr/bin/python3.11 -sP /us 114212
   1553    1040 /usr/bin/python3.11 -sP /us 99028
   1550    1040 /usr/bin/python3.11 -sP /us 98900
   1552    1040 /usr/bin/python3.11 -sP /us 98900

=== RECEPTOR PROCESS ANALYSIS ===
Receptor Main Processes:
    PID    PPID CMD                           RSS    VSZ %CPU %MEM     ELAPSED
   8294       1 bash -c  log_file="/tmp/mem  3584   7336  0.0  0.0       04:07
Receptor Child Processes for PID 8294:
      PID    PPID CMD                           RSS    VSZ %CPU %MEM     ELAPSED
Receptor Threads for PID 8294:
    PID    SPID %CPU %MEM   RSS COMMAND
   8294    8294  0.0  0.0  3584 bash
Receptor Network Connections for PID 8294:
COMMAND    PID   USER   FD   TYPE DEVICE SIZE/OFF     NODE NAME
envoy      718   root   22u  IPv4 155754      0t0      TCP localhost.localdomain:https->192.168.1.49:44362 (ESTABLISHED)
envoy      718   root   31u  IPv4 157257      0t0      TCP localhost.localdomain:33592->localhost.localdomain:pcsync-https (ESTABLISHED)
envoy      718   root   32u  IPv4 157979      0t0      TCP localhost.localdomain:55580->aap25-control.lan:https (ESTABLISHED)
envoy      718   root   34u  IPv4  24602      0t0      TCP *:https (LISTEN)
envoy      718   root   35u  IPv4  24603      0t0      TCP *:https (LISTEN)
envoy      718   root   36u  IPv4 156102      0t0      TCP localhost.localdomain:https->192.168.1.49:39398 (ESTABLISHED)
envoy      718   root   37u  IPv4 155055      0t0      TCP localhost.localdomain:46672->localhost.localdomain:pcsync-https (ESTABLISHED)
envoy      718   root   38u  IPv4  24768      0t0      TCP localhost:36502->localhost:50051 (ESTABLISHED)
envoy      718   root   39u  IPv4 151120      0t0      TCP localhost.localdomain:33070->localhost.localdomain:pcsync-https (ESTABLISHED)
envoy      718   root   40u  IPv4  24083      0t0      TCP localhost:36212->localhost:50051 (ESTABLISHED)
envoy      718   root   41u  IPv4 169509      0t0      TCP localhost.localdomain:55332->aap25-control.lan:https (ESTABLISHED)
envoy      718   root   42u  IPv4 159454      0t0      TCP localhost.localdomain:60832->localhost.localdomain:pcsync-https (ESTABLISHED)
envoy      718   root   43u  IPv4 153460      0t0      TCP localhost.localdomain:https->192.168.1.49:51778 (ESTABLISHED)
envoy      718   root   44u  IPv4 159297      0t0      TCP localhost.localdomain:https->192.168.1.49:47144 (ESTABLISHED)
envoy      718   root   45u  IPv4 159299      0t0      TCP localhost.localdomain:https->192.168.1.49:47152 (ESTABLISHED)
envoy      718   root   46u  IPv4 159983      0t0      TCP localhost.localdomain:https->192.168.1.49:47126 (ESTABLISHED)
envoy      718   root   47u  IPv4 153464      0t0      TCP localhost.localdomain:36730->aap25-control.lan:https (ESTABLISHED)
envoy      718   root   50u  IPv4 159985      0t0      TCP localhost.localdomain:https->192.168.1.49:47130 (ESTABLISHED)
chronyd    731 chrony    5u  IPv4  21318      0t0      UDP localhost:323 
chronyd    731 chrony    6u  IPv6  21319      0t0      UDP localhost:323 
NetworkMa  741   root   26u  IPv4  22282      0t0      UDP localhost.localdomain:bootpc->pi.hole:bootps 
sshd       771   root    3u  IPv4  22671      0t0      TCP *:ssh (LISTEN)
sshd       771   root    4u  IPv6  22680      0t0      TCP *:ssh (LISTEN)
uwsgi     1039   root    3u  IPv4  22268      0t0      TCP localhost:8050 (LISTEN)
uwsgi     1041   root    3u  IPv4  22268      0t0      TCP localhost:8050 (LISTEN)
uwsgi     1041   root    9u  IPv4  24673      0t0      TCP localhost.localdomain:39976->localhost.localdomain:redis (ESTABLISHED)
uwsgi     1042   root    3u  IPv4  22268      0t0      TCP localhost:8050 (LISTEN)
uwsgi     1042   root    9u  IPv4  23944      0t0      TCP localhost.localdomain:47062->localhost.localdomain:redis (ESTABLISHED)
uwsgi     1043   root    3u  IPv4  22268      0t0      TCP localhost:8050 (LISTEN)
uwsgi     1043   root    8u  IPv4  23929      0t0      TCP localhost.localdomain:40010->localhost.localdomain:redis (ESTABLISHED)
uwsgi     1044   root    3u  IPv4  22268      0t0      TCP localhost:8050 (LISTEN)
uwsgi     1044   root    8u  IPv4  24120      0t0      TCP localhost.localdomain:38856->localhost.localdomain:redis (ESTABLISHED)
uwsgi     1045   root    3u  IPv4  22268      0t0      TCP localhost:8050 (LISTEN)
uwsgi     1045   root    7u  IPv4  23502      0t0      TCP localhost.localdomain:39996->localhost.localdomain:redis (ESTABLISHED)
redis-ser 1055  redis    6u  IPv4  23180      0t0      TCP *:redis (LISTEN)
redis-ser 1055  redis    7u  IPv6  23181      0t0      TCP *:redis (LISTEN)
redis-ser 1055  redis    8u  IPv4  23915      0t0      TCP localhost.localdomain:redis->localhost.localdomain:39996 (ESTABLISHED)
redis-ser 1055  redis    9u  IPv4  24592      0t0      TCP localhost.localdomain:redis->localhost.localdomain:40010 (ESTABLISHED)
redis-ser 1055  redis   10u  IPv4  24629      0t0      TCP localhost.localdomain:redis->localhost.localdomain:47062 (ESTABLISHED)
redis-ser 1055  redis   11u  IPv4  23986      0t0      TCP localhost.localdomain:redis->localhost.localdomain:39976 (ESTABLISHED)
redis-ser 1055  redis   12u  IPv4  24052      0t0      TCP localhost.localdomain:redis->localhost.localdomain:39430 (ESTABLISHED)
redis-ser 1055  redis   13u  IPv4  24840      0t0      TCP localhost.localdomain:redis->localhost.localdomain:38856 (ESTABLISHED)
redis-ser 1055  redis   14u  IPv4  25748      0t0      TCP localhost.localdomain:redis->localhost.localdomain:54620 (ESTABLISHED)
redis-ser 1055  redis   15u  IPv4  25800      0t0      TCP localhost.localdomain:redis->localhost.localdomain:54634 (ESTABLISHED)
redis-ser 1055  redis   16u  IPv4  25803      0t0      TCP localhost.localdomain:redis->localhost.localdomain:54640 (ESTABLISHED)
redis-ser 1055  redis   17u  IPv4  25474      0t0      TCP localhost.localdomain:redis->localhost.localdomain:54656 (ESTABLISHED)
redis-ser 1055  redis   18u  IPv4  25510      0t0      TCP localhost.localdomain:redis->localhost.localdomain:54672 (ESTABLISHED)
nginx     1094   root    6u  IPv4  23210      0t0      TCP *:pcsync-https (LISTEN)
nginx     1095  nginx    6u  IPv4  23210      0t0      TCP *:pcsync-https (LISTEN)
nginx     1095  nginx   11u  IPv4 157977      0t0      TCP localhost.localdomain:pcsync-https->localhost.localdomain:33592 (ESTABLISHED)
nginx     1095  nginx   12u  IPv4 151802      0t0      TCP localhost.localdomain:pcsync-https->localhost.localdomain:33070 (ESTABLISHED)
nginx     1095  nginx   14u  IPv4 160161      0t0      TCP localhost.localdomain:pcsync-https->localhost.localdomain:60832 (ESTABLISHED)
nginx     1095  nginx   15u  IPv4 155770      0t0      TCP localhost.localdomain:pcsync-https->localhost.localdomain:46672 (ESTABLISHED)
nginx     1096  nginx    6u  IPv4  23210      0t0      TCP *:pcsync-https (LISTEN)
aap-gatew 1550   root    9u  IPv6  23874      0t0      TCP *:50051 (LISTEN)
aap-gatew 1551   root   11u  IPv6  23877      0t0      TCP *:50051 (LISTEN)
aap-gatew 1551   root   12u  IPv6  24050      0t0      TCP localhost:50051->localhost:36502 (ESTABLISHED)
aap-gatew 1551   root   13u  IPv4  24769      0t0      TCP localhost.localdomain:39430->localhost.localdomain:redis (ESTABLISHED)
aap-gatew 1551   root   14u  IPv4  24770      0t0      TCP localhost.localdomain:53488->aap25-database.lan:postgres (ESTABLISHED)
aap-gatew 1551   root   15u  IPv6  24800      0t0      TCP localhost:50051->localhost:36212 (ESTABLISHED)
aap-gatew 1551   root   16u  IPv4  25421      0t0      TCP localhost.localdomain:54620->localhost.localdomain:redis (ESTABLISHED)
aap-gatew 1551   root   17u  IPv4  25437      0t0      TCP localhost.localdomain:40206->aap25-database.lan:postgres (ESTABLISHED)
aap-gatew 1551   root   18u  IPv4  25768      0t0      TCP localhost.localdomain:40226->aap25-database.lan:postgres (ESTABLISHED)
aap-gatew 1551   root   19u  IPv4  25461      0t0      TCP localhost.localdomain:54634->localhost.localdomain:redis (ESTABLISHED)
aap-gatew 1551   root   20u  IPv4  25809      0t0      TCP localhost.localdomain:40244->aap25-database.lan:postgres (ESTABLISHED)
aap-gatew 1551   root   21u  IPv4  25802      0t0      TCP localhost.localdomain:54640->localhost.localdomain:redis (ESTABLISHED)
aap-gatew 1551   root   22u  IPv4  25465      0t0      TCP localhost.localdomain:40254->aap25-database.lan:postgres (ESTABLISHED)
aap-gatew 1551   root   23u  IPv4  25812      0t0      TCP localhost.localdomain:54656->localhost.localdomain:redis (ESTABLISHED)
aap-gatew 1551   root   24u  IPv4  25476      0t0      TCP localhost.localdomain:40256->aap25-database.lan:postgres (ESTABLISHED)
aap-gatew 1551   root   25u  IPv4  25509      0t0      TCP localhost.localdomain:54672->localhost.localdomain:redis (ESTABLISHED)
aap-gatew 1551   root   26u  IPv4  25888      0t0      TCP localhost.localdomain:47994->aap25-database.lan:postgres (ESTABLISHED)
aap-gatew 1552   root   13u  IPv6  23880      0t0      TCP *:50051 (LISTEN)
aap-gatew 1553   root   15u  IPv6  23474      0t0      TCP *:50051 (LISTEN)
aap-gatew 1554   root   17u  IPv6  23471      0t0      TCP *:50051 (LISTEN)
bash      8294   root  cwd    DIR  253,0     4096 50331782 /root
bash      8294   root  rtd    DIR  253,0      235      128 /
bash      8294   root  txt    REG  253,0  1389072 50367435 /usr/bin/bash
bash      8294   root  mem    REG  253,0  2586930 50367720 /usr/lib/locale/en_US.utf8/LC_COLLATE
bash      8294   root  mem    REG  253,0  2544344     2597 /usr/lib64/libc.so.6
bash      8294   root  mem    REG  253,0   346132 33699956 /usr/lib/locale/C.utf8/LC_CTYPE
bash      8294   root  mem    REG  253,0       54 50367723 /usr/lib/locale/en_US.utf8/LC_NUMERIC
bash      8294   root  mem    REG  253,0     3284     2565 /usr/lib/locale/en_US.utf8/LC_TIME
bash      8294   root  mem    REG  253,0      286     2563 /usr/lib/locale/en_US.utf8/LC_MONETARY
bash      8294   root  mem    REG  253,0       57     2576 /usr/lib/locale/en_US.utf8/LC_MESSAGES/SYS_LC_MESSAGES
bash      8294   root  mem    REG  253,0    26988 16780452 /usr/lib64/gconv/gconv-modules.cache
bash      8294   root  mem    REG  253,0   195080     2316 /usr/lib64/libtinfo.so.6.2
bash      8294   root  mem    REG  253,0       34 33700259 /usr/lib/locale/en_US.utf8/LC_PAPER
bash      8294   root  mem    REG  253,0       77 50367722 /usr/lib/locale/en_US.utf8/LC_NAME
bash      8294   root  mem    REG  253,0      167     2559 /usr/lib/locale/en_US.utf8/LC_ADDRESS
bash      8294   root  mem    REG  253,0       59     2564 /usr/lib/locale/en_US.utf8/LC_TELEPHONE
bash      8294   root  mem    REG  253,0       23     2562 /usr/lib/locale/en_US.utf8/LC_MEASUREMENT
bash      8294   root  mem    REG  253,0      369     2561 /usr/lib/locale/en_US.utf8/LC_IDENTIFICATION
bash      8294   root  mem    REG  253,0   897856     2593 /usr/lib64/ld-linux-x86-64.so.2
bash      8294   root    0r   CHR    1,3      0t0        4 /dev/null
bash      8294   root    1w   REG  253,0        0 34669828 /tmp/memory_monitor.log
bash      8294   root    2w   REG  253,0        0 34669828 /tmp/memory_monitor.log
bash      8294   root    3r  FIFO   0,13      0t0   169562 pipe

    PID    PPID CMD                           RSS    VSZ %CPU %MEM     ELAPSED
Receptor Child Processes for PID 9554:
  No child processes found
Receptor Threads for PID 9554:
    PID    SPID %CPU %MEM   RSS COMMAND
Receptor Network Connections for PID 9554:
COMMAND    PID   USER   FD   TYPE DEVICE SIZE/OFF NODE NAME
envoy      718   root   22u  IPv4 155754      0t0  TCP localhost.localdomain:https->192.168.1.49:44362 (ESTABLISHED)
envoy      718   root   31u  IPv4 157257      0t0  TCP localhost.localdomain:33592->localhost.localdomain:pcsync-https (ESTABLISHED)
envoy      718   root   32u  IPv4 157979      0t0  TCP localhost.localdomain:55580->aap25-control.lan:https (ESTABLISHED)
envoy      718   root   34u  IPv4  24602      0t0  TCP *:https (LISTEN)
envoy      718   root   35u  IPv4  24603      0t0  TCP *:https (LISTEN)
envoy      718   root   36u  IPv4 156102      0t0  TCP localhost.localdomain:https->192.168.1.49:39398 (ESTABLISHED)
envoy      718   root   37u  IPv4 155055      0t0  TCP localhost.localdomain:46672->localhost.localdomain:pcsync-https (ESTABLISHED)
envoy      718   root   38u  IPv4  24768      0t0  TCP localhost:36502->localhost:50051 (ESTABLISHED)
envoy      718   root   39u  IPv4 151120      0t0  TCP localhost.localdomain:33070->localhost.localdomain:pcsync-https (ESTABLISHED)
envoy      718   root   40u  IPv4  24083      0t0  TCP localhost:36212->localhost:50051 (ESTABLISHED)
envoy      718   root   41u  IPv4 169509      0t0  TCP localhost.localdomain:55332->aap25-control.lan:https (ESTABLISHED)
envoy      718   root   42u  IPv4 159454      0t0  TCP localhost.localdomain:60832->localhost.localdomain:pcsync-https (ESTABLISHED)
envoy      718   root   43u  IPv4 153460      0t0  TCP localhost.localdomain:https->192.168.1.49:51778 (ESTABLISHED)
envoy      718   root   44u  IPv4 159297      0t0  TCP localhost.localdomain:https->192.168.1.49:47144 (ESTABLISHED)
envoy      718   root   45u  IPv4 159299      0t0  TCP localhost.localdomain:https->192.168.1.49:47152 (ESTABLISHED)
envoy      718   root   46u  IPv4 159983      0t0  TCP localhost.localdomain:https->192.168.1.49:47126 (ESTABLISHED)
envoy      718   root   47u  IPv4 153464      0t0  TCP localhost.localdomain:36730->aap25-control.lan:https (ESTABLISHED)
envoy      718   root   50u  IPv4 159985      0t0  TCP localhost.localdomain:https->192.168.1.49:47130 (ESTABLISHED)
chronyd    731 chrony    5u  IPv4  21318      0t0  UDP localhost:323 
chronyd    731 chrony    6u  IPv6  21319      0t0  UDP localhost:323 
NetworkMa  741   root   26u  IPv4  22282      0t0  UDP localhost.localdomain:bootpc->pi.hole:bootps 
sshd       771   root    3u  IPv4  22671      0t0  TCP *:ssh (LISTEN)
sshd       771   root    4u  IPv6  22680      0t0  TCP *:ssh (LISTEN)
uwsgi     1039   root    3u  IPv4  22268      0t0  TCP localhost:8050 (LISTEN)
uwsgi     1041   root    3u  IPv4  22268      0t0  TCP localhost:8050 (LISTEN)
uwsgi     1041   root    9u  IPv4  24673      0t0  TCP localhost.localdomain:39976->localhost.localdomain:redis (ESTABLISHED)
uwsgi     1042   root    3u  IPv4  22268      0t0  TCP localhost:8050 (LISTEN)
uwsgi     1042   root    9u  IPv4  23944      0t0  TCP localhost.localdomain:47062->localhost.localdomain:redis (ESTABLISHED)
uwsgi     1043   root    3u  IPv4  22268      0t0  TCP localhost:8050 (LISTEN)
uwsgi     1043   root    8u  IPv4  23929      0t0  TCP localhost.localdomain:40010->localhost.localdomain:redis (ESTABLISHED)
uwsgi     1044   root    3u  IPv4  22268      0t0  TCP localhost:8050 (LISTEN)
uwsgi     1044   root    8u  IPv4  24120      0t0  TCP localhost.localdomain:38856->localhost.localdomain:redis (ESTABLISHED)
uwsgi     1045   root    3u  IPv4  22268      0t0  TCP localhost:8050 (LISTEN)
uwsgi     1045   root    7u  IPv4  23502      0t0  TCP localhost.localdomain:39996->localhost.localdomain:redis (ESTABLISHED)
redis-ser 1055  redis    6u  IPv4  23180      0t0  TCP *:redis (LISTEN)
redis-ser 1055  redis    7u  IPv6  23181      0t0  TCP *:redis (LISTEN)
redis-ser 1055  redis    8u  IPv4  23915      0t0  TCP localhost.localdomain:redis->localhost.localdomain:39996 (ESTABLISHED)
redis-ser 1055  redis    9u  IPv4  24592      0t0  TCP localhost.localdomain:redis->localhost.localdomain:40010 (ESTABLISHED)
redis-ser 1055  redis   10u  IPv4  24629      0t0  TCP localhost.localdomain:redis->localhost.localdomain:47062 (ESTABLISHED)
redis-ser 1055  redis   11u  IPv4  23986      0t0  TCP localhost.localdomain:redis->localhost.localdomain:39976 (ESTABLISHED)
redis-ser 1055  redis   12u  IPv4  24052      0t0  TCP localhost.localdomain:redis->localhost.localdomain:39430 (ESTABLISHED)
redis-ser 1055  redis   13u  IPv4  24840      0t0  TCP localhost.localdomain:redis->localhost.localdomain:38856 (ESTABLISHED)
redis-ser 1055  redis   14u  IPv4  25748      0t0  TCP localhost.localdomain:redis->localhost.localdomain:54620 (ESTABLISHED)
redis-ser 1055  redis   15u  IPv4  25800      0t0  TCP localhost.localdomain:redis->localhost.localdomain:54634 (ESTABLISHED)
redis-ser 1055  redis   16u  IPv4  25803      0t0  TCP localhost.localdomain:redis->localhost.localdomain:54640 (ESTABLISHED)
redis-ser 1055  redis   17u  IPv4  25474      0t0  TCP localhost.localdomain:redis->localhost.localdomain:54656 (ESTABLISHED)
redis-ser 1055  redis   18u  IPv4  25510      0t0  TCP localhost.localdomain:redis->localhost.localdomain:54672 (ESTABLISHED)
nginx     1094   root    6u  IPv4  23210      0t0  TCP *:pcsync-https (LISTEN)
nginx     1095  nginx    6u  IPv4  23210      0t0  TCP *:pcsync-https (LISTEN)
nginx     1095  nginx   11u  IPv4 157977      0t0  TCP localhost.localdomain:pcsync-https->localhost.localdomain:33592 (ESTABLISHED)
nginx     1095  nginx   12u  IPv4 151802      0t0  TCP localhost.localdomain:pcsync-https->localhost.localdomain:33070 (ESTABLISHED)
nginx     1095  nginx   14u  IPv4 160161      0t0  TCP localhost.localdomain:pcsync-https->localhost.localdomain:60832 (ESTABLISHED)
nginx     1095  nginx   15u  IPv4 155770      0t0  TCP localhost.localdomain:pcsync-https->localhost.localdomain:46672 (ESTABLISHED)
nginx     1096  nginx    6u  IPv4  23210      0t0  TCP *:pcsync-https (LISTEN)
aap-gatew 1550   root    9u  IPv6  23874      0t0  TCP *:50051 (LISTEN)
aap-gatew 1551   root   11u  IPv6  23877      0t0  TCP *:50051 (LISTEN)
aap-gatew 1551   root   12u  IPv6  24050      0t0  TCP localhost:50051->localhost:36502 (ESTABLISHED)
aap-gatew 1551   root   13u  IPv4  24769      0t0  TCP localhost.localdomain:39430->localhost.localdomain:redis (ESTABLISHED)
aap-gatew 1551   root   14u  IPv4  24770      0t0  TCP localhost.localdomain:53488->aap25-database.lan:postgres (ESTABLISHED)
aap-gatew 1551   root   15u  IPv6  24800      0t0  TCP localhost:50051->localhost:36212 (ESTABLISHED)
aap-gatew 1551   root   16u  IPv4  25421      0t0  TCP localhost.localdomain:54620->localhost.localdomain:redis (ESTABLISHED)
aap-gatew 1551   root   17u  IPv4  25437      0t0  TCP localhost.localdomain:40206->aap25-database.lan:postgres (ESTABLISHED)
aap-gatew 1551   root   18u  IPv4  25768      0t0  TCP localhost.localdomain:40226->aap25-database.lan:postgres (ESTABLISHED)
aap-gatew 1551   root   19u  IPv4  25461      0t0  TCP localhost.localdomain:54634->localhost.localdomain:redis (ESTABLISHED)
aap-gatew 1551   root   20u  IPv4  25809      0t0  TCP localhost.localdomain:40244->aap25-database.lan:postgres (ESTABLISHED)
aap-gatew 1551   root   21u  IPv4  25802      0t0  TCP localhost.localdomain:54640->localhost.localdomain:redis (ESTABLISHED)
aap-gatew 1551   root   22u  IPv4  25465      0t0  TCP localhost.localdomain:40254->aap25-database.lan:postgres (ESTABLISHED)
aap-gatew 1551   root   23u  IPv4  25812      0t0  TCP localhost.localdomain:54656->localhost.localdomain:redis (ESTABLISHED)
aap-gatew 1551   root   24u  IPv4  25476      0t0  TCP localhost.localdomain:40256->aap25-database.lan:postgres (ESTABLISHED)
aap-gatew 1551   root   25u  IPv4  25509      0t0  TCP localhost.localdomain:54672->localhost.localdomain:redis (ESTABLISHED)
aap-gatew 1551   root   26u  IPv4  25888      0t0  TCP localhost.localdomain:47994->aap25-database.lan:postgres (ESTABLISHED)
aap-gatew 1552   root   13u  IPv6  23880      0t0  TCP *:50051 (LISTEN)
aap-gatew 1553   root   15u  IPv6  23474      0t0  TCP *:50051 (LISTEN)
aap-gatew 1554   root   17u  IPv6  23471      0t0  TCP *:50051 (LISTEN)
  No network connections found

=== RECEPTOR MEMORY SUMMARY ===
Total Receptor RSS Memory: 3584 KB (3 MB)
Total Receptor VSZ Memory: 7336 KB (7 MB)
Number of Receptor Processes: 2

AAP-related Processes and Children:
=== AAP Service Processes ===
Process: uwsgi (PID: 1039)
    PID    PPID CMD                           RSS
   1039     744 uwsgi /etc/ansible-automati 14208
  Children of PID 1039:
    PID    PPID CMD                           RSS
   1041    1039 uwsgi /etc/ansible-automati 126252
    PID    PPID CMD                           RSS
   1042    1039 uwsgi /etc/ansible-automati 134472
    PID    PPID CMD                           RSS
   1043    1039 uwsgi /etc/ansible-automati 128752
    PID    PPID CMD                           RSS
   1044    1039 uwsgi /etc/ansible-automati 131976
    PID    PPID CMD                           RSS
   1045    1039 uwsgi /etc/ansible-automati 131612

Process: uwsgi (PID: 1041)
    PID    PPID CMD                           RSS
   1041    1039 uwsgi /etc/ansible-automati 126252

Process: uwsgi (PID: 1042)
    PID    PPID CMD                           RSS
   1042    1039 uwsgi /etc/ansible-automati 134472

Process: uwsgi (PID: 1043)
    PID    PPID CMD                           RSS
   1043    1039 uwsgi /etc/ansible-automati 128752

Process: uwsgi (PID: 1044)
    PID    PPID CMD                           RSS
   1044    1039 uwsgi /etc/ansible-automati 131976

Process: uwsgi (PID: 1045)
    PID    PPID CMD                           RSS
   1045    1039 uwsgi /etc/ansible-automati 131612

Process: redis-server (PID: 1055)
    PID    PPID CMD                           RSS
   1055       1 /usr/bin/redis-server *:637 16260

Process: nginx (PID: 1094)
    PID    PPID CMD                           RSS
   1094       1 nginx: master process /usr/  2084
  Children of PID 1094:
    PID    PPID CMD                           RSS
   1095    1094 nginx: worker process        8484
    PID    PPID CMD                           RSS
   1096    1094 nginx: worker process        8484

Process: nginx (PID: 1095)
    PID    PPID CMD                           RSS
   1095    1094 nginx: worker process        8484

Process: nginx (PID: 1096)
    PID    PPID CMD                           RSS
   1096    1094 nginx: worker process        8484

Process: bash (PID: 8294)
    PID    PPID CMD                           RSS
   8294       1 bash -c  log_file="/tmp/mem  3584
  Children of PID 8294:
    PID    PPID CMD                           RSS
   9613    8294 bash -c  log_file="/tmp/mem  2396

Process: bash (PID: 9613)
    PID    PPID CMD                           RSS
   9613    8294 bash -c  log_file="/tmp/mem  2396
  Children of PID 9613:
    PID    PPID CMD                           RSS


Process Tree for AAP Services:
=== automation-controller Process Tree ===
bash(8294)---pstree(9661)
=== receptor Process Tree ===
bash(8294)---pstree(9665)
=== nginx Process Tree ===
nginx(1094)-+-nginx(1095)
            `-nginx(1096)
nginx(1095)
nginx(1096)
bash(8294)---pstree(9672)
=== postgresql Process Tree ===
bash(8294)---pstree(9676)
=== redis Process Tree ===
redis-server(1055)-+-{redis-server}(1066)
                   |-{redis-server}(1067)
                   |-{redis-server}(1068)
                   `-{redis-server}(1069)
bash(8294)---pstree(9681)
=== uwsgi Process Tree ===
uwsgi(1039)-+-uwsgi(1041)
            |-uwsgi(1042)
            |-uwsgi(1043)
            |-uwsgi(1044)
            `-uwsgi(1045)
uwsgi(1041)
uwsgi(1042)
uwsgi(1043)
uwsgi(1044)
uwsgi(1045)
bash(8294)---pstree(9691)
=== automation-hub Process Tree ===
bash(8294)---pstree(9695)
=== automation-eda Process Tree ===
bash(8294)---pstree(9699)

=================================================================================
2025-07-07 18:56:26
Memory Usage Report:
               total        used        free      shared  buff/cache   available
Mem:            7555        1234        5911           9         656        6320
Swap:           5327           0        5327

Top 10 Processes by RSS Memory:
    PID    PPID CMD                           RSS
   1042    1039 uwsgi /etc/ansible-automati 134472
   1044    1039 uwsgi /etc/ansible-automati 131976
   1045    1039 uwsgi /etc/ansible-automati 131612
   1043    1039 uwsgi /etc/ansible-automati 128752
   1551    1040 /usr/bin/python3.11 -sP /us 126900
   1041    1039 uwsgi /etc/ansible-automati 126252
   1040     744 /usr/bin/python3.11 -sP /us 114212
   1553    1040 /usr/bin/python3.11 -sP /us 99028
   1550    1040 /usr/bin/python3.11 -sP /us 98900
   1552    1040 /usr/bin/python3.11 -sP /us 98900

=== RECEPTOR PROCESS ANALYSIS ===
Receptor Main Processes:
    PID    PPID CMD                           RSS    VSZ %CPU %MEM     ELAPSED
   8294       1 bash -c  log_file="/tmp/mem  3584   7336  0.0  0.0       04:38
Receptor Child Processes for PID 8294:
      PID    PPID CMD                           RSS    VSZ %CPU %MEM     ELAPSED
Receptor Threads for PID 8294:
    PID    SPID %CPU %MEM   RSS COMMAND
   8294    8294  0.0  0.0  3584 bash
Receptor Network Connections for PID 8294:
COMMAND    PID   USER   FD   TYPE DEVICE SIZE/OFF     NODE NAME
envoy      718   root   22u  IPv4 155754      0t0      TCP localhost.localdomain:https->192.168.1.49:44362 (ESTABLISHED)
envoy      718   root   31u  IPv4 157257      0t0      TCP localhost.localdomain:33592->localhost.localdomain:pcsync-https (ESTABLISHED)
envoy      718   root   32u  IPv4 157979      0t0      TCP localhost.localdomain:55580->aap25-control.lan:https (ESTABLISHED)
envoy      718   root   34u  IPv4  24602      0t0      TCP *:https (LISTEN)
envoy      718   root   35u  IPv4  24603      0t0      TCP *:https (LISTEN)
envoy      718   root   36u  IPv4 156102      0t0      TCP localhost.localdomain:https->192.168.1.49:39398 (ESTABLISHED)
envoy      718   root   37u  IPv4 155055      0t0      TCP localhost.localdomain:46672->localhost.localdomain:pcsync-https (ESTABLISHED)
envoy      718   root   38u  IPv4  24768      0t0      TCP localhost:36502->localhost:50051 (ESTABLISHED)
envoy      718   root   39u  IPv4 151120      0t0      TCP localhost.localdomain:33070->localhost.localdomain:pcsync-https (ESTABLISHED)
envoy      718   root   40u  IPv4  24083      0t0      TCP localhost:36212->localhost:50051 (ESTABLISHED)
envoy      718   root   41u  IPv4 169509      0t0      TCP localhost.localdomain:55332->aap25-control.lan:https (ESTABLISHED)
envoy      718   root   42u  IPv4 159454      0t0      TCP localhost.localdomain:60832->localhost.localdomain:pcsync-https (ESTABLISHED)
envoy      718   root   43u  IPv4 153460      0t0      TCP localhost.localdomain:https->192.168.1.49:51778 (ESTABLISHED)
envoy      718   root   44u  IPv4 159297      0t0      TCP localhost.localdomain:https->192.168.1.49:47144 (ESTABLISHED)
envoy      718   root   45u  IPv4 159299      0t0      TCP localhost.localdomain:https->192.168.1.49:47152 (ESTABLISHED)
envoy      718   root   46u  IPv4 159983      0t0      TCP localhost.localdomain:https->192.168.1.49:47126 (ESTABLISHED)
envoy      718   root   47u  IPv4 153464      0t0      TCP localhost.localdomain:36730->aap25-control.lan:https (ESTABLISHED)
envoy      718   root   50u  IPv4 159985      0t0      TCP localhost.localdomain:https->192.168.1.49:47130 (ESTABLISHED)
chronyd    731 chrony    5u  IPv4  21318      0t0      UDP localhost:323 
chronyd    731 chrony    6u  IPv6  21319      0t0      UDP localhost:323 
NetworkMa  741   root   26u  IPv4  22282      0t0      UDP localhost.localdomain:bootpc->pi.hole:bootps 
sshd       771   root    3u  IPv4  22671      0t0      TCP *:ssh (LISTEN)
sshd       771   root    4u  IPv6  22680      0t0      TCP *:ssh (LISTEN)
uwsgi     1039   root    3u  IPv4  22268      0t0      TCP localhost:8050 (LISTEN)
uwsgi     1041   root    3u  IPv4  22268      0t0      TCP localhost:8050 (LISTEN)
uwsgi     1041   root    9u  IPv4  24673      0t0      TCP localhost.localdomain:39976->localhost.localdomain:redis (ESTABLISHED)
uwsgi     1042   root    3u  IPv4  22268      0t0      TCP localhost:8050 (LISTEN)
uwsgi     1042   root    9u  IPv4  23944      0t0      TCP localhost.localdomain:47062->localhost.localdomain:redis (ESTABLISHED)
uwsgi     1043   root    3u  IPv4  22268      0t0      TCP localhost:8050 (LISTEN)
uwsgi     1043   root    8u  IPv4  23929      0t0      TCP localhost.localdomain:40010->localhost.localdomain:redis (ESTABLISHED)
uwsgi     1044   root    3u  IPv4  22268      0t0      TCP localhost:8050 (LISTEN)
uwsgi     1044   root    8u  IPv4  24120      0t0      TCP localhost.localdomain:38856->localhost.localdomain:redis (ESTABLISHED)
uwsgi     1045   root    3u  IPv4  22268      0t0      TCP localhost:8050 (LISTEN)
uwsgi     1045   root    7u  IPv4  23502      0t0      TCP localhost.localdomain:39996->localhost.localdomain:redis (ESTABLISHED)
redis-ser 1055  redis    6u  IPv4  23180      0t0      TCP *:redis (LISTEN)
redis-ser 1055  redis    7u  IPv6  23181      0t0      TCP *:redis (LISTEN)
redis-ser 1055  redis    8u  IPv4  23915      0t0      TCP localhost.localdomain:redis->localhost.localdomain:39996 (ESTABLISHED)
redis-ser 1055  redis    9u  IPv4  24592      0t0      TCP localhost.localdomain:redis->localhost.localdomain:40010 (ESTABLISHED)
redis-ser 1055  redis   10u  IPv4  24629      0t0      TCP localhost.localdomain:redis->localhost.localdomain:47062 (ESTABLISHED)
redis-ser 1055  redis   11u  IPv4  23986      0t0      TCP localhost.localdomain:redis->localhost.localdomain:39976 (ESTABLISHED)
redis-ser 1055  redis   12u  IPv4  24052      0t0      TCP localhost.localdomain:redis->localhost.localdomain:39430 (ESTABLISHED)
redis-ser 1055  redis   13u  IPv4  24840      0t0      TCP localhost.localdomain:redis->localhost.localdomain:38856 (ESTABLISHED)
redis-ser 1055  redis   14u  IPv4  25748      0t0      TCP localhost.localdomain:redis->localhost.localdomain:54620 (ESTABLISHED)
redis-ser 1055  redis   15u  IPv4  25800      0t0      TCP localhost.localdomain:redis->localhost.localdomain:54634 (ESTABLISHED)
redis-ser 1055  redis   16u  IPv4  25803      0t0      TCP localhost.localdomain:redis->localhost.localdomain:54640 (ESTABLISHED)
redis-ser 1055  redis   17u  IPv4  25474      0t0      TCP localhost.localdomain:redis->localhost.localdomain:54656 (ESTABLISHED)
redis-ser 1055  redis   18u  IPv4  25510      0t0      TCP localhost.localdomain:redis->localhost.localdomain:54672 (ESTABLISHED)
nginx     1094   root    6u  IPv4  23210      0t0      TCP *:pcsync-https (LISTEN)
nginx     1095  nginx    6u  IPv4  23210      0t0      TCP *:pcsync-https (LISTEN)
nginx     1095  nginx   11u  IPv4 157977      0t0      TCP localhost.localdomain:pcsync-https->localhost.localdomain:33592 (ESTABLISHED)
nginx     1095  nginx   12u  IPv4 151802      0t0      TCP localhost.localdomain:pcsync-https->localhost.localdomain:33070 (ESTABLISHED)
nginx     1095  nginx   14u  IPv4 160161      0t0      TCP localhost.localdomain:pcsync-https->localhost.localdomain:60832 (ESTABLISHED)
nginx     1095  nginx   15u  IPv4 155770      0t0      TCP localhost.localdomain:pcsync-https->localhost.localdomain:46672 (ESTABLISHED)
nginx     1096  nginx    6u  IPv4  23210      0t0      TCP *:pcsync-https (LISTEN)
aap-gatew 1550   root    9u  IPv6  23874      0t0      TCP *:50051 (LISTEN)
aap-gatew 1551   root   11u  IPv6  23877      0t0      TCP *:50051 (LISTEN)
aap-gatew 1551   root   12u  IPv6  24050      0t0      TCP localhost:50051->localhost:36502 (ESTABLISHED)
aap-gatew 1551   root   13u  IPv4  24769      0t0      TCP localhost.localdomain:39430->localhost.localdomain:redis (ESTABLISHED)
aap-gatew 1551   root   14u  IPv4  24770      0t0      TCP localhost.localdomain:53488->aap25-database.lan:postgres (ESTABLISHED)
aap-gatew 1551   root   15u  IPv6  24800      0t0      TCP localhost:50051->localhost:36212 (ESTABLISHED)
aap-gatew 1551   root   16u  IPv4  25421      0t0      TCP localhost.localdomain:54620->localhost.localdomain:redis (ESTABLISHED)
aap-gatew 1551   root   17u  IPv4  25437      0t0      TCP localhost.localdomain:40206->aap25-database.lan:postgres (ESTABLISHED)
aap-gatew 1551   root   18u  IPv4  25768      0t0      TCP localhost.localdomain:40226->aap25-database.lan:postgres (ESTABLISHED)
aap-gatew 1551   root   19u  IPv4  25461      0t0      TCP localhost.localdomain:54634->localhost.localdomain:redis (ESTABLISHED)
aap-gatew 1551   root   20u  IPv4  25809      0t0      TCP localhost.localdomain:40244->aap25-database.lan:postgres (ESTABLISHED)
aap-gatew 1551   root   21u  IPv4  25802      0t0      TCP localhost.localdomain:54640->localhost.localdomain:redis (ESTABLISHED)
aap-gatew 1551   root   22u  IPv4  25465      0t0      TCP localhost.localdomain:40254->aap25-database.lan:postgres (ESTABLISHED)
aap-gatew 1551   root   23u  IPv4  25812      0t0      TCP localhost.localdomain:54656->localhost.localdomain:redis (ESTABLISHED)
aap-gatew 1551   root   24u  IPv4  25476      0t0      TCP localhost.localdomain:40256->aap25-database.lan:postgres (ESTABLISHED)
aap-gatew 1551   root   25u  IPv4  25509      0t0      TCP localhost.localdomain:54672->localhost.localdomain:redis (ESTABLISHED)
aap-gatew 1551   root   26u  IPv4  25888      0t0      TCP localhost.localdomain:47994->aap25-database.lan:postgres (ESTABLISHED)
aap-gatew 1552   root   13u  IPv6  23880      0t0      TCP *:50051 (LISTEN)
aap-gatew 1553   root   15u  IPv6  23474      0t0      TCP *:50051 (LISTEN)
aap-gatew 1554   root   17u  IPv6  23471      0t0      TCP *:50051 (LISTEN)
bash      8294   root  cwd    DIR  253,0     4096 50331782 /root
bash      8294   root  rtd    DIR  253,0      235      128 /
bash      8294   root  txt    REG  253,0  1389072 50367435 /usr/bin/bash
bash      8294   root  mem    REG  253,0  2586930 50367720 /usr/lib/locale/en_US.utf8/LC_COLLATE
bash      8294   root  mem    REG  253,0  2544344     2597 /usr/lib64/libc.so.6
bash      8294   root  mem    REG  253,0   346132 33699956 /usr/lib/locale/C.utf8/LC_CTYPE
bash      8294   root  mem    REG  253,0       54 50367723 /usr/lib/locale/en_US.utf8/LC_NUMERIC
bash      8294   root  mem    REG  253,0     3284     2565 /usr/lib/locale/en_US.utf8/LC_TIME
bash      8294   root  mem    REG  253,0      286     2563 /usr/lib/locale/en_US.utf8/LC_MONETARY
bash      8294   root  mem    REG  253,0       57     2576 /usr/lib/locale/en_US.utf8/LC_MESSAGES/SYS_LC_MESSAGES
bash      8294   root  mem    REG  253,0    26988 16780452 /usr/lib64/gconv/gconv-modules.cache
bash      8294   root  mem    REG  253,0   195080     2316 /usr/lib64/libtinfo.so.6.2
bash      8294   root  mem    REG  253,0       34 33700259 /usr/lib/locale/en_US.utf8/LC_PAPER
bash      8294   root  mem    REG  253,0       77 50367722 /usr/lib/locale/en_US.utf8/LC_NAME
bash      8294   root  mem    REG  253,0      167     2559 /usr/lib/locale/en_US.utf8/LC_ADDRESS
bash      8294   root  mem    REG  253,0       59     2564 /usr/lib/locale/en_US.utf8/LC_TELEPHONE
bash      8294   root  mem    REG  253,0       23     2562 /usr/lib/locale/en_US.utf8/LC_MEASUREMENT
bash      8294   root  mem    REG  253,0      369     2561 /usr/lib/locale/en_US.utf8/LC_IDENTIFICATION
bash      8294   root  mem    REG  253,0   897856     2593 /usr/lib64/ld-linux-x86-64.so.2
bash      8294   root    0r   CHR    1,3      0t0        4 /dev/null
bash      8294   root    1w   REG  253,0        0 34669828 /tmp/memory_monitor.log
bash      8294   root    2w   REG  253,0        0 34669828 /tmp/memory_monitor.log
bash      8294   root    3r  FIFO   0,13      0t0   170997 pipe

    PID    PPID CMD                           RSS    VSZ %CPU %MEM     ELAPSED
Receptor Child Processes for PID 9707:
  No child processes found
Receptor Threads for PID 9707:
    PID    SPID %CPU %MEM   RSS COMMAND
Receptor Network Connections for PID 9707:
COMMAND    PID   USER   FD   TYPE DEVICE SIZE/OFF NODE NAME
envoy      718   root   22u  IPv4 155754      0t0  TCP localhost.localdomain:https->192.168.1.49:44362 (ESTABLISHED)
envoy      718   root   31u  IPv4 157257      0t0  TCP localhost.localdomain:33592->localhost.localdomain:pcsync-https (ESTABLISHED)
envoy      718   root   32u  IPv4 157979      0t0  TCP localhost.localdomain:55580->aap25-control.lan:https (ESTABLISHED)
envoy      718   root   34u  IPv4  24602      0t0  TCP *:https (LISTEN)
envoy      718   root   35u  IPv4  24603      0t0  TCP *:https (LISTEN)
envoy      718   root   36u  IPv4 156102      0t0  TCP localhost.localdomain:https->192.168.1.49:39398 (ESTABLISHED)
envoy      718   root   37u  IPv4 155055      0t0  TCP localhost.localdomain:46672->localhost.localdomain:pcsync-https (ESTABLISHED)
envoy      718   root   38u  IPv4  24768      0t0  TCP localhost:36502->localhost:50051 (ESTABLISHED)
envoy      718   root   39u  IPv4 151120      0t0  TCP localhost.localdomain:33070->localhost.localdomain:pcsync-https (ESTABLISHED)
envoy      718   root   40u  IPv4  24083      0t0  TCP localhost:36212->localhost:50051 (ESTABLISHED)
envoy      718   root   41u  IPv4 169509      0t0  TCP localhost.localdomain:55332->aap25-control.lan:https (ESTABLISHED)
envoy      718   root   42u  IPv4 159454      0t0  TCP localhost.localdomain:60832->localhost.localdomain:pcsync-https (ESTABLISHED)
envoy      718   root   43u  IPv4 153460      0t0  TCP localhost.localdomain:https->192.168.1.49:51778 (ESTABLISHED)
envoy      718   root   44u  IPv4 159297      0t0  TCP localhost.localdomain:https->192.168.1.49:47144 (ESTABLISHED)
envoy      718   root   45u  IPv4 159299      0t0  TCP localhost.localdomain:https->192.168.1.49:47152 (ESTABLISHED)
envoy      718   root   46u  IPv4 159983      0t0  TCP localhost.localdomain:https->192.168.1.49:47126 (ESTABLISHED)
envoy      718   root   47u  IPv4 153464      0t0  TCP localhost.localdomain:36730->aap25-control.lan:https (ESTABLISHED)
envoy      718   root   50u  IPv4 159985      0t0  TCP localhost.localdomain:https->192.168.1.49:47130 (ESTABLISHED)
chronyd    731 chrony    5u  IPv4  21318      0t0  UDP localhost:323 
chronyd    731 chrony    6u  IPv6  21319      0t0  UDP localhost:323 
NetworkMa  741   root   26u  IPv4  22282      0t0  UDP localhost.localdomain:bootpc->pi.hole:bootps 
sshd       771   root    3u  IPv4  22671      0t0  TCP *:ssh (LISTEN)
sshd       771   root    4u  IPv6  22680      0t0  TCP *:ssh (LISTEN)
uwsgi     1039   root    3u  IPv4  22268      0t0  TCP localhost:8050 (LISTEN)
uwsgi     1041   root    3u  IPv4  22268      0t0  TCP localhost:8050 (LISTEN)
uwsgi     1041   root    9u  IPv4  24673      0t0  TCP localhost.localdomain:39976->localhost.localdomain:redis (ESTABLISHED)
uwsgi     1042   root    3u  IPv4  22268      0t0  TCP localhost:8050 (LISTEN)
uwsgi     1042   root    9u  IPv4  23944      0t0  TCP localhost.localdomain:47062->localhost.localdomain:redis (ESTABLISHED)
uwsgi     1043   root    3u  IPv4  22268      0t0  TCP localhost:8050 (LISTEN)
uwsgi     1043   root    8u  IPv4  23929      0t0  TCP localhost.localdomain:40010->localhost.localdomain:redis (ESTABLISHED)
uwsgi     1044   root    3u  IPv4  22268      0t0  TCP localhost:8050 (LISTEN)
uwsgi     1044   root    8u  IPv4  24120      0t0  TCP localhost.localdomain:38856->localhost.localdomain:redis (ESTABLISHED)
uwsgi     1045   root    3u  IPv4  22268      0t0  TCP localhost:8050 (LISTEN)
uwsgi     1045   root    7u  IPv4  23502      0t0  TCP localhost.localdomain:39996->localhost.localdomain:redis (ESTABLISHED)
redis-ser 1055  redis    6u  IPv4  23180      0t0  TCP *:redis (LISTEN)
redis-ser 1055  redis    7u  IPv6  23181      0t0  TCP *:redis (LISTEN)
redis-ser 1055  redis    8u  IPv4  23915      0t0  TCP localhost.localdomain:redis->localhost.localdomain:39996 (ESTABLISHED)
redis-ser 1055  redis    9u  IPv4  24592      0t0  TCP localhost.localdomain:redis->localhost.localdomain:40010 (ESTABLISHED)
redis-ser 1055  redis   10u  IPv4  24629      0t0  TCP localhost.localdomain:redis->localhost.localdomain:47062 (ESTABLISHED)
redis-ser 1055  redis   11u  IPv4  23986      0t0  TCP localhost.localdomain:redis->localhost.localdomain:39976 (ESTABLISHED)
redis-ser 1055  redis   12u  IPv4  24052      0t0  TCP localhost.localdomain:redis->localhost.localdomain:39430 (ESTABLISHED)
redis-ser 1055  redis   13u  IPv4  24840      0t0  TCP localhost.localdomain:redis->localhost.localdomain:38856 (ESTABLISHED)
redis-ser 1055  redis   14u  IPv4  25748      0t0  TCP localhost.localdomain:redis->localhost.localdomain:54620 (ESTABLISHED)
redis-ser 1055  redis   15u  IPv4  25800      0t0  TCP localhost.localdomain:redis->localhost.localdomain:54634 (ESTABLISHED)
redis-ser 1055  redis   16u  IPv4  25803      0t0  TCP localhost.localdomain:redis->localhost.localdomain:54640 (ESTABLISHED)
redis-ser 1055  redis   17u  IPv4  25474      0t0  TCP localhost.localdomain:redis->localhost.localdomain:54656 (ESTABLISHED)
redis-ser 1055  redis   18u  IPv4  25510      0t0  TCP localhost.localdomain:redis->localhost.localdomain:54672 (ESTABLISHED)
nginx     1094   root    6u  IPv4  23210      0t0  TCP *:pcsync-https (LISTEN)
nginx     1095  nginx    6u  IPv4  23210      0t0  TCP *:pcsync-https (LISTEN)
nginx     1095  nginx   11u  IPv4 157977      0t0  TCP localhost.localdomain:pcsync-https->localhost.localdomain:33592 (ESTABLISHED)
nginx     1095  nginx   12u  IPv4 151802      0t0  TCP localhost.localdomain:pcsync-https->localhost.localdomain:33070 (ESTABLISHED)
nginx     1095  nginx   14u  IPv4 160161      0t0  TCP localhost.localdomain:pcsync-https->localhost.localdomain:60832 (ESTABLISHED)
nginx     1095  nginx   15u  IPv4 155770      0t0  TCP localhost.localdomain:pcsync-https->localhost.localdomain:46672 (ESTABLISHED)
nginx     1096  nginx    6u  IPv4  23210      0t0  TCP *:pcsync-https (LISTEN)
aap-gatew 1550   root    9u  IPv6  23874      0t0  TCP *:50051 (LISTEN)
aap-gatew 1551   root   11u  IPv6  23877      0t0  TCP *:50051 (LISTEN)
aap-gatew 1551   root   12u  IPv6  24050      0t0  TCP localhost:50051->localhost:36502 (ESTABLISHED)
aap-gatew 1551   root   13u  IPv4  24769      0t0  TCP localhost.localdomain:39430->localhost.localdomain:redis (ESTABLISHED)
aap-gatew 1551   root   14u  IPv4  24770      0t0  TCP localhost.localdomain:53488->aap25-database.lan:postgres (ESTABLISHED)
aap-gatew 1551   root   15u  IPv6  24800      0t0  TCP localhost:50051->localhost:36212 (ESTABLISHED)
aap-gatew 1551   root   16u  IPv4  25421      0t0  TCP localhost.localdomain:54620->localhost.localdomain:redis (ESTABLISHED)
aap-gatew 1551   root   17u  IPv4  25437      0t0  TCP localhost.localdomain:40206->aap25-database.lan:postgres (ESTABLISHED)
aap-gatew 1551   root   18u  IPv4  25768      0t0  TCP localhost.localdomain:40226->aap25-database.lan:postgres (ESTABLISHED)
aap-gatew 1551   root   19u  IPv4  25461      0t0  TCP localhost.localdomain:54634->localhost.localdomain:redis (ESTABLISHED)
aap-gatew 1551   root   20u  IPv4  25809      0t0  TCP localhost.localdomain:40244->aap25-database.lan:postgres (ESTABLISHED)
aap-gatew 1551   root   21u  IPv4  25802      0t0  TCP localhost.localdomain:54640->localhost.localdomain:redis (ESTABLISHED)
aap-gatew 1551   root   22u  IPv4  25465      0t0  TCP localhost.localdomain:40254->aap25-database.lan:postgres (ESTABLISHED)
aap-gatew 1551   root   23u  IPv4  25812      0t0  TCP localhost.localdomain:54656->localhost.localdomain:redis (ESTABLISHED)
aap-gatew 1551   root   24u  IPv4  25476      0t0  TCP localhost.localdomain:40256->aap25-database.lan:postgres (ESTABLISHED)
aap-gatew 1551   root   25u  IPv4  25509      0t0  TCP localhost.localdomain:54672->localhost.localdomain:redis (ESTABLISHED)
aap-gatew 1551   root   26u  IPv4  25888      0t0  TCP localhost.localdomain:47994->aap25-database.lan:postgres (ESTABLISHED)
aap-gatew 1552   root   13u  IPv6  23880      0t0  TCP *:50051 (LISTEN)
aap-gatew 1553   root   15u  IPv6  23474      0t0  TCP *:50051 (LISTEN)
aap-gatew 1554   root   17u  IPv6  23471      0t0  TCP *:50051 (LISTEN)
  No network connections found

=== RECEPTOR MEMORY SUMMARY ===
Total Receptor RSS Memory: 3584 KB (3 MB)
Total Receptor VSZ Memory: 7336 KB (7 MB)
Number of Receptor Processes: 2

AAP-related Processes and Children:
=== AAP Service Processes ===
Process: uwsgi (PID: 1039)
    PID    PPID CMD                           RSS
   1039     744 uwsgi /etc/ansible-automati 14208
  Children of PID 1039:
    PID    PPID CMD                           RSS
   1041    1039 uwsgi /etc/ansible-automati 126252
    PID    PPID CMD                           RSS
   1042    1039 uwsgi /etc/ansible-automati 134472
    PID    PPID CMD                           RSS
   1043    1039 uwsgi /etc/ansible-automati 128752
    PID    PPID CMD                           RSS
   1044    1039 uwsgi /etc/ansible-automati 131976
    PID    PPID CMD                           RSS
   1045    1039 uwsgi /etc/ansible-automati 131612

Process: uwsgi (PID: 1041)
    PID    PPID CMD                           RSS
   1041    1039 uwsgi /etc/ansible-automati 126252

Process: uwsgi (PID: 1042)
    PID    PPID CMD                           RSS
   1042    1039 uwsgi /etc/ansible-automati 134472

Process: uwsgi (PID: 1043)
    PID    PPID CMD                           RSS
   1043    1039 uwsgi /etc/ansible-automati 128752

Process: uwsgi (PID: 1044)
    PID    PPID CMD                           RSS
   1044    1039 uwsgi /etc/ansible-automati 131976

Process: uwsgi (PID: 1045)
    PID    PPID CMD                           RSS
   1045    1039 uwsgi /etc/ansible-automati 131612

Process: redis-server (PID: 1055)
    PID    PPID CMD                           RSS
   1055       1 /usr/bin/redis-server *:637 16260

Process: nginx (PID: 1094)
    PID    PPID CMD                           RSS
   1094       1 nginx: master process /usr/  2084
  Children of PID 1094:
    PID    PPID CMD                           RSS
   1095    1094 nginx: worker process        8484
    PID    PPID CMD                           RSS
   1096    1094 nginx: worker process        8484

Process: nginx (PID: 1095)
    PID    PPID CMD                           RSS
   1095    1094 nginx: worker process        8484

Process: nginx (PID: 1096)
    PID    PPID CMD                           RSS
   1096    1094 nginx: worker process        8484

Process: bash (PID: 8294)
    PID    PPID CMD                           RSS
   8294       1 bash -c  log_file="/tmp/mem  3584
  Children of PID 8294:
    PID    PPID CMD                           RSS
   9766    8294 bash -c  log_file="/tmp/mem  2396

Process: bash (PID: 9766)
    PID    PPID CMD                           RSS
   9766    8294 bash -c  log_file="/tmp/mem  2396
  Children of PID 9766:
    PID    PPID CMD                           RSS


Process Tree for AAP Services:
=== automation-controller Process Tree ===
bash(8294)---pstree(9814)
=== receptor Process Tree ===
bash(8294)---pstree(9818)
=== nginx Process Tree ===
nginx(1094)-+-nginx(1095)
            `-nginx(1096)
nginx(1095)
nginx(1096)
bash(8294)---pstree(9825)
=== postgresql Process Tree ===
bash(8294)---pstree(9829)
=== redis Process Tree ===
redis-server(1055)-+-{redis-server}(1066)
                   |-{redis-server}(1067)
                   |-{redis-server}(1068)
                   `-{redis-server}(1069)
bash(8294)---pstree(9834)
=== uwsgi Process Tree ===
uwsgi(1039)-+-uwsgi(1041)
            |-uwsgi(1042)
            |-uwsgi(1043)
            |-uwsgi(1044)
            `-uwsgi(1045)
uwsgi(1041)
uwsgi(1042)
uwsgi(1043)
uwsgi(1044)
uwsgi(1045)
bash(8294)---pstree(9844)
=== automation-hub Process Tree ===
bash(8294)---pstree(9848)
=== automation-eda Process Tree ===
bash(8294)---pstree(9852)

=================================================================================
2025-07-07 18:56:57
Memory Usage Report:
               total        used        free      shared  buff/cache   available
Mem:            7555        1234        5911           9         656        6320
Swap:           5327           0        5327

Top 10 Processes by RSS Memory:
    PID    PPID CMD                           RSS
   1042    1039 uwsgi /etc/ansible-automati 134472
   1044    1039 uwsgi /etc/ansible-automati 131976
   1045    1039 uwsgi /etc/ansible-automati 131612
   1043    1039 uwsgi /etc/ansible-automati 128752
   1551    1040 /usr/bin/python3.11 -sP /us 126900
   1041    1039 uwsgi /etc/ansible-automati 126252
   1040     744 /usr/bin/python3.11 -sP /us 114212
   1553    1040 /usr/bin/python3.11 -sP /us 99028
   1550    1040 /usr/bin/python3.11 -sP /us 98900
   1552    1040 /usr/bin/python3.11 -sP /us 98900

=== RECEPTOR PROCESS ANALYSIS ===
Receptor Main Processes:
    PID    PPID CMD                           RSS    VSZ %CPU %MEM     ELAPSED
   8294       1 bash -c  log_file="/tmp/mem  3584   7336  0.0  0.0       05:09
Receptor Child Processes for PID 8294:
      PID    PPID CMD                           RSS    VSZ %CPU %MEM     ELAPSED
Receptor Threads for PID 8294:
    PID    SPID %CPU %MEM   RSS COMMAND
   8294    8294  0.0  0.0  3584 bash
Receptor Network Connections for PID 8294:
COMMAND    PID   USER   FD   TYPE DEVICE SIZE/OFF     NODE NAME
envoy      718   root   22u  IPv4 155754      0t0      TCP localhost.localdomain:https->192.168.1.49:44362 (ESTABLISHED)
envoy      718   root   31u  IPv4 157257      0t0      TCP localhost.localdomain:33592->localhost.localdomain:pcsync-https (ESTABLISHED)
envoy      718   root   32u  IPv4 157979      0t0      TCP localhost.localdomain:55580->aap25-control.lan:https (ESTABLISHED)
envoy      718   root   34u  IPv4  24602      0t0      TCP *:https (LISTEN)
envoy      718   root   35u  IPv4  24603      0t0      TCP *:https (LISTEN)
envoy      718   root   36u  IPv4 156102      0t0      TCP localhost.localdomain:https->192.168.1.49:39398 (ESTABLISHED)
envoy      718   root   37u  IPv4 155055      0t0      TCP localhost.localdomain:46672->localhost.localdomain:pcsync-https (ESTABLISHED)
envoy      718   root   38u  IPv4  24768      0t0      TCP localhost:36502->localhost:50051 (ESTABLISHED)
envoy      718   root   39u  IPv4 151120      0t0      TCP localhost.localdomain:33070->localhost.localdomain:pcsync-https (ESTABLISHED)
envoy      718   root   40u  IPv4  24083      0t0      TCP localhost:36212->localhost:50051 (ESTABLISHED)
envoy      718   root   41u  IPv4 169509      0t0      TCP localhost.localdomain:55332->aap25-control.lan:https (ESTABLISHED)
envoy      718   root   42u  IPv4 159454      0t0      TCP localhost.localdomain:60832->localhost.localdomain:pcsync-https (ESTABLISHED)
envoy      718   root   43u  IPv4 153460      0t0      TCP localhost.localdomain:https->192.168.1.49:51778 (ESTABLISHED)
envoy      718   root   44u  IPv4 159297      0t0      TCP localhost.localdomain:https->192.168.1.49:47144 (ESTABLISHED)
envoy      718   root   45u  IPv4 159299      0t0      TCP localhost.localdomain:https->192.168.1.49:47152 (ESTABLISHED)
envoy      718   root   46u  IPv4 159983      0t0      TCP localhost.localdomain:https->192.168.1.49:47126 (ESTABLISHED)
envoy      718   root   47u  IPv4 153464      0t0      TCP localhost.localdomain:36730->aap25-control.lan:https (ESTABLISHED)
envoy      718   root   48u  IPv4 171575      0t0      TCP localhost.localdomain:58008->localhost.localdomain:pcsync-https (ESTABLISHED)
envoy      718   root   50u  IPv4 159985      0t0      TCP localhost.localdomain:https->192.168.1.49:47130 (ESTABLISHED)
chronyd    731 chrony    5u  IPv4  21318      0t0      UDP localhost:323 
chronyd    731 chrony    6u  IPv6  21319      0t0      UDP localhost:323 
NetworkMa  741   root   26u  IPv4  22282      0t0      UDP localhost.localdomain:bootpc->pi.hole:bootps 
sshd       771   root    3u  IPv4  22671      0t0      TCP *:ssh (LISTEN)
sshd       771   root    4u  IPv6  22680      0t0      TCP *:ssh (LISTEN)
uwsgi     1039   root    3u  IPv4  22268      0t0      TCP localhost:8050 (LISTEN)
uwsgi     1041   root    3u  IPv4  22268      0t0      TCP localhost:8050 (LISTEN)
uwsgi     1041   root    9u  IPv4  24673      0t0      TCP localhost.localdomain:39976->localhost.localdomain:redis (ESTABLISHED)
uwsgi     1042   root    3u  IPv4  22268      0t0      TCP localhost:8050 (LISTEN)
uwsgi     1042   root    9u  IPv4  23944      0t0      TCP localhost.localdomain:47062->localhost.localdomain:redis (ESTABLISHED)
uwsgi     1043   root    3u  IPv4  22268      0t0      TCP localhost:8050 (LISTEN)
uwsgi     1043   root    8u  IPv4  23929      0t0      TCP localhost.localdomain:40010->localhost.localdomain:redis (ESTABLISHED)
uwsgi     1044   root    3u  IPv4  22268      0t0      TCP localhost:8050 (LISTEN)
uwsgi     1044   root    8u  IPv4  24120      0t0      TCP localhost.localdomain:38856->localhost.localdomain:redis (ESTABLISHED)
uwsgi     1045   root    3u  IPv4  22268      0t0      TCP localhost:8050 (LISTEN)
uwsgi     1045   root    7u  IPv4  23502      0t0      TCP localhost.localdomain:39996->localhost.localdomain:redis (ESTABLISHED)
redis-ser 1055  redis    6u  IPv4  23180      0t0      TCP *:redis (LISTEN)
redis-ser 1055  redis    7u  IPv6  23181      0t0      TCP *:redis (LISTEN)
redis-ser 1055  redis    8u  IPv4  23915      0t0      TCP localhost.localdomain:redis->localhost.localdomain:39996 (ESTABLISHED)
redis-ser 1055  redis    9u  IPv4  24592      0t0      TCP localhost.localdomain:redis->localhost.localdomain:40010 (ESTABLISHED)
redis-ser 1055  redis   10u  IPv4  24629      0t0      TCP localhost.localdomain:redis->localhost.localdomain:47062 (ESTABLISHED)
redis-ser 1055  redis   11u  IPv4  23986      0t0      TCP localhost.localdomain:redis->localhost.localdomain:39976 (ESTABLISHED)
redis-ser 1055  redis   12u  IPv4  24052      0t0      TCP localhost.localdomain:redis->localhost.localdomain:39430 (ESTABLISHED)
redis-ser 1055  redis   13u  IPv4  24840      0t0      TCP localhost.localdomain:redis->localhost.localdomain:38856 (ESTABLISHED)
redis-ser 1055  redis   14u  IPv4  25748      0t0      TCP localhost.localdomain:redis->localhost.localdomain:54620 (ESTABLISHED)
redis-ser 1055  redis   15u  IPv4  25800      0t0      TCP localhost.localdomain:redis->localhost.localdomain:54634 (ESTABLISHED)
redis-ser 1055  redis   16u  IPv4  25803      0t0      TCP localhost.localdomain:redis->localhost.localdomain:54640 (ESTABLISHED)
redis-ser 1055  redis   17u  IPv4  25474      0t0      TCP localhost.localdomain:redis->localhost.localdomain:54656 (ESTABLISHED)
redis-ser 1055  redis   18u  IPv4  25510      0t0      TCP localhost.localdomain:redis->localhost.localdomain:54672 (ESTABLISHED)
nginx     1094   root    6u  IPv4  23210      0t0      TCP *:pcsync-https (LISTEN)
nginx     1095  nginx    6u  IPv4  23210      0t0      TCP *:pcsync-https (LISTEN)
nginx     1095  nginx   11u  IPv4 157977      0t0      TCP localhost.localdomain:pcsync-https->localhost.localdomain:33592 (ESTABLISHED)
nginx     1095  nginx   12u  IPv4 151802      0t0      TCP localhost.localdomain:pcsync-https->localhost.localdomain:33070 (ESTABLISHED)
nginx     1095  nginx   14u  IPv4 160161      0t0      TCP localhost.localdomain:pcsync-https->localhost.localdomain:60832 (ESTABLISHED)
nginx     1095  nginx   15u  IPv4 155770      0t0      TCP localhost.localdomain:pcsync-https->localhost.localdomain:46672 (ESTABLISHED)
nginx     1095  nginx   17u  IPv4 171576      0t0      TCP localhost.localdomain:pcsync-https->localhost.localdomain:58008 (ESTABLISHED)
nginx     1096  nginx    6u  IPv4  23210      0t0      TCP *:pcsync-https (LISTEN)
aap-gatew 1550   root    9u  IPv6  23874      0t0      TCP *:50051 (LISTEN)
aap-gatew 1551   root   11u  IPv6  23877      0t0      TCP *:50051 (LISTEN)
aap-gatew 1551   root   12u  IPv6  24050      0t0      TCP localhost:50051->localhost:36502 (ESTABLISHED)
aap-gatew 1551   root   13u  IPv4  24769      0t0      TCP localhost.localdomain:39430->localhost.localdomain:redis (ESTABLISHED)
aap-gatew 1551   root   14u  IPv4  24770      0t0      TCP localhost.localdomain:53488->aap25-database.lan:postgres (ESTABLISHED)
aap-gatew 1551   root   15u  IPv6  24800      0t0      TCP localhost:50051->localhost:36212 (ESTABLISHED)
aap-gatew 1551   root   16u  IPv4  25421      0t0      TCP localhost.localdomain:54620->localhost.localdomain:redis (ESTABLISHED)
aap-gatew 1551   root   17u  IPv4  25437      0t0      TCP localhost.localdomain:40206->aap25-database.lan:postgres (ESTABLISHED)
aap-gatew 1551   root   18u  IPv4  25768      0t0      TCP localhost.localdomain:40226->aap25-database.lan:postgres (ESTABLISHED)
aap-gatew 1551   root   19u  IPv4  25461      0t0      TCP localhost.localdomain:54634->localhost.localdomain:redis (ESTABLISHED)
aap-gatew 1551   root   20u  IPv4  25809      0t0      TCP localhost.localdomain:40244->aap25-database.lan:postgres (ESTABLISHED)
aap-gatew 1551   root   21u  IPv4  25802      0t0      TCP localhost.localdomain:54640->localhost.localdomain:redis (ESTABLISHED)
aap-gatew 1551   root   22u  IPv4  25465      0t0      TCP localhost.localdomain:40254->aap25-database.lan:postgres (ESTABLISHED)
aap-gatew 1551   root   23u  IPv4  25812      0t0      TCP localhost.localdomain:54656->localhost.localdomain:redis (ESTABLISHED)
aap-gatew 1551   root   24u  IPv4  25476      0t0      TCP localhost.localdomain:40256->aap25-database.lan:postgres (ESTABLISHED)
aap-gatew 1551   root   25u  IPv4  25509      0t0      TCP localhost.localdomain:54672->localhost.localdomain:redis (ESTABLISHED)
aap-gatew 1551   root   26u  IPv4  25888      0t0      TCP localhost.localdomain:47994->aap25-database.lan:postgres (ESTABLISHED)
aap-gatew 1552   root   13u  IPv6  23880      0t0      TCP *:50051 (LISTEN)
aap-gatew 1553   root   15u  IPv6  23474      0t0      TCP *:50051 (LISTEN)
aap-gatew 1554   root   17u  IPv6  23471      0t0      TCP *:50051 (LISTEN)
bash      8294   root  cwd    DIR  253,0     4096 50331782 /root
bash      8294   root  rtd    DIR  253,0      235      128 /
bash      8294   root  txt    REG  253,0  1389072 50367435 /usr/bin/bash
bash      8294   root  mem    REG  253,0  2586930 50367720 /usr/lib/locale/en_US.utf8/LC_COLLATE
bash      8294   root  mem    REG  253,0  2544344     2597 /usr/lib64/libc.so.6
bash      8294   root  mem    REG  253,0   346132 33699956 /usr/lib/locale/C.utf8/LC_CTYPE
bash      8294   root  mem    REG  253,0       54 50367723 /usr/lib/locale/en_US.utf8/LC_NUMERIC
bash      8294   root  mem    REG  253,0     3284     2565 /usr/lib/locale/en_US.utf8/LC_TIME
bash      8294   root  mem    REG  253,0      286     2563 /usr/lib/locale/en_US.utf8/LC_MONETARY
bash      8294   root  mem    REG  253,0       57     2576 /usr/lib/locale/en_US.utf8/LC_MESSAGES/SYS_LC_MESSAGES
bash      8294   root  mem    REG  253,0    26988 16780452 /usr/lib64/gconv/gconv-modules.cache
bash      8294   root  mem    REG  253,0   195080     2316 /usr/lib64/libtinfo.so.6.2
bash      8294   root  mem    REG  253,0       34 33700259 /usr/lib/locale/en_US.utf8/LC_PAPER
bash      8294   root  mem    REG  253,0       77 50367722 /usr/lib/locale/en_US.utf8/LC_NAME
bash      8294   root  mem    REG  253,0      167     2559 /usr/lib/locale/en_US.utf8/LC_ADDRESS
bash      8294   root  mem    REG  253,0       59     2564 /usr/lib/locale/en_US.utf8/LC_TELEPHONE
bash      8294   root  mem    REG  253,0       23     2562 /usr/lib/locale/en_US.utf8/LC_MEASUREMENT
bash      8294   root  mem    REG  253,0      369     2561 /usr/lib/locale/en_US.utf8/LC_IDENTIFICATION
bash      8294   root  mem    REG  253,0   897856     2593 /usr/lib64/ld-linux-x86-64.so.2
bash      8294   root    0r   CHR    1,3      0t0        4 /dev/null
bash      8294   root    1w   REG  253,0        0 34669828 /tmp/memory_monitor.log
bash      8294   root    2w   REG  253,0        0 34669828 /tmp/memory_monitor.log
bash      8294   root    3r  FIFO   0,13      0t0   171635 pipe

    PID    PPID CMD                           RSS    VSZ %CPU %MEM     ELAPSED
Receptor Child Processes for PID 9860:
  No child processes found
Receptor Threads for PID 9860:
    PID    SPID %CPU %MEM   RSS COMMAND
Receptor Network Connections for PID 9860:
COMMAND    PID   USER   FD   TYPE DEVICE SIZE/OFF NODE NAME
envoy      718   root   22u  IPv4 155754      0t0  TCP localhost.localdomain:https->192.168.1.49:44362 (ESTABLISHED)
envoy      718   root   31u  IPv4 157257      0t0  TCP localhost.localdomain:33592->localhost.localdomain:pcsync-https (ESTABLISHED)
envoy      718   root   32u  IPv4 157979      0t0  TCP localhost.localdomain:55580->aap25-control.lan:https (ESTABLISHED)
envoy      718   root   34u  IPv4  24602      0t0  TCP *:https (LISTEN)
envoy      718   root   35u  IPv4  24603      0t0  TCP *:https (LISTEN)
envoy      718   root   36u  IPv4 156102      0t0  TCP localhost.localdomain:https->192.168.1.49:39398 (ESTABLISHED)
envoy      718   root   37u  IPv4 155055      0t0  TCP localhost.localdomain:46672->localhost.localdomain:pcsync-https (ESTABLISHED)
envoy      718   root   38u  IPv4  24768      0t0  TCP localhost:36502->localhost:50051 (ESTABLISHED)
envoy      718   root   39u  IPv4 151120      0t0  TCP localhost.localdomain:33070->localhost.localdomain:pcsync-https (ESTABLISHED)
envoy      718   root   40u  IPv4  24083      0t0  TCP localhost:36212->localhost:50051 (ESTABLISHED)
envoy      718   root   41u  IPv4 169509      0t0  TCP localhost.localdomain:55332->aap25-control.lan:https (ESTABLISHED)
envoy      718   root   42u  IPv4 159454      0t0  TCP localhost.localdomain:60832->localhost.localdomain:pcsync-https (ESTABLISHED)
envoy      718   root   43u  IPv4 153460      0t0  TCP localhost.localdomain:https->192.168.1.49:51778 (ESTABLISHED)
envoy      718   root   44u  IPv4 159297      0t0  TCP localhost.localdomain:https->192.168.1.49:47144 (ESTABLISHED)
envoy      718   root   45u  IPv4 159299      0t0  TCP localhost.localdomain:https->192.168.1.49:47152 (ESTABLISHED)
envoy      718   root   46u  IPv4 159983      0t0  TCP localhost.localdomain:https->192.168.1.49:47126 (ESTABLISHED)
envoy      718   root   47u  IPv4 153464      0t0  TCP localhost.localdomain:36730->aap25-control.lan:https (ESTABLISHED)
envoy      718   root   48u  IPv4 171575      0t0  TCP localhost.localdomain:58008->localhost.localdomain:pcsync-https (ESTABLISHED)
envoy      718   root   50u  IPv4 159985      0t0  TCP localhost.localdomain:https->192.168.1.49:47130 (ESTABLISHED)
chronyd    731 chrony    5u  IPv4  21318      0t0  UDP localhost:323 
chronyd    731 chrony    6u  IPv6  21319      0t0  UDP localhost:323 
NetworkMa  741   root   26u  IPv4  22282      0t0  UDP localhost.localdomain:bootpc->pi.hole:bootps 
sshd       771   root    3u  IPv4  22671      0t0  TCP *:ssh (LISTEN)
sshd       771   root    4u  IPv6  22680      0t0  TCP *:ssh (LISTEN)
uwsgi     1039   root    3u  IPv4  22268      0t0  TCP localhost:8050 (LISTEN)
uwsgi     1041   root    3u  IPv4  22268      0t0  TCP localhost:8050 (LISTEN)
uwsgi     1041   root    9u  IPv4  24673      0t0  TCP localhost.localdomain:39976->localhost.localdomain:redis (ESTABLISHED)
uwsgi     1042   root    3u  IPv4  22268      0t0  TCP localhost:8050 (LISTEN)
uwsgi     1042   root    9u  IPv4  23944      0t0  TCP localhost.localdomain:47062->localhost.localdomain:redis (ESTABLISHED)
uwsgi     1043   root    3u  IPv4  22268      0t0  TCP localhost:8050 (LISTEN)
uwsgi     1043   root    8u  IPv4  23929      0t0  TCP localhost.localdomain:40010->localhost.localdomain:redis (ESTABLISHED)
uwsgi     1044   root    3u  IPv4  22268      0t0  TCP localhost:8050 (LISTEN)
uwsgi     1044   root    8u  IPv4  24120      0t0  TCP localhost.localdomain:38856->localhost.localdomain:redis (ESTABLISHED)
uwsgi     1045   root    3u  IPv4  22268      0t0  TCP localhost:8050 (LISTEN)
uwsgi     1045   root    7u  IPv4  23502      0t0  TCP localhost.localdomain:39996->localhost.localdomain:redis (ESTABLISHED)
redis-ser 1055  redis    6u  IPv4  23180      0t0  TCP *:redis (LISTEN)
redis-ser 1055  redis    7u  IPv6  23181      0t0  TCP *:redis (LISTEN)
redis-ser 1055  redis    8u  IPv4  23915      0t0  TCP localhost.localdomain:redis->localhost.localdomain:39996 (ESTABLISHED)
redis-ser 1055  redis    9u  IPv4  24592      0t0  TCP localhost.localdomain:redis->localhost.localdomain:40010 (ESTABLISHED)
redis-ser 1055  redis   10u  IPv4  24629      0t0  TCP localhost.localdomain:redis->localhost.localdomain:47062 (ESTABLISHED)
redis-ser 1055  redis   11u  IPv4  23986      0t0  TCP localhost.localdomain:redis->localhost.localdomain:39976 (ESTABLISHED)
redis-ser 1055  redis   12u  IPv4  24052      0t0  TCP localhost.localdomain:redis->localhost.localdomain:39430 (ESTABLISHED)
redis-ser 1055  redis   13u  IPv4  24840      0t0  TCP localhost.localdomain:redis->localhost.localdomain:38856 (ESTABLISHED)
redis-ser 1055  redis   14u  IPv4  25748      0t0  TCP localhost.localdomain:redis->localhost.localdomain:54620 (ESTABLISHED)
redis-ser 1055  redis   15u  IPv4  25800      0t0  TCP localhost.localdomain:redis->localhost.localdomain:54634 (ESTABLISHED)
redis-ser 1055  redis   16u  IPv4  25803      0t0  TCP localhost.localdomain:redis->localhost.localdomain:54640 (ESTABLISHED)
redis-ser 1055  redis   17u  IPv4  25474      0t0  TCP localhost.localdomain:redis->localhost.localdomain:54656 (ESTABLISHED)
redis-ser 1055  redis   18u  IPv4  25510      0t0  TCP localhost.localdomain:redis->localhost.localdomain:54672 (ESTABLISHED)
nginx     1094   root    6u  IPv4  23210      0t0  TCP *:pcsync-https (LISTEN)
nginx     1095  nginx    6u  IPv4  23210      0t0  TCP *:pcsync-https (LISTEN)
nginx     1095  nginx   11u  IPv4 157977      0t0  TCP localhost.localdomain:pcsync-https->localhost.localdomain:33592 (ESTABLISHED)
nginx     1095  nginx   12u  IPv4 151802      0t0  TCP localhost.localdomain:pcsync-https->localhost.localdomain:33070 (ESTABLISHED)
nginx     1095  nginx   14u  IPv4 160161      0t0  TCP localhost.localdomain:pcsync-https->localhost.localdomain:60832 (ESTABLISHED)
nginx     1095  nginx   15u  IPv4 155770      0t0  TCP localhost.localdomain:pcsync-https->localhost.localdomain:46672 (ESTABLISHED)
nginx     1095  nginx   17u  IPv4 171576      0t0  TCP localhost.localdomain:pcsync-https->localhost.localdomain:58008 (ESTABLISHED)
nginx     1096  nginx    6u  IPv4  23210      0t0  TCP *:pcsync-https (LISTEN)
aap-gatew 1550   root    9u  IPv6  23874      0t0  TCP *:50051 (LISTEN)
aap-gatew 1551   root   11u  IPv6  23877      0t0  TCP *:50051 (LISTEN)
aap-gatew 1551   root   12u  IPv6  24050      0t0  TCP localhost:50051->localhost:36502 (ESTABLISHED)
aap-gatew 1551   root   13u  IPv4  24769      0t0  TCP localhost.localdomain:39430->localhost.localdomain:redis (ESTABLISHED)
aap-gatew 1551   root   14u  IPv4  24770      0t0  TCP localhost.localdomain:53488->aap25-database.lan:postgres (ESTABLISHED)
aap-gatew 1551   root   15u  IPv6  24800      0t0  TCP localhost:50051->localhost:36212 (ESTABLISHED)
aap-gatew 1551   root   16u  IPv4  25421      0t0  TCP localhost.localdomain:54620->localhost.localdomain:redis (ESTABLISHED)
aap-gatew 1551   root   17u  IPv4  25437      0t0  TCP localhost.localdomain:40206->aap25-database.lan:postgres (ESTABLISHED)
aap-gatew 1551   root   18u  IPv4  25768      0t0  TCP localhost.localdomain:40226->aap25-database.lan:postgres (ESTABLISHED)
aap-gatew 1551   root   19u  IPv4  25461      0t0  TCP localhost.localdomain:54634->localhost.localdomain:redis (ESTABLISHED)
aap-gatew 1551   root   20u  IPv4  25809      0t0  TCP localhost.localdomain:40244->aap25-database.lan:postgres (ESTABLISHED)
aap-gatew 1551   root   21u  IPv4  25802      0t0  TCP localhost.localdomain:54640->localhost.localdomain:redis (ESTABLISHED)
aap-gatew 1551   root   22u  IPv4  25465      0t0  TCP localhost.localdomain:40254->aap25-database.lan:postgres (ESTABLISHED)
aap-gatew 1551   root   23u  IPv4  25812      0t0  TCP localhost.localdomain:54656->localhost.localdomain:redis (ESTABLISHED)
aap-gatew 1551   root   24u  IPv4  25476      0t0  TCP localhost.localdomain:40256->aap25-database.lan:postgres (ESTABLISHED)
aap-gatew 1551   root   25u  IPv4  25509      0t0  TCP localhost.localdomain:54672->localhost.localdomain:redis (ESTABLISHED)
aap-gatew 1551   root   26u  IPv4  25888      0t0  TCP localhost.localdomain:47994->aap25-database.lan:postgres (ESTABLISHED)
aap-gatew 1552   root   13u  IPv6  23880      0t0  TCP *:50051 (LISTEN)
aap-gatew 1553   root   15u  IPv6  23474      0t0  TCP *:50051 (LISTEN)
aap-gatew 1554   root   17u  IPv6  23471      0t0  TCP *:50051 (LISTEN)
  No network connections found

=== RECEPTOR MEMORY SUMMARY ===
Total Receptor RSS Memory: 3584 KB (3 MB)
Total Receptor VSZ Memory: 7336 KB (7 MB)
Number of Receptor Processes: 2

AAP-related Processes and Children:
=== AAP Service Processes ===
Process: uwsgi (PID: 1039)
    PID    PPID CMD                           RSS
   1039     744 uwsgi /etc/ansible-automati 14208
  Children of PID 1039:
    PID    PPID CMD                           RSS
   1041    1039 uwsgi /etc/ansible-automati 126252
    PID    PPID CMD                           RSS
   1042    1039 uwsgi /etc/ansible-automati 134472
    PID    PPID CMD                           RSS
   1043    1039 uwsgi /etc/ansible-automati 128752
    PID    PPID CMD                           RSS
   1044    1039 uwsgi /etc/ansible-automati 131976
    PID    PPID CMD                           RSS
   1045    1039 uwsgi /etc/ansible-automati 131612

Process: uwsgi (PID: 1041)
    PID    PPID CMD                           RSS
   1041    1039 uwsgi /etc/ansible-automati 126252

Process: uwsgi (PID: 1042)
    PID    PPID CMD                           RSS
   1042    1039 uwsgi /etc/ansible-automati 134472

Process: uwsgi (PID: 1043)
    PID    PPID CMD                           RSS
   1043    1039 uwsgi /etc/ansible-automati 128752

Process: uwsgi (PID: 1044)
    PID    PPID CMD                           RSS
   1044    1039 uwsgi /etc/ansible-automati 131976

Process: uwsgi (PID: 1045)
    PID    PPID CMD                           RSS
   1045    1039 uwsgi /etc/ansible-automati 131612

Process: redis-server (PID: 1055)
    PID    PPID CMD                           RSS
   1055       1 /usr/bin/redis-server *:637 16260

Process: nginx (PID: 1094)
    PID    PPID CMD                           RSS
   1094       1 nginx: master process /usr/  2084
  Children of PID 1094:
    PID    PPID CMD                           RSS
   1095    1094 nginx: worker process        8484
    PID    PPID CMD                           RSS
   1096    1094 nginx: worker process        8484

Process: nginx (PID: 1095)
    PID    PPID CMD                           RSS
   1095    1094 nginx: worker process        8484

Process: nginx (PID: 1096)
    PID    PPID CMD                           RSS
   1096    1094 nginx: worker process        8484

Process: bash (PID: 8294)
    PID    PPID CMD                           RSS
   8294       1 bash -c  log_file="/tmp/mem  3584
  Children of PID 8294:
    PID    PPID CMD                           RSS
   9919    8294 bash -c  log_file="/tmp/mem  2396

Process: bash (PID: 9919)
    PID    PPID CMD                           RSS
   9919    8294 bash -c  log_file="/tmp/mem  2396
  Children of PID 9919:
    PID    PPID CMD                           RSS


Process Tree for AAP Services:
=== automation-controller Process Tree ===
bash(8294)---pstree(9967)
=== receptor Process Tree ===
bash(8294)---pstree(9971)
=== nginx Process Tree ===
nginx(1094)-+-nginx(1095)
            `-nginx(1096)
nginx(1095)
nginx(1096)
bash(8294)---pstree(9978)
=== postgresql Process Tree ===
bash(8294)---pstree(9982)
=== redis Process Tree ===
redis-server(1055)-+-{redis-server}(1066)
                   |-{redis-server}(1067)
                   |-{redis-server}(1068)
                   `-{redis-server}(1069)
bash(8294)---pstree(9987)
=== uwsgi Process Tree ===
uwsgi(1039)-+-uwsgi(1041)
            |-uwsgi(1042)
            |-uwsgi(1043)
            |-uwsgi(1044)
            `-uwsgi(1045)
uwsgi(1041)
uwsgi(1042)
uwsgi(1043)
uwsgi(1044)
uwsgi(1045)
bash(8294)---pstree(9997)
=== automation-hub Process Tree ===
bash(8294)---pstree(10001)
=== automation-eda Process Tree ===
bash(8294)---pstree(10005)

=================================================================================
2025-07-07 18:57:28
Memory Usage Report:
               total        used        free      shared  buff/cache   available
Mem:            7555        1235        5910           9         656        6320
Swap:           5327           0        5327

Top 10 Processes by RSS Memory:
    PID    PPID CMD                           RSS
   1042    1039 uwsgi /etc/ansible-automati 134472
   1044    1039 uwsgi /etc/ansible-automati 131976
   1045    1039 uwsgi /etc/ansible-automati 131612
   1043    1039 uwsgi /etc/ansible-automati 128752
   1551    1040 /usr/bin/python3.11 -sP /us 126900
   1041    1039 uwsgi /etc/ansible-automati 126252
   1040     744 /usr/bin/python3.11 -sP /us 114212
   1553    1040 /usr/bin/python3.11 -sP /us 99028
   1550    1040 /usr/bin/python3.11 -sP /us 98900
   1552    1040 /usr/bin/python3.11 -sP /us 98900

=== RECEPTOR PROCESS ANALYSIS ===
Receptor Main Processes:
    PID    PPID CMD                           RSS    VSZ %CPU %MEM     ELAPSED
   8294       1 bash -c  log_file="/tmp/mem  3584   7336  0.0  0.0       05:40
Receptor Child Processes for PID 8294:
      PID    PPID CMD                           RSS    VSZ %CPU %MEM     ELAPSED
Receptor Threads for PID 8294:
    PID    SPID %CPU %MEM   RSS COMMAND
   8294    8294  0.0  0.0  3584 bash
Receptor Network Connections for PID 8294:
COMMAND    PID   USER   FD   TYPE DEVICE SIZE/OFF     NODE NAME
envoy      718   root   22u  IPv4 155754      0t0      TCP localhost.localdomain:https->192.168.1.49:44362 (ESTABLISHED)
envoy      718   root   31u  IPv4 157257      0t0      TCP localhost.localdomain:33592->localhost.localdomain:pcsync-https (ESTABLISHED)
envoy      718   root   32u  IPv4 157979      0t0      TCP localhost.localdomain:55580->aap25-control.lan:https (ESTABLISHED)
envoy      718   root   34u  IPv4  24602      0t0      TCP *:https (LISTEN)
envoy      718   root   35u  IPv4  24603      0t0      TCP *:https (LISTEN)
envoy      718   root   36u  IPv4 156102      0t0      TCP localhost.localdomain:https->192.168.1.49:39398 (ESTABLISHED)
envoy      718   root   37u  IPv4 155055      0t0      TCP localhost.localdomain:46672->localhost.localdomain:pcsync-https (ESTABLISHED)
envoy      718   root   38u  IPv4  24768      0t0      TCP localhost:36502->localhost:50051 (ESTABLISHED)
envoy      718   root   39u  IPv4 151120      0t0      TCP localhost.localdomain:33070->localhost.localdomain:pcsync-https (ESTABLISHED)
envoy      718   root   40u  IPv4  24083      0t0      TCP localhost:36212->localhost:50051 (ESTABLISHED)
envoy      718   root   42u  IPv4 159454      0t0      TCP localhost.localdomain:60832->localhost.localdomain:pcsync-https (ESTABLISHED)
envoy      718   root   43u  IPv4 153460      0t0      TCP localhost.localdomain:https->192.168.1.49:51778 (ESTABLISHED)
envoy      718   root   44u  IPv4 159297      0t0      TCP localhost.localdomain:https->192.168.1.49:47144 (ESTABLISHED)
envoy      718   root   45u  IPv4 159299      0t0      TCP localhost.localdomain:https->192.168.1.49:47152 (ESTABLISHED)
envoy      718   root   46u  IPv4 159983      0t0      TCP localhost.localdomain:https->192.168.1.49:47126 (ESTABLISHED)
envoy      718   root   47u  IPv4 153464      0t0      TCP localhost.localdomain:36730->aap25-control.lan:https (ESTABLISHED)
envoy      718   root   48u  IPv4 171575      0t0      TCP localhost.localdomain:58008->localhost.localdomain:pcsync-https (ESTABLISHED)
envoy      718   root   50u  IPv4 159985      0t0      TCP localhost.localdomain:https->192.168.1.49:47130 (ESTABLISHED)
chronyd    731 chrony    5u  IPv4  21318      0t0      UDP localhost:323 
chronyd    731 chrony    6u  IPv6  21319      0t0      UDP localhost:323 
NetworkMa  741   root   26u  IPv4  22282      0t0      UDP localhost.localdomain:bootpc->pi.hole:bootps 
sshd       771   root    3u  IPv4  22671      0t0      TCP *:ssh (LISTEN)
sshd       771   root    4u  IPv6  22680      0t0      TCP *:ssh (LISTEN)
uwsgi     1039   root    3u  IPv4  22268      0t0      TCP localhost:8050 (LISTEN)
uwsgi     1041   root    3u  IPv4  22268      0t0      TCP localhost:8050 (LISTEN)
uwsgi     1041   root    9u  IPv4  24673      0t0      TCP localhost.localdomain:39976->localhost.localdomain:redis (ESTABLISHED)
uwsgi     1042   root    3u  IPv4  22268      0t0      TCP localhost:8050 (LISTEN)
uwsgi     1042   root    9u  IPv4  23944      0t0      TCP localhost.localdomain:47062->localhost.localdomain:redis (ESTABLISHED)
uwsgi     1043   root    3u  IPv4  22268      0t0      TCP localhost:8050 (LISTEN)
uwsgi     1043   root    8u  IPv4  23929      0t0      TCP localhost.localdomain:40010->localhost.localdomain:redis (ESTABLISHED)
uwsgi     1044   root    3u  IPv4  22268      0t0      TCP localhost:8050 (LISTEN)
uwsgi     1044   root    8u  IPv4  24120      0t0      TCP localhost.localdomain:38856->localhost.localdomain:redis (ESTABLISHED)
uwsgi     1045   root    3u  IPv4  22268      0t0      TCP localhost:8050 (LISTEN)
uwsgi     1045   root    7u  IPv4  23502      0t0      TCP localhost.localdomain:39996->localhost.localdomain:redis (ESTABLISHED)
redis-ser 1055  redis    6u  IPv4  23180      0t0      TCP *:redis (LISTEN)
redis-ser 1055  redis    7u  IPv6  23181      0t0      TCP *:redis (LISTEN)
redis-ser 1055  redis    8u  IPv4  23915      0t0      TCP localhost.localdomain:redis->localhost.localdomain:39996 (ESTABLISHED)
redis-ser 1055  redis    9u  IPv4  24592      0t0      TCP localhost.localdomain:redis->localhost.localdomain:40010 (ESTABLISHED)
redis-ser 1055  redis   10u  IPv4  24629      0t0      TCP localhost.localdomain:redis->localhost.localdomain:47062 (ESTABLISHED)
redis-ser 1055  redis   11u  IPv4  23986      0t0      TCP localhost.localdomain:redis->localhost.localdomain:39976 (ESTABLISHED)
redis-ser 1055  redis   12u  IPv4  24052      0t0      TCP localhost.localdomain:redis->localhost.localdomain:39430 (ESTABLISHED)
redis-ser 1055  redis   13u  IPv4  24840      0t0      TCP localhost.localdomain:redis->localhost.localdomain:38856 (ESTABLISHED)
redis-ser 1055  redis   14u  IPv4  25748      0t0      TCP localhost.localdomain:redis->localhost.localdomain:54620 (ESTABLISHED)
redis-ser 1055  redis   15u  IPv4  25800      0t0      TCP localhost.localdomain:redis->localhost.localdomain:54634 (ESTABLISHED)
redis-ser 1055  redis   16u  IPv4  25803      0t0      TCP localhost.localdomain:redis->localhost.localdomain:54640 (ESTABLISHED)
redis-ser 1055  redis   17u  IPv4  25474      0t0      TCP localhost.localdomain:redis->localhost.localdomain:54656 (ESTABLISHED)
redis-ser 1055  redis   18u  IPv4  25510      0t0      TCP localhost.localdomain:redis->localhost.localdomain:54672 (ESTABLISHED)
nginx     1094   root    6u  IPv4  23210      0t0      TCP *:pcsync-https (LISTEN)
nginx     1095  nginx    6u  IPv4  23210      0t0      TCP *:pcsync-https (LISTEN)
nginx     1095  nginx   11u  IPv4 157977      0t0      TCP localhost.localdomain:pcsync-https->localhost.localdomain:33592 (ESTABLISHED)
nginx     1095  nginx   12u  IPv4 151802      0t0      TCP localhost.localdomain:pcsync-https->localhost.localdomain:33070 (ESTABLISHED)
nginx     1095  nginx   14u  IPv4 160161      0t0      TCP localhost.localdomain:pcsync-https->localhost.localdomain:60832 (ESTABLISHED)
nginx     1095  nginx   15u  IPv4 155770      0t0      TCP localhost.localdomain:pcsync-https->localhost.localdomain:46672 (ESTABLISHED)
nginx     1095  nginx   17u  IPv4 171576      0t0      TCP localhost.localdomain:pcsync-https->localhost.localdomain:58008 (ESTABLISHED)
nginx     1096  nginx    6u  IPv4  23210      0t0      TCP *:pcsync-https (LISTEN)
aap-gatew 1550   root    9u  IPv6  23874      0t0      TCP *:50051 (LISTEN)
aap-gatew 1551   root   11u  IPv6  23877      0t0      TCP *:50051 (LISTEN)
aap-gatew 1551   root   12u  IPv6  24050      0t0      TCP localhost:50051->localhost:36502 (ESTABLISHED)
aap-gatew 1551   root   13u  IPv4  24769      0t0      TCP localhost.localdomain:39430->localhost.localdomain:redis (ESTABLISHED)
aap-gatew 1551   root   14u  IPv4  24770      0t0      TCP localhost.localdomain:53488->aap25-database.lan:postgres (ESTABLISHED)
aap-gatew 1551   root   15u  IPv6  24800      0t0      TCP localhost:50051->localhost:36212 (ESTABLISHED)
aap-gatew 1551   root   16u  IPv4  25421      0t0      TCP localhost.localdomain:54620->localhost.localdomain:redis (ESTABLISHED)
aap-gatew 1551   root   17u  IPv4  25437      0t0      TCP localhost.localdomain:40206->aap25-database.lan:postgres (ESTABLISHED)
aap-gatew 1551   root   18u  IPv4  25768      0t0      TCP localhost.localdomain:40226->aap25-database.lan:postgres (ESTABLISHED)
aap-gatew 1551   root   19u  IPv4  25461      0t0      TCP localhost.localdomain:54634->localhost.localdomain:redis (ESTABLISHED)
aap-gatew 1551   root   20u  IPv4  25809      0t0      TCP localhost.localdomain:40244->aap25-database.lan:postgres (ESTABLISHED)
aap-gatew 1551   root   21u  IPv4  25802      0t0      TCP localhost.localdomain:54640->localhost.localdomain:redis (ESTABLISHED)
aap-gatew 1551   root   22u  IPv4  25465      0t0      TCP localhost.localdomain:40254->aap25-database.lan:postgres (ESTABLISHED)
aap-gatew 1551   root   23u  IPv4  25812      0t0      TCP localhost.localdomain:54656->localhost.localdomain:redis (ESTABLISHED)
aap-gatew 1551   root   24u  IPv4  25476      0t0      TCP localhost.localdomain:40256->aap25-database.lan:postgres (ESTABLISHED)
aap-gatew 1551   root   25u  IPv4  25509      0t0      TCP localhost.localdomain:54672->localhost.localdomain:redis (ESTABLISHED)
aap-gatew 1551   root   26u  IPv4  25888      0t0      TCP localhost.localdomain:47994->aap25-database.lan:postgres (ESTABLISHED)
aap-gatew 1552   root   13u  IPv6  23880      0t0      TCP *:50051 (LISTEN)
aap-gatew 1553   root   15u  IPv6  23474      0t0      TCP *:50051 (LISTEN)
aap-gatew 1554   root   17u  IPv6  23471      0t0      TCP *:50051 (LISTEN)
bash      8294   root  cwd    DIR  253,0     4096 50331782 /root
bash      8294   root  rtd    DIR  253,0      235      128 /
bash      8294   root  txt    REG  253,0  1389072 50367435 /usr/bin/bash
bash      8294   root  mem    REG  253,0  2586930 50367720 /usr/lib/locale/en_US.utf8/LC_COLLATE
bash      8294   root  mem    REG  253,0  2544344     2597 /usr/lib64/libc.so.6
bash      8294   root  mem    REG  253,0   346132 33699956 /usr/lib/locale/C.utf8/LC_CTYPE
bash      8294   root  mem    REG  253,0       54 50367723 /usr/lib/locale/en_US.utf8/LC_NUMERIC
bash      8294   root  mem    REG  253,0     3284     2565 /usr/lib/locale/en_US.utf8/LC_TIME
bash      8294   root  mem    REG  253,0      286     2563 /usr/lib/locale/en_US.utf8/LC_MONETARY
bash      8294   root  mem    REG  253,0       57     2576 /usr/lib/locale/en_US.utf8/LC_MESSAGES/SYS_LC_MESSAGES
bash      8294   root  mem    REG  253,0    26988 16780452 /usr/lib64/gconv/gconv-modules.cache
bash      8294   root  mem    REG  253,0   195080     2316 /usr/lib64/libtinfo.so.6.2
bash      8294   root  mem    REG  253,0       34 33700259 /usr/lib/locale/en_US.utf8/LC_PAPER
bash      8294   root  mem    REG  253,0       77 50367722 /usr/lib/locale/en_US.utf8/LC_NAME
bash      8294   root  mem    REG  253,0      167     2559 /usr/lib/locale/en_US.utf8/LC_ADDRESS
bash      8294   root  mem    REG  253,0       59     2564 /usr/lib/locale/en_US.utf8/LC_TELEPHONE
bash      8294   root  mem    REG  253,0       23     2562 /usr/lib/locale/en_US.utf8/LC_MEASUREMENT
bash      8294   root  mem    REG  253,0      369     2561 /usr/lib/locale/en_US.utf8/LC_IDENTIFICATION
bash      8294   root  mem    REG  253,0   897856     2593 /usr/lib64/ld-linux-x86-64.so.2
bash      8294   root    0r   CHR    1,3      0t0        4 /dev/null
bash      8294   root    1w   REG  253,0        0 34669828 /tmp/memory_monitor.log
bash      8294   root    2w   REG  253,0        0 34669828 /tmp/memory_monitor.log
bash      8294   root    3r  FIFO   0,13      0t0   173343 pipe

    PID    PPID CMD                           RSS    VSZ %CPU %MEM     ELAPSED
Receptor Child Processes for PID 10013:
  No child processes found
Receptor Threads for PID 10013:
    PID    SPID %CPU %MEM   RSS COMMAND
Receptor Network Connections for PID 10013:
COMMAND    PID   USER   FD   TYPE DEVICE SIZE/OFF NODE NAME
envoy      718   root   22u  IPv4 155754      0t0  TCP localhost.localdomain:https->192.168.1.49:44362 (ESTABLISHED)
envoy      718   root   31u  IPv4 157257      0t0  TCP localhost.localdomain:33592->localhost.localdomain:pcsync-https (ESTABLISHED)
envoy      718   root   32u  IPv4 157979      0t0  TCP localhost.localdomain:55580->aap25-control.lan:https (ESTABLISHED)
envoy      718   root   34u  IPv4  24602      0t0  TCP *:https (LISTEN)
envoy      718   root   35u  IPv4  24603      0t0  TCP *:https (LISTEN)
envoy      718   root   36u  IPv4 156102      0t0  TCP localhost.localdomain:https->192.168.1.49:39398 (ESTABLISHED)
envoy      718   root   37u  IPv4 155055      0t0  TCP localhost.localdomain:46672->localhost.localdomain:pcsync-https (ESTABLISHED)
envoy      718   root   38u  IPv4  24768      0t0  TCP localhost:36502->localhost:50051 (ESTABLISHED)
envoy      718   root   39u  IPv4 151120      0t0  TCP localhost.localdomain:33070->localhost.localdomain:pcsync-https (ESTABLISHED)
envoy      718   root   40u  IPv4  24083      0t0  TCP localhost:36212->localhost:50051 (ESTABLISHED)
envoy      718   root   42u  IPv4 159454      0t0  TCP localhost.localdomain:60832->localhost.localdomain:pcsync-https (ESTABLISHED)
envoy      718   root   43u  IPv4 153460      0t0  TCP localhost.localdomain:https->192.168.1.49:51778 (ESTABLISHED)
envoy      718   root   44u  IPv4 159297      0t0  TCP localhost.localdomain:https->192.168.1.49:47144 (ESTABLISHED)
envoy      718   root   45u  IPv4 159299      0t0  TCP localhost.localdomain:https->192.168.1.49:47152 (ESTABLISHED)
envoy      718   root   46u  IPv4 159983      0t0  TCP localhost.localdomain:https->192.168.1.49:47126 (ESTABLISHED)
envoy      718   root   47u  IPv4 153464      0t0  TCP localhost.localdomain:36730->aap25-control.lan:https (ESTABLISHED)
envoy      718   root   48u  IPv4 171575      0t0  TCP localhost.localdomain:58008->localhost.localdomain:pcsync-https (ESTABLISHED)
envoy      718   root   50u  IPv4 159985      0t0  TCP localhost.localdomain:https->192.168.1.49:47130 (ESTABLISHED)
chronyd    731 chrony    5u  IPv4  21318      0t0  UDP localhost:323 
chronyd    731 chrony    6u  IPv6  21319      0t0  UDP localhost:323 
NetworkMa  741   root   26u  IPv4  22282      0t0  UDP localhost.localdomain:bootpc->pi.hole:bootps 
sshd       771   root    3u  IPv4  22671      0t0  TCP *:ssh (LISTEN)
sshd       771   root    4u  IPv6  22680      0t0  TCP *:ssh (LISTEN)
uwsgi     1039   root    3u  IPv4  22268      0t0  TCP localhost:8050 (LISTEN)
uwsgi     1041   root    3u  IPv4  22268      0t0  TCP localhost:8050 (LISTEN)
uwsgi     1041   root    9u  IPv4  24673      0t0  TCP localhost.localdomain:39976->localhost.localdomain:redis (ESTABLISHED)
uwsgi     1042   root    3u  IPv4  22268      0t0  TCP localhost:8050 (LISTEN)
uwsgi     1042   root    9u  IPv4  23944      0t0  TCP localhost.localdomain:47062->localhost.localdomain:redis (ESTABLISHED)
uwsgi     1043   root    3u  IPv4  22268      0t0  TCP localhost:8050 (LISTEN)
uwsgi     1043   root    8u  IPv4  23929      0t0  TCP localhost.localdomain:40010->localhost.localdomain:redis (ESTABLISHED)
uwsgi     1044   root    3u  IPv4  22268      0t0  TCP localhost:8050 (LISTEN)
uwsgi     1044   root    8u  IPv4  24120      0t0  TCP localhost.localdomain:38856->localhost.localdomain:redis (ESTABLISHED)
uwsgi     1045   root    3u  IPv4  22268      0t0  TCP localhost:8050 (LISTEN)
uwsgi     1045   root    7u  IPv4  23502      0t0  TCP localhost.localdomain:39996->localhost.localdomain:redis (ESTABLISHED)
redis-ser 1055  redis    6u  IPv4  23180      0t0  TCP *:redis (LISTEN)
redis-ser 1055  redis    7u  IPv6  23181      0t0  TCP *:redis (LISTEN)
redis-ser 1055  redis    8u  IPv4  23915      0t0  TCP localhost.localdomain:redis->localhost.localdomain:39996 (ESTABLISHED)
redis-ser 1055  redis    9u  IPv4  24592      0t0  TCP localhost.localdomain:redis->localhost.localdomain:40010 (ESTABLISHED)
redis-ser 1055  redis   10u  IPv4  24629      0t0  TCP localhost.localdomain:redis->localhost.localdomain:47062 (ESTABLISHED)
redis-ser 1055  redis   11u  IPv4  23986      0t0  TCP localhost.localdomain:redis->localhost.localdomain:39976 (ESTABLISHED)
redis-ser 1055  redis   12u  IPv4  24052      0t0  TCP localhost.localdomain:redis->localhost.localdomain:39430 (ESTABLISHED)
redis-ser 1055  redis   13u  IPv4  24840      0t0  TCP localhost.localdomain:redis->localhost.localdomain:38856 (ESTABLISHED)
redis-ser 1055  redis   14u  IPv4  25748      0t0  TCP localhost.localdomain:redis->localhost.localdomain:54620 (ESTABLISHED)
redis-ser 1055  redis   15u  IPv4  25800      0t0  TCP localhost.localdomain:redis->localhost.localdomain:54634 (ESTABLISHED)
redis-ser 1055  redis   16u  IPv4  25803      0t0  TCP localhost.localdomain:redis->localhost.localdomain:54640 (ESTABLISHED)
redis-ser 1055  redis   17u  IPv4  25474      0t0  TCP localhost.localdomain:redis->localhost.localdomain:54656 (ESTABLISHED)
redis-ser 1055  redis   18u  IPv4  25510      0t0  TCP localhost.localdomain:redis->localhost.localdomain:54672 (ESTABLISHED)
nginx     1094   root    6u  IPv4  23210      0t0  TCP *:pcsync-https (LISTEN)
nginx     1095  nginx    6u  IPv4  23210      0t0  TCP *:pcsync-https (LISTEN)
nginx     1095  nginx   11u  IPv4 157977      0t0  TCP localhost.localdomain:pcsync-https->localhost.localdomain:33592 (ESTABLISHED)
nginx     1095  nginx   12u  IPv4 151802      0t0  TCP localhost.localdomain:pcsync-https->localhost.localdomain:33070 (ESTABLISHED)
nginx     1095  nginx   14u  IPv4 160161      0t0  TCP localhost.localdomain:pcsync-https->localhost.localdomain:60832 (ESTABLISHED)
nginx     1095  nginx   15u  IPv4 155770      0t0  TCP localhost.localdomain:pcsync-https->localhost.localdomain:46672 (ESTABLISHED)
nginx     1095  nginx   17u  IPv4 171576      0t0  TCP localhost.localdomain:pcsync-https->localhost.localdomain:58008 (ESTABLISHED)
nginx     1096  nginx    6u  IPv4  23210      0t0  TCP *:pcsync-https (LISTEN)
aap-gatew 1550   root    9u  IPv6  23874      0t0  TCP *:50051 (LISTEN)
aap-gatew 1551   root   11u  IPv6  23877      0t0  TCP *:50051 (LISTEN)
aap-gatew 1551   root   12u  IPv6  24050      0t0  TCP localhost:50051->localhost:36502 (ESTABLISHED)
aap-gatew 1551   root   13u  IPv4  24769      0t0  TCP localhost.localdomain:39430->localhost.localdomain:redis (ESTABLISHED)
aap-gatew 1551   root   14u  IPv4  24770      0t0  TCP localhost.localdomain:53488->aap25-database.lan:postgres (ESTABLISHED)
aap-gatew 1551   root   15u  IPv6  24800      0t0  TCP localhost:50051->localhost:36212 (ESTABLISHED)
aap-gatew 1551   root   16u  IPv4  25421      0t0  TCP localhost.localdomain:54620->localhost.localdomain:redis (ESTABLISHED)
aap-gatew 1551   root   17u  IPv4  25437      0t0  TCP localhost.localdomain:40206->aap25-database.lan:postgres (ESTABLISHED)
aap-gatew 1551   root   18u  IPv4  25768      0t0  TCP localhost.localdomain:40226->aap25-database.lan:postgres (ESTABLISHED)
aap-gatew 1551   root   19u  IPv4  25461      0t0  TCP localhost.localdomain:54634->localhost.localdomain:redis (ESTABLISHED)
aap-gatew 1551   root   20u  IPv4  25809      0t0  TCP localhost.localdomain:40244->aap25-database.lan:postgres (ESTABLISHED)
aap-gatew 1551   root   21u  IPv4  25802      0t0  TCP localhost.localdomain:54640->localhost.localdomain:redis (ESTABLISHED)
aap-gatew 1551   root   22u  IPv4  25465      0t0  TCP localhost.localdomain:40254->aap25-database.lan:postgres (ESTABLISHED)
aap-gatew 1551   root   23u  IPv4  25812      0t0  TCP localhost.localdomain:54656->localhost.localdomain:redis (ESTABLISHED)
aap-gatew 1551   root   24u  IPv4  25476      0t0  TCP localhost.localdomain:40256->aap25-database.lan:postgres (ESTABLISHED)
aap-gatew 1551   root   25u  IPv4  25509      0t0  TCP localhost.localdomain:54672->localhost.localdomain:redis (ESTABLISHED)
aap-gatew 1551   root   26u  IPv4  25888      0t0  TCP localhost.localdomain:47994->aap25-database.lan:postgres (ESTABLISHED)
aap-gatew 1552   root   13u  IPv6  23880      0t0  TCP *:50051 (LISTEN)
aap-gatew 1553   root   15u  IPv6  23474      0t0  TCP *:50051 (LISTEN)
aap-gatew 1554   root   17u  IPv6  23471      0t0  TCP *:50051 (LISTEN)
  No network connections found

=== RECEPTOR MEMORY SUMMARY ===
Total Receptor RSS Memory: 3584 KB (3 MB)
Total Receptor VSZ Memory: 7336 KB (7 MB)
Number of Receptor Processes: 2

AAP-related Processes and Children:
=== AAP Service Processes ===
Process: uwsgi (PID: 1039)
    PID    PPID CMD                           RSS
   1039     744 uwsgi /etc/ansible-automati 14208
  Children of PID 1039:
    PID    PPID CMD                           RSS
   1041    1039 uwsgi /etc/ansible-automati 126252
    PID    PPID CMD                           RSS
   1042    1039 uwsgi /etc/ansible-automati 134472
    PID    PPID CMD                           RSS
   1043    1039 uwsgi /etc/ansible-automati 128752
    PID    PPID CMD                           RSS
   1044    1039 uwsgi /etc/ansible-automati 131976
    PID    PPID CMD                           RSS
   1045    1039 uwsgi /etc/ansible-automati 131612

Process: uwsgi (PID: 1041)
    PID    PPID CMD                           RSS
   1041    1039 uwsgi /etc/ansible-automati 126252

Process: uwsgi (PID: 1042)
    PID    PPID CMD                           RSS
   1042    1039 uwsgi /etc/ansible-automati 134472

Process: uwsgi (PID: 1043)
    PID    PPID CMD                           RSS
   1043    1039 uwsgi /etc/ansible-automati 128752

Process: uwsgi (PID: 1044)
    PID    PPID CMD                           RSS
   1044    1039 uwsgi /etc/ansible-automati 131976

Process: uwsgi (PID: 1045)
    PID    PPID CMD                           RSS
   1045    1039 uwsgi /etc/ansible-automati 131612

Process: redis-server (PID: 1055)
    PID    PPID CMD                           RSS
   1055       1 /usr/bin/redis-server *:637 16260

Process: nginx (PID: 1094)
    PID    PPID CMD                           RSS
   1094       1 nginx: master process /usr/  2084
  Children of PID 1094:
    PID    PPID CMD                           RSS
   1095    1094 nginx: worker process        8484
    PID    PPID CMD                           RSS
   1096    1094 nginx: worker process        8484

Process: nginx (PID: 1095)
    PID    PPID CMD                           RSS
   1095    1094 nginx: worker process        8484

Process: nginx (PID: 1096)
    PID    PPID CMD                           RSS
   1096    1094 nginx: worker process        8484

Process: bash (PID: 8294)
    PID    PPID CMD                           RSS
   8294       1 bash -c  log_file="/tmp/mem  3584
  Children of PID 8294:
    PID    PPID CMD                           RSS
  10072    8294 bash -c  log_file="/tmp/mem  2396

Process: bash (PID: 10072)
    PID    PPID CMD                           RSS
  10072    8294 bash -c  log_file="/tmp/mem  2396
  Children of PID 10072:
    PID    PPID CMD                           RSS


Process Tree for AAP Services:
=== automation-controller Process Tree ===
bash(8294)---pstree(10120)
=== receptor Process Tree ===
bash(8294)---pstree(10124)
=== nginx Process Tree ===
nginx(1094)-+-nginx(1095)
            `-nginx(1096)
nginx(1095)
nginx(1096)
bash(8294)---pstree(10131)
=== postgresql Process Tree ===
bash(8294)---pstree(10135)
=== redis Process Tree ===
redis-server(1055)-+-{redis-server}(1066)
                   |-{redis-server}(1067)
                   |-{redis-server}(1068)
                   `-{redis-server}(1069)
bash(8294)---pstree(10140)
=== uwsgi Process Tree ===
uwsgi(1039)-+-uwsgi(1041)
            |-uwsgi(1042)
            |-uwsgi(1043)
            |-uwsgi(1044)
            `-uwsgi(1045)
uwsgi(1041)
uwsgi(1042)
uwsgi(1043)
uwsgi(1044)
uwsgi(1045)
bash(8294)---pstree(10150)
=== automation-hub Process Tree ===
bash(8294)---pstree(10154)
=== automation-eda Process Tree ===
bash(8294)---pstree(10158)

=================================================================================
2025-07-07 18:57:58
Memory Usage Report:
               total        used        free      shared  buff/cache   available
Mem:            7555        1238        5908           9         656        6317
Swap:           5327           0        5327

Top 10 Processes by RSS Memory:
    PID    PPID CMD                           RSS
   1042    1039 uwsgi /etc/ansible-automati 134472
   1044    1039 uwsgi /etc/ansible-automati 131976
   1045    1039 uwsgi /etc/ansible-automati 131612
   1043    1039 uwsgi /etc/ansible-automati 128752
   1551    1040 /usr/bin/python3.11 -sP /us 126900
   1041    1039 uwsgi /etc/ansible-automati 126252
   1040     744 /usr/bin/python3.11 -sP /us 114212
   1553    1040 /usr/bin/python3.11 -sP /us 99028
   1550    1040 /usr/bin/python3.11 -sP /us 98900
   1552    1040 /usr/bin/python3.11 -sP /us 98900

=== RECEPTOR PROCESS ANALYSIS ===
Receptor Main Processes:
    PID    PPID CMD                           RSS    VSZ %CPU %MEM     ELAPSED
   8294       1 bash -c  log_file="/tmp/mem  3584   7336  0.0  0.0       06:10
Receptor Child Processes for PID 8294:
      PID    PPID CMD                           RSS    VSZ %CPU %MEM     ELAPSED
Receptor Threads for PID 8294:
    PID    SPID %CPU %MEM   RSS COMMAND
   8294    8294  0.0  0.0  3584 bash
Receptor Network Connections for PID 8294:
COMMAND    PID   USER   FD   TYPE DEVICE SIZE/OFF     NODE NAME
envoy      718   root   22u  IPv4 155754      0t0      TCP localhost.localdomain:https->192.168.1.49:44362 (ESTABLISHED)
envoy      718   root   31u  IPv4 157257      0t0      TCP localhost.localdomain:33592->localhost.localdomain:pcsync-https (ESTABLISHED)
envoy      718   root   32u  IPv4 157979      0t0      TCP localhost.localdomain:55580->aap25-control.lan:https (ESTABLISHED)
envoy      718   root   34u  IPv4  24602      0t0      TCP *:https (LISTEN)
envoy      718   root   35u  IPv4  24603      0t0      TCP *:https (LISTEN)
envoy      718   root   36u  IPv4 156102      0t0      TCP localhost.localdomain:https->192.168.1.49:39398 (ESTABLISHED)
envoy      718   root   38u  IPv4  24768      0t0      TCP localhost:36502->localhost:50051 (ESTABLISHED)
envoy      718   root   39u  IPv4 151120      0t0      TCP localhost.localdomain:33070->localhost.localdomain:pcsync-https (ESTABLISHED)
envoy      718   root   40u  IPv4  24083      0t0      TCP localhost:36212->localhost:50051 (ESTABLISHED)
envoy      718   root   42u  IPv4 159454      0t0      TCP localhost.localdomain:60832->localhost.localdomain:pcsync-https (ESTABLISHED)
envoy      718   root   43u  IPv4 153460      0t0      TCP localhost.localdomain:https->192.168.1.49:51778 (ESTABLISHED)
envoy      718   root   44u  IPv4 159297      0t0      TCP localhost.localdomain:https->192.168.1.49:47144 (ESTABLISHED)
envoy      718   root   45u  IPv4 159299      0t0      TCP localhost.localdomain:https->192.168.1.49:47152 (ESTABLISHED)
envoy      718   root   46u  IPv4 159983      0t0      TCP localhost.localdomain:https->192.168.1.49:47126 (ESTABLISHED)
envoy      718   root   47u  IPv4 153464      0t0      TCP localhost.localdomain:36730->aap25-control.lan:https (ESTABLISHED)
envoy      718   root   48u  IPv4 171575      0t0      TCP localhost.localdomain:58008->localhost.localdomain:pcsync-https (ESTABLISHED)
envoy      718   root   50u  IPv4 159985      0t0      TCP localhost.localdomain:https->192.168.1.49:47130 (ESTABLISHED)
chronyd    731 chrony    5u  IPv4  21318      0t0      UDP localhost:323 
chronyd    731 chrony    6u  IPv6  21319      0t0      UDP localhost:323 
NetworkMa  741   root   26u  IPv4  22282      0t0      UDP localhost.localdomain:bootpc->pi.hole:bootps 
sshd       771   root    3u  IPv4  22671      0t0      TCP *:ssh (LISTEN)
sshd       771   root    4u  IPv6  22680      0t0      TCP *:ssh (LISTEN)
uwsgi     1039   root    3u  IPv4  22268      0t0      TCP localhost:8050 (LISTEN)
uwsgi     1041   root    3u  IPv4  22268      0t0      TCP localhost:8050 (LISTEN)
uwsgi     1041   root    9u  IPv4  24673      0t0      TCP localhost.localdomain:39976->localhost.localdomain:redis (ESTABLISHED)
uwsgi     1042   root    3u  IPv4  22268      0t0      TCP localhost:8050 (LISTEN)
uwsgi     1042   root    9u  IPv4  23944      0t0      TCP localhost.localdomain:47062->localhost.localdomain:redis (ESTABLISHED)
uwsgi     1043   root    3u  IPv4  22268      0t0      TCP localhost:8050 (LISTEN)
uwsgi     1043   root    8u  IPv4  23929      0t0      TCP localhost.localdomain:40010->localhost.localdomain:redis (ESTABLISHED)
uwsgi     1044   root    3u  IPv4  22268      0t0      TCP localhost:8050 (LISTEN)
uwsgi     1044   root    8u  IPv4  24120      0t0      TCP localhost.localdomain:38856->localhost.localdomain:redis (ESTABLISHED)
uwsgi     1045   root    3u  IPv4  22268      0t0      TCP localhost:8050 (LISTEN)
uwsgi     1045   root    7u  IPv4  23502      0t0      TCP localhost.localdomain:39996->localhost.localdomain:redis (ESTABLISHED)
redis-ser 1055  redis    6u  IPv4  23180      0t0      TCP *:redis (LISTEN)
redis-ser 1055  redis    7u  IPv6  23181      0t0      TCP *:redis (LISTEN)
redis-ser 1055  redis    8u  IPv4  23915      0t0      TCP localhost.localdomain:redis->localhost.localdomain:39996 (ESTABLISHED)
redis-ser 1055  redis    9u  IPv4  24592      0t0      TCP localhost.localdomain:redis->localhost.localdomain:40010 (ESTABLISHED)
redis-ser 1055  redis   10u  IPv4  24629      0t0      TCP localhost.localdomain:redis->localhost.localdomain:47062 (ESTABLISHED)
redis-ser 1055  redis   11u  IPv4  23986      0t0      TCP localhost.localdomain:redis->localhost.localdomain:39976 (ESTABLISHED)
redis-ser 1055  redis   12u  IPv4  24052      0t0      TCP localhost.localdomain:redis->localhost.localdomain:39430 (ESTABLISHED)
redis-ser 1055  redis   13u  IPv4  24840      0t0      TCP localhost.localdomain:redis->localhost.localdomain:38856 (ESTABLISHED)
redis-ser 1055  redis   14u  IPv4  25748      0t0      TCP localhost.localdomain:redis->localhost.localdomain:54620 (ESTABLISHED)
redis-ser 1055  redis   15u  IPv4  25800      0t0      TCP localhost.localdomain:redis->localhost.localdomain:54634 (ESTABLISHED)
redis-ser 1055  redis   16u  IPv4  25803      0t0      TCP localhost.localdomain:redis->localhost.localdomain:54640 (ESTABLISHED)
redis-ser 1055  redis   17u  IPv4  25474      0t0      TCP localhost.localdomain:redis->localhost.localdomain:54656 (ESTABLISHED)
redis-ser 1055  redis   18u  IPv4  25510      0t0      TCP localhost.localdomain:redis->localhost.localdomain:54672 (ESTABLISHED)
nginx     1094   root    6u  IPv4  23210      0t0      TCP *:pcsync-https (LISTEN)
nginx     1095  nginx    6u  IPv4  23210      0t0      TCP *:pcsync-https (LISTEN)
nginx     1095  nginx   11u  IPv4 157977      0t0      TCP localhost.localdomain:pcsync-https->localhost.localdomain:33592 (ESTABLISHED)
nginx     1095  nginx   12u  IPv4 151802      0t0      TCP localhost.localdomain:pcsync-https->localhost.localdomain:33070 (ESTABLISHED)
nginx     1095  nginx   14u  IPv4 160161      0t0      TCP localhost.localdomain:pcsync-https->localhost.localdomain:60832 (ESTABLISHED)
nginx     1095  nginx   17u  IPv4 171576      0t0      TCP localhost.localdomain:pcsync-https->localhost.localdomain:58008 (ESTABLISHED)
nginx     1096  nginx    6u  IPv4  23210      0t0      TCP *:pcsync-https (LISTEN)
aap-gatew 1550   root    9u  IPv6  23874      0t0      TCP *:50051 (LISTEN)
aap-gatew 1551   root   11u  IPv6  23877      0t0      TCP *:50051 (LISTEN)
aap-gatew 1551   root   12u  IPv6  24050      0t0      TCP localhost:50051->localhost:36502 (ESTABLISHED)
aap-gatew 1551   root   13u  IPv4  24769      0t0      TCP localhost.localdomain:39430->localhost.localdomain:redis (ESTABLISHED)
aap-gatew 1551   root   14u  IPv4  24770      0t0      TCP localhost.localdomain:53488->aap25-database.lan:postgres (ESTABLISHED)
aap-gatew 1551   root   15u  IPv6  24800      0t0      TCP localhost:50051->localhost:36212 (ESTABLISHED)
aap-gatew 1551   root   16u  IPv4  25421      0t0      TCP localhost.localdomain:54620->localhost.localdomain:redis (ESTABLISHED)
aap-gatew 1551   root   17u  IPv4  25437      0t0      TCP localhost.localdomain:40206->aap25-database.lan:postgres (ESTABLISHED)
aap-gatew 1551   root   18u  IPv4  25768      0t0      TCP localhost.localdomain:40226->aap25-database.lan:postgres (ESTABLISHED)
aap-gatew 1551   root   19u  IPv4  25461      0t0      TCP localhost.localdomain:54634->localhost.localdomain:redis (ESTABLISHED)
aap-gatew 1551   root   20u  IPv4  25809      0t0      TCP localhost.localdomain:40244->aap25-database.lan:postgres (ESTABLISHED)
aap-gatew 1551   root   21u  IPv4  25802      0t0      TCP localhost.localdomain:54640->localhost.localdomain:redis (ESTABLISHED)
aap-gatew 1551   root   22u  IPv4  25465      0t0      TCP localhost.localdomain:40254->aap25-database.lan:postgres (ESTABLISHED)
aap-gatew 1551   root   23u  IPv4  25812      0t0      TCP localhost.localdomain:54656->localhost.localdomain:redis (ESTABLISHED)
aap-gatew 1551   root   24u  IPv4  25476      0t0      TCP localhost.localdomain:40256->aap25-database.lan:postgres (ESTABLISHED)
aap-gatew 1551   root   25u  IPv4  25509      0t0      TCP localhost.localdomain:54672->localhost.localdomain:redis (ESTABLISHED)
aap-gatew 1551   root   26u  IPv4  25888      0t0      TCP localhost.localdomain:47994->aap25-database.lan:postgres (ESTABLISHED)
aap-gatew 1552   root   13u  IPv6  23880      0t0      TCP *:50051 (LISTEN)
aap-gatew 1553   root   15u  IPv6  23474      0t0      TCP *:50051 (LISTEN)
aap-gatew 1554   root   17u  IPv6  23471      0t0      TCP *:50051 (LISTEN)
bash      8294   root  cwd    DIR  253,0     4096 50331782 /root
bash      8294   root  rtd    DIR  253,0      235      128 /
bash      8294   root  txt    REG  253,0  1389072 50367435 /usr/bin/bash
bash      8294   root  mem    REG  253,0  2586930 50367720 /usr/lib/locale/en_US.utf8/LC_COLLATE
bash      8294   root  mem    REG  253,0  2544344     2597 /usr/lib64/libc.so.6
bash      8294   root  mem    REG  253,0   346132 33699956 /usr/lib/locale/C.utf8/LC_CTYPE
bash      8294   root  mem    REG  253,0       54 50367723 /usr/lib/locale/en_US.utf8/LC_NUMERIC
bash      8294   root  mem    REG  253,0     3284     2565 /usr/lib/locale/en_US.utf8/LC_TIME
bash      8294   root  mem    REG  253,0      286     2563 /usr/lib/locale/en_US.utf8/LC_MONETARY
bash      8294   root  mem    REG  253,0       57     2576 /usr/lib/locale/en_US.utf8/LC_MESSAGES/SYS_LC_MESSAGES
bash      8294   root  mem    REG  253,0    26988 16780452 /usr/lib64/gconv/gconv-modules.cache
bash      8294   root  mem    REG  253,0   195080     2316 /usr/lib64/libtinfo.so.6.2
bash      8294   root  mem    REG  253,0       34 33700259 /usr/lib/locale/en_US.utf8/LC_PAPER
bash      8294   root  mem    REG  253,0       77 50367722 /usr/lib/locale/en_US.utf8/LC_NAME
bash      8294   root  mem    REG  253,0      167     2559 /usr/lib/locale/en_US.utf8/LC_ADDRESS
bash      8294   root  mem    REG  253,0       59     2564 /usr/lib/locale/en_US.utf8/LC_TELEPHONE
bash      8294   root  mem    REG  253,0       23     2562 /usr/lib/locale/en_US.utf8/LC_MEASUREMENT
bash      8294   root  mem    REG  253,0      369     2561 /usr/lib/locale/en_US.utf8/LC_IDENTIFICATION
bash      8294   root  mem    REG  253,0   897856     2593 /usr/lib64/ld-linux-x86-64.so.2
bash      8294   root    0r   CHR    1,3      0t0        4 /dev/null
bash      8294   root    1w   REG  253,0        0 34669828 /tmp/memory_monitor.log
bash      8294   root    2w   REG  253,0        0 34669828 /tmp/memory_monitor.log
bash      8294   root    3r  FIFO   0,13      0t0   174771 pipe

    PID    PPID CMD                           RSS    VSZ %CPU %MEM     ELAPSED
Receptor Child Processes for PID 10169:
  No child processes found
Receptor Threads for PID 10169:
    PID    SPID %CPU %MEM   RSS COMMAND
Receptor Network Connections for PID 10169:
COMMAND    PID   USER   FD   TYPE DEVICE SIZE/OFF NODE NAME
envoy      718   root   22u  IPv4 155754      0t0  TCP localhost.localdomain:https->192.168.1.49:44362 (ESTABLISHED)
envoy      718   root   31u  IPv4 157257      0t0  TCP localhost.localdomain:33592->localhost.localdomain:pcsync-https (ESTABLISHED)
envoy      718   root   32u  IPv4 157979      0t0  TCP localhost.localdomain:55580->aap25-control.lan:https (ESTABLISHED)
envoy      718   root   34u  IPv4  24602      0t0  TCP *:https (LISTEN)
envoy      718   root   35u  IPv4  24603      0t0  TCP *:https (LISTEN)
envoy      718   root   36u  IPv4 156102      0t0  TCP localhost.localdomain:https->192.168.1.49:39398 (ESTABLISHED)
envoy      718   root   38u  IPv4  24768      0t0  TCP localhost:36502->localhost:50051 (ESTABLISHED)
envoy      718   root   39u  IPv4 151120      0t0  TCP localhost.localdomain:33070->localhost.localdomain:pcsync-https (ESTABLISHED)
envoy      718   root   40u  IPv4  24083      0t0  TCP localhost:36212->localhost:50051 (ESTABLISHED)
envoy      718   root   42u  IPv4 159454      0t0  TCP localhost.localdomain:60832->localhost.localdomain:pcsync-https (ESTABLISHED)
envoy      718   root   43u  IPv4 153460      0t0  TCP localhost.localdomain:https->192.168.1.49:51778 (ESTABLISHED)
envoy      718   root   44u  IPv4 159297      0t0  TCP localhost.localdomain:https->192.168.1.49:47144 (ESTABLISHED)
envoy      718   root   45u  IPv4 159299      0t0  TCP localhost.localdomain:https->192.168.1.49:47152 (ESTABLISHED)
envoy      718   root   46u  IPv4 159983      0t0  TCP localhost.localdomain:https->192.168.1.49:47126 (ESTABLISHED)
envoy      718   root   47u  IPv4 153464      0t0  TCP localhost.localdomain:36730->aap25-control.lan:https (ESTABLISHED)
envoy      718   root   48u  IPv4 171575      0t0  TCP localhost.localdomain:58008->localhost.localdomain:pcsync-https (ESTABLISHED)
envoy      718   root   50u  IPv4 159985      0t0  TCP localhost.localdomain:https->192.168.1.49:47130 (ESTABLISHED)
chronyd    731 chrony    5u  IPv4  21318      0t0  UDP localhost:323 
chronyd    731 chrony    6u  IPv6  21319      0t0  UDP localhost:323 
NetworkMa  741   root   26u  IPv4  22282      0t0  UDP localhost.localdomain:bootpc->pi.hole:bootps 
sshd       771   root    3u  IPv4  22671      0t0  TCP *:ssh (LISTEN)
sshd       771   root    4u  IPv6  22680      0t0  TCP *:ssh (LISTEN)
uwsgi     1039   root    3u  IPv4  22268      0t0  TCP localhost:8050 (LISTEN)
uwsgi     1041   root    3u  IPv4  22268      0t0  TCP localhost:8050 (LISTEN)
uwsgi     1041   root    9u  IPv4  24673      0t0  TCP localhost.localdomain:39976->localhost.localdomain:redis (ESTABLISHED)
uwsgi     1042   root    3u  IPv4  22268      0t0  TCP localhost:8050 (LISTEN)
uwsgi     1042   root    9u  IPv4  23944      0t0  TCP localhost.localdomain:47062->localhost.localdomain:redis (ESTABLISHED)
uwsgi     1043   root    3u  IPv4  22268      0t0  TCP localhost:8050 (LISTEN)
uwsgi     1043   root    8u  IPv4  23929      0t0  TCP localhost.localdomain:40010->localhost.localdomain:redis (ESTABLISHED)
uwsgi     1044   root    3u  IPv4  22268      0t0  TCP localhost:8050 (LISTEN)
uwsgi     1044   root    8u  IPv4  24120      0t0  TCP localhost.localdomain:38856->localhost.localdomain:redis (ESTABLISHED)
uwsgi     1045   root    3u  IPv4  22268      0t0  TCP localhost:8050 (LISTEN)
uwsgi     1045   root    7u  IPv4  23502      0t0  TCP localhost.localdomain:39996->localhost.localdomain:redis (ESTABLISHED)
redis-ser 1055  redis    6u  IPv4  23180      0t0  TCP *:redis (LISTEN)
redis-ser 1055  redis    7u  IPv6  23181      0t0  TCP *:redis (LISTEN)
redis-ser 1055  redis    8u  IPv4  23915      0t0  TCP localhost.localdomain:redis->localhost.localdomain:39996 (ESTABLISHED)
redis-ser 1055  redis    9u  IPv4  24592      0t0  TCP localhost.localdomain:redis->localhost.localdomain:40010 (ESTABLISHED)
redis-ser 1055  redis   10u  IPv4  24629      0t0  TCP localhost.localdomain:redis->localhost.localdomain:47062 (ESTABLISHED)
redis-ser 1055  redis   11u  IPv4  23986      0t0  TCP localhost.localdomain:redis->localhost.localdomain:39976 (ESTABLISHED)
redis-ser 1055  redis   12u  IPv4  24052      0t0  TCP localhost.localdomain:redis->localhost.localdomain:39430 (ESTABLISHED)
redis-ser 1055  redis   13u  IPv4  24840      0t0  TCP localhost.localdomain:redis->localhost.localdomain:38856 (ESTABLISHED)
redis-ser 1055  redis   14u  IPv4  25748      0t0  TCP localhost.localdomain:redis->localhost.localdomain:54620 (ESTABLISHED)
redis-ser 1055  redis   15u  IPv4  25800      0t0  TCP localhost.localdomain:redis->localhost.localdomain:54634 (ESTABLISHED)
redis-ser 1055  redis   16u  IPv4  25803      0t0  TCP localhost.localdomain:redis->localhost.localdomain:54640 (ESTABLISHED)
redis-ser 1055  redis   17u  IPv4  25474      0t0  TCP localhost.localdomain:redis->localhost.localdomain:54656 (ESTABLISHED)
redis-ser 1055  redis   18u  IPv4  25510      0t0  TCP localhost.localdomain:redis->localhost.localdomain:54672 (ESTABLISHED)
nginx     1094   root    6u  IPv4  23210      0t0  TCP *:pcsync-https (LISTEN)
nginx     1095  nginx    6u  IPv4  23210      0t0  TCP *:pcsync-https (LISTEN)
nginx     1095  nginx   11u  IPv4 157977      0t0  TCP localhost.localdomain:pcsync-https->localhost.localdomain:33592 (ESTABLISHED)
nginx     1095  nginx   12u  IPv4 151802      0t0  TCP localhost.localdomain:pcsync-https->localhost.localdomain:33070 (ESTABLISHED)
nginx     1095  nginx   14u  IPv4 160161      0t0  TCP localhost.localdomain:pcsync-https->localhost.localdomain:60832 (ESTABLISHED)
nginx     1095  nginx   17u  IPv4 171576      0t0  TCP localhost.localdomain:pcsync-https->localhost.localdomain:58008 (ESTABLISHED)
nginx     1096  nginx    6u  IPv4  23210      0t0  TCP *:pcsync-https (LISTEN)
aap-gatew 1550   root    9u  IPv6  23874      0t0  TCP *:50051 (LISTEN)
aap-gatew 1551   root   11u  IPv6  23877      0t0  TCP *:50051 (LISTEN)
aap-gatew 1551   root   12u  IPv6  24050      0t0  TCP localhost:50051->localhost:36502 (ESTABLISHED)
aap-gatew 1551   root   13u  IPv4  24769      0t0  TCP localhost.localdomain:39430->localhost.localdomain:redis (ESTABLISHED)
aap-gatew 1551   root   14u  IPv4  24770      0t0  TCP localhost.localdomain:53488->aap25-database.lan:postgres (ESTABLISHED)
aap-gatew 1551   root   15u  IPv6  24800      0t0  TCP localhost:50051->localhost:36212 (ESTABLISHED)
aap-gatew 1551   root   16u  IPv4  25421      0t0  TCP localhost.localdomain:54620->localhost.localdomain:redis (ESTABLISHED)
aap-gatew 1551   root   17u  IPv4  25437      0t0  TCP localhost.localdomain:40206->aap25-database.lan:postgres (ESTABLISHED)
aap-gatew 1551   root   18u  IPv4  25768      0t0  TCP localhost.localdomain:40226->aap25-database.lan:postgres (ESTABLISHED)
aap-gatew 1551   root   19u  IPv4  25461      0t0  TCP localhost.localdomain:54634->localhost.localdomain:redis (ESTABLISHED)
aap-gatew 1551   root   20u  IPv4  25809      0t0  TCP localhost.localdomain:40244->aap25-database.lan:postgres (ESTABLISHED)
aap-gatew 1551   root   21u  IPv4  25802      0t0  TCP localhost.localdomain:54640->localhost.localdomain:redis (ESTABLISHED)
aap-gatew 1551   root   22u  IPv4  25465      0t0  TCP localhost.localdomain:40254->aap25-database.lan:postgres (ESTABLISHED)
aap-gatew 1551   root   23u  IPv4  25812      0t0  TCP localhost.localdomain:54656->localhost.localdomain:redis (ESTABLISHED)
aap-gatew 1551   root   24u  IPv4  25476      0t0  TCP localhost.localdomain:40256->aap25-database.lan:postgres (ESTABLISHED)
aap-gatew 1551   root   25u  IPv4  25509      0t0  TCP localhost.localdomain:54672->localhost.localdomain:redis (ESTABLISHED)
aap-gatew 1551   root   26u  IPv4  25888      0t0  TCP localhost.localdomain:47994->aap25-database.lan:postgres (ESTABLISHED)
aap-gatew 1552   root   13u  IPv6  23880      0t0  TCP *:50051 (LISTEN)
aap-gatew 1553   root   15u  IPv6  23474      0t0  TCP *:50051 (LISTEN)
aap-gatew 1554   root   17u  IPv6  23471      0t0  TCP *:50051 (LISTEN)
  No network connections found

=== RECEPTOR MEMORY SUMMARY ===
Total Receptor RSS Memory: 3584 KB (3 MB)
Total Receptor VSZ Memory: 7336 KB (7 MB)
Number of Receptor Processes: 2

AAP-related Processes and Children:
=== AAP Service Processes ===
Process: uwsgi (PID: 1039)
    PID    PPID CMD                           RSS
   1039     744 uwsgi /etc/ansible-automati 14208
  Children of PID 1039:
    PID    PPID CMD                           RSS
   1041    1039 uwsgi /etc/ansible-automati 126252
    PID    PPID CMD                           RSS
   1042    1039 uwsgi /etc/ansible-automati 134472
    PID    PPID CMD                           RSS
   1043    1039 uwsgi /etc/ansible-automati 128752
    PID    PPID CMD                           RSS
   1044    1039 uwsgi /etc/ansible-automati 131976
    PID    PPID CMD                           RSS
   1045    1039 uwsgi /etc/ansible-automati 131612

Process: uwsgi (PID: 1041)
    PID    PPID CMD                           RSS
   1041    1039 uwsgi /etc/ansible-automati 126252

Process: uwsgi (PID: 1042)
    PID    PPID CMD                           RSS
   1042    1039 uwsgi /etc/ansible-automati 134472

Process: uwsgi (PID: 1043)
    PID    PPID CMD                           RSS
   1043    1039 uwsgi /etc/ansible-automati 128752

Process: uwsgi (PID: 1044)
    PID    PPID CMD                           RSS
   1044    1039 uwsgi /etc/ansible-automati 131976

Process: uwsgi (PID: 1045)
    PID    PPID CMD                           RSS
   1045    1039 uwsgi /etc/ansible-automati 131612

Process: redis-server (PID: 1055)
    PID    PPID CMD                           RSS
   1055       1 /usr/bin/redis-server *:637 16260

Process: nginx (PID: 1094)
    PID    PPID CMD                           RSS
   1094       1 nginx: master process /usr/  2084
  Children of PID 1094:
    PID    PPID CMD                           RSS
   1095    1094 nginx: worker process        8484
    PID    PPID CMD                           RSS
   1096    1094 nginx: worker process        8484

Process: nginx (PID: 1095)
    PID    PPID CMD                           RSS
   1095    1094 nginx: worker process        8484

Process: nginx (PID: 1096)
    PID    PPID CMD                           RSS
   1096    1094 nginx: worker process        8484

Process: bash (PID: 8294)
    PID    PPID CMD                           RSS
   8294       1 bash -c  log_file="/tmp/mem  3584
  Children of PID 8294:
    PID    PPID CMD                           RSS
  10228    8294 bash -c  log_file="/tmp/mem  2396

Process: bash (PID: 10228)
    PID    PPID CMD                           RSS
  10228    8294 bash -c  log_file="/tmp/mem  2396
  Children of PID 10228:
    PID    PPID CMD                           RSS


Process Tree for AAP Services:
=== automation-controller Process Tree ===
bash(8294)---pstree(10276)
=== receptor Process Tree ===
bash(8294)---pstree(10280)
=== nginx Process Tree ===
nginx(1094)-+-nginx(1095)
            `-nginx(1096)
nginx(1095)
nginx(1096)
bash(8294)---pstree(10287)
=== postgresql Process Tree ===
bash(8294)---pstree(10291)
=== redis Process Tree ===
redis-server(1055)-+-{redis-server}(1066)
                   |-{redis-server}(1067)
                   |-{redis-server}(1068)
                   `-{redis-server}(1069)
bash(8294)---pstree(10296)
=== uwsgi Process Tree ===
uwsgi(1039)-+-uwsgi(1041)
            |-uwsgi(1042)
            |-uwsgi(1043)
            |-uwsgi(1044)
            `-uwsgi(1045)
uwsgi(1041)
uwsgi(1042)
uwsgi(1043)
uwsgi(1044)
uwsgi(1045)
bash(8294)---pstree(10306)
=== automation-hub Process Tree ===
bash(8294)---pstree(10310)
=== automation-eda Process Tree ===
bash(8294)---pstree(10314)

=================================================================================
2025-07-07 18:58:29
Memory Usage Report:
               total        used        free      shared  buff/cache   available
Mem:            7555        1235        5910           9         656        6320
Swap:           5327           0        5327

Top 10 Processes by RSS Memory:
    PID    PPID CMD                           RSS
   1042    1039 uwsgi /etc/ansible-automati 134472
   1044    1039 uwsgi /etc/ansible-automati 131976
   1045    1039 uwsgi /etc/ansible-automati 131612
   1043    1039 uwsgi /etc/ansible-automati 128752
   1551    1040 /usr/bin/python3.11 -sP /us 126900
   1041    1039 uwsgi /etc/ansible-automati 126252
   1040     744 /usr/bin/python3.11 -sP /us 114212
   1553    1040 /usr/bin/python3.11 -sP /us 99028
   1550    1040 /usr/bin/python3.11 -sP /us 98900
   1552    1040 /usr/bin/python3.11 -sP /us 98900

=== RECEPTOR PROCESS ANALYSIS ===
Receptor Main Processes:
    PID    PPID CMD                           RSS    VSZ %CPU %MEM     ELAPSED
   8294       1 bash -c  log_file="/tmp/mem  3584   7336  0.0  0.0       06:41
Receptor Child Processes for PID 8294:
      PID    PPID CMD                           RSS    VSZ %CPU %MEM     ELAPSED
Receptor Threads for PID 8294:
    PID    SPID %CPU %MEM   RSS COMMAND
   8294    8294  0.0  0.0  3584 bash
Receptor Network Connections for PID 8294:
COMMAND    PID   USER   FD   TYPE DEVICE SIZE/OFF     NODE NAME
envoy      718   root   31u  IPv4 157257      0t0      TCP localhost.localdomain:33592->localhost.localdomain:pcsync-https (ESTABLISHED)
envoy      718   root   32u  IPv4 157979      0t0      TCP localhost.localdomain:55580->aap25-control.lan:https (ESTABLISHED)
envoy      718   root   34u  IPv4  24602      0t0      TCP *:https (LISTEN)
envoy      718   root   35u  IPv4  24603      0t0      TCP *:https (LISTEN)
envoy      718   root   36u  IPv4 156102      0t0      TCP localhost.localdomain:https->192.168.1.49:39398 (ESTABLISHED)
envoy      718   root   38u  IPv4  24768      0t0      TCP localhost:36502->localhost:50051 (ESTABLISHED)
envoy      718   root   39u  IPv4 151120      0t0      TCP localhost.localdomain:33070->localhost.localdomain:pcsync-https (ESTABLISHED)
envoy      718   root   40u  IPv4  24083      0t0      TCP localhost:36212->localhost:50051 (ESTABLISHED)
envoy      718   root   42u  IPv4 159454      0t0      TCP localhost.localdomain:60832->localhost.localdomain:pcsync-https (ESTABLISHED)
envoy      718   root   43u  IPv4 153460      0t0      TCP localhost.localdomain:https->192.168.1.49:51778 (ESTABLISHED)
envoy      718   root   44u  IPv4 159297      0t0      TCP localhost.localdomain:https->192.168.1.49:47144 (ESTABLISHED)
envoy      718   root   46u  IPv4 159983      0t0      TCP localhost.localdomain:https->192.168.1.49:47126 (ESTABLISHED)
envoy      718   root   47u  IPv4 153464      0t0      TCP localhost.localdomain:36730->aap25-control.lan:https (ESTABLISHED)
envoy      718   root   48u  IPv4 171575      0t0      TCP localhost.localdomain:58008->localhost.localdomain:pcsync-https (ESTABLISHED)
envoy      718   root   50u  IPv4 159985      0t0      TCP localhost.localdomain:https->192.168.1.49:47130 (ESTABLISHED)
chronyd    731 chrony    5u  IPv4  21318      0t0      UDP localhost:323 
chronyd    731 chrony    6u  IPv6  21319      0t0      UDP localhost:323 
NetworkMa  741   root   26u  IPv4  22282      0t0      UDP localhost.localdomain:bootpc->pi.hole:bootps 
sshd       771   root    3u  IPv4  22671      0t0      TCP *:ssh (LISTEN)
sshd       771   root    4u  IPv6  22680      0t0      TCP *:ssh (LISTEN)
uwsgi     1039   root    3u  IPv4  22268      0t0      TCP localhost:8050 (LISTEN)
uwsgi     1041   root    3u  IPv4  22268      0t0      TCP localhost:8050 (LISTEN)
uwsgi     1041   root    9u  IPv4  24673      0t0      TCP localhost.localdomain:39976->localhost.localdomain:redis (ESTABLISHED)
uwsgi     1042   root    3u  IPv4  22268      0t0      TCP localhost:8050 (LISTEN)
uwsgi     1042   root    9u  IPv4  23944      0t0      TCP localhost.localdomain:47062->localhost.localdomain:redis (ESTABLISHED)
uwsgi     1043   root    3u  IPv4  22268      0t0      TCP localhost:8050 (LISTEN)
uwsgi     1043   root    8u  IPv4  23929      0t0      TCP localhost.localdomain:40010->localhost.localdomain:redis (ESTABLISHED)
uwsgi     1044   root    3u  IPv4  22268      0t0      TCP localhost:8050 (LISTEN)
uwsgi     1044   root    8u  IPv4  24120      0t0      TCP localhost.localdomain:38856->localhost.localdomain:redis (ESTABLISHED)
uwsgi     1045   root    3u  IPv4  22268      0t0      TCP localhost:8050 (LISTEN)
uwsgi     1045   root    7u  IPv4  23502      0t0      TCP localhost.localdomain:39996->localhost.localdomain:redis (ESTABLISHED)
redis-ser 1055  redis    6u  IPv4  23180      0t0      TCP *:redis (LISTEN)
redis-ser 1055  redis    7u  IPv6  23181      0t0      TCP *:redis (LISTEN)
redis-ser 1055  redis    8u  IPv4  23915      0t0      TCP localhost.localdomain:redis->localhost.localdomain:39996 (ESTABLISHED)
redis-ser 1055  redis    9u  IPv4  24592      0t0      TCP localhost.localdomain:redis->localhost.localdomain:40010 (ESTABLISHED)
redis-ser 1055  redis   10u  IPv4  24629      0t0      TCP localhost.localdomain:redis->localhost.localdomain:47062 (ESTABLISHED)
redis-ser 1055  redis   11u  IPv4  23986      0t0      TCP localhost.localdomain:redis->localhost.localdomain:39976 (ESTABLISHED)
redis-ser 1055  redis   12u  IPv4  24052      0t0      TCP localhost.localdomain:redis->localhost.localdomain:39430 (ESTABLISHED)
redis-ser 1055  redis   13u  IPv4  24840      0t0      TCP localhost.localdomain:redis->localhost.localdomain:38856 (ESTABLISHED)
redis-ser 1055  redis   14u  IPv4  25748      0t0      TCP localhost.localdomain:redis->localhost.localdomain:54620 (ESTABLISHED)
redis-ser 1055  redis   15u  IPv4  25800      0t0      TCP localhost.localdomain:redis->localhost.localdomain:54634 (ESTABLISHED)
redis-ser 1055  redis   16u  IPv4  25803      0t0      TCP localhost.localdomain:redis->localhost.localdomain:54640 (ESTABLISHED)
redis-ser 1055  redis   17u  IPv4  25474      0t0      TCP localhost.localdomain:redis->localhost.localdomain:54656 (ESTABLISHED)
redis-ser 1055  redis   18u  IPv4  25510      0t0      TCP localhost.localdomain:redis->localhost.localdomain:54672 (ESTABLISHED)
nginx     1094   root    6u  IPv4  23210      0t0      TCP *:pcsync-https (LISTEN)
nginx     1095  nginx    6u  IPv4  23210      0t0      TCP *:pcsync-https (LISTEN)
nginx     1095  nginx   11u  IPv4 157977      0t0      TCP localhost.localdomain:pcsync-https->localhost.localdomain:33592 (ESTABLISHED)
nginx     1095  nginx   12u  IPv4 151802      0t0      TCP localhost.localdomain:pcsync-https->localhost.localdomain:33070 (ESTABLISHED)
nginx     1095  nginx   14u  IPv4 160161      0t0      TCP localhost.localdomain:pcsync-https->localhost.localdomain:60832 (ESTABLISHED)
nginx     1095  nginx   17u  IPv4 171576      0t0      TCP localhost.localdomain:pcsync-https->localhost.localdomain:58008 (ESTABLISHED)
nginx     1096  nginx    6u  IPv4  23210      0t0      TCP *:pcsync-https (LISTEN)
aap-gatew 1550   root    9u  IPv6  23874      0t0      TCP *:50051 (LISTEN)
aap-gatew 1551   root   11u  IPv6  23877      0t0      TCP *:50051 (LISTEN)
aap-gatew 1551   root   12u  IPv6  24050      0t0      TCP localhost:50051->localhost:36502 (ESTABLISHED)
aap-gatew 1551   root   13u  IPv4  24769      0t0      TCP localhost.localdomain:39430->localhost.localdomain:redis (ESTABLISHED)
aap-gatew 1551   root   14u  IPv4  24770      0t0      TCP localhost.localdomain:53488->aap25-database.lan:postgres (ESTABLISHED)
aap-gatew 1551   root   15u  IPv6  24800      0t0      TCP localhost:50051->localhost:36212 (ESTABLISHED)
aap-gatew 1551   root   16u  IPv4  25421      0t0      TCP localhost.localdomain:54620->localhost.localdomain:redis (ESTABLISHED)
aap-gatew 1551   root   17u  IPv4  25437      0t0      TCP localhost.localdomain:40206->aap25-database.lan:postgres (ESTABLISHED)
aap-gatew 1551   root   18u  IPv4  25768      0t0      TCP localhost.localdomain:40226->aap25-database.lan:postgres (ESTABLISHED)
aap-gatew 1551   root   19u  IPv4  25461      0t0      TCP localhost.localdomain:54634->localhost.localdomain:redis (ESTABLISHED)
aap-gatew 1551   root   20u  IPv4  25809      0t0      TCP localhost.localdomain:40244->aap25-database.lan:postgres (ESTABLISHED)
aap-gatew 1551   root   21u  IPv4  25802      0t0      TCP localhost.localdomain:54640->localhost.localdomain:redis (ESTABLISHED)
aap-gatew 1551   root   22u  IPv4  25465      0t0      TCP localhost.localdomain:40254->aap25-database.lan:postgres (ESTABLISHED)
aap-gatew 1551   root   23u  IPv4  25812      0t0      TCP localhost.localdomain:54656->localhost.localdomain:redis (ESTABLISHED)
aap-gatew 1551   root   24u  IPv4  25476      0t0      TCP localhost.localdomain:40256->aap25-database.lan:postgres (ESTABLISHED)
aap-gatew 1551   root   25u  IPv4  25509      0t0      TCP localhost.localdomain:54672->localhost.localdomain:redis (ESTABLISHED)
aap-gatew 1551   root   26u  IPv4  25888      0t0      TCP localhost.localdomain:47994->aap25-database.lan:postgres (ESTABLISHED)
aap-gatew 1552   root   13u  IPv6  23880      0t0      TCP *:50051 (LISTEN)
aap-gatew 1553   root   15u  IPv6  23474      0t0      TCP *:50051 (LISTEN)
aap-gatew 1554   root   17u  IPv6  23471      0t0      TCP *:50051 (LISTEN)
bash      8294   root  cwd    DIR  253,0     4096 50331782 /root
bash      8294   root  rtd    DIR  253,0      235      128 /
bash      8294   root  txt    REG  253,0  1389072 50367435 /usr/bin/bash
bash      8294   root  mem    REG  253,0  2586930 50367720 /usr/lib/locale/en_US.utf8/LC_COLLATE
bash      8294   root  mem    REG  253,0  2544344     2597 /usr/lib64/libc.so.6
bash      8294   root  mem    REG  253,0   346132 33699956 /usr/lib/locale/C.utf8/LC_CTYPE
bash      8294   root  mem    REG  253,0       54 50367723 /usr/lib/locale/en_US.utf8/LC_NUMERIC
bash      8294   root  mem    REG  253,0     3284     2565 /usr/lib/locale/en_US.utf8/LC_TIME
bash      8294   root  mem    REG  253,0      286     2563 /usr/lib/locale/en_US.utf8/LC_MONETARY
bash      8294   root  mem    REG  253,0       57     2576 /usr/lib/locale/en_US.utf8/LC_MESSAGES/SYS_LC_MESSAGES
bash      8294   root  mem    REG  253,0    26988 16780452 /usr/lib64/gconv/gconv-modules.cache
bash      8294   root  mem    REG  253,0   195080     2316 /usr/lib64/libtinfo.so.6.2
bash      8294   root  mem    REG  253,0       34 33700259 /usr/lib/locale/en_US.utf8/LC_PAPER
bash      8294   root  mem    REG  253,0       77 50367722 /usr/lib/locale/en_US.utf8/LC_NAME
bash      8294   root  mem    REG  253,0      167     2559 /usr/lib/locale/en_US.utf8/LC_ADDRESS
bash      8294   root  mem    REG  253,0       59     2564 /usr/lib/locale/en_US.utf8/LC_TELEPHONE
bash      8294   root  mem    REG  253,0       23     2562 /usr/lib/locale/en_US.utf8/LC_MEASUREMENT
bash      8294   root  mem    REG  253,0      369     2561 /usr/lib/locale/en_US.utf8/LC_IDENTIFICATION
bash      8294   root  mem    REG  253,0   897856     2593 /usr/lib64/ld-linux-x86-64.so.2
bash      8294   root    0r   CHR    1,3      0t0        4 /dev/null
bash      8294   root    1w   REG  253,0        0 34669828 /tmp/memory_monitor.log
bash      8294   root    2w   REG  253,0        0 34669828 /tmp/memory_monitor.log
bash      8294   root    3r  FIFO   0,13      0t0   175363 pipe

    PID    PPID CMD                           RSS    VSZ %CPU %MEM     ELAPSED
Receptor Child Processes for PID 10322:
  No child processes found
Receptor Threads for PID 10322:
    PID    SPID %CPU %MEM   RSS COMMAND
Receptor Network Connections for PID 10322:
COMMAND    PID   USER   FD   TYPE DEVICE SIZE/OFF NODE NAME
envoy      718   root   31u  IPv4 157257      0t0  TCP localhost.localdomain:33592->localhost.localdomain:pcsync-https (ESTABLISHED)
envoy      718   root   32u  IPv4 157979      0t0  TCP localhost.localdomain:55580->aap25-control.lan:https (ESTABLISHED)
envoy      718   root   34u  IPv4  24602      0t0  TCP *:https (LISTEN)
envoy      718   root   35u  IPv4  24603      0t0  TCP *:https (LISTEN)
envoy      718   root   36u  IPv4 156102      0t0  TCP localhost.localdomain:https->192.168.1.49:39398 (ESTABLISHED)
envoy      718   root   38u  IPv4  24768      0t0  TCP localhost:36502->localhost:50051 (ESTABLISHED)
envoy      718   root   39u  IPv4 151120      0t0  TCP localhost.localdomain:33070->localhost.localdomain:pcsync-https (ESTABLISHED)
envoy      718   root   40u  IPv4  24083      0t0  TCP localhost:36212->localhost:50051 (ESTABLISHED)
envoy      718   root   42u  IPv4 159454      0t0  TCP localhost.localdomain:60832->localhost.localdomain:pcsync-https (ESTABLISHED)
envoy      718   root   43u  IPv4 153460      0t0  TCP localhost.localdomain:https->192.168.1.49:51778 (ESTABLISHED)
envoy      718   root   44u  IPv4 159297      0t0  TCP localhost.localdomain:https->192.168.1.49:47144 (ESTABLISHED)
envoy      718   root   46u  IPv4 159983      0t0  TCP localhost.localdomain:https->192.168.1.49:47126 (ESTABLISHED)
envoy      718   root   47u  IPv4 153464      0t0  TCP localhost.localdomain:36730->aap25-control.lan:https (ESTABLISHED)
envoy      718   root   48u  IPv4 171575      0t0  TCP localhost.localdomain:58008->localhost.localdomain:pcsync-https (ESTABLISHED)
envoy      718   root   50u  IPv4 159985      0t0  TCP localhost.localdomain:https->192.168.1.49:47130 (ESTABLISHED)
chronyd    731 chrony    5u  IPv4  21318      0t0  UDP localhost:323 
chronyd    731 chrony    6u  IPv6  21319      0t0  UDP localhost:323 
NetworkMa  741   root   26u  IPv4  22282      0t0  UDP localhost.localdomain:bootpc->pi.hole:bootps 
sshd       771   root    3u  IPv4  22671      0t0  TCP *:ssh (LISTEN)
sshd       771   root    4u  IPv6  22680      0t0  TCP *:ssh (LISTEN)
uwsgi     1039   root    3u  IPv4  22268      0t0  TCP localhost:8050 (LISTEN)
uwsgi     1041   root    3u  IPv4  22268      0t0  TCP localhost:8050 (LISTEN)
uwsgi     1041   root    9u  IPv4  24673      0t0  TCP localhost.localdomain:39976->localhost.localdomain:redis (ESTABLISHED)
uwsgi     1042   root    3u  IPv4  22268      0t0  TCP localhost:8050 (LISTEN)
uwsgi     1042   root    9u  IPv4  23944      0t0  TCP localhost.localdomain:47062->localhost.localdomain:redis (ESTABLISHED)
uwsgi     1043   root    3u  IPv4  22268      0t0  TCP localhost:8050 (LISTEN)
uwsgi     1043   root    8u  IPv4  23929      0t0  TCP localhost.localdomain:40010->localhost.localdomain:redis (ESTABLISHED)
uwsgi     1044   root    3u  IPv4  22268      0t0  TCP localhost:8050 (LISTEN)
uwsgi     1044   root    8u  IPv4  24120      0t0  TCP localhost.localdomain:38856->localhost.localdomain:redis (ESTABLISHED)
uwsgi     1045   root    3u  IPv4  22268      0t0  TCP localhost:8050 (LISTEN)
uwsgi     1045   root    7u  IPv4  23502      0t0  TCP localhost.localdomain:39996->localhost.localdomain:redis (ESTABLISHED)
redis-ser 1055  redis    6u  IPv4  23180      0t0  TCP *:redis (LISTEN)
redis-ser 1055  redis    7u  IPv6  23181      0t0  TCP *:redis (LISTEN)
redis-ser 1055  redis    8u  IPv4  23915      0t0  TCP localhost.localdomain:redis->localhost.localdomain:39996 (ESTABLISHED)
redis-ser 1055  redis    9u  IPv4  24592      0t0  TCP localhost.localdomain:redis->localhost.localdomain:40010 (ESTABLISHED)
redis-ser 1055  redis   10u  IPv4  24629      0t0  TCP localhost.localdomain:redis->localhost.localdomain:47062 (ESTABLISHED)
redis-ser 1055  redis   11u  IPv4  23986      0t0  TCP localhost.localdomain:redis->localhost.localdomain:39976 (ESTABLISHED)
redis-ser 1055  redis   12u  IPv4  24052      0t0  TCP localhost.localdomain:redis->localhost.localdomain:39430 (ESTABLISHED)
redis-ser 1055  redis   13u  IPv4  24840      0t0  TCP localhost.localdomain:redis->localhost.localdomain:38856 (ESTABLISHED)
redis-ser 1055  redis   14u  IPv4  25748      0t0  TCP localhost.localdomain:redis->localhost.localdomain:54620 (ESTABLISHED)
redis-ser 1055  redis   15u  IPv4  25800      0t0  TCP localhost.localdomain:redis->localhost.localdomain:54634 (ESTABLISHED)
redis-ser 1055  redis   16u  IPv4  25803      0t0  TCP localhost.localdomain:redis->localhost.localdomain:54640 (ESTABLISHED)
redis-ser 1055  redis   17u  IPv4  25474      0t0  TCP localhost.localdomain:redis->localhost.localdomain:54656 (ESTABLISHED)
redis-ser 1055  redis   18u  IPv4  25510      0t0  TCP localhost.localdomain:redis->localhost.localdomain:54672 (ESTABLISHED)
nginx     1094   root    6u  IPv4  23210      0t0  TCP *:pcsync-https (LISTEN)
nginx     1095  nginx    6u  IPv4  23210      0t0  TCP *:pcsync-https (LISTEN)
nginx     1095  nginx   11u  IPv4 157977      0t0  TCP localhost.localdomain:pcsync-https->localhost.localdomain:33592 (ESTABLISHED)
nginx     1095  nginx   12u  IPv4 151802      0t0  TCP localhost.localdomain:pcsync-https->localhost.localdomain:33070 (ESTABLISHED)
nginx     1095  nginx   14u  IPv4 160161      0t0  TCP localhost.localdomain:pcsync-https->localhost.localdomain:60832 (ESTABLISHED)
nginx     1095  nginx   17u  IPv4 171576      0t0  TCP localhost.localdomain:pcsync-https->localhost.localdomain:58008 (ESTABLISHED)
nginx     1096  nginx    6u  IPv4  23210      0t0  TCP *:pcsync-https (LISTEN)
aap-gatew 1550   root    9u  IPv6  23874      0t0  TCP *:50051 (LISTEN)
aap-gatew 1551   root   11u  IPv6  23877      0t0  TCP *:50051 (LISTEN)
aap-gatew 1551   root   12u  IPv6  24050      0t0  TCP localhost:50051->localhost:36502 (ESTABLISHED)
aap-gatew 1551   root   13u  IPv4  24769      0t0  TCP localhost.localdomain:39430->localhost.localdomain:redis (ESTABLISHED)
aap-gatew 1551   root   14u  IPv4  24770      0t0  TCP localhost.localdomain:53488->aap25-database.lan:postgres (ESTABLISHED)
aap-gatew 1551   root   15u  IPv6  24800      0t0  TCP localhost:50051->localhost:36212 (ESTABLISHED)
aap-gatew 1551   root   16u  IPv4  25421      0t0  TCP localhost.localdomain:54620->localhost.localdomain:redis (ESTABLISHED)
aap-gatew 1551   root   17u  IPv4  25437      0t0  TCP localhost.localdomain:40206->aap25-database.lan:postgres (ESTABLISHED)
aap-gatew 1551   root   18u  IPv4  25768      0t0  TCP localhost.localdomain:40226->aap25-database.lan:postgres (ESTABLISHED)
aap-gatew 1551   root   19u  IPv4  25461      0t0  TCP localhost.localdomain:54634->localhost.localdomain:redis (ESTABLISHED)
aap-gatew 1551   root   20u  IPv4  25809      0t0  TCP localhost.localdomain:40244->aap25-database.lan:postgres (ESTABLISHED)
aap-gatew 1551   root   21u  IPv4  25802      0t0  TCP localhost.localdomain:54640->localhost.localdomain:redis (ESTABLISHED)
aap-gatew 1551   root   22u  IPv4  25465      0t0  TCP localhost.localdomain:40254->aap25-database.lan:postgres (ESTABLISHED)
aap-gatew 1551   root   23u  IPv4  25812      0t0  TCP localhost.localdomain:54656->localhost.localdomain:redis (ESTABLISHED)
aap-gatew 1551   root   24u  IPv4  25476      0t0  TCP localhost.localdomain:40256->aap25-database.lan:postgres (ESTABLISHED)
aap-gatew 1551   root   25u  IPv4  25509      0t0  TCP localhost.localdomain:54672->localhost.localdomain:redis (ESTABLISHED)
aap-gatew 1551   root   26u  IPv4  25888      0t0  TCP localhost.localdomain:47994->aap25-database.lan:postgres (ESTABLISHED)
aap-gatew 1552   root   13u  IPv6  23880      0t0  TCP *:50051 (LISTEN)
aap-gatew 1553   root   15u  IPv6  23474      0t0  TCP *:50051 (LISTEN)
aap-gatew 1554   root   17u  IPv6  23471      0t0  TCP *:50051 (LISTEN)
  No network connections found

=== RECEPTOR MEMORY SUMMARY ===
Total Receptor RSS Memory: 3584 KB (3 MB)
Total Receptor VSZ Memory: 7336 KB (7 MB)
Number of Receptor Processes: 2

AAP-related Processes and Children:
=== AAP Service Processes ===
Process: uwsgi (PID: 1039)
    PID    PPID CMD                           RSS
   1039     744 uwsgi /etc/ansible-automati 14208
  Children of PID 1039:
    PID    PPID CMD                           RSS
   1041    1039 uwsgi /etc/ansible-automati 126252
    PID    PPID CMD                           RSS
   1042    1039 uwsgi /etc/ansible-automati 134472
    PID    PPID CMD                           RSS
   1043    1039 uwsgi /etc/ansible-automati 128752
    PID    PPID CMD                           RSS
   1044    1039 uwsgi /etc/ansible-automati 131976
    PID    PPID CMD                           RSS
   1045    1039 uwsgi /etc/ansible-automati 131612

Process: uwsgi (PID: 1041)
    PID    PPID CMD                           RSS
   1041    1039 uwsgi /etc/ansible-automati 126252

Process: uwsgi (PID: 1042)
    PID    PPID CMD                           RSS
   1042    1039 uwsgi /etc/ansible-automati 134472

Process: uwsgi (PID: 1043)
    PID    PPID CMD                           RSS
   1043    1039 uwsgi /etc/ansible-automati 128752

Process: uwsgi (PID: 1044)
    PID    PPID CMD                           RSS
   1044    1039 uwsgi /etc/ansible-automati 131976

Process: uwsgi (PID: 1045)
    PID    PPID CMD                           RSS
   1045    1039 uwsgi /etc/ansible-automati 131612

Process: redis-server (PID: 1055)
    PID    PPID CMD                           RSS
   1055       1 /usr/bin/redis-server *:637 16260

Process: nginx (PID: 1094)
    PID    PPID CMD                           RSS
   1094       1 nginx: master process /usr/  2084
  Children of PID 1094:
    PID    PPID CMD                           RSS
   1095    1094 nginx: worker process        8484
    PID    PPID CMD                           RSS
   1096    1094 nginx: worker process        8484

Process: nginx (PID: 1095)
    PID    PPID CMD                           RSS
   1095    1094 nginx: worker process        8484

Process: nginx (PID: 1096)
    PID    PPID CMD                           RSS
   1096    1094 nginx: worker process        8484

Process: bash (PID: 8294)
    PID    PPID CMD                           RSS
   8294       1 bash -c  log_file="/tmp/mem  3584
  Children of PID 8294:
    PID    PPID CMD                           RSS
  10381    8294 bash -c  log_file="/tmp/mem  2396

Process: bash (PID: 10381)
    PID    PPID CMD                           RSS
  10381    8294 bash -c  log_file="/tmp/mem  2396
  Children of PID 10381:
    PID    PPID CMD                           RSS


Process Tree for AAP Services:
=== automation-controller Process Tree ===
bash(8294)---pstree(10429)
=== receptor Process Tree ===
bash(8294)---pstree(10433)
=== nginx Process Tree ===
nginx(1094)-+-nginx(1095)
            `-nginx(1096)
nginx(1095)
nginx(1096)
bash(8294)---pstree(10440)
=== postgresql Process Tree ===
bash(8294)---pstree(10444)
=== redis Process Tree ===
redis-server(1055)-+-{redis-server}(1066)
                   |-{redis-server}(1067)
                   |-{redis-server}(1068)
                   `-{redis-server}(1069)
bash(8294)---pstree(10449)
=== uwsgi Process Tree ===
uwsgi(1039)-+-uwsgi(1041)
            |-uwsgi(1042)
            |-uwsgi(1043)
            |-uwsgi(1044)
            `-uwsgi(1045)
uwsgi(1041)
uwsgi(1042)
uwsgi(1043)
uwsgi(1044)
uwsgi(1045)
bash(8294)---pstree(10459)
=== automation-hub Process Tree ===
bash(8294)---pstree(10463)
=== automation-eda Process Tree ===
bash(8294)---pstree(10467)

=================================================================================
2025-07-07 18:59:00
Memory Usage Report:
               total        used        free      shared  buff/cache   available
Mem:            7555        1235        5910           9         656        6320
Swap:           5327           0        5327

Top 10 Processes by RSS Memory:
    PID    PPID CMD                           RSS
   1042    1039 uwsgi /etc/ansible-automati 134472
   1044    1039 uwsgi /etc/ansible-automati 131976
   1045    1039 uwsgi /etc/ansible-automati 131612
   1043    1039 uwsgi /etc/ansible-automati 128752
   1551    1040 /usr/bin/python3.11 -sP /us 126900
   1041    1039 uwsgi /etc/ansible-automati 126252
   1040     744 /usr/bin/python3.11 -sP /us 114212
   1553    1040 /usr/bin/python3.11 -sP /us 99028
   1550    1040 /usr/bin/python3.11 -sP /us 98900
   1552    1040 /usr/bin/python3.11 -sP /us 98900

=== RECEPTOR PROCESS ANALYSIS ===
Receptor Main Processes:
    PID    PPID CMD                           RSS    VSZ %CPU %MEM     ELAPSED
   8294       1 bash -c  log_file="/tmp/mem  3584   7336  0.0  0.0       07:12
Receptor Child Processes for PID 8294:
      PID    PPID CMD                           RSS    VSZ %CPU %MEM     ELAPSED
Receptor Threads for PID 8294:
    PID    SPID %CPU %MEM   RSS COMMAND
   8294    8294  0.0  0.0  3584 bash
Receptor Network Connections for PID 8294:
COMMAND    PID   USER   FD   TYPE DEVICE SIZE/OFF     NODE NAME
envoy      718   root   31u  IPv4 157257      0t0      TCP localhost.localdomain:33592->localhost.localdomain:pcsync-https (ESTABLISHED)
envoy      718   root   32u  IPv4 157979      0t0      TCP localhost.localdomain:55580->aap25-control.lan:https (ESTABLISHED)
envoy      718   root   34u  IPv4  24602      0t0      TCP *:https (LISTEN)
envoy      718   root   35u  IPv4  24603      0t0      TCP *:https (LISTEN)
envoy      718   root   38u  IPv4  24768      0t0      TCP localhost:36502->localhost:50051 (ESTABLISHED)
envoy      718   root   39u  IPv4 151120      0t0      TCP localhost.localdomain:33070->localhost.localdomain:pcsync-https (ESTABLISHED)
envoy      718   root   40u  IPv4  24083      0t0      TCP localhost:36212->localhost:50051 (ESTABLISHED)
envoy      718   root   42u  IPv4 159454      0t0      TCP localhost.localdomain:60832->localhost.localdomain:pcsync-https (ESTABLISHED)
envoy      718   root   43u  IPv4 153460      0t0      TCP localhost.localdomain:https->192.168.1.49:51778 (ESTABLISHED)
envoy      718   root   47u  IPv4 153464      0t0      TCP localhost.localdomain:36730->aap25-control.lan:https (ESTABLISHED)
envoy      718   root   48u  IPv4 171575      0t0      TCP localhost.localdomain:58008->localhost.localdomain:pcsync-https (ESTABLISHED)
envoy      718   root   50u  IPv4 159985      0t0      TCP localhost.localdomain:https->192.168.1.49:47130 (ESTABLISHED)
chronyd    731 chrony    5u  IPv4  21318      0t0      UDP localhost:323 
chronyd    731 chrony    6u  IPv6  21319      0t0      UDP localhost:323 
NetworkMa  741   root   26u  IPv4  22282      0t0      UDP localhost.localdomain:bootpc->pi.hole:bootps 
sshd       771   root    3u  IPv4  22671      0t0      TCP *:ssh (LISTEN)
sshd       771   root    4u  IPv6  22680      0t0      TCP *:ssh (LISTEN)
uwsgi     1039   root    3u  IPv4  22268      0t0      TCP localhost:8050 (LISTEN)
uwsgi     1041   root    3u  IPv4  22268      0t0      TCP localhost:8050 (LISTEN)
uwsgi     1041   root    9u  IPv4  24673      0t0      TCP localhost.localdomain:39976->localhost.localdomain:redis (ESTABLISHED)
uwsgi     1042   root    3u  IPv4  22268      0t0      TCP localhost:8050 (LISTEN)
uwsgi     1042   root    9u  IPv4  23944      0t0      TCP localhost.localdomain:47062->localhost.localdomain:redis (ESTABLISHED)
uwsgi     1043   root    3u  IPv4  22268      0t0      TCP localhost:8050 (LISTEN)
uwsgi     1043   root    8u  IPv4  23929      0t0      TCP localhost.localdomain:40010->localhost.localdomain:redis (ESTABLISHED)
uwsgi     1044   root    3u  IPv4  22268      0t0      TCP localhost:8050 (LISTEN)
uwsgi     1044   root    8u  IPv4  24120      0t0      TCP localhost.localdomain:38856->localhost.localdomain:redis (ESTABLISHED)
uwsgi     1045   root    3u  IPv4  22268      0t0      TCP localhost:8050 (LISTEN)
uwsgi     1045   root    7u  IPv4  23502      0t0      TCP localhost.localdomain:39996->localhost.localdomain:redis (ESTABLISHED)
redis-ser 1055  redis    6u  IPv4  23180      0t0      TCP *:redis (LISTEN)
redis-ser 1055  redis    7u  IPv6  23181      0t0      TCP *:redis (LISTEN)
redis-ser 1055  redis    8u  IPv4  23915      0t0      TCP localhost.localdomain:redis->localhost.localdomain:39996 (ESTABLISHED)
redis-ser 1055  redis    9u  IPv4  24592      0t0      TCP localhost.localdomain:redis->localhost.localdomain:40010 (ESTABLISHED)
redis-ser 1055  redis   10u  IPv4  24629      0t0      TCP localhost.localdomain:redis->localhost.localdomain:47062 (ESTABLISHED)
redis-ser 1055  redis   11u  IPv4  23986      0t0      TCP localhost.localdomain:redis->localhost.localdomain:39976 (ESTABLISHED)
redis-ser 1055  redis   12u  IPv4  24052      0t0      TCP localhost.localdomain:redis->localhost.localdomain:39430 (ESTABLISHED)
redis-ser 1055  redis   13u  IPv4  24840      0t0      TCP localhost.localdomain:redis->localhost.localdomain:38856 (ESTABLISHED)
redis-ser 1055  redis   14u  IPv4  25748      0t0      TCP localhost.localdomain:redis->localhost.localdomain:54620 (ESTABLISHED)
redis-ser 1055  redis   15u  IPv4  25800      0t0      TCP localhost.localdomain:redis->localhost.localdomain:54634 (ESTABLISHED)
redis-ser 1055  redis   16u  IPv4  25803      0t0      TCP localhost.localdomain:redis->localhost.localdomain:54640 (ESTABLISHED)
redis-ser 1055  redis   17u  IPv4  25474      0t0      TCP localhost.localdomain:redis->localhost.localdomain:54656 (ESTABLISHED)
redis-ser 1055  redis   18u  IPv4  25510      0t0      TCP localhost.localdomain:redis->localhost.localdomain:54672 (ESTABLISHED)
nginx     1094   root    6u  IPv4  23210      0t0      TCP *:pcsync-https (LISTEN)
nginx     1095  nginx    6u  IPv4  23210      0t0      TCP *:pcsync-https (LISTEN)
nginx     1095  nginx   11u  IPv4 157977      0t0      TCP localhost.localdomain:pcsync-https->localhost.localdomain:33592 (ESTABLISHED)
nginx     1095  nginx   12u  IPv4 151802      0t0      TCP localhost.localdomain:pcsync-https->localhost.localdomain:33070 (ESTABLISHED)
nginx     1095  nginx   14u  IPv4 160161      0t0      TCP localhost.localdomain:pcsync-https->localhost.localdomain:60832 (ESTABLISHED)
nginx     1095  nginx   17u  IPv4 171576      0t0      TCP localhost.localdomain:pcsync-https->localhost.localdomain:58008 (ESTABLISHED)
nginx     1096  nginx    6u  IPv4  23210      0t0      TCP *:pcsync-https (LISTEN)
aap-gatew 1550   root    9u  IPv6  23874      0t0      TCP *:50051 (LISTEN)
aap-gatew 1551   root   11u  IPv6  23877      0t0      TCP *:50051 (LISTEN)
aap-gatew 1551   root   12u  IPv6  24050      0t0      TCP localhost:50051->localhost:36502 (ESTABLISHED)
aap-gatew 1551   root   13u  IPv4  24769      0t0      TCP localhost.localdomain:39430->localhost.localdomain:redis (ESTABLISHED)
aap-gatew 1551   root   14u  IPv4  24770      0t0      TCP localhost.localdomain:53488->aap25-database.lan:postgres (ESTABLISHED)
aap-gatew 1551   root   15u  IPv6  24800      0t0      TCP localhost:50051->localhost:36212 (ESTABLISHED)
aap-gatew 1551   root   16u  IPv4  25421      0t0      TCP localhost.localdomain:54620->localhost.localdomain:redis (ESTABLISHED)
aap-gatew 1551   root   17u  IPv4  25437      0t0      TCP localhost.localdomain:40206->aap25-database.lan:postgres (ESTABLISHED)
aap-gatew 1551   root   18u  IPv4  25768      0t0      TCP localhost.localdomain:40226->aap25-database.lan:postgres (ESTABLISHED)
aap-gatew 1551   root   19u  IPv4  25461      0t0      TCP localhost.localdomain:54634->localhost.localdomain:redis (ESTABLISHED)
aap-gatew 1551   root   20u  IPv4  25809      0t0      TCP localhost.localdomain:40244->aap25-database.lan:postgres (ESTABLISHED)
aap-gatew 1551   root   21u  IPv4  25802      0t0      TCP localhost.localdomain:54640->localhost.localdomain:redis (ESTABLISHED)
aap-gatew 1551   root   22u  IPv4  25465      0t0      TCP localhost.localdomain:40254->aap25-database.lan:postgres (ESTABLISHED)
aap-gatew 1551   root   23u  IPv4  25812      0t0      TCP localhost.localdomain:54656->localhost.localdomain:redis (ESTABLISHED)
aap-gatew 1551   root   24u  IPv4  25476      0t0      TCP localhost.localdomain:40256->aap25-database.lan:postgres (ESTABLISHED)
aap-gatew 1551   root   25u  IPv4  25509      0t0      TCP localhost.localdomain:54672->localhost.localdomain:redis (ESTABLISHED)
aap-gatew 1551   root   26u  IPv4  25888      0t0      TCP localhost.localdomain:47994->aap25-database.lan:postgres (ESTABLISHED)
aap-gatew 1552   root   13u  IPv6  23880      0t0      TCP *:50051 (LISTEN)
aap-gatew 1553   root   15u  IPv6  23474      0t0      TCP *:50051 (LISTEN)
aap-gatew 1554   root   17u  IPv6  23471      0t0      TCP *:50051 (LISTEN)
bash      8294   root  cwd    DIR  253,0     4096 50331782 /root
bash      8294   root  rtd    DIR  253,0      235      128 /
bash      8294   root  txt    REG  253,0  1389072 50367435 /usr/bin/bash
bash      8294   root  mem    REG  253,0  2586930 50367720 /usr/lib/locale/en_US.utf8/LC_COLLATE
bash      8294   root  mem    REG  253,0  2544344     2597 /usr/lib64/libc.so.6
bash      8294   root  mem    REG  253,0   346132 33699956 /usr/lib/locale/C.utf8/LC_CTYPE
bash      8294   root  mem    REG  253,0       54 50367723 /usr/lib/locale/en_US.utf8/LC_NUMERIC
bash      8294   root  mem    REG  253,0     3284     2565 /usr/lib/locale/en_US.utf8/LC_TIME
bash      8294   root  mem    REG  253,0      286     2563 /usr/lib/locale/en_US.utf8/LC_MONETARY
bash      8294   root  mem    REG  253,0       57     2576 /usr/lib/locale/en_US.utf8/LC_MESSAGES/SYS_LC_MESSAGES
bash      8294   root  mem    REG  253,0    26988 16780452 /usr/lib64/gconv/gconv-modules.cache
bash      8294   root  mem    REG  253,0   195080     2316 /usr/lib64/libtinfo.so.6.2
bash      8294   root  mem    REG  253,0       34 33700259 /usr/lib/locale/en_US.utf8/LC_PAPER
bash      8294   root  mem    REG  253,0       77 50367722 /usr/lib/locale/en_US.utf8/LC_NAME
bash      8294   root  mem    REG  253,0      167     2559 /usr/lib/locale/en_US.utf8/LC_ADDRESS
bash      8294   root  mem    REG  253,0       59     2564 /usr/lib/locale/en_US.utf8/LC_TELEPHONE
bash      8294   root  mem    REG  253,0       23     2562 /usr/lib/locale/en_US.utf8/LC_MEASUREMENT
bash      8294   root  mem    REG  253,0      369     2561 /usr/lib/locale/en_US.utf8/LC_IDENTIFICATION
bash      8294   root  mem    REG  253,0   897856     2593 /usr/lib64/ld-linux-x86-64.so.2
bash      8294   root    0r   CHR    1,3      0t0        4 /dev/null
bash      8294   root    1w   REG  253,0        0 34669828 /tmp/memory_monitor.log
bash      8294   root    2w   REG  253,0        0 34669828 /tmp/memory_monitor.log
bash      8294   root    3r  FIFO   0,13      0t0   175934 pipe

    PID    PPID CMD                           RSS    VSZ %CPU %MEM     ELAPSED
Receptor Child Processes for PID 10475:
  No child processes found
Receptor Threads for PID 10475:
    PID    SPID %CPU %MEM   RSS COMMAND
Receptor Network Connections for PID 10475:
COMMAND    PID   USER   FD   TYPE DEVICE SIZE/OFF NODE NAME
envoy      718   root   31u  IPv4 157257      0t0  TCP localhost.localdomain:33592->localhost.localdomain:pcsync-https (ESTABLISHED)
envoy      718   root   32u  IPv4 157979      0t0  TCP localhost.localdomain:55580->aap25-control.lan:https (ESTABLISHED)
envoy      718   root   34u  IPv4  24602      0t0  TCP *:https (LISTEN)
envoy      718   root   35u  IPv4  24603      0t0  TCP *:https (LISTEN)
envoy      718   root   38u  IPv4  24768      0t0  TCP localhost:36502->localhost:50051 (ESTABLISHED)
envoy      718   root   39u  IPv4 151120      0t0  TCP localhost.localdomain:33070->localhost.localdomain:pcsync-https (ESTABLISHED)
envoy      718   root   40u  IPv4  24083      0t0  TCP localhost:36212->localhost:50051 (ESTABLISHED)
envoy      718   root   42u  IPv4 159454      0t0  TCP localhost.localdomain:60832->localhost.localdomain:pcsync-https (ESTABLISHED)
envoy      718   root   43u  IPv4 153460      0t0  TCP localhost.localdomain:https->192.168.1.49:51778 (ESTABLISHED)
envoy      718   root   47u  IPv4 153464      0t0  TCP localhost.localdomain:36730->aap25-control.lan:https (ESTABLISHED)
envoy      718   root   48u  IPv4 171575      0t0  TCP localhost.localdomain:58008->localhost.localdomain:pcsync-https (ESTABLISHED)
envoy      718   root   50u  IPv4 159985      0t0  TCP localhost.localdomain:https->192.168.1.49:47130 (ESTABLISHED)
chronyd    731 chrony    5u  IPv4  21318      0t0  UDP localhost:323 
chronyd    731 chrony    6u  IPv6  21319      0t0  UDP localhost:323 
NetworkMa  741   root   26u  IPv4  22282      0t0  UDP localhost.localdomain:bootpc->pi.hole:bootps 
sshd       771   root    3u  IPv4  22671      0t0  TCP *:ssh (LISTEN)
sshd       771   root    4u  IPv6  22680      0t0  TCP *:ssh (LISTEN)
uwsgi     1039   root    3u  IPv4  22268      0t0  TCP localhost:8050 (LISTEN)
uwsgi     1041   root    3u  IPv4  22268      0t0  TCP localhost:8050 (LISTEN)
uwsgi     1041   root    9u  IPv4  24673      0t0  TCP localhost.localdomain:39976->localhost.localdomain:redis (ESTABLISHED)
uwsgi     1042   root    3u  IPv4  22268      0t0  TCP localhost:8050 (LISTEN)
uwsgi     1042   root    9u  IPv4  23944      0t0  TCP localhost.localdomain:47062->localhost.localdomain:redis (ESTABLISHED)
uwsgi     1043   root    3u  IPv4  22268      0t0  TCP localhost:8050 (LISTEN)
uwsgi     1043   root    8u  IPv4  23929      0t0  TCP localhost.localdomain:40010->localhost.localdomain:redis (ESTABLISHED)
uwsgi     1044   root    3u  IPv4  22268      0t0  TCP localhost:8050 (LISTEN)
uwsgi     1044   root    8u  IPv4  24120      0t0  TCP localhost.localdomain:38856->localhost.localdomain:redis (ESTABLISHED)
uwsgi     1045   root    3u  IPv4  22268      0t0  TCP localhost:8050 (LISTEN)
uwsgi     1045   root    7u  IPv4  23502      0t0  TCP localhost.localdomain:39996->localhost.localdomain:redis (ESTABLISHED)
redis-ser 1055  redis    6u  IPv4  23180      0t0  TCP *:redis (LISTEN)
redis-ser 1055  redis    7u  IPv6  23181      0t0  TCP *:redis (LISTEN)
redis-ser 1055  redis    8u  IPv4  23915      0t0  TCP localhost.localdomain:redis->localhost.localdomain:39996 (ESTABLISHED)
redis-ser 1055  redis    9u  IPv4  24592      0t0  TCP localhost.localdomain:redis->localhost.localdomain:40010 (ESTABLISHED)
redis-ser 1055  redis   10u  IPv4  24629      0t0  TCP localhost.localdomain:redis->localhost.localdomain:47062 (ESTABLISHED)
redis-ser 1055  redis   11u  IPv4  23986      0t0  TCP localhost.localdomain:redis->localhost.localdomain:39976 (ESTABLISHED)
redis-ser 1055  redis   12u  IPv4  24052      0t0  TCP localhost.localdomain:redis->localhost.localdomain:39430 (ESTABLISHED)
redis-ser 1055  redis   13u  IPv4  24840      0t0  TCP localhost.localdomain:redis->localhost.localdomain:38856 (ESTABLISHED)
redis-ser 1055  redis   14u  IPv4  25748      0t0  TCP localhost.localdomain:redis->localhost.localdomain:54620 (ESTABLISHED)
redis-ser 1055  redis   15u  IPv4  25800      0t0  TCP localhost.localdomain:redis->localhost.localdomain:54634 (ESTABLISHED)
redis-ser 1055  redis   16u  IPv4  25803      0t0  TCP localhost.localdomain:redis->localhost.localdomain:54640 (ESTABLISHED)
redis-ser 1055  redis   17u  IPv4  25474      0t0  TCP localhost.localdomain:redis->localhost.localdomain:54656 (ESTABLISHED)
redis-ser 1055  redis   18u  IPv4  25510      0t0  TCP localhost.localdomain:redis->localhost.localdomain:54672 (ESTABLISHED)
nginx     1094   root    6u  IPv4  23210      0t0  TCP *:pcsync-https (LISTEN)
nginx     1095  nginx    6u  IPv4  23210      0t0  TCP *:pcsync-https (LISTEN)
nginx     1095  nginx   11u  IPv4 157977      0t0  TCP localhost.localdomain:pcsync-https->localhost.localdomain:33592 (ESTABLISHED)
nginx     1095  nginx   12u  IPv4 151802      0t0  TCP localhost.localdomain:pcsync-https->localhost.localdomain:33070 (ESTABLISHED)
nginx     1095  nginx   14u  IPv4 160161      0t0  TCP localhost.localdomain:pcsync-https->localhost.localdomain:60832 (ESTABLISHED)
nginx     1095  nginx   17u  IPv4 171576      0t0  TCP localhost.localdomain:pcsync-https->localhost.localdomain:58008 (ESTABLISHED)
nginx     1096  nginx    6u  IPv4  23210      0t0  TCP *:pcsync-https (LISTEN)
aap-gatew 1550   root    9u  IPv6  23874      0t0  TCP *:50051 (LISTEN)
aap-gatew 1551   root   11u  IPv6  23877      0t0  TCP *:50051 (LISTEN)
aap-gatew 1551   root   12u  IPv6  24050      0t0  TCP localhost:50051->localhost:36502 (ESTABLISHED)
aap-gatew 1551   root   13u  IPv4  24769      0t0  TCP localhost.localdomain:39430->localhost.localdomain:redis (ESTABLISHED)
aap-gatew 1551   root   14u  IPv4  24770      0t0  TCP localhost.localdomain:53488->aap25-database.lan:postgres (ESTABLISHED)
aap-gatew 1551   root   15u  IPv6  24800      0t0  TCP localhost:50051->localhost:36212 (ESTABLISHED)
aap-gatew 1551   root   16u  IPv4  25421      0t0  TCP localhost.localdomain:54620->localhost.localdomain:redis (ESTABLISHED)
aap-gatew 1551   root   17u  IPv4  25437      0t0  TCP localhost.localdomain:40206->aap25-database.lan:postgres (ESTABLISHED)
aap-gatew 1551   root   18u  IPv4  25768      0t0  TCP localhost.localdomain:40226->aap25-database.lan:postgres (ESTABLISHED)
aap-gatew 1551   root   19u  IPv4  25461      0t0  TCP localhost.localdomain:54634->localhost.localdomain:redis (ESTABLISHED)
aap-gatew 1551   root   20u  IPv4  25809      0t0  TCP localhost.localdomain:40244->aap25-database.lan:postgres (ESTABLISHED)
aap-gatew 1551   root   21u  IPv4  25802      0t0  TCP localhost.localdomain:54640->localhost.localdomain:redis (ESTABLISHED)
aap-gatew 1551   root   22u  IPv4  25465      0t0  TCP localhost.localdomain:40254->aap25-database.lan:postgres (ESTABLISHED)
aap-gatew 1551   root   23u  IPv4  25812      0t0  TCP localhost.localdomain:54656->localhost.localdomain:redis (ESTABLISHED)
aap-gatew 1551   root   24u  IPv4  25476      0t0  TCP localhost.localdomain:40256->aap25-database.lan:postgres (ESTABLISHED)
aap-gatew 1551   root   25u  IPv4  25509      0t0  TCP localhost.localdomain:54672->localhost.localdomain:redis (ESTABLISHED)
aap-gatew 1551   root   26u  IPv4  25888      0t0  TCP localhost.localdomain:47994->aap25-database.lan:postgres (ESTABLISHED)
aap-gatew 1552   root   13u  IPv6  23880      0t0  TCP *:50051 (LISTEN)
aap-gatew 1553   root   15u  IPv6  23474      0t0  TCP *:50051 (LISTEN)
aap-gatew 1554   root   17u  IPv6  23471      0t0  TCP *:50051 (LISTEN)
  No network connections found

=== RECEPTOR MEMORY SUMMARY ===
Total Receptor RSS Memory: 3584 KB (3 MB)
Total Receptor VSZ Memory: 7332 KB (7 MB)
Number of Receptor Processes: 2

AAP-related Processes and Children:
=== AAP Service Processes ===
Process: uwsgi (PID: 1039)
    PID    PPID CMD                           RSS
   1039     744 uwsgi /etc/ansible-automati 14208
  Children of PID 1039:
    PID    PPID CMD                           RSS
   1041    1039 uwsgi /etc/ansible-automati 126252
    PID    PPID CMD                           RSS
   1042    1039 uwsgi /etc/ansible-automati 134472
    PID    PPID CMD                           RSS
   1043    1039 uwsgi /etc/ansible-automati 128752
    PID    PPID CMD                           RSS
   1044    1039 uwsgi /etc/ansible-automati 131976
    PID    PPID CMD                           RSS
   1045    1039 uwsgi /etc/ansible-automati 131612

Process: uwsgi (PID: 1041)
    PID    PPID CMD                           RSS
   1041    1039 uwsgi /etc/ansible-automati 126252

Process: uwsgi (PID: 1042)
    PID    PPID CMD                           RSS
   1042    1039 uwsgi /etc/ansible-automati 134472

Process: uwsgi (PID: 1043)
    PID    PPID CMD                           RSS
   1043    1039 uwsgi /etc/ansible-automati 128752

Process: uwsgi (PID: 1044)
    PID    PPID CMD                           RSS
   1044    1039 uwsgi /etc/ansible-automati 131976

Process: uwsgi (PID: 1045)
    PID    PPID CMD                           RSS
   1045    1039 uwsgi /etc/ansible-automati 131612

Process: redis-server (PID: 1055)
    PID    PPID CMD                           RSS
   1055       1 /usr/bin/redis-server *:637 16260

Process: nginx (PID: 1094)
    PID    PPID CMD                           RSS
   1094       1 nginx: master process /usr/  2084
  Children of PID 1094:
    PID    PPID CMD                           RSS
   1095    1094 nginx: worker process        8484
    PID    PPID CMD                           RSS
   1096    1094 nginx: worker process        8484

Process: nginx (PID: 1095)
    PID    PPID CMD                           RSS
   1095    1094 nginx: worker process        8484

Process: nginx (PID: 1096)
    PID    PPID CMD                           RSS
   1096    1094 nginx: worker process        8484

Process: bash (PID: 8294)
    PID    PPID CMD                           RSS
   8294       1 bash -c  log_file="/tmp/mem  3584
  Children of PID 8294:
    PID    PPID CMD                           RSS
  10534    8294 bash -c  log_file="/tmp/mem  2396

Process: bash (PID: 10534)
    PID    PPID CMD                           RSS
  10534    8294 bash -c  log_file="/tmp/mem  2396
  Children of PID 10534:
    PID    PPID CMD                           RSS


Process Tree for AAP Services:
=== automation-controller Process Tree ===
bash(8294)---pstree(10582)
=== receptor Process Tree ===
bash(8294)---pstree(10586)
=== nginx Process Tree ===
nginx(1094)-+-nginx(1095)
            `-nginx(1096)
nginx(1095)
nginx(1096)
bash(8294)---pstree(10593)
=== postgresql Process Tree ===
bash(8294)---pstree(10597)
=== redis Process Tree ===
redis-server(1055)-+-{redis-server}(1066)
                   |-{redis-server}(1067)
                   |-{redis-server}(1068)
                   `-{redis-server}(1069)
bash(8294)---pstree(10602)
=== uwsgi Process Tree ===
uwsgi(1039)-+-uwsgi(1041)
            |-uwsgi(1042)
            |-uwsgi(1043)
            |-uwsgi(1044)
            `-uwsgi(1045)
uwsgi(1041)
uwsgi(1042)
uwsgi(1043)
uwsgi(1044)
uwsgi(1045)
bash(8294)---pstree(10612)
=== automation-hub Process Tree ===
bash(8294)---pstree(10616)
=== automation-eda Process Tree ===
bash(8294)---pstree(10620)

=================================================================================
2025-07-07 18:59:31
Memory Usage Report:
               total        used        free      shared  buff/cache   available
Mem:            7555        1235        5911           9         656        6320
Swap:           5327           0        5327

Top 10 Processes by RSS Memory:
    PID    PPID CMD                           RSS
   1042    1039 uwsgi /etc/ansible-automati 134472
   1044    1039 uwsgi /etc/ansible-automati 131976
   1045    1039 uwsgi /etc/ansible-automati 131612
   1043    1039 uwsgi /etc/ansible-automati 128752
   1551    1040 /usr/bin/python3.11 -sP /us 126900
   1041    1039 uwsgi /etc/ansible-automati 126252
   1040     744 /usr/bin/python3.11 -sP /us 114212
   1553    1040 /usr/bin/python3.11 -sP /us 99028
   1550    1040 /usr/bin/python3.11 -sP /us 98900
   1552    1040 /usr/bin/python3.11 -sP /us 98900

=== RECEPTOR PROCESS ANALYSIS ===
Receptor Main Processes:
    PID    PPID CMD                           RSS    VSZ %CPU %MEM     ELAPSED
   8294       1 bash -c  log_file="/tmp/mem  3584   7332  0.0  0.0       07:43
Receptor Child Processes for PID 8294:
      PID    PPID CMD                           RSS    VSZ %CPU %MEM     ELAPSED
Receptor Threads for PID 8294:
    PID    SPID %CPU %MEM   RSS COMMAND
   8294    8294  0.0  0.0  3584 bash
Receptor Network Connections for PID 8294:
COMMAND    PID   USER   FD   TYPE DEVICE SIZE/OFF     NODE NAME
envoy      718   root   22u  IPv4 178433      0t0      TCP localhost.localdomain:46714->aap25-control.lan:https (ESTABLISHED)
envoy      718   root   31u  IPv4 157257      0t0      TCP localhost.localdomain:33592->localhost.localdomain:pcsync-https (ESTABLISHED)
envoy      718   root   32u  IPv4 157979      0t0      TCP localhost.localdomain:55580->aap25-control.lan:https (ESTABLISHED)
envoy      718   root   34u  IPv4  24602      0t0      TCP *:https (LISTEN)
envoy      718   root   35u  IPv4  24603      0t0      TCP *:https (LISTEN)
envoy      718   root   38u  IPv4  24768      0t0      TCP localhost:36502->localhost:50051 (ESTABLISHED)
envoy      718   root   39u  IPv4 151120      0t0      TCP localhost.localdomain:33070->localhost.localdomain:pcsync-https (ESTABLISHED)
envoy      718   root   40u  IPv4  24083      0t0      TCP localhost:36212->localhost:50051 (ESTABLISHED)
envoy      718   root   42u  IPv4 159454      0t0      TCP localhost.localdomain:60832->localhost.localdomain:pcsync-https (ESTABLISHED)
envoy      718   root   43u  IPv4 153460      0t0      TCP localhost.localdomain:https->192.168.1.49:51778 (ESTABLISHED)
envoy      718   root   47u  IPv4 153464      0t0      TCP localhost.localdomain:36730->aap25-control.lan:https (ESTABLISHED)
envoy      718   root   48u  IPv4 171575      0t0      TCP localhost.localdomain:58008->localhost.localdomain:pcsync-https (ESTABLISHED)
envoy      718   root   50u  IPv4 159985      0t0      TCP localhost.localdomain:https->192.168.1.49:47130 (ESTABLISHED)
chronyd    731 chrony    5u  IPv4  21318      0t0      UDP localhost:323 
chronyd    731 chrony    6u  IPv6  21319      0t0      UDP localhost:323 
NetworkMa  741   root   26u  IPv4  22282      0t0      UDP localhost.localdomain:bootpc->pi.hole:bootps 
sshd       771   root    3u  IPv4  22671      0t0      TCP *:ssh (LISTEN)
sshd       771   root    4u  IPv6  22680      0t0      TCP *:ssh (LISTEN)
uwsgi     1039   root    3u  IPv4  22268      0t0      TCP localhost:8050 (LISTEN)
uwsgi     1041   root    3u  IPv4  22268      0t0      TCP localhost:8050 (LISTEN)
uwsgi     1041   root    9u  IPv4  24673      0t0      TCP localhost.localdomain:39976->localhost.localdomain:redis (ESTABLISHED)
uwsgi     1042   root    3u  IPv4  22268      0t0      TCP localhost:8050 (LISTEN)
uwsgi     1042   root    9u  IPv4  23944      0t0      TCP localhost.localdomain:47062->localhost.localdomain:redis (ESTABLISHED)
uwsgi     1043   root    3u  IPv4  22268      0t0      TCP localhost:8050 (LISTEN)
uwsgi     1043   root    8u  IPv4  23929      0t0      TCP localhost.localdomain:40010->localhost.localdomain:redis (ESTABLISHED)
uwsgi     1044   root    3u  IPv4  22268      0t0      TCP localhost:8050 (LISTEN)
uwsgi     1044   root    8u  IPv4  24120      0t0      TCP localhost.localdomain:38856->localhost.localdomain:redis (ESTABLISHED)
uwsgi     1045   root    3u  IPv4  22268      0t0      TCP localhost:8050 (LISTEN)
uwsgi     1045   root    7u  IPv4  23502      0t0      TCP localhost.localdomain:39996->localhost.localdomain:redis (ESTABLISHED)
redis-ser 1055  redis    6u  IPv4  23180      0t0      TCP *:redis (LISTEN)
redis-ser 1055  redis    7u  IPv6  23181      0t0      TCP *:redis (LISTEN)
redis-ser 1055  redis    8u  IPv4  23915      0t0      TCP localhost.localdomain:redis->localhost.localdomain:39996 (ESTABLISHED)
redis-ser 1055  redis    9u  IPv4  24592      0t0      TCP localhost.localdomain:redis->localhost.localdomain:40010 (ESTABLISHED)
redis-ser 1055  redis   10u  IPv4  24629      0t0      TCP localhost.localdomain:redis->localhost.localdomain:47062 (ESTABLISHED)
redis-ser 1055  redis   11u  IPv4  23986      0t0      TCP localhost.localdomain:redis->localhost.localdomain:39976 (ESTABLISHED)
redis-ser 1055  redis   12u  IPv4  24052      0t0      TCP localhost.localdomain:redis->localhost.localdomain:39430 (ESTABLISHED)
redis-ser 1055  redis   13u  IPv4  24840      0t0      TCP localhost.localdomain:redis->localhost.localdomain:38856 (ESTABLISHED)
redis-ser 1055  redis   14u  IPv4  25748      0t0      TCP localhost.localdomain:redis->localhost.localdomain:54620 (ESTABLISHED)
redis-ser 1055  redis   15u  IPv4  25800      0t0      TCP localhost.localdomain:redis->localhost.localdomain:54634 (ESTABLISHED)
redis-ser 1055  redis   16u  IPv4  25803      0t0      TCP localhost.localdomain:redis->localhost.localdomain:54640 (ESTABLISHED)
redis-ser 1055  redis   17u  IPv4  25474      0t0      TCP localhost.localdomain:redis->localhost.localdomain:54656 (ESTABLISHED)
redis-ser 1055  redis   18u  IPv4  25510      0t0      TCP localhost.localdomain:redis->localhost.localdomain:54672 (ESTABLISHED)
nginx     1094   root    6u  IPv4  23210      0t0      TCP *:pcsync-https (LISTEN)
nginx     1095  nginx    6u  IPv4  23210      0t0      TCP *:pcsync-https (LISTEN)
nginx     1095  nginx   11u  IPv4 157977      0t0      TCP localhost.localdomain:pcsync-https->localhost.localdomain:33592 (ESTABLISHED)
nginx     1095  nginx   12u  IPv4 151802      0t0      TCP localhost.localdomain:pcsync-https->localhost.localdomain:33070 (ESTABLISHED)
nginx     1095  nginx   14u  IPv4 160161      0t0      TCP localhost.localdomain:pcsync-https->localhost.localdomain:60832 (ESTABLISHED)
nginx     1095  nginx   17u  IPv4 171576      0t0      TCP localhost.localdomain:pcsync-https->localhost.localdomain:58008 (ESTABLISHED)
nginx     1096  nginx    6u  IPv4  23210      0t0      TCP *:pcsync-https (LISTEN)
aap-gatew 1550   root    9u  IPv6  23874      0t0      TCP *:50051 (LISTEN)
aap-gatew 1551   root   11u  IPv6  23877      0t0      TCP *:50051 (LISTEN)
aap-gatew 1551   root   12u  IPv6  24050      0t0      TCP localhost:50051->localhost:36502 (ESTABLISHED)
aap-gatew 1551   root   13u  IPv4  24769      0t0      TCP localhost.localdomain:39430->localhost.localdomain:redis (ESTABLISHED)
aap-gatew 1551   root   14u  IPv4  24770      0t0      TCP localhost.localdomain:53488->aap25-database.lan:postgres (ESTABLISHED)
aap-gatew 1551   root   15u  IPv6  24800      0t0      TCP localhost:50051->localhost:36212 (ESTABLISHED)
aap-gatew 1551   root   16u  IPv4  25421      0t0      TCP localhost.localdomain:54620->localhost.localdomain:redis (ESTABLISHED)
aap-gatew 1551   root   17u  IPv4  25437      0t0      TCP localhost.localdomain:40206->aap25-database.lan:postgres (ESTABLISHED)
aap-gatew 1551   root   18u  IPv4  25768      0t0      TCP localhost.localdomain:40226->aap25-database.lan:postgres (ESTABLISHED)
aap-gatew 1551   root   19u  IPv4  25461      0t0      TCP localhost.localdomain:54634->localhost.localdomain:redis (ESTABLISHED)
aap-gatew 1551   root   20u  IPv4  25809      0t0      TCP localhost.localdomain:40244->aap25-database.lan:postgres (ESTABLISHED)
aap-gatew 1551   root   21u  IPv4  25802      0t0      TCP localhost.localdomain:54640->localhost.localdomain:redis (ESTABLISHED)
aap-gatew 1551   root   22u  IPv4  25465      0t0      TCP localhost.localdomain:40254->aap25-database.lan:postgres (ESTABLISHED)
aap-gatew 1551   root   23u  IPv4  25812      0t0      TCP localhost.localdomain:54656->localhost.localdomain:redis (ESTABLISHED)
aap-gatew 1551   root   24u  IPv4  25476      0t0      TCP localhost.localdomain:40256->aap25-database.lan:postgres (ESTABLISHED)
aap-gatew 1551   root   25u  IPv4  25509      0t0      TCP localhost.localdomain:54672->localhost.localdomain:redis (ESTABLISHED)
aap-gatew 1551   root   26u  IPv4  25888      0t0      TCP localhost.localdomain:47994->aap25-database.lan:postgres (ESTABLISHED)
aap-gatew 1552   root   13u  IPv6  23880      0t0      TCP *:50051 (LISTEN)
aap-gatew 1553   root   15u  IPv6  23474      0t0      TCP *:50051 (LISTEN)
aap-gatew 1554   root   17u  IPv6  23471      0t0      TCP *:50051 (LISTEN)
bash      8294   root  cwd    DIR  253,0     4096 50331782 /root
bash      8294   root  rtd    DIR  253,0      235      128 /
bash      8294   root  txt    REG  253,0  1389072 50367435 /usr/bin/bash
bash      8294   root  mem    REG  253,0  2586930 50367720 /usr/lib/locale/en_US.utf8/LC_COLLATE
bash      8294   root  mem    REG  253,0  2544344     2597 /usr/lib64/libc.so.6
bash      8294   root  mem    REG  253,0   346132 33699956 /usr/lib/locale/C.utf8/LC_CTYPE
bash      8294   root  mem    REG  253,0       54 50367723 /usr/lib/locale/en_US.utf8/LC_NUMERIC
bash      8294   root  mem    REG  253,0     3284     2565 /usr/lib/locale/en_US.utf8/LC_TIME
bash      8294   root  mem    REG  253,0      286     2563 /usr/lib/locale/en_US.utf8/LC_MONETARY
bash      8294   root  mem    REG  253,0       57     2576 /usr/lib/locale/en_US.utf8/LC_MESSAGES/SYS_LC_MESSAGES
bash      8294   root  mem    REG  253,0    26988 16780452 /usr/lib64/gconv/gconv-modules.cache
bash      8294   root  mem    REG  253,0   195080     2316 /usr/lib64/libtinfo.so.6.2
bash      8294   root  mem    REG  253,0       34 33700259 /usr/lib/locale/en_US.utf8/LC_PAPER
bash      8294   root  mem    REG  253,0       77 50367722 /usr/lib/locale/en_US.utf8/LC_NAME
bash      8294   root  mem    REG  253,0      167     2559 /usr/lib/locale/en_US.utf8/LC_ADDRESS
bash      8294   root  mem    REG  253,0       59     2564 /usr/lib/locale/en_US.utf8/LC_TELEPHONE
bash      8294   root  mem    REG  253,0       23     2562 /usr/lib/locale/en_US.utf8/LC_MEASUREMENT
bash      8294   root  mem    REG  253,0      369     2561 /usr/lib/locale/en_US.utf8/LC_IDENTIFICATION
bash      8294   root  mem    REG  253,0   897856     2593 /usr/lib64/ld-linux-x86-64.so.2
bash      8294   root    0r   CHR    1,3      0t0        4 /dev/null
bash      8294   root    1w   REG  253,0        0 34669828 /tmp/memory_monitor.log
bash      8294   root    2w   REG  253,0        0 34669828 /tmp/memory_monitor.log
bash      8294   root    3r  FIFO   0,13      0t0   177517 pipe

    PID    PPID CMD                           RSS    VSZ %CPU %MEM     ELAPSED
Receptor Child Processes for PID 10628:
  No child processes found
Receptor Threads for PID 10628:
    PID    SPID %CPU %MEM   RSS COMMAND
Receptor Network Connections for PID 10628:
COMMAND    PID   USER   FD   TYPE DEVICE SIZE/OFF NODE NAME
envoy      718   root   22u  IPv4 178433      0t0  TCP localhost.localdomain:46714->aap25-control.lan:https (ESTABLISHED)
envoy      718   root   31u  IPv4 157257      0t0  TCP localhost.localdomain:33592->localhost.localdomain:pcsync-https (ESTABLISHED)
envoy      718   root   32u  IPv4 157979      0t0  TCP localhost.localdomain:55580->aap25-control.lan:https (ESTABLISHED)
envoy      718   root   34u  IPv4  24602      0t0  TCP *:https (LISTEN)
envoy      718   root   35u  IPv4  24603      0t0  TCP *:https (LISTEN)
envoy      718   root   38u  IPv4  24768      0t0  TCP localhost:36502->localhost:50051 (ESTABLISHED)
envoy      718   root   39u  IPv4 151120      0t0  TCP localhost.localdomain:33070->localhost.localdomain:pcsync-https (ESTABLISHED)
envoy      718   root   40u  IPv4  24083      0t0  TCP localhost:36212->localhost:50051 (ESTABLISHED)
envoy      718   root   42u  IPv4 159454      0t0  TCP localhost.localdomain:60832->localhost.localdomain:pcsync-https (ESTABLISHED)
envoy      718   root   43u  IPv4 153460      0t0  TCP localhost.localdomain:https->192.168.1.49:51778 (ESTABLISHED)
envoy      718   root   47u  IPv4 153464      0t0  TCP localhost.localdomain:36730->aap25-control.lan:https (ESTABLISHED)
envoy      718   root   48u  IPv4 171575      0t0  TCP localhost.localdomain:58008->localhost.localdomain:pcsync-https (ESTABLISHED)
envoy      718   root   50u  IPv4 159985      0t0  TCP localhost.localdomain:https->192.168.1.49:47130 (ESTABLISHED)
chronyd    731 chrony    5u  IPv4  21318      0t0  UDP localhost:323 
chronyd    731 chrony    6u  IPv6  21319      0t0  UDP localhost:323 
NetworkMa  741   root   26u  IPv4  22282      0t0  UDP localhost.localdomain:bootpc->pi.hole:bootps 
sshd       771   root    3u  IPv4  22671      0t0  TCP *:ssh (LISTEN)
sshd       771   root    4u  IPv6  22680      0t0  TCP *:ssh (LISTEN)
uwsgi     1039   root    3u  IPv4  22268      0t0  TCP localhost:8050 (LISTEN)
uwsgi     1041   root    3u  IPv4  22268      0t0  TCP localhost:8050 (LISTEN)
uwsgi     1041   root    9u  IPv4  24673      0t0  TCP localhost.localdomain:39976->localhost.localdomain:redis (ESTABLISHED)
uwsgi     1042   root    3u  IPv4  22268      0t0  TCP localhost:8050 (LISTEN)
uwsgi     1042   root    9u  IPv4  23944      0t0  TCP localhost.localdomain:47062->localhost.localdomain:redis (ESTABLISHED)
uwsgi     1043   root    3u  IPv4  22268      0t0  TCP localhost:8050 (LISTEN)
uwsgi     1043   root    8u  IPv4  23929      0t0  TCP localhost.localdomain:40010->localhost.localdomain:redis (ESTABLISHED)
uwsgi     1044   root    3u  IPv4  22268      0t0  TCP localhost:8050 (LISTEN)
uwsgi     1044   root    8u  IPv4  24120      0t0  TCP localhost.localdomain:38856->localhost.localdomain:redis (ESTABLISHED)
uwsgi     1045   root    3u  IPv4  22268      0t0  TCP localhost:8050 (LISTEN)
uwsgi     1045   root    7u  IPv4  23502      0t0  TCP localhost.localdomain:39996->localhost.localdomain:redis (ESTABLISHED)
redis-ser 1055  redis    6u  IPv4  23180      0t0  TCP *:redis (LISTEN)
redis-ser 1055  redis    7u  IPv6  23181      0t0  TCP *:redis (LISTEN)
redis-ser 1055  redis    8u  IPv4  23915      0t0  TCP localhost.localdomain:redis->localhost.localdomain:39996 (ESTABLISHED)
redis-ser 1055  redis    9u  IPv4  24592      0t0  TCP localhost.localdomain:redis->localhost.localdomain:40010 (ESTABLISHED)
redis-ser 1055  redis   10u  IPv4  24629      0t0  TCP localhost.localdomain:redis->localhost.localdomain:47062 (ESTABLISHED)
redis-ser 1055  redis   11u  IPv4  23986      0t0  TCP localhost.localdomain:redis->localhost.localdomain:39976 (ESTABLISHED)
redis-ser 1055  redis   12u  IPv4  24052      0t0  TCP localhost.localdomain:redis->localhost.localdomain:39430 (ESTABLISHED)
redis-ser 1055  redis   13u  IPv4  24840      0t0  TCP localhost.localdomain:redis->localhost.localdomain:38856 (ESTABLISHED)
redis-ser 1055  redis   14u  IPv4  25748      0t0  TCP localhost.localdomain:redis->localhost.localdomain:54620 (ESTABLISHED)
redis-ser 1055  redis   15u  IPv4  25800      0t0  TCP localhost.localdomain:redis->localhost.localdomain:54634 (ESTABLISHED)
redis-ser 1055  redis   16u  IPv4  25803      0t0  TCP localhost.localdomain:redis->localhost.localdomain:54640 (ESTABLISHED)
redis-ser 1055  redis   17u  IPv4  25474      0t0  TCP localhost.localdomain:redis->localhost.localdomain:54656 (ESTABLISHED)
redis-ser 1055  redis   18u  IPv4  25510      0t0  TCP localhost.localdomain:redis->localhost.localdomain:54672 (ESTABLISHED)
nginx     1094   root    6u  IPv4  23210      0t0  TCP *:pcsync-https (LISTEN)
nginx     1095  nginx    6u  IPv4  23210      0t0  TCP *:pcsync-https (LISTEN)
nginx     1095  nginx   11u  IPv4 157977      0t0  TCP localhost.localdomain:pcsync-https->localhost.localdomain:33592 (ESTABLISHED)
nginx     1095  nginx   12u  IPv4 151802      0t0  TCP localhost.localdomain:pcsync-https->localhost.localdomain:33070 (ESTABLISHED)
nginx     1095  nginx   14u  IPv4 160161      0t0  TCP localhost.localdomain:pcsync-https->localhost.localdomain:60832 (ESTABLISHED)
nginx     1095  nginx   17u  IPv4 171576      0t0  TCP localhost.localdomain:pcsync-https->localhost.localdomain:58008 (ESTABLISHED)
nginx     1096  nginx    6u  IPv4  23210      0t0  TCP *:pcsync-https (LISTEN)
aap-gatew 1550   root    9u  IPv6  23874      0t0  TCP *:50051 (LISTEN)
aap-gatew 1551   root   11u  IPv6  23877      0t0  TCP *:50051 (LISTEN)
aap-gatew 1551   root   12u  IPv6  24050      0t0  TCP localhost:50051->localhost:36502 (ESTABLISHED)
aap-gatew 1551   root   13u  IPv4  24769      0t0  TCP localhost.localdomain:39430->localhost.localdomain:redis (ESTABLISHED)
aap-gatew 1551   root   14u  IPv4  24770      0t0  TCP localhost.localdomain:53488->aap25-database.lan:postgres (ESTABLISHED)
aap-gatew 1551   root   15u  IPv6  24800      0t0  TCP localhost:50051->localhost:36212 (ESTABLISHED)
aap-gatew 1551   root   16u  IPv4  25421      0t0  TCP localhost.localdomain:54620->localhost.localdomain:redis (ESTABLISHED)
aap-gatew 1551   root   17u  IPv4  25437      0t0  TCP localhost.localdomain:40206->aap25-database.lan:postgres (ESTABLISHED)
aap-gatew 1551   root   18u  IPv4  25768      0t0  TCP localhost.localdomain:40226->aap25-database.lan:postgres (ESTABLISHED)
aap-gatew 1551   root   19u  IPv4  25461      0t0  TCP localhost.localdomain:54634->localhost.localdomain:redis (ESTABLISHED)
aap-gatew 1551   root   20u  IPv4  25809      0t0  TCP localhost.localdomain:40244->aap25-database.lan:postgres (ESTABLISHED)
aap-gatew 1551   root   21u  IPv4  25802      0t0  TCP localhost.localdomain:54640->localhost.localdomain:redis (ESTABLISHED)
aap-gatew 1551   root   22u  IPv4  25465      0t0  TCP localhost.localdomain:40254->aap25-database.lan:postgres (ESTABLISHED)
aap-gatew 1551   root   23u  IPv4  25812      0t0  TCP localhost.localdomain:54656->localhost.localdomain:redis (ESTABLISHED)
aap-gatew 1551   root   24u  IPv4  25476      0t0  TCP localhost.localdomain:40256->aap25-database.lan:postgres (ESTABLISHED)
aap-gatew 1551   root   25u  IPv4  25509      0t0  TCP localhost.localdomain:54672->localhost.localdomain:redis (ESTABLISHED)
aap-gatew 1551   root   26u  IPv4  25888      0t0  TCP localhost.localdomain:47994->aap25-database.lan:postgres (ESTABLISHED)
aap-gatew 1552   root   13u  IPv6  23880      0t0  TCP *:50051 (LISTEN)
aap-gatew 1553   root   15u  IPv6  23474      0t0  TCP *:50051 (LISTEN)
aap-gatew 1554   root   17u  IPv6  23471      0t0  TCP *:50051 (LISTEN)
  No network connections found

=== RECEPTOR MEMORY SUMMARY ===
Total Receptor RSS Memory: 3584 KB (3 MB)
Total Receptor VSZ Memory: 7332 KB (7 MB)
Number of Receptor Processes: 2

AAP-related Processes and Children:
=== AAP Service Processes ===
Process: uwsgi (PID: 1039)
    PID    PPID CMD                           RSS
   1039     744 uwsgi /etc/ansible-automati 14208
  Children of PID 1039:
    PID    PPID CMD                           RSS
   1041    1039 uwsgi /etc/ansible-automati 126252
    PID    PPID CMD                           RSS
   1042    1039 uwsgi /etc/ansible-automati 134472
    PID    PPID CMD                           RSS
   1043    1039 uwsgi /etc/ansible-automati 128752
    PID    PPID CMD                           RSS
   1044    1039 uwsgi /etc/ansible-automati 131976
    PID    PPID CMD                           RSS
   1045    1039 uwsgi /etc/ansible-automati 131612

Process: uwsgi (PID: 1041)
    PID    PPID CMD                           RSS
   1041    1039 uwsgi /etc/ansible-automati 126252

Process: uwsgi (PID: 1042)
    PID    PPID CMD                           RSS
   1042    1039 uwsgi /etc/ansible-automati 134472

Process: uwsgi (PID: 1043)
    PID    PPID CMD                           RSS
   1043    1039 uwsgi /etc/ansible-automati 128752

Process: uwsgi (PID: 1044)
    PID    PPID CMD                           RSS
   1044    1039 uwsgi /etc/ansible-automati 131976

Process: uwsgi (PID: 1045)
    PID    PPID CMD                           RSS
   1045    1039 uwsgi /etc/ansible-automati 131612

Process: redis-server (PID: 1055)
    PID    PPID CMD                           RSS
   1055       1 /usr/bin/redis-server *:637 16260

Process: nginx (PID: 1094)
    PID    PPID CMD                           RSS
   1094       1 nginx: master process /usr/  2084
  Children of PID 1094:
    PID    PPID CMD                           RSS
   1095    1094 nginx: worker process        8484
    PID    PPID CMD                           RSS
   1096    1094 nginx: worker process        8484

Process: nginx (PID: 1095)
    PID    PPID CMD                           RSS
   1095    1094 nginx: worker process        8484

Process: nginx (PID: 1096)
    PID    PPID CMD                           RSS
   1096    1094 nginx: worker process        8484

Process: bash (PID: 8294)
    PID    PPID CMD                           RSS
   8294       1 bash -c  log_file="/tmp/mem  3584
  Children of PID 8294:
    PID    PPID CMD                           RSS
  10687    8294 bash -c  log_file="/tmp/mem  2396

Process: bash (PID: 10687)
    PID    PPID CMD                           RSS
  10687    8294 bash -c  log_file="/tmp/mem  2396
  Children of PID 10687:
    PID    PPID CMD                           RSS


Process Tree for AAP Services:
=== automation-controller Process Tree ===
bash(8294)---pstree(10735)
=== receptor Process Tree ===
bash(8294)---pstree(10739)
=== nginx Process Tree ===
nginx(1094)-+-nginx(1095)
            `-nginx(1096)
nginx(1095)
nginx(1096)
bash(8294)---pstree(10746)
=== postgresql Process Tree ===
bash(8294)---pstree(10750)
=== redis Process Tree ===
redis-server(1055)-+-{redis-server}(1066)
                   |-{redis-server}(1067)
                   |-{redis-server}(1068)
                   `-{redis-server}(1069)
bash(8294)---pstree(10755)
=== uwsgi Process Tree ===
uwsgi(1039)-+-uwsgi(1041)
            |-uwsgi(1042)
            |-uwsgi(1043)
            |-uwsgi(1044)
            `-uwsgi(1045)
uwsgi(1041)
uwsgi(1042)
uwsgi(1043)
uwsgi(1044)
uwsgi(1045)
bash(8294)---pstree(10765)
=== automation-hub Process Tree ===
bash(8294)---pstree(10769)
=== automation-eda Process Tree ===
bash(8294)---pstree(10773)

Memory monitoring completed for aap25 heavy test at Mon Jul  7 07:00:01 PM EDT 2025
