Starting memory monitoring for aap24 heavy test at Mon Jul  7 03:51:16 PM PDT 2025
=================================================================================
2025-07-07 15:51:16
Memory Usage Report:
               total        used        free      shared  buff/cache   available
Mem:            7681        1929        1754          19        4315        5751
Swap:           8067           0        8067

Top 10 Processes by RSS Memory:
    PID    PPID CMD                           RSS
 197339  197177 /var/lib/awx/venv/awx/bin/p 133580
 197340  197177 /var/lib/awx/venv/awx/bin/p 131572
 197345  197177 /var/lib/awx/venv/awx/bin/p 130276
 252925  197339 /var/lib/awx/venv/awx/bin/p 126908
 252935  197339 /var/lib/awx/venv/awx/bin/p 126908
 252937  197339 /var/lib/awx/venv/awx/bin/p 126908
 252939  197339 /var/lib/awx/venv/awx/bin/p 126652
 197343  197177 /var/lib/awx/venv/awx/bin/p 125912
 197532  197340 /var/lib/awx/venv/awx/bin/p 125508
 197536  197340 /var/lib/awx/venv/awx/bin/p 125404

=== RECEPTOR PROCESS ANALYSIS ===
Receptor Main Processes:
    PID    PPID CMD                           RSS    VSZ %CPU %MEM     ELAPSED
 192070       1 /usr/bin/receptor -c /etc/r 46628 1347904 0.1  0.5    01:00:53
Receptor Child Processes for PID 192070:
  No child processes found
Receptor Threads for PID 192070:
    PID    SPID %CPU %MEM   RSS COMMAND
 192070  192070  0.0  0.5 46628 receptor
 192070  192072  0.0  0.5 46628 receptor
 192070  192073  0.0  0.5 46628 receptor
 192070  192074  0.0  0.5 46628 receptor
 192070  192075  0.0  0.5 46628 receptor
 192070  192076  0.0  0.5 46628 receptor
 192070  192077  0.0  0.5 46628 receptor
 192070  201640  0.0  0.5 46628 receptor
 192070  202660  0.0  0.5 46628 receptor
Receptor Network Connections for PID 192070:
COMMAND      PID   USER   FD      TYPE             DEVICE SIZE/OFF      NODE NAME
chronyd      789 chrony    5u     IPv4              13239      0t0       UDP localhost:323 
chronyd      789 chrony    6u     IPv6              13240      0t0       UDP localhost:323 
NetworkMa    792   root   26u     IPv4              22360      0t0       UDP aap24-control:bootpc->pi.hole:bootps 
sshd         859   root    3u     IPv4              22990      0t0       TCP *:ssh (LISTEN)
sshd         859   root    4u     IPv6              22992      0t0       TCP *:ssh (LISTEN)
receptor  192070    awx  cwd       DIR              253,0      235       128 /
receptor  192070    awx  rtd       DIR              253,0      235       128 /
receptor  192070    awx  txt       REG              253,0 54652712 100691309 /usr/bin/receptor
receptor  192070    awx  mem       REG              253,0  5436640     28515 /usr/lib64/libcrypto.so.3.2.2
receptor  192070    awx  mem       REG              253,0  2544344      3530 /usr/lib64/libc.so.6
receptor  192070    awx  mem       REG              253,0   102552      3550 /usr/lib64/libz.so.1.2.11
receptor  192070    awx  mem       REG              253,0   897856      3526 /usr/lib64/ld-linux-x86-64.so.2
receptor  192070    awx    0r      CHR                1,3      0t0         4 /dev/null
receptor  192070    awx    1w      REG              253,0     7627  34641330 /var/log/receptor/receptor.log
receptor  192070    awx    2w      REG              253,0     7627  34641330 /var/log/receptor/receptor.log
receptor  192070    awx    3rW     REG               0,23        0      2816 /run/awx-receptor/receptor.sock.lock
receptor  192070    awx    4u  a_inode               0,14        0        62 [eventpoll:5,7,8,9]
receptor  192070    awx    5r     FIFO               0,13      0t0    584296 pipe
receptor  192070    awx    6w     FIFO               0,13      0t0    584296 pipe
receptor  192070    awx    7u     unix 0xffff9bf94dcae400      0t0    585091 /var/run/awx-receptor/receptor.sock type=STREAM (LISTEN)
receptor  192070    awx    8u     IPv6             587141      0t0       TCP *:27199 (LISTEN)
receptor  192070    awx    9u     IPv6             586439      0t0       TCP aap24-control:27199->aap24-execution:40392 (ESTABLISHED)
nginx     196761   root    8u     IPv4             602782      0t0       TCP *:https (LISTEN)
nginx     196761   root    9u     IPv4             602783      0t0       TCP *:http (LISTEN)
nginx     196761   root   10u     IPv6             602784      0t0       TCP *:https (LISTEN)
nginx     196761   root   11u     IPv6             602785      0t0       TCP *:http (LISTEN)
nginx     196762  nginx    8u     IPv4             602782      0t0       TCP *:https (LISTEN)
nginx     196762  nginx    9u     IPv4             602783      0t0       TCP *:http (LISTEN)
nginx     196762  nginx   10u     IPv6             602784      0t0       TCP *:https (LISTEN)
nginx     196762  nginx   11u     IPv6             602785      0t0       TCP *:http (LISTEN)
nginx     196763  nginx    8u     IPv4             602782      0t0       TCP *:https (LISTEN)
nginx     196763  nginx    9u     IPv4             602783      0t0       TCP *:http (LISTEN)
nginx     196763  nginx   10u     IPv6             602784      0t0       TCP *:https (LISTEN)
nginx     196763  nginx   11u     IPv6             602785      0t0       TCP *:http (LISTEN)
nginx     196763  nginx   19u     IPv4             790424      0t0       TCP aap24-control:https->192.168.1.49:49410 (ESTABLISHED)
nginx     196763  nginx   24u     IPv4             792276      0t0       TCP aap24-control:https->192.168.1.49:49422 (ESTABLISHED)
nginx     196764  nginx    8u     IPv4             602782      0t0       TCP *:https (LISTEN)
nginx     196764  nginx    9u     IPv4             602783      0t0       TCP *:http (LISTEN)
nginx     196764  nginx   10u     IPv6             602784      0t0       TCP *:https (LISTEN)
nginx     196764  nginx   11u     IPv6             602785      0t0       TCP *:http (LISTEN)
nginx     196765  nginx    8u     IPv4             602782      0t0       TCP *:https (LISTEN)
nginx     196765  nginx    9u     IPv4             602783      0t0       TCP *:http (LISTEN)
nginx     196765  nginx   10u     IPv6             602784      0t0       TCP *:https (LISTEN)
nginx     196765  nginx   11u     IPv6             602785      0t0       TCP *:http (LISTEN)
awx-manag 197339    awx   38u     IPv4             606638      0t0       TCP aap24-control:45280->aap24-database:postgres (ESTABLISHED)
awx-manag 197340    awx   29u     IPv4             626226      0t0       TCP aap24-control:47354->aap24-database:postgres (ESTABLISHED)
daphne    197342    awx   13u     IPv4             605767      0t0       TCP aap24-control:45240->aap24-database:postgres (ESTABLISHED)
awx-manag 197343    awx   17u     IPv4             607603      0t0       TCP aap24-control:45338->aap24-database:postgres (ESTABLISHED)
awx-manag 197345   root    8u     IPv4             605873      0t0       TCP aap24-control:45304->aap24-database:postgres (ESTABLISHED)
awx-manag 197345   root   14u     IPv4             605878      0t0       TCP aap24-control:45316->aap24-database:postgres (ESTABLISHED)
awx-manag 197346    awx    8u     IPv4             606592      0t0       TCP aap24-control:45256->aap24-database:postgres (ESTABLISHED)
awx-manag 197346    awx   14u     IPv4             605097      0t0       TCP aap24-control:45262->aap24-database:postgres (ESTABLISHED)
awx-manag 252925    awx   38u     IPv4             606638      0t0       TCP aap24-control:45280->aap24-database:postgres (ESTABLISHED)
awx-manag 252925    awx   42u     IPv4             792321      0t0       TCP aap24-control:51552->aap24-database:postgres (ESTABLISHED)
awx-manag 252935    awx   38u     IPv4             606638      0t0       TCP aap24-control:45280->aap24-database:postgres (ESTABLISHED)
awx-manag 252937    awx   38u     IPv4             606638      0t0       TCP aap24-control:45280->aap24-database:postgres (ESTABLISHED)
awx-manag 252937    awx   54u     IPv4             793213      0t0       TCP aap24-control:36446->aap24-database:postgres (ESTABLISHED)
awx-manag 252939    awx   38u     IPv4             606638      0t0       TCP aap24-control:45280->aap24-database:postgres (ESTABLISHED)
awx-manag 252939    awx   61u     IPv4             792367      0t0       TCP aap24-control:37660->aap24-database:postgres (ESTABLISHED)
awx-manag 252944    awx   38u     IPv4             606638      0t0       TCP aap24-control:45280->aap24-database:postgres (ESTABLISHED)
awx-manag 252944    awx   45u     IPv4             793615      0t0       TCP aap24-control:51574->aap24-database:postgres (ESTABLISHED)
awx-manag 252946    awx   36u     IPv4             793210      0t0       TCP aap24-control:36442->aap24-database:postgres (ESTABLISHED)
awx-manag 252946    awx   38u     IPv4             606638      0t0       TCP aap24-control:45280->aap24-database:postgres (ESTABLISHED)
awx-manag 252948    awx   38u     IPv4             606638      0t0       TCP aap24-control:45280->aap24-database:postgres (ESTABLISHED)
sshd      252955   root    4u     IPv4             794664      0t0       TCP aap24-control:ssh->192.168.1.49:51510 (ESTABLISHED)
sshd      252958   root    4u     IPv4             794664      0t0       TCP aap24-control:ssh->192.168.1.49:51510 (ESTABLISHED)

    PID    PPID CMD                           RSS    VSZ %CPU %MEM     ELAPSED
 253089       1 bash -c  log_file="/tmp/mem  3456   7260  0.0  0.0       00:00
Receptor Child Processes for PID 253089:
      PID    PPID CMD                           RSS    VSZ %CPU %MEM     ELAPSED
Receptor Threads for PID 253089:
    PID    SPID %CPU %MEM   RSS COMMAND
 253089  253089  0.0  0.0  3456 bash
Receptor Network Connections for PID 253089:
COMMAND      PID   USER   FD   TYPE DEVICE SIZE/OFF      NODE NAME
chronyd      789 chrony    5u  IPv4  13239      0t0       UDP localhost:323 
chronyd      789 chrony    6u  IPv6  13240      0t0       UDP localhost:323 
NetworkMa    792   root   26u  IPv4  22360      0t0       UDP aap24-control:bootpc->pi.hole:bootps 
sshd         859   root    3u  IPv4  22990      0t0       TCP *:ssh (LISTEN)
sshd         859   root    4u  IPv6  22992      0t0       TCP *:ssh (LISTEN)
receptor  192070    awx    8u  IPv6 587141      0t0       TCP *:27199 (LISTEN)
receptor  192070    awx    9u  IPv6 586439      0t0       TCP aap24-control:27199->aap24-execution:40392 (ESTABLISHED)
nginx     196761   root    8u  IPv4 602782      0t0       TCP *:https (LISTEN)
nginx     196761   root    9u  IPv4 602783      0t0       TCP *:http (LISTEN)
nginx     196761   root   10u  IPv6 602784      0t0       TCP *:https (LISTEN)
nginx     196761   root   11u  IPv6 602785      0t0       TCP *:http (LISTEN)
nginx     196762  nginx    8u  IPv4 602782      0t0       TCP *:https (LISTEN)
nginx     196762  nginx    9u  IPv4 602783      0t0       TCP *:http (LISTEN)
nginx     196762  nginx   10u  IPv6 602784      0t0       TCP *:https (LISTEN)
nginx     196762  nginx   11u  IPv6 602785      0t0       TCP *:http (LISTEN)
nginx     196763  nginx    8u  IPv4 602782      0t0       TCP *:https (LISTEN)
nginx     196763  nginx    9u  IPv4 602783      0t0       TCP *:http (LISTEN)
nginx     196763  nginx   10u  IPv6 602784      0t0       TCP *:https (LISTEN)
nginx     196763  nginx   11u  IPv6 602785      0t0       TCP *:http (LISTEN)
nginx     196763  nginx   19u  IPv4 790424      0t0       TCP aap24-control:https->192.168.1.49:49410 (ESTABLISHED)
nginx     196763  nginx   24u  IPv4 792276      0t0       TCP aap24-control:https->192.168.1.49:49422 (ESTABLISHED)
nginx     196764  nginx    8u  IPv4 602782      0t0       TCP *:https (LISTEN)
nginx     196764  nginx    9u  IPv4 602783      0t0       TCP *:http (LISTEN)
nginx     196764  nginx   10u  IPv6 602784      0t0       TCP *:https (LISTEN)
nginx     196764  nginx   11u  IPv6 602785      0t0       TCP *:http (LISTEN)
nginx     196765  nginx    8u  IPv4 602782      0t0       TCP *:https (LISTEN)
nginx     196765  nginx    9u  IPv4 602783      0t0       TCP *:http (LISTEN)
nginx     196765  nginx   10u  IPv6 602784      0t0       TCP *:https (LISTEN)
nginx     196765  nginx   11u  IPv6 602785      0t0       TCP *:http (LISTEN)
awx-manag 197339    awx   38u  IPv4 606638      0t0       TCP aap24-control:45280->aap24-database:postgres (ESTABLISHED)
awx-manag 197340    awx   29u  IPv4 626226      0t0       TCP aap24-control:47354->aap24-database:postgres (ESTABLISHED)
daphne    197342    awx   13u  IPv4 605767      0t0       TCP aap24-control:45240->aap24-database:postgres (ESTABLISHED)
awx-manag 197343    awx   17u  IPv4 607603      0t0       TCP aap24-control:45338->aap24-database:postgres (ESTABLISHED)
awx-manag 197345   root    8u  IPv4 605873      0t0       TCP aap24-control:45304->aap24-database:postgres (ESTABLISHED)
awx-manag 197345   root   14u  IPv4 605878      0t0       TCP aap24-control:45316->aap24-database:postgres (ESTABLISHED)
awx-manag 197346    awx    8u  IPv4 606592      0t0       TCP aap24-control:45256->aap24-database:postgres (ESTABLISHED)
awx-manag 197346    awx   14u  IPv4 605097      0t0       TCP aap24-control:45262->aap24-database:postgres (ESTABLISHED)
awx-manag 252925    awx   38u  IPv4 606638      0t0       TCP aap24-control:45280->aap24-database:postgres (ESTABLISHED)
awx-manag 252925    awx   42u  IPv4 792321      0t0       TCP aap24-control:51552->aap24-database:postgres (ESTABLISHED)
awx-manag 252935    awx   38u  IPv4 606638      0t0       TCP aap24-control:45280->aap24-database:postgres (ESTABLISHED)
awx-manag 252937    awx   38u  IPv4 606638      0t0       TCP aap24-control:45280->aap24-database:postgres (ESTABLISHED)
awx-manag 252937    awx   54u  IPv4 793213      0t0       TCP aap24-control:36446->aap24-database:postgres (ESTABLISHED)
awx-manag 252939    awx   38u  IPv4 606638      0t0       TCP aap24-control:45280->aap24-database:postgres (ESTABLISHED)
awx-manag 252939    awx   61u  IPv4 792367      0t0       TCP aap24-control:37660->aap24-database:postgres (ESTABLISHED)
awx-manag 252944    awx   38u  IPv4 606638      0t0       TCP aap24-control:45280->aap24-database:postgres (ESTABLISHED)
awx-manag 252944    awx   45u  IPv4 793615      0t0       TCP aap24-control:51574->aap24-database:postgres (ESTABLISHED)
awx-manag 252946    awx   36u  IPv4 793210      0t0       TCP aap24-control:36442->aap24-database:postgres (ESTABLISHED)
awx-manag 252946    awx   38u  IPv4 606638      0t0       TCP aap24-control:45280->aap24-database:postgres (ESTABLISHED)
awx-manag 252948    awx   38u  IPv4 606638      0t0       TCP aap24-control:45280->aap24-database:postgres (ESTABLISHED)
sshd      252955   root    4u  IPv4 794664      0t0       TCP aap24-control:ssh->192.168.1.49:51510 (ESTABLISHED)
sshd      252958   root    4u  IPv4 794664      0t0       TCP aap24-control:ssh->192.168.1.49:51510 (ESTABLISHED)
bash      253089   root  cwd    DIR  253,0      142 100663430 /root
bash      253089   root  rtd    DIR  253,0      235       128 /
bash      253089   root  txt    REG  253,0  1389072 100699101 /usr/bin/bash
bash      253089   root  mem    REG  253,0  2586930 100699387 /usr/lib/locale/en_US.utf8/LC_COLLATE
bash      253089   root  mem    REG  253,0  2544344      3530 /usr/lib64/libc.so.6
bash      253089   root  mem    REG  253,0   346132  67253521 /usr/lib/locale/C.utf8/LC_CTYPE
bash      253089   root  mem    REG  253,0       54 100699390 /usr/lib/locale/en_US.utf8/LC_NUMERIC
bash      253089   root  mem    REG  253,0     3284      3433 /usr/lib/locale/en_US.utf8/LC_TIME
bash      253089   root  mem    REG  253,0      286      3431 /usr/lib/locale/en_US.utf8/LC_MONETARY
bash      253089   root  mem    REG  253,0       57      3445 /usr/lib/locale/en_US.utf8/LC_MESSAGES/SYS_LC_MESSAGES
bash      253089   root  mem    REG  253,0    26988  33558225 /usr/lib64/gconv/gconv-modules.cache
bash      253089   root  mem    REG  253,0   195080      3141 /usr/lib64/libtinfo.so.6.2
bash      253089   root  mem    REG  253,0       34  67253758 /usr/lib/locale/en_US.utf8/LC_PAPER
bash      253089   root  mem    REG  253,0       77 100699389 /usr/lib/locale/en_US.utf8/LC_NAME
bash      253089   root  mem    REG  253,0      167      3427 /usr/lib/locale/en_US.utf8/LC_ADDRESS
bash      253089   root  mem    REG  253,0       59      3432 /usr/lib/locale/en_US.utf8/LC_TELEPHONE
bash      253089   root  mem    REG  253,0       23      3430 /usr/lib/locale/en_US.utf8/LC_MEASUREMENT
bash      253089   root  mem    REG  253,0      369      3429 /usr/lib/locale/en_US.utf8/LC_IDENTIFICATION
bash      253089   root  mem    REG  253,0   897856      3526 /usr/lib64/ld-linux-x86-64.so.2
bash      253089   root    0r   CHR    1,3      0t0         4 /dev/null
bash      253089   root    1w   REG  253,0        0  67894671 /tmp/memory_monitor.log
bash      253089   root    2w   REG  253,0        0  67894671 /tmp/memory_monitor.log
bash      253089   root    3r  FIFO   0,13      0t0    793381 pipe

    PID    PPID CMD                           RSS    VSZ %CPU %MEM     ELAPSED
Receptor Child Processes for PID 253097:
  No child processes found
Receptor Threads for PID 253097:
    PID    SPID %CPU %MEM   RSS COMMAND
Receptor Network Connections for PID 253097:
COMMAND      PID   USER   FD   TYPE DEVICE SIZE/OFF NODE NAME
chronyd      789 chrony    5u  IPv4  13239      0t0  UDP localhost:323 
chronyd      789 chrony    6u  IPv6  13240      0t0  UDP localhost:323 
NetworkMa    792   root   26u  IPv4  22360      0t0  UDP aap24-control:bootpc->pi.hole:bootps 
sshd         859   root    3u  IPv4  22990      0t0  TCP *:ssh (LISTEN)
sshd         859   root    4u  IPv6  22992      0t0  TCP *:ssh (LISTEN)
receptor  192070    awx    8u  IPv6 587141      0t0  TCP *:27199 (LISTEN)
receptor  192070    awx    9u  IPv6 586439      0t0  TCP aap24-control:27199->aap24-execution:40392 (ESTABLISHED)
nginx     196761   root    8u  IPv4 602782      0t0  TCP *:https (LISTEN)
nginx     196761   root    9u  IPv4 602783      0t0  TCP *:http (LISTEN)
nginx     196761   root   10u  IPv6 602784      0t0  TCP *:https (LISTEN)
nginx     196761   root   11u  IPv6 602785      0t0  TCP *:http (LISTEN)
nginx     196762  nginx    8u  IPv4 602782      0t0  TCP *:https (LISTEN)
nginx     196762  nginx    9u  IPv4 602783      0t0  TCP *:http (LISTEN)
nginx     196762  nginx   10u  IPv6 602784      0t0  TCP *:https (LISTEN)
nginx     196762  nginx   11u  IPv6 602785      0t0  TCP *:http (LISTEN)
nginx     196763  nginx    8u  IPv4 602782      0t0  TCP *:https (LISTEN)
nginx     196763  nginx    9u  IPv4 602783      0t0  TCP *:http (LISTEN)
nginx     196763  nginx   10u  IPv6 602784      0t0  TCP *:https (LISTEN)
nginx     196763  nginx   11u  IPv6 602785      0t0  TCP *:http (LISTEN)
nginx     196763  nginx   19u  IPv4 790424      0t0  TCP aap24-control:https->192.168.1.49:49410 (ESTABLISHED)
nginx     196763  nginx   24u  IPv4 792276      0t0  TCP aap24-control:https->192.168.1.49:49422 (ESTABLISHED)
nginx     196764  nginx    8u  IPv4 602782      0t0  TCP *:https (LISTEN)
nginx     196764  nginx    9u  IPv4 602783      0t0  TCP *:http (LISTEN)
nginx     196764  nginx   10u  IPv6 602784      0t0  TCP *:https (LISTEN)
nginx     196764  nginx   11u  IPv6 602785      0t0  TCP *:http (LISTEN)
nginx     196765  nginx    8u  IPv4 602782      0t0  TCP *:https (LISTEN)
nginx     196765  nginx    9u  IPv4 602783      0t0  TCP *:http (LISTEN)
nginx     196765  nginx   10u  IPv6 602784      0t0  TCP *:https (LISTEN)
nginx     196765  nginx   11u  IPv6 602785      0t0  TCP *:http (LISTEN)
awx-manag 197339    awx   38u  IPv4 606638      0t0  TCP aap24-control:45280->aap24-database:postgres (ESTABLISHED)
awx-manag 197340    awx   29u  IPv4 626226      0t0  TCP aap24-control:47354->aap24-database:postgres (ESTABLISHED)
daphne    197342    awx   13u  IPv4 605767      0t0  TCP aap24-control:45240->aap24-database:postgres (ESTABLISHED)
awx-manag 197343    awx   17u  IPv4 607603      0t0  TCP aap24-control:45338->aap24-database:postgres (ESTABLISHED)
awx-manag 197345   root    8u  IPv4 605873      0t0  TCP aap24-control:45304->aap24-database:postgres (ESTABLISHED)
awx-manag 197345   root   14u  IPv4 605878      0t0  TCP aap24-control:45316->aap24-database:postgres (ESTABLISHED)
awx-manag 197346    awx    8u  IPv4 606592      0t0  TCP aap24-control:45256->aap24-database:postgres (ESTABLISHED)
awx-manag 197346    awx   14u  IPv4 605097      0t0  TCP aap24-control:45262->aap24-database:postgres (ESTABLISHED)
awx-manag 252925    awx   38u  IPv4 606638      0t0  TCP aap24-control:45280->aap24-database:postgres (ESTABLISHED)
awx-manag 252925    awx   42u  IPv4 792321      0t0  TCP aap24-control:51552->aap24-database:postgres (ESTABLISHED)
awx-manag 252935    awx   38u  IPv4 606638      0t0  TCP aap24-control:45280->aap24-database:postgres (ESTABLISHED)
awx-manag 252937    awx   38u  IPv4 606638      0t0  TCP aap24-control:45280->aap24-database:postgres (ESTABLISHED)
awx-manag 252937    awx   54u  IPv4 793213      0t0  TCP aap24-control:36446->aap24-database:postgres (ESTABLISHED)
awx-manag 252939    awx   38u  IPv4 606638      0t0  TCP aap24-control:45280->aap24-database:postgres (ESTABLISHED)
awx-manag 252939    awx   61u  IPv4 792367      0t0  TCP aap24-control:37660->aap24-database:postgres (ESTABLISHED)
awx-manag 252944    awx   38u  IPv4 606638      0t0  TCP aap24-control:45280->aap24-database:postgres (ESTABLISHED)
awx-manag 252944    awx   45u  IPv4 793615      0t0  TCP aap24-control:51574->aap24-database:postgres (ESTABLISHED)
awx-manag 252946    awx   36u  IPv4 793210      0t0  TCP aap24-control:36442->aap24-database:postgres (ESTABLISHED)
awx-manag 252946    awx   38u  IPv4 606638      0t0  TCP aap24-control:45280->aap24-database:postgres (ESTABLISHED)
awx-manag 252948    awx   38u  IPv4 606638      0t0  TCP aap24-control:45280->aap24-database:postgres (ESTABLISHED)
sshd      252955   root    4u  IPv4 794664      0t0  TCP aap24-control:ssh->192.168.1.49:51510 (ESTABLISHED)
sshd      252958   root    4u  IPv4 794664      0t0  TCP aap24-control:ssh->192.168.1.49:51510 (ESTABLISHED)
  No network connections found

=== RECEPTOR MEMORY SUMMARY ===
Total Receptor RSS Memory: 50084 KB (48 MB)
Total Receptor VSZ Memory: 1355164 KB (1323 MB)
Number of Receptor Processes: 3

AAP-related Processes and Children:
=== AAP Service Processes ===
Process: redis-server (PID: 135959)
    PID    PPID CMD                           RSS
 135959       1 /usr/bin/redis-server unixs 13204

Process: receptor (PID: 192070)
    PID    PPID CMD                           RSS
 192070       1 /usr/bin/receptor -c /etc/r 46628

Process: nginx (PID: 196761)
    PID    PPID CMD                           RSS
 196761       1 nginx: master process /usr/  2124
  Children of PID 196761:
    PID    PPID CMD                           RSS
 196762  196761 nginx: worker process        4044
    PID    PPID CMD                           RSS
 196763  196761 nginx: worker process        8524
    PID    PPID CMD                           RSS
 196764  196761 nginx: worker process        8140
    PID    PPID CMD                           RSS
 196765  196761 nginx: worker process        8524

Process: nginx (PID: 196762)
    PID    PPID CMD                           RSS
 196762  196761 nginx: worker process        4044

Process: nginx (PID: 196763)
    PID    PPID CMD                           RSS
 196763  196761 nginx: worker process        8524

Process: nginx (PID: 196764)
    PID    PPID CMD                           RSS
 196764  196761 nginx: worker process        8140

Process: nginx (PID: 196765)
    PID    PPID CMD                           RSS
 196765  196761 nginx: worker process        8524

Process: uwsgi (PID: 197341)
    PID    PPID CMD                           RSS
 197341  197177 /var/lib/awx/venv/awx/bin/u 103452
  Children of PID 197341:
    PID    PPID CMD                           RSS
 253044  197341 /var/lib/awx/venv/awx/bin/u 87928
    PID    PPID CMD                           RSS
 253045  197341 /var/lib/awx/venv/awx/bin/u 87928
    PID    PPID CMD                           RSS
 253046  197341 /var/lib/awx/venv/awx/bin/u 87928
    PID    PPID CMD                           RSS
 253047  197341 /var/lib/awx/venv/awx/bin/u 87928

Process: uwsgi (PID: 253044)
    PID    PPID CMD                           RSS
 253044  197341 /var/lib/awx/venv/awx/bin/u 87928

Process: uwsgi (PID: 253045)
    PID    PPID CMD                           RSS
 253045  197341 /var/lib/awx/venv/awx/bin/u 87928

Process: uwsgi (PID: 253046)
    PID    PPID CMD                           RSS
 253046  197341 /var/lib/awx/venv/awx/bin/u 87928

Process: uwsgi (PID: 253047)
    PID    PPID CMD                           RSS
 253047  197341 /var/lib/awx/venv/awx/bin/u 87928

Process: bash (PID: 253089)
    PID    PPID CMD                           RSS
 253089       1 bash -c  log_file="/tmp/mem  3456
  Children of PID 253089:
    PID    PPID CMD                           RSS
 253177  253089 bash -c  log_file="/tmp/mem  2324

Process: bash (PID: 253177)
    PID    PPID CMD                           RSS
 253177  253089 bash -c  log_file="/tmp/mem  2324
  Children of PID 253177:
    PID    PPID CMD                           RSS


Process Tree for AAP Services:
=== automation-controller Process Tree ===
bash(253089)---pstree(253232)
=== receptor Process Tree ===
receptor(192070)-+-{receptor}(192072)
                 |-{receptor}(192073)
                 |-{receptor}(192074)
                 |-{receptor}(192075)
                 |-{receptor}(192076)
                 |-{receptor}(192077)
                 |-{receptor}(201640)
                 `-{receptor}(202660)
bash(253089)---pstree(253237)
=== nginx Process Tree ===
nginx(196761)-+-nginx(196762)
              |-nginx(196763)
              |-nginx(196764)
              `-nginx(196765)
nginx(196762)
nginx(196763)
nginx(196764)
nginx(196765)
bash(253089)---pstree(253246)
=== postgresql Process Tree ===
bash(253089)---pstree(253250)
=== redis Process Tree ===
redis-server(135959)-+-{redis-server}(135960)
                     |-{redis-server}(135961)
                     |-{redis-server}(135962)
                     `-{redis-server}(135963)
bash(253089)---pstree(253255)
=== uwsgi Process Tree ===
uwsgi(197341)-+-uwsgi(253044)
              |-uwsgi(253045)
              |-uwsgi(253046)
              `-uwsgi(253047)
uwsgi(253044)
uwsgi(253045)
uwsgi(253046)
uwsgi(253047)
bash(253089)---pstree(253264)
=== automation-hub Process Tree ===
bash(253089)---pstree(253268)
=== automation-eda Process Tree ===
bash(253089)---pstree(253272)

=================================================================================
2025-07-07 15:51:46
Memory Usage Report:
               total        used        free      shared  buff/cache   available
Mem:            7681        1832        1851          19        4315        5848
Swap:           8067           0        8067

Top 10 Processes by RSS Memory:
    PID    PPID CMD                           RSS
 197339  197177 /var/lib/awx/venv/awx/bin/p 133580
 197340  197177 /var/lib/awx/venv/awx/bin/p 131572
 197345  197177 /var/lib/awx/venv/awx/bin/p 130276
 252939  197339 /var/lib/awx/venv/awx/bin/p 127164
 252948  197339 /var/lib/awx/venv/awx/bin/p 126908
 197343  197177 /var/lib/awx/venv/awx/bin/p 125912
 197532  197340 /var/lib/awx/venv/awx/bin/p 125508
 197536  197340 /var/lib/awx/venv/awx/bin/p 125404
 197535  197340 /var/lib/awx/venv/awx/bin/p 125268
 197534  197340 /var/lib/awx/venv/awx/bin/p 125264

=== RECEPTOR PROCESS ANALYSIS ===
Receptor Main Processes:
    PID    PPID CMD                           RSS    VSZ %CPU %MEM     ELAPSED
 192070       1 /usr/bin/receptor -c /etc/r 46628 1347904 0.1  0.5    01:01:24
Receptor Child Processes for PID 192070:
  No child processes found
Receptor Threads for PID 192070:
    PID    SPID %CPU %MEM   RSS COMMAND
 192070  192070  0.0  0.5 46628 receptor
 192070  192072  0.0  0.5 46628 receptor
 192070  192073  0.0  0.5 46628 receptor
 192070  192074  0.0  0.5 46628 receptor
 192070  192075  0.0  0.5 46628 receptor
 192070  192076  0.0  0.5 46628 receptor
 192070  192077  0.0  0.5 46628 receptor
 192070  201640  0.0  0.5 46628 receptor
 192070  202660  0.0  0.5 46628 receptor
Receptor Network Connections for PID 192070:
COMMAND      PID   USER   FD      TYPE             DEVICE SIZE/OFF      NODE NAME
chronyd      789 chrony    5u     IPv4              13239      0t0       UDP localhost:323 
chronyd      789 chrony    6u     IPv6              13240      0t0       UDP localhost:323 
NetworkMa    792   root   26u     IPv4              22360      0t0       UDP aap24-control:bootpc->pi.hole:bootps 
sshd         859   root    3u     IPv4              22990      0t0       TCP *:ssh (LISTEN)
sshd         859   root    4u     IPv6              22992      0t0       TCP *:ssh (LISTEN)
receptor  192070    awx  cwd       DIR              253,0      235       128 /
receptor  192070    awx  rtd       DIR              253,0      235       128 /
receptor  192070    awx  txt       REG              253,0 54652712 100691309 /usr/bin/receptor
receptor  192070    awx  mem       REG              253,0  5436640     28515 /usr/lib64/libcrypto.so.3.2.2
receptor  192070    awx  mem       REG              253,0  2544344      3530 /usr/lib64/libc.so.6
receptor  192070    awx  mem       REG              253,0   102552      3550 /usr/lib64/libz.so.1.2.11
receptor  192070    awx  mem       REG              253,0   897856      3526 /usr/lib64/ld-linux-x86-64.so.2
receptor  192070    awx    0r      CHR                1,3      0t0         4 /dev/null
receptor  192070    awx    1w      REG              253,0     7627  34641330 /var/log/receptor/receptor.log
receptor  192070    awx    2w      REG              253,0     7627  34641330 /var/log/receptor/receptor.log
receptor  192070    awx    3rW     REG               0,23        0      2816 /run/awx-receptor/receptor.sock.lock
receptor  192070    awx    4u  a_inode               0,14        0        62 [eventpoll:5,7,8,9]
receptor  192070    awx    5r     FIFO               0,13      0t0    584296 pipe
receptor  192070    awx    6w     FIFO               0,13      0t0    584296 pipe
receptor  192070    awx    7u     unix 0xffff9bf94dcae400      0t0    585091 /var/run/awx-receptor/receptor.sock type=STREAM (LISTEN)
receptor  192070    awx    8u     IPv6             587141      0t0       TCP *:27199 (LISTEN)
receptor  192070    awx    9u     IPv6             586439      0t0       TCP aap24-control:27199->aap24-execution:40392 (ESTABLISHED)
nginx     196761   root    8u     IPv4             602782      0t0       TCP *:https (LISTEN)
nginx     196761   root    9u     IPv4             602783      0t0       TCP *:http (LISTEN)
nginx     196761   root   10u     IPv6             602784      0t0       TCP *:https (LISTEN)
nginx     196761   root   11u     IPv6             602785      0t0       TCP *:http (LISTEN)
nginx     196762  nginx    8u     IPv4             602782      0t0       TCP *:https (LISTEN)
nginx     196762  nginx    9u     IPv4             602783      0t0       TCP *:http (LISTEN)
nginx     196762  nginx   10u     IPv6             602784      0t0       TCP *:https (LISTEN)
nginx     196762  nginx   11u     IPv6             602785      0t0       TCP *:http (LISTEN)
nginx     196763  nginx    8u     IPv4             602782      0t0       TCP *:https (LISTEN)
nginx     196763  nginx    9u     IPv4             602783      0t0       TCP *:http (LISTEN)
nginx     196763  nginx   10u     IPv6             602784      0t0       TCP *:https (LISTEN)
nginx     196763  nginx   11u     IPv6             602785      0t0       TCP *:http (LISTEN)
nginx     196763  nginx   19u     IPv4             790424      0t0       TCP aap24-control:https->192.168.1.49:49410 (ESTABLISHED)
nginx     196763  nginx   24u     IPv4             792276      0t0       TCP aap24-control:https->192.168.1.49:49422 (ESTABLISHED)
nginx     196764  nginx    8u     IPv4             602782      0t0       TCP *:https (LISTEN)
nginx     196764  nginx    9u     IPv4             602783      0t0       TCP *:http (LISTEN)
nginx     196764  nginx   10u     IPv6             602784      0t0       TCP *:https (LISTEN)
nginx     196764  nginx   11u     IPv6             602785      0t0       TCP *:http (LISTEN)
nginx     196765  nginx    8u     IPv4             602782      0t0       TCP *:https (LISTEN)
nginx     196765  nginx    9u     IPv4             602783      0t0       TCP *:http (LISTEN)
nginx     196765  nginx   10u     IPv6             602784      0t0       TCP *:https (LISTEN)
nginx     196765  nginx   11u     IPv6             602785      0t0       TCP *:http (LISTEN)
awx-manag 197339    awx   38u     IPv4             606638      0t0       TCP aap24-control:45280->aap24-database:postgres (ESTABLISHED)
awx-manag 197340    awx   29u     IPv4             626226      0t0       TCP aap24-control:47354->aap24-database:postgres (ESTABLISHED)
daphne    197342    awx   13u     IPv4             605767      0t0       TCP aap24-control:45240->aap24-database:postgres (ESTABLISHED)
awx-manag 197343    awx   17u     IPv4             607603      0t0       TCP aap24-control:45338->aap24-database:postgres (ESTABLISHED)
awx-manag 197345   root    8u     IPv4             605873      0t0       TCP aap24-control:45304->aap24-database:postgres (ESTABLISHED)
awx-manag 197345   root   14u     IPv4             605878      0t0       TCP aap24-control:45316->aap24-database:postgres (ESTABLISHED)
awx-manag 197346    awx    8u     IPv4             606592      0t0       TCP aap24-control:45256->aap24-database:postgres (ESTABLISHED)
awx-manag 197346    awx   14u     IPv4             605097      0t0       TCP aap24-control:45262->aap24-database:postgres (ESTABLISHED)
awx-manag 197541    awx   16u     IPv4             797786      0t0       TCP aap24-control:55900->aap24-database:postgres (ESTABLISHED)
awx-manag 252939    awx   38u     IPv4             606638      0t0       TCP aap24-control:45280->aap24-database:postgres (ESTABLISHED)
awx-manag 252939    awx   61u     IPv4             797756      0t0       TCP aap24-control:37856->aap24-database:postgres (ESTABLISHED)
awx-manag 252944    awx   38u     IPv4             606638      0t0       TCP aap24-control:45280->aap24-database:postgres (ESTABLISHED)
awx-manag 252944    awx   45u     IPv4             796843      0t0       TCP aap24-control:55918->aap24-database:postgres (ESTABLISHED)
awx-manag 252946    awx   36u     IPv4             797789      0t0       TCP aap24-control:55906->aap24-database:postgres (ESTABLISHED)
awx-manag 252946    awx   38u     IPv4             606638      0t0       TCP aap24-control:45280->aap24-database:postgres (ESTABLISHED)
awx-manag 252948    awx   38u     IPv4             606638      0t0       TCP aap24-control:45280->aap24-database:postgres (ESTABLISHED)
sshd      252955   root    4u     IPv4             794664      0t0       TCP aap24-control:ssh->192.168.1.49:51510 (ESTABLISHED)
sshd      252958   root    4u     IPv4             794664      0t0       TCP aap24-control:ssh->192.168.1.49:51510 (ESTABLISHED)
awx-manag 253275    awx   38u     IPv4             606638      0t0       TCP aap24-control:45280->aap24-database:postgres (ESTABLISHED)
awx-manag 253275    awx   44u     IPv4             794020      0t0       TCP aap24-control:37886->aap24-database:postgres (ESTABLISHED)
awx-manag 253277    awx   38u     IPv4             606638      0t0       TCP aap24-control:45280->aap24-database:postgres (ESTABLISHED)
awx-manag 253277    awx   50u     IPv4             797758      0t0       TCP aap24-control:37872->aap24-database:postgres (ESTABLISHED)
awx-manag 253279    awx   38u     IPv4             606638      0t0       TCP aap24-control:45280->aap24-database:postgres (ESTABLISHED)
awx-manag 253279    awx   54u     IPv4             797763      0t0       TCP aap24-control:37898->aap24-database:postgres (ESTABLISHED)
awx-manag 253281    awx   38u     IPv4             606638      0t0       TCP aap24-control:45280->aap24-database:postgres (ESTABLISHED)

    PID    PPID CMD                           RSS    VSZ %CPU %MEM     ELAPSED
 253089       1 bash -c  log_file="/tmp/mem  3456   7260  0.0  0.0       00:31
Receptor Child Processes for PID 253089:
      PID    PPID CMD                           RSS    VSZ %CPU %MEM     ELAPSED
Receptor Threads for PID 253089:
    PID    SPID %CPU %MEM   RSS COMMAND
 253089  253089  0.0  0.0  3456 bash
Receptor Network Connections for PID 253089:
COMMAND      PID   USER   FD   TYPE DEVICE SIZE/OFF      NODE NAME
chronyd      789 chrony    5u  IPv4  13239      0t0       UDP localhost:323 
chronyd      789 chrony    6u  IPv6  13240      0t0       UDP localhost:323 
NetworkMa    792   root   26u  IPv4  22360      0t0       UDP aap24-control:bootpc->pi.hole:bootps 
sshd         859   root    3u  IPv4  22990      0t0       TCP *:ssh (LISTEN)
sshd         859   root    4u  IPv6  22992      0t0       TCP *:ssh (LISTEN)
receptor  192070    awx    8u  IPv6 587141      0t0       TCP *:27199 (LISTEN)
receptor  192070    awx    9u  IPv6 586439      0t0       TCP aap24-control:27199->aap24-execution:40392 (ESTABLISHED)
nginx     196761   root    8u  IPv4 602782      0t0       TCP *:https (LISTEN)
nginx     196761   root    9u  IPv4 602783      0t0       TCP *:http (LISTEN)
nginx     196761   root   10u  IPv6 602784      0t0       TCP *:https (LISTEN)
nginx     196761   root   11u  IPv6 602785      0t0       TCP *:http (LISTEN)
nginx     196762  nginx    8u  IPv4 602782      0t0       TCP *:https (LISTEN)
nginx     196762  nginx    9u  IPv4 602783      0t0       TCP *:http (LISTEN)
nginx     196762  nginx   10u  IPv6 602784      0t0       TCP *:https (LISTEN)
nginx     196762  nginx   11u  IPv6 602785      0t0       TCP *:http (LISTEN)
nginx     196763  nginx    8u  IPv4 602782      0t0       TCP *:https (LISTEN)
nginx     196763  nginx    9u  IPv4 602783      0t0       TCP *:http (LISTEN)
nginx     196763  nginx   10u  IPv6 602784      0t0       TCP *:https (LISTEN)
nginx     196763  nginx   11u  IPv6 602785      0t0       TCP *:http (LISTEN)
nginx     196763  nginx   19u  IPv4 790424      0t0       TCP aap24-control:https->192.168.1.49:49410 (ESTABLISHED)
nginx     196763  nginx   24u  IPv4 792276      0t0       TCP aap24-control:https->192.168.1.49:49422 (ESTABLISHED)
nginx     196764  nginx    8u  IPv4 602782      0t0       TCP *:https (LISTEN)
nginx     196764  nginx    9u  IPv4 602783      0t0       TCP *:http (LISTEN)
nginx     196764  nginx   10u  IPv6 602784      0t0       TCP *:https (LISTEN)
nginx     196764  nginx   11u  IPv6 602785      0t0       TCP *:http (LISTEN)
nginx     196765  nginx    8u  IPv4 602782      0t0       TCP *:https (LISTEN)
nginx     196765  nginx    9u  IPv4 602783      0t0       TCP *:http (LISTEN)
nginx     196765  nginx   10u  IPv6 602784      0t0       TCP *:https (LISTEN)
nginx     196765  nginx   11u  IPv6 602785      0t0       TCP *:http (LISTEN)
awx-manag 197339    awx   38u  IPv4 606638      0t0       TCP aap24-control:45280->aap24-database:postgres (ESTABLISHED)
awx-manag 197340    awx   29u  IPv4 626226      0t0       TCP aap24-control:47354->aap24-database:postgres (ESTABLISHED)
daphne    197342    awx   13u  IPv4 605767      0t0       TCP aap24-control:45240->aap24-database:postgres (ESTABLISHED)
awx-manag 197343    awx   17u  IPv4 607603      0t0       TCP aap24-control:45338->aap24-database:postgres (ESTABLISHED)
awx-manag 197345   root    8u  IPv4 605873      0t0       TCP aap24-control:45304->aap24-database:postgres (ESTABLISHED)
awx-manag 197345   root   14u  IPv4 605878      0t0       TCP aap24-control:45316->aap24-database:postgres (ESTABLISHED)
awx-manag 197346    awx    8u  IPv4 606592      0t0       TCP aap24-control:45256->aap24-database:postgres (ESTABLISHED)
awx-manag 197346    awx   14u  IPv4 605097      0t0       TCP aap24-control:45262->aap24-database:postgres (ESTABLISHED)
awx-manag 197541    awx   16u  IPv4 797786      0t0       TCP aap24-control:55900->aap24-database:postgres (ESTABLISHED)
awx-manag 252939    awx   38u  IPv4 606638      0t0       TCP aap24-control:45280->aap24-database:postgres (ESTABLISHED)
awx-manag 252939    awx   61u  IPv4 797756      0t0       TCP aap24-control:37856->aap24-database:postgres (ESTABLISHED)
awx-manag 252944    awx   38u  IPv4 606638      0t0       TCP aap24-control:45280->aap24-database:postgres (ESTABLISHED)
awx-manag 252944    awx   45u  IPv4 796843      0t0       TCP aap24-control:55918->aap24-database:postgres (ESTABLISHED)
awx-manag 252946    awx   36u  IPv4 797789      0t0       TCP aap24-control:55906->aap24-database:postgres (ESTABLISHED)
awx-manag 252946    awx   38u  IPv4 606638      0t0       TCP aap24-control:45280->aap24-database:postgres (ESTABLISHED)
awx-manag 252948    awx   38u  IPv4 606638      0t0       TCP aap24-control:45280->aap24-database:postgres (ESTABLISHED)
sshd      252955   root    4u  IPv4 794664      0t0       TCP aap24-control:ssh->192.168.1.49:51510 (ESTABLISHED)
sshd      252958   root    4u  IPv4 794664      0t0       TCP aap24-control:ssh->192.168.1.49:51510 (ESTABLISHED)
bash      253089   root  cwd    DIR  253,0      142 100663430 /root
bash      253089   root  rtd    DIR  253,0      235       128 /
bash      253089   root  txt    REG  253,0  1389072 100699101 /usr/bin/bash
bash      253089   root  mem    REG  253,0  2586930 100699387 /usr/lib/locale/en_US.utf8/LC_COLLATE
bash      253089   root  mem    REG  253,0  2544344      3530 /usr/lib64/libc.so.6
bash      253089   root  mem    REG  253,0   346132  67253521 /usr/lib/locale/C.utf8/LC_CTYPE
bash      253089   root  mem    REG  253,0       54 100699390 /usr/lib/locale/en_US.utf8/LC_NUMERIC
bash      253089   root  mem    REG  253,0     3284      3433 /usr/lib/locale/en_US.utf8/LC_TIME
bash      253089   root  mem    REG  253,0      286      3431 /usr/lib/locale/en_US.utf8/LC_MONETARY
bash      253089   root  mem    REG  253,0       57      3445 /usr/lib/locale/en_US.utf8/LC_MESSAGES/SYS_LC_MESSAGES
bash      253089   root  mem    REG  253,0    26988  33558225 /usr/lib64/gconv/gconv-modules.cache
bash      253089   root  mem    REG  253,0   195080      3141 /usr/lib64/libtinfo.so.6.2
bash      253089   root  mem    REG  253,0       34  67253758 /usr/lib/locale/en_US.utf8/LC_PAPER
bash      253089   root  mem    REG  253,0       77 100699389 /usr/lib/locale/en_US.utf8/LC_NAME
bash      253089   root  mem    REG  253,0      167      3427 /usr/lib/locale/en_US.utf8/LC_ADDRESS
bash      253089   root  mem    REG  253,0       59      3432 /usr/lib/locale/en_US.utf8/LC_TELEPHONE
bash      253089   root  mem    REG  253,0       23      3430 /usr/lib/locale/en_US.utf8/LC_MEASUREMENT
bash      253089   root  mem    REG  253,0      369      3429 /usr/lib/locale/en_US.utf8/LC_IDENTIFICATION
bash      253089   root  mem    REG  253,0   897856      3526 /usr/lib64/ld-linux-x86-64.so.2
bash      253089   root    0r   CHR    1,3      0t0         4 /dev/null
bash      253089   root    1w   REG  253,0        0  67894671 /tmp/memory_monitor.log
bash      253089   root    2w   REG  253,0        0  67894671 /tmp/memory_monitor.log
bash      253089   root    3r  FIFO   0,13      0t0    796866 pipe
awx-manag 253275    awx   38u  IPv4 606638      0t0       TCP aap24-control:45280->aap24-database:postgres (ESTABLISHED)
awx-manag 253275    awx   44u  IPv4 794020      0t0       TCP aap24-control:37886->aap24-database:postgres (ESTABLISHED)
awx-manag 253277    awx   38u  IPv4 606638      0t0       TCP aap24-control:45280->aap24-database:postgres (ESTABLISHED)
awx-manag 253277    awx   50u  IPv4 797758      0t0       TCP aap24-control:37872->aap24-database:postgres (ESTABLISHED)
awx-manag 253279    awx   38u  IPv4 606638      0t0       TCP aap24-control:45280->aap24-database:postgres (ESTABLISHED)
awx-manag 253279    awx   54u  IPv4 797763      0t0       TCP aap24-control:37898->aap24-database:postgres (ESTABLISHED)
awx-manag 253281    awx   38u  IPv4 606638      0t0       TCP aap24-control:45280->aap24-database:postgres (ESTABLISHED)

    PID    PPID CMD                           RSS    VSZ %CPU %MEM     ELAPSED
Receptor Child Processes for PID 253293:
  No child processes found
Receptor Threads for PID 253293:
    PID    SPID %CPU %MEM   RSS COMMAND
Receptor Network Connections for PID 253293:
COMMAND      PID   USER   FD   TYPE DEVICE SIZE/OFF NODE NAME
chronyd      789 chrony    5u  IPv4  13239      0t0  UDP localhost:323 
chronyd      789 chrony    6u  IPv6  13240      0t0  UDP localhost:323 
NetworkMa    792   root   26u  IPv4  22360      0t0  UDP aap24-control:bootpc->pi.hole:bootps 
sshd         859   root    3u  IPv4  22990      0t0  TCP *:ssh (LISTEN)
sshd         859   root    4u  IPv6  22992      0t0  TCP *:ssh (LISTEN)
receptor  192070    awx    8u  IPv6 587141      0t0  TCP *:27199 (LISTEN)
receptor  192070    awx    9u  IPv6 586439      0t0  TCP aap24-control:27199->aap24-execution:40392 (ESTABLISHED)
nginx     196761   root    8u  IPv4 602782      0t0  TCP *:https (LISTEN)
nginx     196761   root    9u  IPv4 602783      0t0  TCP *:http (LISTEN)
nginx     196761   root   10u  IPv6 602784      0t0  TCP *:https (LISTEN)
nginx     196761   root   11u  IPv6 602785      0t0  TCP *:http (LISTEN)
nginx     196762  nginx    8u  IPv4 602782      0t0  TCP *:https (LISTEN)
nginx     196762  nginx    9u  IPv4 602783      0t0  TCP *:http (LISTEN)
nginx     196762  nginx   10u  IPv6 602784      0t0  TCP *:https (LISTEN)
nginx     196762  nginx   11u  IPv6 602785      0t0  TCP *:http (LISTEN)
nginx     196763  nginx    8u  IPv4 602782      0t0  TCP *:https (LISTEN)
nginx     196763  nginx    9u  IPv4 602783      0t0  TCP *:http (LISTEN)
nginx     196763  nginx   10u  IPv6 602784      0t0  TCP *:https (LISTEN)
nginx     196763  nginx   11u  IPv6 602785      0t0  TCP *:http (LISTEN)
nginx     196763  nginx   19u  IPv4 790424      0t0  TCP aap24-control:https->192.168.1.49:49410 (ESTABLISHED)
nginx     196763  nginx   24u  IPv4 792276      0t0  TCP aap24-control:https->192.168.1.49:49422 (ESTABLISHED)
nginx     196764  nginx    8u  IPv4 602782      0t0  TCP *:https (LISTEN)
nginx     196764  nginx    9u  IPv4 602783      0t0  TCP *:http (LISTEN)
nginx     196764  nginx   10u  IPv6 602784      0t0  TCP *:https (LISTEN)
nginx     196764  nginx   11u  IPv6 602785      0t0  TCP *:http (LISTEN)
nginx     196765  nginx    8u  IPv4 602782      0t0  TCP *:https (LISTEN)
nginx     196765  nginx    9u  IPv4 602783      0t0  TCP *:http (LISTEN)
nginx     196765  nginx   10u  IPv6 602784      0t0  TCP *:https (LISTEN)
nginx     196765  nginx   11u  IPv6 602785      0t0  TCP *:http (LISTEN)
awx-manag 197339    awx   38u  IPv4 606638      0t0  TCP aap24-control:45280->aap24-database:postgres (ESTABLISHED)
awx-manag 197340    awx   29u  IPv4 626226      0t0  TCP aap24-control:47354->aap24-database:postgres (ESTABLISHED)
daphne    197342    awx   13u  IPv4 605767      0t0  TCP aap24-control:45240->aap24-database:postgres (ESTABLISHED)
awx-manag 197343    awx   17u  IPv4 607603      0t0  TCP aap24-control:45338->aap24-database:postgres (ESTABLISHED)
awx-manag 197345   root    8u  IPv4 605873      0t0  TCP aap24-control:45304->aap24-database:postgres (ESTABLISHED)
awx-manag 197345   root   14u  IPv4 605878      0t0  TCP aap24-control:45316->aap24-database:postgres (ESTABLISHED)
awx-manag 197346    awx    8u  IPv4 606592      0t0  TCP aap24-control:45256->aap24-database:postgres (ESTABLISHED)
awx-manag 197346    awx   14u  IPv4 605097      0t0  TCP aap24-control:45262->aap24-database:postgres (ESTABLISHED)
awx-manag 197541    awx   16u  IPv4 797786      0t0  TCP aap24-control:55900->aap24-database:postgres (ESTABLISHED)
awx-manag 252939    awx   38u  IPv4 606638      0t0  TCP aap24-control:45280->aap24-database:postgres (ESTABLISHED)
awx-manag 252939    awx   61u  IPv4 797756      0t0  TCP aap24-control:37856->aap24-database:postgres (ESTABLISHED)
awx-manag 252944    awx   38u  IPv4 606638      0t0  TCP aap24-control:45280->aap24-database:postgres (ESTABLISHED)
awx-manag 252944    awx   45u  IPv4 796843      0t0  TCP aap24-control:55918->aap24-database:postgres (ESTABLISHED)
awx-manag 252946    awx   36u  IPv4 797789      0t0  TCP aap24-control:55906->aap24-database:postgres (ESTABLISHED)
awx-manag 252946    awx   38u  IPv4 606638      0t0  TCP aap24-control:45280->aap24-database:postgres (ESTABLISHED)
awx-manag 252948    awx   38u  IPv4 606638      0t0  TCP aap24-control:45280->aap24-database:postgres (ESTABLISHED)
sshd      252955   root    4u  IPv4 794664      0t0  TCP aap24-control:ssh->192.168.1.49:51510 (ESTABLISHED)
sshd      252958   root    4u  IPv4 794664      0t0  TCP aap24-control:ssh->192.168.1.49:51510 (ESTABLISHED)
awx-manag 253275    awx   38u  IPv4 606638      0t0  TCP aap24-control:45280->aap24-database:postgres (ESTABLISHED)
awx-manag 253275    awx   44u  IPv4 794020      0t0  TCP aap24-control:37886->aap24-database:postgres (ESTABLISHED)
awx-manag 253277    awx   38u  IPv4 606638      0t0  TCP aap24-control:45280->aap24-database:postgres (ESTABLISHED)
awx-manag 253277    awx   50u  IPv4 797758      0t0  TCP aap24-control:37872->aap24-database:postgres (ESTABLISHED)
awx-manag 253279    awx   38u  IPv4 606638      0t0  TCP aap24-control:45280->aap24-database:postgres (ESTABLISHED)
awx-manag 253279    awx   54u  IPv4 797763      0t0  TCP aap24-control:37898->aap24-database:postgres (ESTABLISHED)
awx-manag 253281    awx   38u  IPv4 606638      0t0  TCP aap24-control:45280->aap24-database:postgres (ESTABLISHED)
  No network connections found

=== RECEPTOR MEMORY SUMMARY ===
Total Receptor RSS Memory: 50084 KB (48 MB)
Total Receptor VSZ Memory: 1355164 KB (1323 MB)
Number of Receptor Processes: 3

AAP-related Processes and Children:
=== AAP Service Processes ===
Process: redis-server (PID: 135959)
    PID    PPID CMD                           RSS
 135959       1 /usr/bin/redis-server unixs 13060

Process: receptor (PID: 192070)
    PID    PPID CMD                           RSS
 192070       1 /usr/bin/receptor -c /etc/r 46628

Process: nginx (PID: 196761)
    PID    PPID CMD                           RSS
 196761       1 nginx: master process /usr/  2124
  Children of PID 196761:
    PID    PPID CMD                           RSS
 196762  196761 nginx: worker process        4044
    PID    PPID CMD                           RSS
 196763  196761 nginx: worker process        8524
    PID    PPID CMD                           RSS
 196764  196761 nginx: worker process        8140
    PID    PPID CMD                           RSS
 196765  196761 nginx: worker process        8524

Process: nginx (PID: 196762)
    PID    PPID CMD                           RSS
 196762  196761 nginx: worker process        4044

Process: nginx (PID: 196763)
    PID    PPID CMD                           RSS
 196763  196761 nginx: worker process        8524

Process: nginx (PID: 196764)
    PID    PPID CMD                           RSS
 196764  196761 nginx: worker process        8140

Process: nginx (PID: 196765)
    PID    PPID CMD                           RSS
 196765  196761 nginx: worker process        8524

Process: uwsgi (PID: 197341)
    PID    PPID CMD                           RSS
 197341  197177 /var/lib/awx/venv/awx/bin/u 103452
  Children of PID 197341:
    PID    PPID CMD                           RSS
 253044  197341 /var/lib/awx/venv/awx/bin/u 87928
    PID    PPID CMD                           RSS
 253045  197341 /var/lib/awx/venv/awx/bin/u 87928
    PID    PPID CMD                           RSS
 253046  197341 /var/lib/awx/venv/awx/bin/u 87928
    PID    PPID CMD                           RSS
 253047  197341 /var/lib/awx/venv/awx/bin/u 87928

Process: uwsgi (PID: 253044)
    PID    PPID CMD                           RSS
 253044  197341 /var/lib/awx/venv/awx/bin/u 87928

Process: uwsgi (PID: 253045)
    PID    PPID CMD                           RSS
 253045  197341 /var/lib/awx/venv/awx/bin/u 87928

Process: uwsgi (PID: 253046)
    PID    PPID CMD                           RSS
 253046  197341 /var/lib/awx/venv/awx/bin/u 87928

Process: uwsgi (PID: 253047)
    PID    PPID CMD                           RSS
 253047  197341 /var/lib/awx/venv/awx/bin/u 87928

Process: bash (PID: 253089)
    PID    PPID CMD                           RSS
 253089       1 bash -c  log_file="/tmp/mem  3456
  Children of PID 253089:
    PID    PPID CMD                           RSS
 253373  253089 bash -c  log_file="/tmp/mem  2348

Process: bash (PID: 253373)
    PID    PPID CMD                           RSS
 253373  253089 bash -c  log_file="/tmp/mem  2348
  Children of PID 253373:
    PID    PPID CMD                           RSS


Process Tree for AAP Services:
=== automation-controller Process Tree ===
bash(253089)---pstree(253428)
=== receptor Process Tree ===
receptor(192070)-+-{receptor}(192072)
                 |-{receptor}(192073)
                 |-{receptor}(192074)
                 |-{receptor}(192075)
                 |-{receptor}(192076)
                 |-{receptor}(192077)
                 |-{receptor}(201640)
                 `-{receptor}(202660)
bash(253089)---pstree(253433)
=== nginx Process Tree ===
nginx(196761)-+-nginx(196762)
              |-nginx(196763)
              |-nginx(196764)
              `-nginx(196765)
nginx(196762)
nginx(196763)
nginx(196764)
nginx(196765)
bash(253089)---pstree(253442)
=== postgresql Process Tree ===
bash(253089)---pstree(253446)
=== redis Process Tree ===
redis-server(135959)-+-{redis-server}(135960)
                     |-{redis-server}(135961)
                     |-{redis-server}(135962)
                     `-{redis-server}(135963)
bash(253089)---pstree(253451)
=== uwsgi Process Tree ===
uwsgi(197341)-+-uwsgi(253044)
              |-uwsgi(253045)
              |-uwsgi(253046)
              `-uwsgi(253047)
uwsgi(253044)
uwsgi(253045)
uwsgi(253046)
uwsgi(253047)
bash(253089)---pstree(253460)
=== automation-hub Process Tree ===
bash(253089)---pstree(253464)
=== automation-eda Process Tree ===
bash(253089)---pstree(253468)

=================================================================================
2025-07-07 15:52:17
Memory Usage Report:
               total        used        free      shared  buff/cache   available
Mem:            7681        2522        1155          20        4321        5158
Swap:           8067           0        8067

Top 10 Processes by RSS Memory:
    PID    PPID CMD                           RSS
 197339  197177 /var/lib/awx/venv/awx/bin/p 133580
 197340  197177 /var/lib/awx/venv/awx/bin/p 131572
 197345  197177 /var/lib/awx/venv/awx/bin/p 130276
 253277  197339 /var/lib/awx/venv/awx/bin/p 130116
 253281  197339 /var/lib/awx/venv/awx/bin/p 129732
 252946  197339 /var/lib/awx/venv/awx/bin/p 129468
 252939  197339 /var/lib/awx/venv/awx/bin/p 129212
 252948  197339 /var/lib/awx/venv/awx/bin/p 128956
 253275  197339 /var/lib/awx/venv/awx/bin/p 128836
 252944  197339 /var/lib/awx/venv/awx/bin/p 128700

=== RECEPTOR PROCESS ANALYSIS ===
Receptor Main Processes:
    PID    PPID CMD                           RSS    VSZ %CPU %MEM     ELAPSED
 192070       1 /usr/bin/receptor -c /etc/r 46756 1347904 0.1  0.5    01:01:54
Receptor Child Processes for PID 192070:
      PID    PPID CMD                           RSS    VSZ %CPU %MEM     ELAPSED
 255715  192070 /usr/bin/receptor --node id 36704 1346752 0.0  0.4       00:05
Receptor Threads for PID 192070:
    PID    SPID %CPU %MEM   RSS COMMAND
 192070  192070  0.0  0.5 46756 receptor
 192070  192072  0.0  0.5 46756 receptor
 192070  192073  0.0  0.5 46756 receptor
 192070  192074  0.0  0.5 46756 receptor
 192070  192075  0.0  0.5 46756 receptor
 192070  192076  0.0  0.5 46756 receptor
 192070  192077  0.0  0.5 46756 receptor
 192070  201640  0.0  0.5 46756 receptor
 192070  202660  0.0  0.5 46756 receptor
Receptor Network Connections for PID 192070:
COMMAND      PID   USER   FD      TYPE             DEVICE SIZE/OFF      NODE NAME
chronyd      789 chrony    5u     IPv4              13239      0t0       UDP localhost:323 
chronyd      789 chrony    6u     IPv6              13240      0t0       UDP localhost:323 
NetworkMa    792   root   26u     IPv4              22360      0t0       UDP aap24-control:bootpc->pi.hole:bootps 
sshd         859   root    3u     IPv4              22990      0t0       TCP *:ssh (LISTEN)
sshd         859   root    4u     IPv6              22992      0t0       TCP *:ssh (LISTEN)
receptor  192070    awx  cwd       DIR              253,0      235       128 /
receptor  192070    awx  rtd       DIR              253,0      235       128 /
receptor  192070    awx  txt       REG              253,0 54652712 100691309 /usr/bin/receptor
receptor  192070    awx  mem       REG              253,0  5436640     28515 /usr/lib64/libcrypto.so.3.2.2
receptor  192070    awx  mem       REG              253,0  2544344      3530 /usr/lib64/libc.so.6
receptor  192070    awx  mem       REG              253,0   102552      3550 /usr/lib64/libz.so.1.2.11
receptor  192070    awx  mem       REG              253,0   897856      3526 /usr/lib64/ld-linux-x86-64.so.2
receptor  192070    awx    0r      CHR                1,3      0t0         4 /dev/null
receptor  192070    awx    1w      REG              253,0     8485  34641330 /var/log/receptor/receptor.log
receptor  192070    awx    2w      REG              253,0     8485  34641330 /var/log/receptor/receptor.log
receptor  192070    awx    3rW     REG               0,23        0      2816 /run/awx-receptor/receptor.sock.lock
receptor  192070    awx    4u  a_inode               0,14        0        62 [eventpoll:5,7,8,9,10,12]
receptor  192070    awx    5r     FIFO               0,13      0t0    584296 pipe
receptor  192070    awx    6w     FIFO               0,13      0t0    584296 pipe
receptor  192070    awx    7u     unix 0xffff9bf94dcae400      0t0    585091 /var/run/awx-receptor/receptor.sock type=STREAM (LISTEN)
receptor  192070    awx    8u     IPv6             587141      0t0       TCP *:27199 (LISTEN)
receptor  192070    awx    9u     IPv6             586439      0t0       TCP aap24-control:27199->aap24-execution:40392 (ESTABLISHED)
receptor  192070    awx   10r  a_inode               0,14        0        62 inotify
receptor  192070    awx   12u     unix 0xffff9bf984154100      0t0    805069 /var/run/awx-receptor/receptor.sock type=STREAM (CONNECTED)
receptor  192070    awx   13r      REG              253,0    34119 102715180 /tmp/receptor/192.168.1.252/eSCqTNyP/stdout
nginx     196761   root    8u     IPv4             602782      0t0       TCP *:https (LISTEN)
nginx     196761   root    9u     IPv4             602783      0t0       TCP *:http (LISTEN)
nginx     196761   root   10u     IPv6             602784      0t0       TCP *:https (LISTEN)
nginx     196761   root   11u     IPv6             602785      0t0       TCP *:http (LISTEN)
nginx     196762  nginx    8u     IPv4             602782      0t0       TCP *:https (LISTEN)
nginx     196762  nginx    9u     IPv4             602783      0t0       TCP *:http (LISTEN)
nginx     196762  nginx   10u     IPv6             602784      0t0       TCP *:https (LISTEN)
nginx     196762  nginx   11u     IPv6             602785      0t0       TCP *:http (LISTEN)
nginx     196763  nginx    8u     IPv4             602782      0t0       TCP *:https (LISTEN)
nginx     196763  nginx    9u     IPv4             602783      0t0       TCP *:http (LISTEN)
nginx     196763  nginx   10u     IPv6             602784      0t0       TCP *:https (LISTEN)
nginx     196763  nginx   11u     IPv6             602785      0t0       TCP *:http (LISTEN)
nginx     196763  nginx   18u     IPv4             794590      0t0       TCP aap24-control:https->192.168.1.49:57318 (ESTABLISHED)
nginx     196763  nginx   19u     IPv4             790424      0t0       TCP aap24-control:https->192.168.1.49:49410 (ESTABLISHED)
nginx     196763  nginx   24u     IPv4             792276      0t0       TCP aap24-control:https->192.168.1.49:49422 (ESTABLISHED)
nginx     196764  nginx    8u     IPv4             602782      0t0       TCP *:https (LISTEN)
nginx     196764  nginx    9u     IPv4             602783      0t0       TCP *:http (LISTEN)
nginx     196764  nginx   10u     IPv6             602784      0t0       TCP *:https (LISTEN)
nginx     196764  nginx   11u     IPv6             602785      0t0       TCP *:http (LISTEN)
nginx     196765  nginx    8u     IPv4             602782      0t0       TCP *:https (LISTEN)
nginx     196765  nginx    9u     IPv4             602783      0t0       TCP *:http (LISTEN)
nginx     196765  nginx   10u     IPv6             602784      0t0       TCP *:https (LISTEN)
nginx     196765  nginx   11u     IPv6             602785      0t0       TCP *:http (LISTEN)
awx-manag 197339    awx   38u     IPv4             606638      0t0       TCP aap24-control:45280->aap24-database:postgres (ESTABLISHED)
awx-manag 197340    awx   29u     IPv4             626226      0t0       TCP aap24-control:47354->aap24-database:postgres (ESTABLISHED)
daphne    197342    awx   13u     IPv4             605767      0t0       TCP aap24-control:45240->aap24-database:postgres (ESTABLISHED)
awx-manag 197343    awx   17u     IPv4             607603      0t0       TCP aap24-control:45338->aap24-database:postgres (ESTABLISHED)
awx-manag 197345   root    8u     IPv4             605873      0t0       TCP aap24-control:45304->aap24-database:postgres (ESTABLISHED)
awx-manag 197345   root   14u     IPv4             605878      0t0       TCP aap24-control:45316->aap24-database:postgres (ESTABLISHED)
awx-manag 197346    awx    8u     IPv4             606592      0t0       TCP aap24-control:45256->aap24-database:postgres (ESTABLISHED)
awx-manag 197346    awx   14u     IPv4             605097      0t0       TCP aap24-control:45262->aap24-database:postgres (ESTABLISHED)
awx-manag 252939    awx   38u     IPv4             606638      0t0       TCP aap24-control:45280->aap24-database:postgres (ESTABLISHED)
awx-manag 252939    awx   61u     IPv4             803775      0t0       TCP aap24-control:45492->aap24-database:postgres (ESTABLISHED)
awx-manag 252944    awx   38u     IPv4             606638      0t0       TCP aap24-control:45280->aap24-database:postgres (ESTABLISHED)
awx-manag 252944    awx   45u     IPv4             806070      0t0       TCP aap24-control:45400->aap24-database:postgres (ESTABLISHED)
awx-manag 252946    awx   36u     IPv4             805348      0t0       TCP aap24-control:45438->aap24-database:postgres (ESTABLISHED)
awx-manag 252946    awx   38u     IPv4             606638      0t0       TCP aap24-control:45280->aap24-database:postgres (ESTABLISHED)
awx-manag 252948    awx   38u     IPv4             606638      0t0       TCP aap24-control:45280->aap24-database:postgres (ESTABLISHED)
awx-manag 252948    awx   61u     IPv4             805345      0t0       TCP aap24-control:45434->aap24-database:postgres (ESTABLISHED)
sshd      252955   root    4u     IPv4             794664      0t0       TCP aap24-control:ssh->192.168.1.49:51510 (ESTABLISHED)
sshd      252958   root    4u     IPv4             794664      0t0       TCP aap24-control:ssh->192.168.1.49:51510 (ESTABLISHED)
awx-manag 253275    awx   38u     IPv4             606638      0t0       TCP aap24-control:45280->aap24-database:postgres (ESTABLISHED)
awx-manag 253275    awx   44u     IPv4             805340      0t0       TCP aap24-control:45432->aap24-database:postgres (ESTABLISHED)
awx-manag 253277    awx   38u     IPv4             606638      0t0       TCP aap24-control:45280->aap24-database:postgres (ESTABLISHED)
awx-manag 253279    awx   38u     IPv4             606638      0t0       TCP aap24-control:45280->aap24-database:postgres (ESTABLISHED)
awx-manag 253279    awx   54u     IPv4             806508      0t0       TCP aap24-control:45576->aap24-database:postgres (ESTABLISHED)
awx-manag 253281    awx   38u     IPv4             606638      0t0       TCP aap24-control:45280->aap24-database:postgres (ESTABLISHED)
awx-manag 253281    awx   67u     IPv4             804496      0t0       TCP aap24-control:cloudcheck->aap24-database:postgres (ESTABLISHED)
slirp4net 255835    awx    3u     IPv4             803607      0t0       TCP aap24-control:44570->aap25-execution.lan:ssh (ESTABLISHED)

    PID    PPID CMD                           RSS    VSZ %CPU %MEM     ELAPSED
 253089       1 bash -c  log_file="/tmp/mem  3584   7260  0.0  0.0       01:02
Receptor Child Processes for PID 253089:
      PID    PPID CMD                           RSS    VSZ %CPU %MEM     ELAPSED
Receptor Threads for PID 253089:
    PID    SPID %CPU %MEM   RSS COMMAND
 253089  253089  0.0  0.0  3584 bash
Receptor Network Connections for PID 253089:
COMMAND      PID   USER   FD   TYPE DEVICE SIZE/OFF      NODE NAME
chronyd      789 chrony    5u  IPv4  13239      0t0       UDP localhost:323 
chronyd      789 chrony    6u  IPv6  13240      0t0       UDP localhost:323 
NetworkMa    792   root   26u  IPv4  22360      0t0       UDP aap24-control:bootpc->pi.hole:bootps 
sshd         859   root    3u  IPv4  22990      0t0       TCP *:ssh (LISTEN)
sshd         859   root    4u  IPv6  22992      0t0       TCP *:ssh (LISTEN)
receptor  192070    awx    8u  IPv6 587141      0t0       TCP *:27199 (LISTEN)
receptor  192070    awx    9u  IPv6 586439      0t0       TCP aap24-control:27199->aap24-execution:40392 (ESTABLISHED)
nginx     196761   root    8u  IPv4 602782      0t0       TCP *:https (LISTEN)
nginx     196761   root    9u  IPv4 602783      0t0       TCP *:http (LISTEN)
nginx     196761   root   10u  IPv6 602784      0t0       TCP *:https (LISTEN)
nginx     196761   root   11u  IPv6 602785      0t0       TCP *:http (LISTEN)
nginx     196762  nginx    8u  IPv4 602782      0t0       TCP *:https (LISTEN)
nginx     196762  nginx    9u  IPv4 602783      0t0       TCP *:http (LISTEN)
nginx     196762  nginx   10u  IPv6 602784      0t0       TCP *:https (LISTEN)
nginx     196762  nginx   11u  IPv6 602785      0t0       TCP *:http (LISTEN)
nginx     196763  nginx    8u  IPv4 602782      0t0       TCP *:https (LISTEN)
nginx     196763  nginx    9u  IPv4 602783      0t0       TCP *:http (LISTEN)
nginx     196763  nginx   10u  IPv6 602784      0t0       TCP *:https (LISTEN)
nginx     196763  nginx   11u  IPv6 602785      0t0       TCP *:http (LISTEN)
nginx     196763  nginx   18u  IPv4 794590      0t0       TCP aap24-control:https->192.168.1.49:57318 (ESTABLISHED)
nginx     196763  nginx   19u  IPv4 790424      0t0       TCP aap24-control:https->192.168.1.49:49410 (ESTABLISHED)
nginx     196763  nginx   24u  IPv4 792276      0t0       TCP aap24-control:https->192.168.1.49:49422 (ESTABLISHED)
nginx     196764  nginx    8u  IPv4 602782      0t0       TCP *:https (LISTEN)
nginx     196764  nginx    9u  IPv4 602783      0t0       TCP *:http (LISTEN)
nginx     196764  nginx   10u  IPv6 602784      0t0       TCP *:https (LISTEN)
nginx     196764  nginx   11u  IPv6 602785      0t0       TCP *:http (LISTEN)
nginx     196765  nginx    8u  IPv4 602782      0t0       TCP *:https (LISTEN)
nginx     196765  nginx    9u  IPv4 602783      0t0       TCP *:http (LISTEN)
nginx     196765  nginx   10u  IPv6 602784      0t0       TCP *:https (LISTEN)
nginx     196765  nginx   11u  IPv6 602785      0t0       TCP *:http (LISTEN)
awx-manag 197339    awx   38u  IPv4 606638      0t0       TCP aap24-control:45280->aap24-database:postgres (ESTABLISHED)
awx-manag 197340    awx   29u  IPv4 626226      0t0       TCP aap24-control:47354->aap24-database:postgres (ESTABLISHED)
daphne    197342    awx   13u  IPv4 605767      0t0       TCP aap24-control:45240->aap24-database:postgres (ESTABLISHED)
awx-manag 197343    awx   17u  IPv4 607603      0t0       TCP aap24-control:45338->aap24-database:postgres (ESTABLISHED)
awx-manag 197345   root    8u  IPv4 605873      0t0       TCP aap24-control:45304->aap24-database:postgres (ESTABLISHED)
awx-manag 197345   root   14u  IPv4 605878      0t0       TCP aap24-control:45316->aap24-database:postgres (ESTABLISHED)
awx-manag 197346    awx    8u  IPv4 606592      0t0       TCP aap24-control:45256->aap24-database:postgres (ESTABLISHED)
awx-manag 197346    awx   14u  IPv4 605097      0t0       TCP aap24-control:45262->aap24-database:postgres (ESTABLISHED)
awx-manag 252939    awx   38u  IPv4 606638      0t0       TCP aap24-control:45280->aap24-database:postgres (ESTABLISHED)
awx-manag 252939    awx   61u  IPv4 803775      0t0       TCP aap24-control:45492->aap24-database:postgres (ESTABLISHED)
awx-manag 252944    awx   38u  IPv4 606638      0t0       TCP aap24-control:45280->aap24-database:postgres (ESTABLISHED)
awx-manag 252944    awx   45u  IPv4 806070      0t0       TCP aap24-control:45400->aap24-database:postgres (ESTABLISHED)
awx-manag 252946    awx   36u  IPv4 805348      0t0       TCP aap24-control:45438->aap24-database:postgres (ESTABLISHED)
awx-manag 252946    awx   38u  IPv4 606638      0t0       TCP aap24-control:45280->aap24-database:postgres (ESTABLISHED)
awx-manag 252948    awx   38u  IPv4 606638      0t0       TCP aap24-control:45280->aap24-database:postgres (ESTABLISHED)
awx-manag 252948    awx   61u  IPv4 805345      0t0       TCP aap24-control:45434->aap24-database:postgres (ESTABLISHED)
sshd      252955   root    4u  IPv4 794664      0t0       TCP aap24-control:ssh->192.168.1.49:51510 (ESTABLISHED)
sshd      252958   root    4u  IPv4 794664      0t0       TCP aap24-control:ssh->192.168.1.49:51510 (ESTABLISHED)
bash      253089   root  cwd    DIR  253,0      142 100663430 /root
bash      253089   root  rtd    DIR  253,0      235       128 /
bash      253089   root  txt    REG  253,0  1389072 100699101 /usr/bin/bash
bash      253089   root  mem    REG  253,0  2586930 100699387 /usr/lib/locale/en_US.utf8/LC_COLLATE
bash      253089   root  mem    REG  253,0  2544344      3530 /usr/lib64/libc.so.6
bash      253089   root  mem    REG  253,0   346132  67253521 /usr/lib/locale/C.utf8/LC_CTYPE
bash      253089   root  mem    REG  253,0       54 100699390 /usr/lib/locale/en_US.utf8/LC_NUMERIC
bash      253089   root  mem    REG  253,0     3284      3433 /usr/lib/locale/en_US.utf8/LC_TIME
bash      253089   root  mem    REG  253,0      286      3431 /usr/lib/locale/en_US.utf8/LC_MONETARY
bash      253089   root  mem    REG  253,0       57      3445 /usr/lib/locale/en_US.utf8/LC_MESSAGES/SYS_LC_MESSAGES
bash      253089   root  mem    REG  253,0    26988  33558225 /usr/lib64/gconv/gconv-modules.cache
bash      253089   root  mem    REG  253,0   195080      3141 /usr/lib64/libtinfo.so.6.2
bash      253089   root  mem    REG  253,0       34  67253758 /usr/lib/locale/en_US.utf8/LC_PAPER
bash      253089   root  mem    REG  253,0       77 100699389 /usr/lib/locale/en_US.utf8/LC_NAME
bash      253089   root  mem    REG  253,0      167      3427 /usr/lib/locale/en_US.utf8/LC_ADDRESS
bash      253089   root  mem    REG  253,0       59      3432 /usr/lib/locale/en_US.utf8/LC_TELEPHONE
bash      253089   root  mem    REG  253,0       23      3430 /usr/lib/locale/en_US.utf8/LC_MEASUREMENT
bash      253089   root  mem    REG  253,0      369      3429 /usr/lib/locale/en_US.utf8/LC_IDENTIFICATION
bash      253089   root  mem    REG  253,0   897856      3526 /usr/lib64/ld-linux-x86-64.so.2
bash      253089   root    0r   CHR    1,3      0t0         4 /dev/null
bash      253089   root    1w   REG  253,0        0  67894671 /tmp/memory_monitor.log
bash      253089   root    2w   REG  253,0        0  67894671 /tmp/memory_monitor.log
bash      253089   root    3r  FIFO   0,13      0t0    805801 pipe
awx-manag 253275    awx   38u  IPv4 606638      0t0       TCP aap24-control:45280->aap24-database:postgres (ESTABLISHED)
awx-manag 253275    awx   44u  IPv4 805340      0t0       TCP aap24-control:45432->aap24-database:postgres (ESTABLISHED)
awx-manag 253277    awx   38u  IPv4 606638      0t0       TCP aap24-control:45280->aap24-database:postgres (ESTABLISHED)
awx-manag 253279    awx   38u  IPv4 606638      0t0       TCP aap24-control:45280->aap24-database:postgres (ESTABLISHED)
awx-manag 253279    awx   54u  IPv4 806508      0t0       TCP aap24-control:45576->aap24-database:postgres (ESTABLISHED)
awx-manag 253281    awx   38u  IPv4 606638      0t0       TCP aap24-control:45280->aap24-database:postgres (ESTABLISHED)
awx-manag 253281    awx   67u  IPv4 804496      0t0       TCP aap24-control:cloudcheck->aap24-database:postgres (ESTABLISHED)
slirp4net 255835    awx    3u  IPv4 803607      0t0       TCP aap24-control:44570->aap25-execution.lan:ssh (ESTABLISHED)

    PID    PPID CMD                           RSS    VSZ %CPU %MEM     ELAPSED
 255715  192070 /usr/bin/receptor --node id 36704 1346752 0.0  0.4       00:05
Receptor Child Processes for PID 255715:
      PID    PPID CMD                           RSS    VSZ %CPU %MEM     ELAPSED
 255723  255715 /var/lib/awx/venv/awx/bin/p 28380 106532  2.8  0.3       00:05
Receptor Threads for PID 255715:
    PID    SPID %CPU %MEM   RSS COMMAND
 255715  255715  0.0  0.4 36704 receptor
 255715  255716  0.0  0.4 36704 receptor
 255715  255717  0.0  0.4 36704 receptor
 255715  255718  0.0  0.4 36704 receptor
 255715  255719  0.0  0.4 36704 receptor
 255715  255720  0.0  0.4 36704 receptor
 255715  255721  0.0  0.4 36704 receptor
 255715  255722  0.0  0.4 36704 receptor
 255715  255724  0.0  0.4 36704 receptor
Receptor Network Connections for PID 255715:
COMMAND      PID   USER   FD      TYPE DEVICE SIZE/OFF      NODE NAME
chronyd      789 chrony    5u     IPv4  13239      0t0       UDP localhost:323 
chronyd      789 chrony    6u     IPv6  13240      0t0       UDP localhost:323 
NetworkMa    792   root   26u     IPv4  22360      0t0       UDP aap24-control:bootpc->pi.hole:bootps 
sshd         859   root    3u     IPv4  22990      0t0       TCP *:ssh (LISTEN)
sshd         859   root    4u     IPv6  22992      0t0       TCP *:ssh (LISTEN)
receptor  192070    awx    8u     IPv6 587141      0t0       TCP *:27199 (LISTEN)
receptor  192070    awx    9u     IPv6 586439      0t0       TCP aap24-control:27199->aap24-execution:40392 (ESTABLISHED)
nginx     196761   root    8u     IPv4 602782      0t0       TCP *:https (LISTEN)
nginx     196761   root    9u     IPv4 602783      0t0       TCP *:http (LISTEN)
nginx     196761   root   10u     IPv6 602784      0t0       TCP *:https (LISTEN)
nginx     196761   root   11u     IPv6 602785      0t0       TCP *:http (LISTEN)
nginx     196762  nginx    8u     IPv4 602782      0t0       TCP *:https (LISTEN)
nginx     196762  nginx    9u     IPv4 602783      0t0       TCP *:http (LISTEN)
nginx     196762  nginx   10u     IPv6 602784      0t0       TCP *:https (LISTEN)
nginx     196762  nginx   11u     IPv6 602785      0t0       TCP *:http (LISTEN)
nginx     196763  nginx    8u     IPv4 602782      0t0       TCP *:https (LISTEN)
nginx     196763  nginx    9u     IPv4 602783      0t0       TCP *:http (LISTEN)
nginx     196763  nginx   10u     IPv6 602784      0t0       TCP *:https (LISTEN)
nginx     196763  nginx   11u     IPv6 602785      0t0       TCP *:http (LISTEN)
nginx     196763  nginx   18u     IPv4 794590      0t0       TCP aap24-control:https->192.168.1.49:57318 (ESTABLISHED)
nginx     196763  nginx   19u     IPv4 790424      0t0       TCP aap24-control:https->192.168.1.49:49410 (ESTABLISHED)
nginx     196763  nginx   24u     IPv4 792276      0t0       TCP aap24-control:https->192.168.1.49:49422 (ESTABLISHED)
nginx     196764  nginx    8u     IPv4 602782      0t0       TCP *:https (LISTEN)
nginx     196764  nginx    9u     IPv4 602783      0t0       TCP *:http (LISTEN)
nginx     196764  nginx   10u     IPv6 602784      0t0       TCP *:https (LISTEN)
nginx     196764  nginx   11u     IPv6 602785      0t0       TCP *:http (LISTEN)
nginx     196765  nginx    8u     IPv4 602782      0t0       TCP *:https (LISTEN)
nginx     196765  nginx    9u     IPv4 602783      0t0       TCP *:http (LISTEN)
nginx     196765  nginx   10u     IPv6 602784      0t0       TCP *:https (LISTEN)
nginx     196765  nginx   11u     IPv6 602785      0t0       TCP *:http (LISTEN)
awx-manag 197339    awx   38u     IPv4 606638      0t0       TCP aap24-control:45280->aap24-database:postgres (ESTABLISHED)
awx-manag 197340    awx   29u     IPv4 626226      0t0       TCP aap24-control:47354->aap24-database:postgres (ESTABLISHED)
daphne    197342    awx   13u     IPv4 605767      0t0       TCP aap24-control:45240->aap24-database:postgres (ESTABLISHED)
awx-manag 197343    awx   17u     IPv4 607603      0t0       TCP aap24-control:45338->aap24-database:postgres (ESTABLISHED)
awx-manag 197345   root    8u     IPv4 605873      0t0       TCP aap24-control:45304->aap24-database:postgres (ESTABLISHED)
awx-manag 197345   root   14u     IPv4 605878      0t0       TCP aap24-control:45316->aap24-database:postgres (ESTABLISHED)
awx-manag 197346    awx    8u     IPv4 606592      0t0       TCP aap24-control:45256->aap24-database:postgres (ESTABLISHED)
awx-manag 197346    awx   14u     IPv4 605097      0t0       TCP aap24-control:45262->aap24-database:postgres (ESTABLISHED)
awx-manag 252939    awx   38u     IPv4 606638      0t0       TCP aap24-control:45280->aap24-database:postgres (ESTABLISHED)
awx-manag 252939    awx   61u     IPv4 803775      0t0       TCP aap24-control:45492->aap24-database:postgres (ESTABLISHED)
awx-manag 252944    awx   38u     IPv4 606638      0t0       TCP aap24-control:45280->aap24-database:postgres (ESTABLISHED)
awx-manag 252944    awx   45u     IPv4 806070      0t0       TCP aap24-control:45400->aap24-database:postgres (ESTABLISHED)
awx-manag 252946    awx   36u     IPv4 805348      0t0       TCP aap24-control:45438->aap24-database:postgres (ESTABLISHED)
awx-manag 252946    awx   38u     IPv4 606638      0t0       TCP aap24-control:45280->aap24-database:postgres (ESTABLISHED)
awx-manag 252948    awx   38u     IPv4 606638      0t0       TCP aap24-control:45280->aap24-database:postgres (ESTABLISHED)
awx-manag 252948    awx   61u     IPv4 805345      0t0       TCP aap24-control:45434->aap24-database:postgres (ESTABLISHED)
sshd      252955   root    4u     IPv4 794664      0t0       TCP aap24-control:ssh->192.168.1.49:51510 (ESTABLISHED)
sshd      252958   root    4u     IPv4 794664      0t0       TCP aap24-control:ssh->192.168.1.49:51510 (ESTABLISHED)
awx-manag 253275    awx   38u     IPv4 606638      0t0       TCP aap24-control:45280->aap24-database:postgres (ESTABLISHED)
awx-manag 253275    awx   44u     IPv4 805340      0t0       TCP aap24-control:45432->aap24-database:postgres (ESTABLISHED)
awx-manag 253277    awx   38u     IPv4 606638      0t0       TCP aap24-control:45280->aap24-database:postgres (ESTABLISHED)
awx-manag 253279    awx   38u     IPv4 606638      0t0       TCP aap24-control:45280->aap24-database:postgres (ESTABLISHED)
awx-manag 253279    awx   54u     IPv4 806508      0t0       TCP aap24-control:45576->aap24-database:postgres (ESTABLISHED)
awx-manag 253281    awx   38u     IPv4 606638      0t0       TCP aap24-control:45280->aap24-database:postgres (ESTABLISHED)
awx-manag 253281    awx   67u     IPv4 804496      0t0       TCP aap24-control:cloudcheck->aap24-database:postgres (ESTABLISHED)
receptor  255715    awx  cwd       DIR  253,0      235       128 /
receptor  255715    awx  rtd       DIR  253,0      235       128 /
receptor  255715    awx  txt       REG  253,0 54652712 100691309 /usr/bin/receptor
receptor  255715    awx  mem       REG  253,0  5436640     28515 /usr/lib64/libcrypto.so.3.2.2
receptor  255715    awx  mem       REG  253,0  2544344      3530 /usr/lib64/libc.so.6
receptor  255715    awx  mem       REG  253,0   102552      3550 /usr/lib64/libz.so.1.2.11
receptor  255715    awx  mem       REG  253,0   897856      3526 /usr/lib64/ld-linux-x86-64.so.2
receptor  255715    awx    0r      CHR    1,3      0t0         4 /dev/null
receptor  255715    awx    1w      REG  253,0     8485  34641330 /var/log/receptor/receptor.log
receptor  255715    awx    2w      REG  253,0     8485  34641330 /var/log/receptor/receptor.log
receptor  255715    awx    3r      REG  253,0     2192 102715179 /tmp/receptor/192.168.1.252/eSCqTNyP/stdin
receptor  255715    awx    4u  a_inode   0,14        0        62 [eventpoll:5]
receptor  255715    awx    5r     FIFO   0,13      0t0    803154 pipe
receptor  255715    awx    6w     FIFO   0,13      0t0    803154 pipe
receptor  255715    awx    7w      REG  253,0    34119 102715180 /tmp/receptor/192.168.1.252/eSCqTNyP/stdout
slirp4net 255835    awx    3u     IPv4 803607      0t0       TCP aap24-control:44570->aap25-execution.lan:ssh (ESTABLISHED)

    PID    PPID CMD                           RSS    VSZ %CPU %MEM     ELAPSED
Receptor Child Processes for PID 256426:
  No child processes found
Receptor Threads for PID 256426:
    PID    SPID %CPU %MEM   RSS COMMAND
Receptor Network Connections for PID 256426:
COMMAND      PID   USER   FD   TYPE DEVICE SIZE/OFF NODE NAME
chronyd      789 chrony    5u  IPv4  13239      0t0  UDP localhost:323 
chronyd      789 chrony    6u  IPv6  13240      0t0  UDP localhost:323 
NetworkMa    792   root   26u  IPv4  22360      0t0  UDP aap24-control:bootpc->pi.hole:bootps 
sshd         859   root    3u  IPv4  22990      0t0  TCP *:ssh (LISTEN)
sshd         859   root    4u  IPv6  22992      0t0  TCP *:ssh (LISTEN)
receptor  192070    awx    8u  IPv6 587141      0t0  TCP *:27199 (LISTEN)
receptor  192070    awx    9u  IPv6 586439      0t0  TCP aap24-control:27199->aap24-execution:40392 (ESTABLISHED)
nginx     196761   root    8u  IPv4 602782      0t0  TCP *:https (LISTEN)
nginx     196761   root    9u  IPv4 602783      0t0  TCP *:http (LISTEN)
nginx     196761   root   10u  IPv6 602784      0t0  TCP *:https (LISTEN)
nginx     196761   root   11u  IPv6 602785      0t0  TCP *:http (LISTEN)
nginx     196762  nginx    8u  IPv4 602782      0t0  TCP *:https (LISTEN)
nginx     196762  nginx    9u  IPv4 602783      0t0  TCP *:http (LISTEN)
nginx     196762  nginx   10u  IPv6 602784      0t0  TCP *:https (LISTEN)
nginx     196762  nginx   11u  IPv6 602785      0t0  TCP *:http (LISTEN)
nginx     196763  nginx    8u  IPv4 602782      0t0  TCP *:https (LISTEN)
nginx     196763  nginx    9u  IPv4 602783      0t0  TCP *:http (LISTEN)
nginx     196763  nginx   10u  IPv6 602784      0t0  TCP *:https (LISTEN)
nginx     196763  nginx   11u  IPv6 602785      0t0  TCP *:http (LISTEN)
nginx     196763  nginx   18u  IPv4 794590      0t0  TCP aap24-control:https->192.168.1.49:57318 (ESTABLISHED)
nginx     196763  nginx   19u  IPv4 790424      0t0  TCP aap24-control:https->192.168.1.49:49410 (ESTABLISHED)
nginx     196763  nginx   24u  IPv4 792276      0t0  TCP aap24-control:https->192.168.1.49:49422 (ESTABLISHED)
nginx     196764  nginx    8u  IPv4 602782      0t0  TCP *:https (LISTEN)
nginx     196764  nginx    9u  IPv4 602783      0t0  TCP *:http (LISTEN)
nginx     196764  nginx   10u  IPv6 602784      0t0  TCP *:https (LISTEN)
nginx     196764  nginx   11u  IPv6 602785      0t0  TCP *:http (LISTEN)
nginx     196765  nginx    8u  IPv4 602782      0t0  TCP *:https (LISTEN)
nginx     196765  nginx    9u  IPv4 602783      0t0  TCP *:http (LISTEN)
nginx     196765  nginx   10u  IPv6 602784      0t0  TCP *:https (LISTEN)
nginx     196765  nginx   11u  IPv6 602785      0t0  TCP *:http (LISTEN)
awx-manag 197339    awx   38u  IPv4 606638      0t0  TCP aap24-control:45280->aap24-database:postgres (ESTABLISHED)
awx-manag 197340    awx   29u  IPv4 626226      0t0  TCP aap24-control:47354->aap24-database:postgres (ESTABLISHED)
daphne    197342    awx   13u  IPv4 605767      0t0  TCP aap24-control:45240->aap24-database:postgres (ESTABLISHED)
awx-manag 197343    awx   17u  IPv4 607603      0t0  TCP aap24-control:45338->aap24-database:postgres (ESTABLISHED)
awx-manag 197345   root    8u  IPv4 605873      0t0  TCP aap24-control:45304->aap24-database:postgres (ESTABLISHED)
awx-manag 197345   root   14u  IPv4 605878      0t0  TCP aap24-control:45316->aap24-database:postgres (ESTABLISHED)
awx-manag 197346    awx    8u  IPv4 606592      0t0  TCP aap24-control:45256->aap24-database:postgres (ESTABLISHED)
awx-manag 197346    awx   14u  IPv4 605097      0t0  TCP aap24-control:45262->aap24-database:postgres (ESTABLISHED)
awx-manag 252939    awx   38u  IPv4 606638      0t0  TCP aap24-control:45280->aap24-database:postgres (ESTABLISHED)
awx-manag 252939    awx   61u  IPv4 803775      0t0  TCP aap24-control:45492->aap24-database:postgres (ESTABLISHED)
awx-manag 252944    awx   38u  IPv4 606638      0t0  TCP aap24-control:45280->aap24-database:postgres (ESTABLISHED)
awx-manag 252944    awx   45u  IPv4 806070      0t0  TCP aap24-control:45400->aap24-database:postgres (ESTABLISHED)
awx-manag 252946    awx   36u  IPv4 805348      0t0  TCP aap24-control:45438->aap24-database:postgres (ESTABLISHED)
awx-manag 252946    awx   38u  IPv4 606638      0t0  TCP aap24-control:45280->aap24-database:postgres (ESTABLISHED)
awx-manag 252948    awx   38u  IPv4 606638      0t0  TCP aap24-control:45280->aap24-database:postgres (ESTABLISHED)
awx-manag 252948    awx   61u  IPv4 805345      0t0  TCP aap24-control:45434->aap24-database:postgres (ESTABLISHED)
sshd      252955   root    4u  IPv4 794664      0t0  TCP aap24-control:ssh->192.168.1.49:51510 (ESTABLISHED)
sshd      252958   root    4u  IPv4 794664      0t0  TCP aap24-control:ssh->192.168.1.49:51510 (ESTABLISHED)
awx-manag 253275    awx   38u  IPv4 606638      0t0  TCP aap24-control:45280->aap24-database:postgres (ESTABLISHED)
awx-manag 253275    awx   44u  IPv4 805340      0t0  TCP aap24-control:45432->aap24-database:postgres (ESTABLISHED)
awx-manag 253277    awx   38u  IPv4 606638      0t0  TCP aap24-control:45280->aap24-database:postgres (ESTABLISHED)
awx-manag 253279    awx   38u  IPv4 606638      0t0  TCP aap24-control:45280->aap24-database:postgres (ESTABLISHED)
awx-manag 253279    awx   54u  IPv4 806508      0t0  TCP aap24-control:45576->aap24-database:postgres (ESTABLISHED)
awx-manag 253281    awx   38u  IPv4 606638      0t0  TCP aap24-control:45280->aap24-database:postgres (ESTABLISHED)
awx-manag 253281    awx   67u  IPv4 804496      0t0  TCP aap24-control:cloudcheck->aap24-database:postgres (ESTABLISHED)
slirp4net 255835    awx    3u  IPv4 803607      0t0  TCP aap24-control:44570->aap25-execution.lan:ssh (ESTABLISHED)
  No network connections found

=== RECEPTOR MEMORY SUMMARY ===
Total Receptor RSS Memory: 152128 KB (148 MB)
Total Receptor VSZ Memory: 4155200 KB (4057 MB)
Number of Receptor Processes: 4

AAP-related Processes and Children:
=== AAP Service Processes ===
Process: redis-server (PID: 135959)
    PID    PPID CMD                           RSS
 135959       1 /usr/bin/redis-server unixs 13444

Process: receptor (PID: 192070)
    PID    PPID CMD                           RSS
 192070       1 /usr/bin/receptor -c /etc/r 46756
  Children of PID 192070:
    PID    PPID CMD                           RSS
 255715  192070 /usr/bin/receptor --node id 36704

Process: nginx (PID: 196761)
    PID    PPID CMD                           RSS
 196761       1 nginx: master process /usr/  2124
  Children of PID 196761:
    PID    PPID CMD                           RSS
 196762  196761 nginx: worker process        4044
    PID    PPID CMD                           RSS
 196763  196761 nginx: worker process        8524
    PID    PPID CMD                           RSS
 196764  196761 nginx: worker process        8140
    PID    PPID CMD                           RSS
 196765  196761 nginx: worker process        8524

Process: nginx (PID: 196762)
    PID    PPID CMD                           RSS
 196762  196761 nginx: worker process        4044

Process: nginx (PID: 196763)
    PID    PPID CMD                           RSS
 196763  196761 nginx: worker process        8524

Process: nginx (PID: 196764)
    PID    PPID CMD                           RSS
 196764  196761 nginx: worker process        8140

Process: nginx (PID: 196765)
    PID    PPID CMD                           RSS
 196765  196761 nginx: worker process        8524

Process: uwsgi (PID: 197341)
    PID    PPID CMD                           RSS
 197341  197177 /var/lib/awx/venv/awx/bin/u 103452
  Children of PID 197341:
    PID    PPID CMD                           RSS
 253044  197341 /var/lib/awx/venv/awx/bin/u 115960
    PID    PPID CMD                           RSS
 253045  197341 /var/lib/awx/venv/awx/bin/u 123000
    PID    PPID CMD                           RSS
 253046  197341 /var/lib/awx/venv/awx/bin/u 118136
    PID    PPID CMD                           RSS
 253047  197341 /var/lib/awx/venv/awx/bin/u 117880

Process: uwsgi (PID: 253044)
    PID    PPID CMD                           RSS
 253044  197341 /var/lib/awx/venv/awx/bin/u 115960

Process: uwsgi (PID: 253045)
    PID    PPID CMD                           RSS
 253045  197341 /var/lib/awx/venv/awx/bin/u 123000

Process: uwsgi (PID: 253046)
    PID    PPID CMD                           RSS
 253046  197341 /var/lib/awx/venv/awx/bin/u 118136

Process: uwsgi (PID: 253047)
    PID    PPID CMD                           RSS
 253047  197341 /var/lib/awx/venv/awx/bin/u 117880

Process: bash (PID: 253089)
    PID    PPID CMD                           RSS
 253089       1 bash -c  log_file="/tmp/mem  3584
  Children of PID 253089:
    PID    PPID CMD                           RSS
 256547  253089 bash -c  log_file="/tmp/mem  2364

Process: receptor (PID: 255715)
    PID    PPID CMD                           RSS
 255715  192070 /usr/bin/receptor --node id 36704
  Children of PID 255715:
    PID    PPID CMD                           RSS
 255723  255715 /var/lib/awx/venv/awx/bin/p 28380

Process: bash (PID: 256547)
    PID    PPID CMD                           RSS
 256547  253089 bash -c  log_file="/tmp/mem  2364
  Children of PID 256547:
    PID    PPID CMD                           RSS


Process Tree for AAP Services:
=== automation-controller Process Tree ===
bash(253089)---pstree(256607)
=== receptor Process Tree ===
receptor(192070)-+-receptor(255715)-+-ansible-runner(255723)---podman(255756)-+-exe(255770)-+-slirp4netns(255835)
                 |                  |                                         |             |-{exe}(255783)
                 |                  |                                         |             |-{exe}(255784)
                 |                  |                                         |             |-{exe}(255786)
                 |                  |                                         |             |-{exe}(255787)
                 |                  |                                         |             |-{exe}(255800)
                 |                  |                                         |             |-{exe}(255802)
                 |                  |                                         |             |-{exe}(255831)
                 |                  |                                         |             |-{exe}(255832)
                 |                  |                                         |             `-{exe}(255846)
                 |                  |                                         |-{podman}(255757)
                 |                  |                                         |-{podman}(255758)
                 |                  |                                         |-{podman}(255759)
                 |                  |                                         |-{podman}(255760)
                 |                  |                                         |-{podman}(255761)
                 |                  |                                         |-{podman}(255762)
                 |                  |                                         |-{podman}(255764)
                 |                  |                                         |-{podman}(255772)
                 |                  |                                         `-{podman}(255774)
                 |                  |-{receptor}(255716)
                 |                  |-{receptor}(255717)
                 |                  |-{receptor}(255718)
                 |                  |-{receptor}(255719)
                 |                  |-{receptor}(255720)
                 |                  |-{receptor}(255721)
                 |                  |-{receptor}(255722)
                 |                  `-{receptor}(255724)
                 |-{receptor}(192072)
                 |-{receptor}(192073)
                 |-{receptor}(192074)
                 |-{receptor}(192075)
                 |-{receptor}(192076)
                 |-{receptor}(192077)
                 |-{receptor}(201640)
                 `-{receptor}(202660)
bash(253089)---pstree(256619)
receptor(255715)-+-ansible-runner(255723)---podman(255756)-+-exe(255770)-+-slirp4netns(255835)
                 |                                         |             |-{exe}(255783)
                 |                                         |             |-{exe}(255784)
                 |                                         |             |-{exe}(255786)
                 |                                         |             |-{exe}(255787)
                 |                                         |             |-{exe}(255800)
                 |                                         |             |-{exe}(255802)
                 |                                         |             |-{exe}(255831)
                 |                                         |             |-{exe}(255832)
                 |                                         |             `-{exe}(255846)
                 |                                         |-{podman}(255757)
                 |                                         |-{podman}(255758)
                 |                                         |-{podman}(255759)
                 |                                         |-{podman}(255760)
                 |                                         |-{podman}(255761)
                 |                                         |-{podman}(255762)
                 |                                         |-{podman}(255764)
                 |                                         |-{podman}(255772)
                 |                                         `-{podman}(255774)
                 |-{receptor}(255716)
                 |-{receptor}(255717)
                 |-{receptor}(255718)
                 |-{receptor}(255719)
                 |-{receptor}(255720)
                 |-{receptor}(255721)
                 |-{receptor}(255722)
                 `-{receptor}(255724)
=== nginx Process Tree ===
nginx(196761)-+-nginx(196762)
              |-nginx(196763)
              |-nginx(196764)
              `-nginx(196765)
nginx(196762)
nginx(196763)
nginx(196764)
nginx(196765)
bash(253089)---pstree(256631)
=== postgresql Process Tree ===
bash(253089)---pstree(256635)
=== redis Process Tree ===
redis-server(135959)-+-{redis-server}(135960)
                     |-{redis-server}(135961)
                     |-{redis-server}(135962)
                     `-{redis-server}(135963)
bash(253089)---pstree(256640)
=== uwsgi Process Tree ===
uwsgi(197341)-+-uwsgi(253044)
              |-uwsgi(253045)
              |-uwsgi(253046)
              `-uwsgi(253047)
uwsgi(253044)
uwsgi(253045)
uwsgi(253046)
uwsgi(253047)
bash(253089)---pstree(256649)
=== automation-hub Process Tree ===
bash(253089)---pstree(256653)
=== automation-eda Process Tree ===
bash(253089)---pstree(256657)

=================================================================================
2025-07-07 15:52:47
Memory Usage Report:
               total        used        free      shared  buff/cache   available
Mem:            7681        2433        1244          20        4321        5248
Swap:           8067           0        8067

Top 10 Processes by RSS Memory:
    PID    PPID CMD                           RSS
 197339  197177 /var/lib/awx/venv/awx/bin/p 133708
 197340  197177 /var/lib/awx/venv/awx/bin/p 131572
 252939  197339 /var/lib/awx/venv/awx/bin/p 130748
 197345  197177 /var/lib/awx/venv/awx/bin/p 130276
 253277  197339 /var/lib/awx/venv/awx/bin/p 130116
 253281  197339 /var/lib/awx/venv/awx/bin/p 129732
 253279  197339 /var/lib/awx/venv/awx/bin/p 128452
 197343  197177 /var/lib/awx/venv/awx/bin/p 125912
 197532  197340 /var/lib/awx/venv/awx/bin/p 125636
 197536  197340 /var/lib/awx/venv/awx/bin/p 125404

=== RECEPTOR PROCESS ANALYSIS ===
Receptor Main Processes:
    PID    PPID CMD                           RSS    VSZ %CPU %MEM     ELAPSED
 192070       1 /usr/bin/receptor -c /etc/r 46880 1347904 0.1  0.5    01:02:25
Receptor Child Processes for PID 192070:
      PID    PPID CMD                           RSS    VSZ %CPU %MEM     ELAPSED
 255715  192070 /usr/bin/receptor --node id 36832 1346752 0.0  0.4       00:35
Receptor Threads for PID 192070:
    PID    SPID %CPU %MEM   RSS COMMAND
 192070  192070  0.0  0.5 46880 receptor
 192070  192072  0.0  0.5 46880 receptor
 192070  192073  0.0  0.5 46880 receptor
 192070  192074  0.0  0.5 46880 receptor
 192070  192075  0.0  0.5 46880 receptor
 192070  192076  0.0  0.5 46880 receptor
 192070  192077  0.0  0.5 46880 receptor
 192070  201640  0.0  0.5 46880 receptor
 192070  202660  0.0  0.5 46880 receptor
Receptor Network Connections for PID 192070:
COMMAND      PID   USER   FD      TYPE             DEVICE SIZE/OFF      NODE NAME
chronyd      789 chrony    5u     IPv4              13239      0t0       UDP localhost:323 
chronyd      789 chrony    6u     IPv6              13240      0t0       UDP localhost:323 
NetworkMa    792   root   26u     IPv4              22360      0t0       UDP aap24-control:bootpc->pi.hole:bootps 
sshd         859   root    3u     IPv4              22990      0t0       TCP *:ssh (LISTEN)
sshd         859   root    4u     IPv6              22992      0t0       TCP *:ssh (LISTEN)
receptor  192070    awx  cwd       DIR              253,0      235       128 /
receptor  192070    awx  rtd       DIR              253,0      235       128 /
receptor  192070    awx  txt       REG              253,0 54652712 100691309 /usr/bin/receptor
receptor  192070    awx  mem       REG              253,0  5436640     28515 /usr/lib64/libcrypto.so.3.2.2
receptor  192070    awx  mem       REG              253,0  2544344      3530 /usr/lib64/libc.so.6
receptor  192070    awx  mem       REG              253,0   102552      3550 /usr/lib64/libz.so.1.2.11
receptor  192070    awx  mem       REG              253,0   897856      3526 /usr/lib64/ld-linux-x86-64.so.2
receptor  192070    awx    0r      CHR                1,3      0t0         4 /dev/null
receptor  192070    awx    1w      REG              253,0     8485  34641330 /var/log/receptor/receptor.log
receptor  192070    awx    2w      REG              253,0     8485  34641330 /var/log/receptor/receptor.log
receptor  192070    awx    3rW     REG               0,23        0      2816 /run/awx-receptor/receptor.sock.lock
receptor  192070    awx    4u  a_inode               0,14        0        62 [eventpoll:5,7,8,9,10,12]
receptor  192070    awx    5r     FIFO               0,13      0t0    584296 pipe
receptor  192070    awx    6w     FIFO               0,13      0t0    584296 pipe
receptor  192070    awx    7u     unix 0xffff9bf94dcae400      0t0    585091 /var/run/awx-receptor/receptor.sock type=STREAM (LISTEN)
receptor  192070    awx    8u     IPv6             587141      0t0       TCP *:27199 (LISTEN)
receptor  192070    awx    9u     IPv6             586439      0t0       TCP aap24-control:27199->aap24-execution:40392 (ESTABLISHED)
receptor  192070    awx   10r  a_inode               0,14        0        62 inotify
receptor  192070    awx   12u     unix 0xffff9bf984154100      0t0    805069 /var/run/awx-receptor/receptor.sock type=STREAM (CONNECTED)
receptor  192070    awx   13r      REG              253,0    34119 102715180 /tmp/receptor/192.168.1.252/eSCqTNyP/stdout
nginx     196761   root    8u     IPv4             602782      0t0       TCP *:https (LISTEN)
nginx     196761   root    9u     IPv4             602783      0t0       TCP *:http (LISTEN)
nginx     196761   root   10u     IPv6             602784      0t0       TCP *:https (LISTEN)
nginx     196761   root   11u     IPv6             602785      0t0       TCP *:http (LISTEN)
nginx     196762  nginx    8u     IPv4             602782      0t0       TCP *:https (LISTEN)
nginx     196762  nginx    9u     IPv4             602783      0t0       TCP *:http (LISTEN)
nginx     196762  nginx   10u     IPv6             602784      0t0       TCP *:https (LISTEN)
nginx     196762  nginx   11u     IPv6             602785      0t0       TCP *:http (LISTEN)
nginx     196763  nginx    8u     IPv4             602782      0t0       TCP *:https (LISTEN)
nginx     196763  nginx    9u     IPv4             602783      0t0       TCP *:http (LISTEN)
nginx     196763  nginx   10u     IPv6             602784      0t0       TCP *:https (LISTEN)
nginx     196763  nginx   11u     IPv6             602785      0t0       TCP *:http (LISTEN)
nginx     196763  nginx   18u     IPv4             794590      0t0       TCP aap24-control:https->192.168.1.49:57318 (ESTABLISHED)
nginx     196763  nginx   19u     IPv4             790424      0t0       TCP aap24-control:https->192.168.1.49:49410 (ESTABLISHED)
nginx     196763  nginx   24u     IPv4             792276      0t0       TCP aap24-control:https->192.168.1.49:49422 (ESTABLISHED)
nginx     196764  nginx    8u     IPv4             602782      0t0       TCP *:https (LISTEN)
nginx     196764  nginx    9u     IPv4             602783      0t0       TCP *:http (LISTEN)
nginx     196764  nginx   10u     IPv6             602784      0t0       TCP *:https (LISTEN)
nginx     196764  nginx   11u     IPv6             602785      0t0       TCP *:http (LISTEN)
nginx     196765  nginx    8u     IPv4             602782      0t0       TCP *:https (LISTEN)
nginx     196765  nginx    9u     IPv4             602783      0t0       TCP *:http (LISTEN)
nginx     196765  nginx   10u     IPv6             602784      0t0       TCP *:https (LISTEN)
nginx     196765  nginx   11u     IPv6             602785      0t0       TCP *:http (LISTEN)
awx-manag 197339    awx   38u     IPv4             606638      0t0       TCP aap24-control:45280->aap24-database:postgres (ESTABLISHED)
awx-manag 197340    awx   29u     IPv4             626226      0t0       TCP aap24-control:47354->aap24-database:postgres (ESTABLISHED)
daphne    197342    awx   13u     IPv4             605767      0t0       TCP aap24-control:45240->aap24-database:postgres (ESTABLISHED)
awx-manag 197343    awx   17u     IPv4             607603      0t0       TCP aap24-control:45338->aap24-database:postgres (ESTABLISHED)
awx-manag 197345   root    8u     IPv4             605873      0t0       TCP aap24-control:45304->aap24-database:postgres (ESTABLISHED)
awx-manag 197345   root   14u     IPv4             605878      0t0       TCP aap24-control:45316->aap24-database:postgres (ESTABLISHED)
awx-manag 197346    awx    8u     IPv4             606592      0t0       TCP aap24-control:45256->aap24-database:postgres (ESTABLISHED)
awx-manag 197346    awx   14u     IPv4             605097      0t0       TCP aap24-control:45262->aap24-database:postgres (ESTABLISHED)
awx-manag 197541    awx   16u     IPv4             809506      0t0       TCP aap24-control:49412->aap24-database:postgres (ESTABLISHED)
awx-manag 252939    awx   38u     IPv4             606638      0t0       TCP aap24-control:45280->aap24-database:postgres (ESTABLISHED)
awx-manag 252939    awx   61u     IPv4             810338      0t0       TCP aap24-control:54316->aap24-database:postgres (ESTABLISHED)
sshd      252955   root    4u     IPv4             794664      0t0       TCP aap24-control:ssh->192.168.1.49:51510 (ESTABLISHED)
sshd      252958   root    4u     IPv4             794664      0t0       TCP aap24-control:ssh->192.168.1.49:51510 (ESTABLISHED)
awx-manag 253277    awx   38u     IPv4             606638      0t0       TCP aap24-control:45280->aap24-database:postgres (ESTABLISHED)
awx-manag 253279    awx   38u     IPv4             606638      0t0       TCP aap24-control:45280->aap24-database:postgres (ESTABLISHED)
awx-manag 253279    awx   54u     IPv4             810110      0t0       TCP aap24-control:45672->aap24-database:postgres (ESTABLISHED)
awx-manag 253281    awx   38u     IPv4             606638      0t0       TCP aap24-control:45280->aap24-database:postgres (ESTABLISHED)
awx-manag 253281    awx   69u     IPv4             810103      0t0       TCP aap24-control:45654->aap24-database:postgres (ESTABLISHED)
slirp4net 255835    awx    3u     IPv4             803607      0t0       TCP aap24-control:44570->aap25-execution.lan:ssh (ESTABLISHED)
awx-manag 256609    awx   28u     IPv4             810386      0t0       TCP aap24-control:49428->aap24-database:postgres (ESTABLISHED)
awx-manag 256609    awx   38u     IPv4             606638      0t0       TCP aap24-control:45280->aap24-database:postgres (ESTABLISHED)
awx-manag 256611    awx   33u     IPv4             808685      0t0       TCP aap24-control:45676->aap24-database:postgres (ESTABLISHED)
awx-manag 256611    awx   38u     IPv4             606638      0t0       TCP aap24-control:45280->aap24-database:postgres (ESTABLISHED)
awx-manag 256614    awx   38u     IPv4             606638      0t0       TCP aap24-control:45280->aap24-database:postgres (ESTABLISHED)

    PID    PPID CMD                           RSS    VSZ %CPU %MEM     ELAPSED
 253089       1 bash -c  log_file="/tmp/mem  3584   7260  0.0  0.0       01:32
Receptor Child Processes for PID 253089:
      PID    PPID CMD                           RSS    VSZ %CPU %MEM     ELAPSED
Receptor Threads for PID 253089:
    PID    SPID %CPU %MEM   RSS COMMAND
 253089  253089  0.0  0.0  3584 bash
Receptor Network Connections for PID 253089:
COMMAND      PID   USER   FD   TYPE DEVICE SIZE/OFF      NODE NAME
chronyd      789 chrony    5u  IPv4  13239      0t0       UDP localhost:323 
chronyd      789 chrony    6u  IPv6  13240      0t0       UDP localhost:323 
NetworkMa    792   root   26u  IPv4  22360      0t0       UDP aap24-control:bootpc->pi.hole:bootps 
sshd         859   root    3u  IPv4  22990      0t0       TCP *:ssh (LISTEN)
sshd         859   root    4u  IPv6  22992      0t0       TCP *:ssh (LISTEN)
receptor  192070    awx    8u  IPv6 587141      0t0       TCP *:27199 (LISTEN)
receptor  192070    awx    9u  IPv6 586439      0t0       TCP aap24-control:27199->aap24-execution:40392 (ESTABLISHED)
nginx     196761   root    8u  IPv4 602782      0t0       TCP *:https (LISTEN)
nginx     196761   root    9u  IPv4 602783      0t0       TCP *:http (LISTEN)
nginx     196761   root   10u  IPv6 602784      0t0       TCP *:https (LISTEN)
nginx     196761   root   11u  IPv6 602785      0t0       TCP *:http (LISTEN)
nginx     196762  nginx    8u  IPv4 602782      0t0       TCP *:https (LISTEN)
nginx     196762  nginx    9u  IPv4 602783      0t0       TCP *:http (LISTEN)
nginx     196762  nginx   10u  IPv6 602784      0t0       TCP *:https (LISTEN)
nginx     196762  nginx   11u  IPv6 602785      0t0       TCP *:http (LISTEN)
nginx     196763  nginx    8u  IPv4 602782      0t0       TCP *:https (LISTEN)
nginx     196763  nginx    9u  IPv4 602783      0t0       TCP *:http (LISTEN)
nginx     196763  nginx   10u  IPv6 602784      0t0       TCP *:https (LISTEN)
nginx     196763  nginx   11u  IPv6 602785      0t0       TCP *:http (LISTEN)
nginx     196763  nginx   18u  IPv4 794590      0t0       TCP aap24-control:https->192.168.1.49:57318 (ESTABLISHED)
nginx     196763  nginx   19u  IPv4 790424      0t0       TCP aap24-control:https->192.168.1.49:49410 (ESTABLISHED)
nginx     196763  nginx   24u  IPv4 792276      0t0       TCP aap24-control:https->192.168.1.49:49422 (ESTABLISHED)
nginx     196764  nginx    8u  IPv4 602782      0t0       TCP *:https (LISTEN)
nginx     196764  nginx    9u  IPv4 602783      0t0       TCP *:http (LISTEN)
nginx     196764  nginx   10u  IPv6 602784      0t0       TCP *:https (LISTEN)
nginx     196764  nginx   11u  IPv6 602785      0t0       TCP *:http (LISTEN)
nginx     196765  nginx    8u  IPv4 602782      0t0       TCP *:https (LISTEN)
nginx     196765  nginx    9u  IPv4 602783      0t0       TCP *:http (LISTEN)
nginx     196765  nginx   10u  IPv6 602784      0t0       TCP *:https (LISTEN)
nginx     196765  nginx   11u  IPv6 602785      0t0       TCP *:http (LISTEN)
awx-manag 197339    awx   38u  IPv4 606638      0t0       TCP aap24-control:45280->aap24-database:postgres (ESTABLISHED)
awx-manag 197340    awx   29u  IPv4 626226      0t0       TCP aap24-control:47354->aap24-database:postgres (ESTABLISHED)
daphne    197342    awx   13u  IPv4 605767      0t0       TCP aap24-control:45240->aap24-database:postgres (ESTABLISHED)
awx-manag 197343    awx   17u  IPv4 607603      0t0       TCP aap24-control:45338->aap24-database:postgres (ESTABLISHED)
awx-manag 197345   root    8u  IPv4 605873      0t0       TCP aap24-control:45304->aap24-database:postgres (ESTABLISHED)
awx-manag 197345   root   14u  IPv4 605878      0t0       TCP aap24-control:45316->aap24-database:postgres (ESTABLISHED)
awx-manag 197346    awx    8u  IPv4 606592      0t0       TCP aap24-control:45256->aap24-database:postgres (ESTABLISHED)
awx-manag 197346    awx   14u  IPv4 605097      0t0       TCP aap24-control:45262->aap24-database:postgres (ESTABLISHED)
awx-manag 197541    awx   16u  IPv4 809506      0t0       TCP aap24-control:49412->aap24-database:postgres (ESTABLISHED)
awx-manag 252939    awx   38u  IPv4 606638      0t0       TCP aap24-control:45280->aap24-database:postgres (ESTABLISHED)
awx-manag 252939    awx   61u  IPv4 810338      0t0       TCP aap24-control:54316->aap24-database:postgres (ESTABLISHED)
sshd      252955   root    4u  IPv4 794664      0t0       TCP aap24-control:ssh->192.168.1.49:51510 (ESTABLISHED)
sshd      252958   root    4u  IPv4 794664      0t0       TCP aap24-control:ssh->192.168.1.49:51510 (ESTABLISHED)
bash      253089   root  cwd    DIR  253,0      142 100663430 /root
bash      253089   root  rtd    DIR  253,0      235       128 /
bash      253089   root  txt    REG  253,0  1389072 100699101 /usr/bin/bash
bash      253089   root  mem    REG  253,0  2586930 100699387 /usr/lib/locale/en_US.utf8/LC_COLLATE
bash      253089   root  mem    REG  253,0  2544344      3530 /usr/lib64/libc.so.6
bash      253089   root  mem    REG  253,0   346132  67253521 /usr/lib/locale/C.utf8/LC_CTYPE
bash      253089   root  mem    REG  253,0       54 100699390 /usr/lib/locale/en_US.utf8/LC_NUMERIC
bash      253089   root  mem    REG  253,0     3284      3433 /usr/lib/locale/en_US.utf8/LC_TIME
bash      253089   root  mem    REG  253,0      286      3431 /usr/lib/locale/en_US.utf8/LC_MONETARY
bash      253089   root  mem    REG  253,0       57      3445 /usr/lib/locale/en_US.utf8/LC_MESSAGES/SYS_LC_MESSAGES
bash      253089   root  mem    REG  253,0    26988  33558225 /usr/lib64/gconv/gconv-modules.cache
bash      253089   root  mem    REG  253,0   195080      3141 /usr/lib64/libtinfo.so.6.2
bash      253089   root  mem    REG  253,0       34  67253758 /usr/lib/locale/en_US.utf8/LC_PAPER
bash      253089   root  mem    REG  253,0       77 100699389 /usr/lib/locale/en_US.utf8/LC_NAME
bash      253089   root  mem    REG  253,0      167      3427 /usr/lib/locale/en_US.utf8/LC_ADDRESS
bash      253089   root  mem    REG  253,0       59      3432 /usr/lib/locale/en_US.utf8/LC_TELEPHONE
bash      253089   root  mem    REG  253,0       23      3430 /usr/lib/locale/en_US.utf8/LC_MEASUREMENT
bash      253089   root  mem    REG  253,0      369      3429 /usr/lib/locale/en_US.utf8/LC_IDENTIFICATION
bash      253089   root  mem    REG  253,0   897856      3526 /usr/lib64/ld-linux-x86-64.so.2
bash      253089   root    0r   CHR    1,3      0t0         4 /dev/null
bash      253089   root    1w   REG  253,0        0  67894671 /tmp/memory_monitor.log
bash      253089   root    2w   REG  253,0        0  67894671 /tmp/memory_monitor.log
bash      253089   root    3r  FIFO   0,13      0t0    810627 pipe
awx-manag 253277    awx   38u  IPv4 606638      0t0       TCP aap24-control:45280->aap24-database:postgres (ESTABLISHED)
awx-manag 253279    awx   38u  IPv4 606638      0t0       TCP aap24-control:45280->aap24-database:postgres (ESTABLISHED)
awx-manag 253279    awx   54u  IPv4 810110      0t0       TCP aap24-control:45672->aap24-database:postgres (ESTABLISHED)
awx-manag 253281    awx   38u  IPv4 606638      0t0       TCP aap24-control:45280->aap24-database:postgres (ESTABLISHED)
awx-manag 253281    awx   69u  IPv4 810103      0t0       TCP aap24-control:45654->aap24-database:postgres (ESTABLISHED)
slirp4net 255835    awx    3u  IPv4 803607      0t0       TCP aap24-control:44570->aap25-execution.lan:ssh (ESTABLISHED)
awx-manag 256609    awx   28u  IPv4 810386      0t0       TCP aap24-control:49428->aap24-database:postgres (ESTABLISHED)
awx-manag 256609    awx   38u  IPv4 606638      0t0       TCP aap24-control:45280->aap24-database:postgres (ESTABLISHED)
awx-manag 256611    awx   33u  IPv4 808685      0t0       TCP aap24-control:45676->aap24-database:postgres (ESTABLISHED)
awx-manag 256611    awx   38u  IPv4 606638      0t0       TCP aap24-control:45280->aap24-database:postgres (ESTABLISHED)
awx-manag 256614    awx   38u  IPv4 606638      0t0       TCP aap24-control:45280->aap24-database:postgres (ESTABLISHED)

    PID    PPID CMD                           RSS    VSZ %CPU %MEM     ELAPSED
 255715  192070 /usr/bin/receptor --node id 36832 1346752 0.0  0.4       00:35
Receptor Child Processes for PID 255715:
      PID    PPID CMD                           RSS    VSZ %CPU %MEM     ELAPSED
 255723  255715 /var/lib/awx/venv/awx/bin/p 28380 106532  0.4  0.3       00:35
Receptor Threads for PID 255715:
    PID    SPID %CPU %MEM   RSS COMMAND
 255715  255715  0.0  0.4 36832 receptor
 255715  255716  0.0  0.4 36832 receptor
 255715  255717  0.0  0.4 36832 receptor
 255715  255718  0.0  0.4 36832 receptor
 255715  255719  0.0  0.4 36832 receptor
 255715  255720  0.0  0.4 36832 receptor
 255715  255721  0.0  0.4 36832 receptor
 255715  255722  0.0  0.4 36832 receptor
 255715  255724  0.0  0.4 36832 receptor
Receptor Network Connections for PID 255715:
COMMAND      PID   USER   FD      TYPE DEVICE SIZE/OFF      NODE NAME
chronyd      789 chrony    5u     IPv4  13239      0t0       UDP localhost:323 
chronyd      789 chrony    6u     IPv6  13240      0t0       UDP localhost:323 
NetworkMa    792   root   26u     IPv4  22360      0t0       UDP aap24-control:bootpc->pi.hole:bootps 
sshd         859   root    3u     IPv4  22990      0t0       TCP *:ssh (LISTEN)
sshd         859   root    4u     IPv6  22992      0t0       TCP *:ssh (LISTEN)
receptor  192070    awx    8u     IPv6 587141      0t0       TCP *:27199 (LISTEN)
receptor  192070    awx    9u     IPv6 586439      0t0       TCP aap24-control:27199->aap24-execution:40392 (ESTABLISHED)
nginx     196761   root    8u     IPv4 602782      0t0       TCP *:https (LISTEN)
nginx     196761   root    9u     IPv4 602783      0t0       TCP *:http (LISTEN)
nginx     196761   root   10u     IPv6 602784      0t0       TCP *:https (LISTEN)
nginx     196761   root   11u     IPv6 602785      0t0       TCP *:http (LISTEN)
nginx     196762  nginx    8u     IPv4 602782      0t0       TCP *:https (LISTEN)
nginx     196762  nginx    9u     IPv4 602783      0t0       TCP *:http (LISTEN)
nginx     196762  nginx   10u     IPv6 602784      0t0       TCP *:https (LISTEN)
nginx     196762  nginx   11u     IPv6 602785      0t0       TCP *:http (LISTEN)
nginx     196763  nginx    8u     IPv4 602782      0t0       TCP *:https (LISTEN)
nginx     196763  nginx    9u     IPv4 602783      0t0       TCP *:http (LISTEN)
nginx     196763  nginx   10u     IPv6 602784      0t0       TCP *:https (LISTEN)
nginx     196763  nginx   11u     IPv6 602785      0t0       TCP *:http (LISTEN)
nginx     196763  nginx   18u     IPv4 794590      0t0       TCP aap24-control:https->192.168.1.49:57318 (ESTABLISHED)
nginx     196763  nginx   19u     IPv4 790424      0t0       TCP aap24-control:https->192.168.1.49:49410 (ESTABLISHED)
nginx     196763  nginx   24u     IPv4 792276      0t0       TCP aap24-control:https->192.168.1.49:49422 (ESTABLISHED)
nginx     196764  nginx    8u     IPv4 602782      0t0       TCP *:https (LISTEN)
nginx     196764  nginx    9u     IPv4 602783      0t0       TCP *:http (LISTEN)
nginx     196764  nginx   10u     IPv6 602784      0t0       TCP *:https (LISTEN)
nginx     196764  nginx   11u     IPv6 602785      0t0       TCP *:http (LISTEN)
nginx     196765  nginx    8u     IPv4 602782      0t0       TCP *:https (LISTEN)
nginx     196765  nginx    9u     IPv4 602783      0t0       TCP *:http (LISTEN)
nginx     196765  nginx   10u     IPv6 602784      0t0       TCP *:https (LISTEN)
nginx     196765  nginx   11u     IPv6 602785      0t0       TCP *:http (LISTEN)
awx-manag 197339    awx   38u     IPv4 606638      0t0       TCP aap24-control:45280->aap24-database:postgres (ESTABLISHED)
awx-manag 197340    awx   29u     IPv4 626226      0t0       TCP aap24-control:47354->aap24-database:postgres (ESTABLISHED)
daphne    197342    awx   13u     IPv4 605767      0t0       TCP aap24-control:45240->aap24-database:postgres (ESTABLISHED)
awx-manag 197343    awx   17u     IPv4 607603      0t0       TCP aap24-control:45338->aap24-database:postgres (ESTABLISHED)
awx-manag 197345   root    8u     IPv4 605873      0t0       TCP aap24-control:45304->aap24-database:postgres (ESTABLISHED)
awx-manag 197345   root   14u     IPv4 605878      0t0       TCP aap24-control:45316->aap24-database:postgres (ESTABLISHED)
awx-manag 197346    awx    8u     IPv4 606592      0t0       TCP aap24-control:45256->aap24-database:postgres (ESTABLISHED)
awx-manag 197346    awx   14u     IPv4 605097      0t0       TCP aap24-control:45262->aap24-database:postgres (ESTABLISHED)
awx-manag 197541    awx   16u     IPv4 809506      0t0       TCP aap24-control:49412->aap24-database:postgres (ESTABLISHED)
awx-manag 252939    awx   38u     IPv4 606638      0t0       TCP aap24-control:45280->aap24-database:postgres (ESTABLISHED)
awx-manag 252939    awx   61u     IPv4 810338      0t0       TCP aap24-control:54316->aap24-database:postgres (ESTABLISHED)
sshd      252955   root    4u     IPv4 794664      0t0       TCP aap24-control:ssh->192.168.1.49:51510 (ESTABLISHED)
sshd      252958   root    4u     IPv4 794664      0t0       TCP aap24-control:ssh->192.168.1.49:51510 (ESTABLISHED)
awx-manag 253277    awx   38u     IPv4 606638      0t0       TCP aap24-control:45280->aap24-database:postgres (ESTABLISHED)
awx-manag 253279    awx   38u     IPv4 606638      0t0       TCP aap24-control:45280->aap24-database:postgres (ESTABLISHED)
awx-manag 253279    awx   54u     IPv4 810110      0t0       TCP aap24-control:45672->aap24-database:postgres (ESTABLISHED)
awx-manag 253281    awx   38u     IPv4 606638      0t0       TCP aap24-control:45280->aap24-database:postgres (ESTABLISHED)
awx-manag 253281    awx   69u     IPv4 810103      0t0       TCP aap24-control:45654->aap24-database:postgres (ESTABLISHED)
receptor  255715    awx  cwd       DIR  253,0      235       128 /
receptor  255715    awx  rtd       DIR  253,0      235       128 /
receptor  255715    awx  txt       REG  253,0 54652712 100691309 /usr/bin/receptor
receptor  255715    awx  mem       REG  253,0  5436640     28515 /usr/lib64/libcrypto.so.3.2.2
receptor  255715    awx  mem       REG  253,0  2544344      3530 /usr/lib64/libc.so.6
receptor  255715    awx  mem       REG  253,0   102552      3550 /usr/lib64/libz.so.1.2.11
receptor  255715    awx  mem       REG  253,0   897856      3526 /usr/lib64/ld-linux-x86-64.so.2
receptor  255715    awx    0r      CHR    1,3      0t0         4 /dev/null
receptor  255715    awx    1w      REG  253,0     8485  34641330 /var/log/receptor/receptor.log
receptor  255715    awx    2w      REG  253,0     8485  34641330 /var/log/receptor/receptor.log
receptor  255715    awx    3r      REG  253,0     2192 102715179 /tmp/receptor/192.168.1.252/eSCqTNyP/stdin
receptor  255715    awx    4u  a_inode   0,14        0        62 [eventpoll:5]
receptor  255715    awx    5r     FIFO   0,13      0t0    803154 pipe
receptor  255715    awx    6w     FIFO   0,13      0t0    803154 pipe
receptor  255715    awx    7w      REG  253,0    34119 102715180 /tmp/receptor/192.168.1.252/eSCqTNyP/stdout
slirp4net 255835    awx    3u     IPv4 803607      0t0       TCP aap24-control:44570->aap25-execution.lan:ssh (ESTABLISHED)
awx-manag 256609    awx   28u     IPv4 810386      0t0       TCP aap24-control:49428->aap24-database:postgres (ESTABLISHED)
awx-manag 256609    awx   38u     IPv4 606638      0t0       TCP aap24-control:45280->aap24-database:postgres (ESTABLISHED)
awx-manag 256611    awx   33u     IPv4 808685      0t0       TCP aap24-control:45676->aap24-database:postgres (ESTABLISHED)
awx-manag 256611    awx   38u     IPv4 606638      0t0       TCP aap24-control:45280->aap24-database:postgres (ESTABLISHED)
awx-manag 256614    awx   38u     IPv4 606638      0t0       TCP aap24-control:45280->aap24-database:postgres (ESTABLISHED)

    PID    PPID CMD                           RSS    VSZ %CPU %MEM     ELAPSED
Receptor Child Processes for PID 257170:
  No child processes found
Receptor Threads for PID 257170:
    PID    SPID %CPU %MEM   RSS COMMAND
Receptor Network Connections for PID 257170:
COMMAND      PID   USER   FD   TYPE DEVICE SIZE/OFF NODE NAME
chronyd      789 chrony    5u  IPv4  13239      0t0  UDP localhost:323 
chronyd      789 chrony    6u  IPv6  13240      0t0  UDP localhost:323 
NetworkMa    792   root   26u  IPv4  22360      0t0  UDP aap24-control:bootpc->pi.hole:bootps 
sshd         859   root    3u  IPv4  22990      0t0  TCP *:ssh (LISTEN)
sshd         859   root    4u  IPv6  22992      0t0  TCP *:ssh (LISTEN)
receptor  192070    awx    8u  IPv6 587141      0t0  TCP *:27199 (LISTEN)
receptor  192070    awx    9u  IPv6 586439      0t0  TCP aap24-control:27199->aap24-execution:40392 (ESTABLISHED)
nginx     196761   root    8u  IPv4 602782      0t0  TCP *:https (LISTEN)
nginx     196761   root    9u  IPv4 602783      0t0  TCP *:http (LISTEN)
nginx     196761   root   10u  IPv6 602784      0t0  TCP *:https (LISTEN)
nginx     196761   root   11u  IPv6 602785      0t0  TCP *:http (LISTEN)
nginx     196762  nginx    8u  IPv4 602782      0t0  TCP *:https (LISTEN)
nginx     196762  nginx    9u  IPv4 602783      0t0  TCP *:http (LISTEN)
nginx     196762  nginx   10u  IPv6 602784      0t0  TCP *:https (LISTEN)
nginx     196762  nginx   11u  IPv6 602785      0t0  TCP *:http (LISTEN)
nginx     196763  nginx    8u  IPv4 602782      0t0  TCP *:https (LISTEN)
nginx     196763  nginx    9u  IPv4 602783      0t0  TCP *:http (LISTEN)
nginx     196763  nginx   10u  IPv6 602784      0t0  TCP *:https (LISTEN)
nginx     196763  nginx   11u  IPv6 602785      0t0  TCP *:http (LISTEN)
nginx     196763  nginx   18u  IPv4 794590      0t0  TCP aap24-control:https->192.168.1.49:57318 (ESTABLISHED)
nginx     196763  nginx   19u  IPv4 790424      0t0  TCP aap24-control:https->192.168.1.49:49410 (ESTABLISHED)
nginx     196763  nginx   24u  IPv4 792276      0t0  TCP aap24-control:https->192.168.1.49:49422 (ESTABLISHED)
nginx     196764  nginx    8u  IPv4 602782      0t0  TCP *:https (LISTEN)
nginx     196764  nginx    9u  IPv4 602783      0t0  TCP *:http (LISTEN)
nginx     196764  nginx   10u  IPv6 602784      0t0  TCP *:https (LISTEN)
nginx     196764  nginx   11u  IPv6 602785      0t0  TCP *:http (LISTEN)
nginx     196765  nginx    8u  IPv4 602782      0t0  TCP *:https (LISTEN)
nginx     196765  nginx    9u  IPv4 602783      0t0  TCP *:http (LISTEN)
nginx     196765  nginx   10u  IPv6 602784      0t0  TCP *:https (LISTEN)
nginx     196765  nginx   11u  IPv6 602785      0t0  TCP *:http (LISTEN)
awx-manag 197339    awx   38u  IPv4 606638      0t0  TCP aap24-control:45280->aap24-database:postgres (ESTABLISHED)
awx-manag 197340    awx   29u  IPv4 626226      0t0  TCP aap24-control:47354->aap24-database:postgres (ESTABLISHED)
daphne    197342    awx   13u  IPv4 605767      0t0  TCP aap24-control:45240->aap24-database:postgres (ESTABLISHED)
awx-manag 197343    awx   17u  IPv4 607603      0t0  TCP aap24-control:45338->aap24-database:postgres (ESTABLISHED)
awx-manag 197345   root    8u  IPv4 605873      0t0  TCP aap24-control:45304->aap24-database:postgres (ESTABLISHED)
awx-manag 197345   root   14u  IPv4 605878      0t0  TCP aap24-control:45316->aap24-database:postgres (ESTABLISHED)
awx-manag 197346    awx    8u  IPv4 606592      0t0  TCP aap24-control:45256->aap24-database:postgres (ESTABLISHED)
awx-manag 197346    awx   14u  IPv4 605097      0t0  TCP aap24-control:45262->aap24-database:postgres (ESTABLISHED)
awx-manag 197541    awx   16u  IPv4 809506      0t0  TCP aap24-control:49412->aap24-database:postgres (ESTABLISHED)
awx-manag 252939    awx   38u  IPv4 606638      0t0  TCP aap24-control:45280->aap24-database:postgres (ESTABLISHED)
awx-manag 252939    awx   61u  IPv4 810338      0t0  TCP aap24-control:54316->aap24-database:postgres (ESTABLISHED)
sshd      252955   root    4u  IPv4 794664      0t0  TCP aap24-control:ssh->192.168.1.49:51510 (ESTABLISHED)
sshd      252958   root    4u  IPv4 794664      0t0  TCP aap24-control:ssh->192.168.1.49:51510 (ESTABLISHED)
awx-manag 253277    awx   38u  IPv4 606638      0t0  TCP aap24-control:45280->aap24-database:postgres (ESTABLISHED)
awx-manag 253279    awx   38u  IPv4 606638      0t0  TCP aap24-control:45280->aap24-database:postgres (ESTABLISHED)
awx-manag 253279    awx   54u  IPv4 810110      0t0  TCP aap24-control:45672->aap24-database:postgres (ESTABLISHED)
awx-manag 253281    awx   38u  IPv4 606638      0t0  TCP aap24-control:45280->aap24-database:postgres (ESTABLISHED)
awx-manag 253281    awx   69u  IPv4 810103      0t0  TCP aap24-control:45654->aap24-database:postgres (ESTABLISHED)
slirp4net 255835    awx    3u  IPv4 803607      0t0  TCP aap24-control:44570->aap25-execution.lan:ssh (ESTABLISHED)
awx-manag 256609    awx   28u  IPv4 810386      0t0  TCP aap24-control:49428->aap24-database:postgres (ESTABLISHED)
awx-manag 256609    awx   38u  IPv4 606638      0t0  TCP aap24-control:45280->aap24-database:postgres (ESTABLISHED)
awx-manag 256611    awx   33u  IPv4 808685      0t0  TCP aap24-control:45676->aap24-database:postgres (ESTABLISHED)
awx-manag 256611    awx   38u  IPv4 606638      0t0  TCP aap24-control:45280->aap24-database:postgres (ESTABLISHED)
awx-manag 256614    awx   38u  IPv4 606638      0t0  TCP aap24-control:45280->aap24-database:postgres (ESTABLISHED)
  No network connections found

=== RECEPTOR MEMORY SUMMARY ===
Total Receptor RSS Memory: 152508 KB (148 MB)
Total Receptor VSZ Memory: 4155200 KB (4057 MB)
Number of Receptor Processes: 4

AAP-related Processes and Children:
=== AAP Service Processes ===
Process: redis-server (PID: 135959)
    PID    PPID CMD                           RSS
 135959       1 /usr/bin/redis-server unixs 13184

Process: receptor (PID: 192070)
    PID    PPID CMD                           RSS
 192070       1 /usr/bin/receptor -c /etc/r 46880
  Children of PID 192070:
    PID    PPID CMD                           RSS
 255715  192070 /usr/bin/receptor --node id 36832

Process: nginx (PID: 196761)
    PID    PPID CMD                           RSS
 196761       1 nginx: master process /usr/  2124
  Children of PID 196761:
    PID    PPID CMD                           RSS
 196762  196761 nginx: worker process        4044
    PID    PPID CMD                           RSS
 196763  196761 nginx: worker process        8524
    PID    PPID CMD                           RSS
 196764  196761 nginx: worker process        8140
    PID    PPID CMD                           RSS
 196765  196761 nginx: worker process        8524

Process: nginx (PID: 196762)
    PID    PPID CMD                           RSS
 196762  196761 nginx: worker process        4044

Process: nginx (PID: 196763)
    PID    PPID CMD                           RSS
 196763  196761 nginx: worker process        8524

Process: nginx (PID: 196764)
    PID    PPID CMD                           RSS
 196764  196761 nginx: worker process        8140

Process: nginx (PID: 196765)
    PID    PPID CMD                           RSS
 196765  196761 nginx: worker process        8524

Process: uwsgi (PID: 197341)
    PID    PPID CMD                           RSS
 197341  197177 /var/lib/awx/venv/awx/bin/u 103452
  Children of PID 197341:
    PID    PPID CMD                           RSS
 253044  197341 /var/lib/awx/venv/awx/bin/u 116216
    PID    PPID CMD                           RSS
 253045  197341 /var/lib/awx/venv/awx/bin/u 123640
    PID    PPID CMD                           RSS
 253046  197341 /var/lib/awx/venv/awx/bin/u 118136
    PID    PPID CMD                           RSS
 253047  197341 /var/lib/awx/venv/awx/bin/u 117880

Process: uwsgi (PID: 253044)
    PID    PPID CMD                           RSS
 253044  197341 /var/lib/awx/venv/awx/bin/u 116216

Process: uwsgi (PID: 253045)
    PID    PPID CMD                           RSS
 253045  197341 /var/lib/awx/venv/awx/bin/u 123640

Process: uwsgi (PID: 253046)
    PID    PPID CMD                           RSS
 253046  197341 /var/lib/awx/venv/awx/bin/u 118136

Process: uwsgi (PID: 253047)
    PID    PPID CMD                           RSS
 253047  197341 /var/lib/awx/venv/awx/bin/u 117880

Process: bash (PID: 253089)
    PID    PPID CMD                           RSS
 253089       1 bash -c  log_file="/tmp/mem  3584
  Children of PID 253089:
    PID    PPID CMD                           RSS
 257291  253089 bash -c  log_file="/tmp/mem  2364

Process: receptor (PID: 255715)
    PID    PPID CMD                           RSS
 255715  192070 /usr/bin/receptor --node id 36832
  Children of PID 255715:
    PID    PPID CMD                           RSS
 255723  255715 /var/lib/awx/venv/awx/bin/p 28380

Process: bash (PID: 257291)
    PID    PPID CMD                           RSS
 257291  253089 bash -c  log_file="/tmp/mem  2364
  Children of PID 257291:
    PID    PPID CMD                           RSS


Process Tree for AAP Services:
=== automation-controller Process Tree ===
bash(253089)---pstree(257351)
=== receptor Process Tree ===
receptor(192070)-+-receptor(255715)-+-ansible-runner(255723)---podman(255756)-+-exe(255770)-+-slirp4netns(255835)
                 |                  |                                         |             |-{exe}(255783)
                 |                  |                                         |             |-{exe}(255784)
                 |                  |                                         |             |-{exe}(255786)
                 |                  |                                         |             |-{exe}(255787)
                 |                  |                                         |             |-{exe}(255800)
                 |                  |                                         |             |-{exe}(255802)
                 |                  |                                         |             |-{exe}(255831)
                 |                  |                                         |             |-{exe}(255832)
                 |                  |                                         |             `-{exe}(255846)
                 |                  |                                         |-{podman}(255757)
                 |                  |                                         |-{podman}(255758)
                 |                  |                                         |-{podman}(255759)
                 |                  |                                         |-{podman}(255760)
                 |                  |                                         |-{podman}(255761)
                 |                  |                                         |-{podman}(255762)
                 |                  |                                         |-{podman}(255764)
                 |                  |                                         |-{podman}(255772)
                 |                  |                                         `-{podman}(255774)
                 |                  |-{receptor}(255716)
                 |                  |-{receptor}(255717)
                 |                  |-{receptor}(255718)
                 |                  |-{receptor}(255719)
                 |                  |-{receptor}(255720)
                 |                  |-{receptor}(255721)
                 |                  |-{receptor}(255722)
                 |                  `-{receptor}(255724)
                 |-{receptor}(192072)
                 |-{receptor}(192073)
                 |-{receptor}(192074)
                 |-{receptor}(192075)
                 |-{receptor}(192076)
                 |-{receptor}(192077)
                 |-{receptor}(201640)
                 `-{receptor}(202660)
bash(253089)---pstree(257356)
receptor(255715)-+-ansible-runner(255723)---podman(255756)-+-exe(255770)-+-slirp4netns(255835)
                 |                                         |             |-{exe}(255783)
                 |                                         |             |-{exe}(255784)
                 |                                         |             |-{exe}(255786)
                 |                                         |             |-{exe}(255787)
                 |                                         |             |-{exe}(255800)
                 |                                         |             |-{exe}(255802)
                 |                                         |             |-{exe}(255831)
                 |                                         |             |-{exe}(255832)
                 |                                         |             `-{exe}(255846)
                 |                                         |-{podman}(255757)
                 |                                         |-{podman}(255758)
                 |                                         |-{podman}(255759)
                 |                                         |-{podman}(255760)
                 |                                         |-{podman}(255761)
                 |                                         |-{podman}(255762)
                 |                                         |-{podman}(255764)
                 |                                         |-{podman}(255772)
                 |                                         `-{podman}(255774)
                 |-{receptor}(255716)
                 |-{receptor}(255717)
                 |-{receptor}(255718)
                 |-{receptor}(255719)
                 |-{receptor}(255720)
                 |-{receptor}(255721)
                 |-{receptor}(255722)
                 `-{receptor}(255724)
=== nginx Process Tree ===
nginx(196761)-+-nginx(196762)
              |-nginx(196763)
              |-nginx(196764)
              `-nginx(196765)
nginx(196762)
nginx(196763)
nginx(196764)
nginx(196765)
bash(253089)---pstree(257366)
=== postgresql Process Tree ===
bash(253089)---pstree(257370)
=== redis Process Tree ===
redis-server(135959)-+-{redis-server}(135960)
                     |-{redis-server}(135961)
                     |-{redis-server}(135962)
                     `-{redis-server}(135963)
bash(253089)---pstree(257375)
=== uwsgi Process Tree ===
uwsgi(197341)-+-uwsgi(253044)
              |-uwsgi(253045)
              |-uwsgi(253046)
              `-uwsgi(253047)
uwsgi(253044)
uwsgi(253045)
uwsgi(253046)
uwsgi(253047)
bash(253089)---pstree(257384)
=== automation-hub Process Tree ===
bash(253089)---pstree(257388)
=== automation-eda Process Tree ===
bash(253089)---pstree(257392)

=================================================================================
2025-07-07 15:53:18
Memory Usage Report:
               total        used        free      shared  buff/cache   available
Mem:            7681        2350        1327          20        4321        5330
Swap:           8067           0        8067

Top 10 Processes by RSS Memory:
    PID    PPID CMD                           RSS
 197339  197177 /var/lib/awx/venv/awx/bin/p 133580
 197340  197177 /var/lib/awx/venv/awx/bin/p 131572
 197345  197177 /var/lib/awx/venv/awx/bin/p 130276
 253277  197339 /var/lib/awx/venv/awx/bin/p 130116
 256614  197339 /var/lib/awx/venv/awx/bin/p 126532
 197343  197177 /var/lib/awx/venv/awx/bin/p 125912
 256609  197339 /var/lib/awx/venv/awx/bin/p 125892
 197532  197340 /var/lib/awx/venv/awx/bin/p 125636
 197536  197340 /var/lib/awx/venv/awx/bin/p 125404
 197535  197340 /var/lib/awx/venv/awx/bin/p 125396

=== RECEPTOR PROCESS ANALYSIS ===
Receptor Main Processes:
    PID    PPID CMD                           RSS    VSZ %CPU %MEM     ELAPSED
 192070       1 /usr/bin/receptor -c /etc/r 46880 1347904 0.1  0.5    01:02:56
Receptor Child Processes for PID 192070:
      PID    PPID CMD                           RSS    VSZ %CPU %MEM     ELAPSED
 255715  192070 /usr/bin/receptor --node id 37728 1420804 0.0  0.4       01:06
Receptor Threads for PID 192070:
    PID    SPID %CPU %MEM   RSS COMMAND
 192070  192070  0.0  0.5 46880 receptor
 192070  192072  0.0  0.5 46880 receptor
 192070  192073  0.0  0.5 46880 receptor
 192070  192074  0.0  0.5 46880 receptor
 192070  192075  0.0  0.5 46880 receptor
 192070  192076  0.0  0.5 46880 receptor
 192070  192077  0.0  0.5 46880 receptor
 192070  201640  0.0  0.5 46880 receptor
 192070  202660  0.0  0.5 46880 receptor
Receptor Network Connections for PID 192070:
COMMAND      PID   USER   FD      TYPE             DEVICE SIZE/OFF      NODE NAME
chronyd      789 chrony    5u     IPv4              13239      0t0       UDP localhost:323 
chronyd      789 chrony    6u     IPv6              13240      0t0       UDP localhost:323 
NetworkMa    792   root   26u     IPv4              22360      0t0       UDP aap24-control:bootpc->pi.hole:bootps 
sshd         859   root    3u     IPv4              22990      0t0       TCP *:ssh (LISTEN)
sshd         859   root    4u     IPv6              22992      0t0       TCP *:ssh (LISTEN)
receptor  192070    awx  cwd       DIR              253,0      235       128 /
receptor  192070    awx  rtd       DIR              253,0      235       128 /
receptor  192070    awx  txt       REG              253,0 54652712 100691309 /usr/bin/receptor
receptor  192070    awx  mem       REG              253,0  5436640     28515 /usr/lib64/libcrypto.so.3.2.2
receptor  192070    awx  mem       REG              253,0  2544344      3530 /usr/lib64/libc.so.6
receptor  192070    awx  mem       REG              253,0   102552      3550 /usr/lib64/libz.so.1.2.11
receptor  192070    awx  mem       REG              253,0   897856      3526 /usr/lib64/ld-linux-x86-64.so.2
receptor  192070    awx    0r      CHR                1,3      0t0         4 /dev/null
receptor  192070    awx    1w      REG              253,0     8485  34641330 /var/log/receptor/receptor.log
receptor  192070    awx    2w      REG              253,0     8485  34641330 /var/log/receptor/receptor.log
receptor  192070    awx    3rW     REG               0,23        0      2816 /run/awx-receptor/receptor.sock.lock
receptor  192070    awx    4u  a_inode               0,14        0        62 [eventpoll:5,7,8,9,10,12]
receptor  192070    awx    5r     FIFO               0,13      0t0    584296 pipe
receptor  192070    awx    6w     FIFO               0,13      0t0    584296 pipe
receptor  192070    awx    7u     unix 0xffff9bf94dcae400      0t0    585091 /var/run/awx-receptor/receptor.sock type=STREAM (LISTEN)
receptor  192070    awx    8u     IPv6             587141      0t0       TCP *:27199 (LISTEN)
receptor  192070    awx    9u     IPv6             586439      0t0       TCP aap24-control:27199->aap24-execution:40392 (ESTABLISHED)
receptor  192070    awx   10r  a_inode               0,14        0        62 inotify
receptor  192070    awx   12u     unix 0xffff9bf984154100      0t0    805069 /var/run/awx-receptor/receptor.sock type=STREAM (CONNECTED)
receptor  192070    awx   13r      REG              253,0    34119 102715180 /tmp/receptor/192.168.1.252/eSCqTNyP/stdout
nginx     196761   root    8u     IPv4             602782      0t0       TCP *:https (LISTEN)
nginx     196761   root    9u     IPv4             602783      0t0       TCP *:http (LISTEN)
nginx     196761   root   10u     IPv6             602784      0t0       TCP *:https (LISTEN)
nginx     196761   root   11u     IPv6             602785      0t0       TCP *:http (LISTEN)
nginx     196762  nginx    8u     IPv4             602782      0t0       TCP *:https (LISTEN)
nginx     196762  nginx    9u     IPv4             602783      0t0       TCP *:http (LISTEN)
nginx     196762  nginx   10u     IPv6             602784      0t0       TCP *:https (LISTEN)
nginx     196762  nginx   11u     IPv6             602785      0t0       TCP *:http (LISTEN)
nginx     196763  nginx    8u     IPv4             602782      0t0       TCP *:https (LISTEN)
nginx     196763  nginx    9u     IPv4             602783      0t0       TCP *:http (LISTEN)
nginx     196763  nginx   10u     IPv6             602784      0t0       TCP *:https (LISTEN)
nginx     196763  nginx   11u     IPv6             602785      0t0       TCP *:http (LISTEN)
nginx     196763  nginx   18u     IPv4             794590      0t0       TCP aap24-control:https->192.168.1.49:57318 (ESTABLISHED)
nginx     196763  nginx   19u     IPv4             790424      0t0       TCP aap24-control:https->192.168.1.49:49410 (ESTABLISHED)
nginx     196763  nginx   24u     IPv4             792276      0t0       TCP aap24-control:https->192.168.1.49:49422 (ESTABLISHED)
nginx     196764  nginx    8u     IPv4             602782      0t0       TCP *:https (LISTEN)
nginx     196764  nginx    9u     IPv4             602783      0t0       TCP *:http (LISTEN)
nginx     196764  nginx   10u     IPv6             602784      0t0       TCP *:https (LISTEN)
nginx     196764  nginx   11u     IPv6             602785      0t0       TCP *:http (LISTEN)
nginx     196765  nginx    8u     IPv4             602782      0t0       TCP *:https (LISTEN)
nginx     196765  nginx    9u     IPv4             602783      0t0       TCP *:http (LISTEN)
nginx     196765  nginx   10u     IPv6             602784      0t0       TCP *:https (LISTEN)
nginx     196765  nginx   11u     IPv6             602785      0t0       TCP *:http (LISTEN)
awx-manag 197339    awx   38u     IPv4             606638      0t0       TCP aap24-control:45280->aap24-database:postgres (ESTABLISHED)
awx-manag 197340    awx   29u     IPv4             626226      0t0       TCP aap24-control:47354->aap24-database:postgres (ESTABLISHED)
daphne    197342    awx   13u     IPv4             605767      0t0       TCP aap24-control:45240->aap24-database:postgres (ESTABLISHED)
awx-manag 197343    awx   17u     IPv4             607603      0t0       TCP aap24-control:45338->aap24-database:postgres (ESTABLISHED)
awx-manag 197345   root    8u     IPv4             605873      0t0       TCP aap24-control:45304->aap24-database:postgres (ESTABLISHED)
awx-manag 197345   root   14u     IPv4             605878      0t0       TCP aap24-control:45316->aap24-database:postgres (ESTABLISHED)
awx-manag 197346    awx    8u     IPv4             606592      0t0       TCP aap24-control:45256->aap24-database:postgres (ESTABLISHED)
awx-manag 197346    awx   14u     IPv4             605097      0t0       TCP aap24-control:45262->aap24-database:postgres (ESTABLISHED)
awx-manag 197541    awx   16u     IPv4             814169      0t0       TCP aap24-control:60912->aap24-database:postgres (ESTABLISHED)
sshd      252955   root    4u     IPv4             794664      0t0       TCP aap24-control:ssh->192.168.1.49:51510 (ESTABLISHED)
sshd      252958   root    4u     IPv4             794664      0t0       TCP aap24-control:ssh->192.168.1.49:51510 (ESTABLISHED)
awx-manag 253277    awx   38u     IPv4             606638      0t0       TCP aap24-control:45280->aap24-database:postgres (ESTABLISHED)
slirp4net 255835    awx    3u     IPv4             803607      0t0       TCP aap24-control:44570->aap25-execution.lan:ssh (ESTABLISHED)
awx-manag 256609    awx   28u     IPv4             812541      0t0       TCP aap24-control:60948->aap24-database:postgres (ESTABLISHED)
awx-manag 256609    awx   38u     IPv4             606638      0t0       TCP aap24-control:45280->aap24-database:postgres (ESTABLISHED)
awx-manag 256611    awx   33u     IPv4             811674      0t0       TCP aap24-control:60924->aap24-database:postgres (ESTABLISHED)
awx-manag 256611    awx   38u     IPv4             606638      0t0       TCP aap24-control:45280->aap24-database:postgres (ESTABLISHED)
awx-manag 256614    awx   38u     IPv4             606638      0t0       TCP aap24-control:45280->aap24-database:postgres (ESTABLISHED)
awx-manag 256614    awx   48u     IPv4             811678      0t0       TCP aap24-control:60932->aap24-database:postgres (ESTABLISHED)
awx-manag 257901    awx   38u     IPv4             606638      0t0       TCP aap24-control:45280->aap24-database:postgres (ESTABLISHED)
awx-manag 257901    awx   46u     IPv4             813333      0t0       TCP aap24-control:60930->aap24-database:postgres (ESTABLISHED)
awx-manag 257903    awx   38u     IPv4             606638      0t0       TCP aap24-control:45280->aap24-database:postgres (ESTABLISHED)
awx-manag 257903    awx   52u     IPv4             814184      0t0       TCP aap24-control:60958->aap24-database:postgres (ESTABLISHED)
awx-manag 257905    awx   38u     IPv4             606638      0t0       TCP aap24-control:45280->aap24-database:postgres (ESTABLISHED)

    PID    PPID CMD                           RSS    VSZ %CPU %MEM     ELAPSED
 253089       1 bash -c  log_file="/tmp/mem  3584   7260  0.0  0.0       02:03
Receptor Child Processes for PID 253089:
      PID    PPID CMD                           RSS    VSZ %CPU %MEM     ELAPSED
Receptor Threads for PID 253089:
    PID    SPID %CPU %MEM   RSS COMMAND
 253089  253089  0.0  0.0  3584 bash
Receptor Network Connections for PID 253089:
COMMAND      PID   USER   FD   TYPE DEVICE SIZE/OFF      NODE NAME
chronyd      789 chrony    5u  IPv4  13239      0t0       UDP localhost:323 
chronyd      789 chrony    6u  IPv6  13240      0t0       UDP localhost:323 
NetworkMa    792   root   26u  IPv4  22360      0t0       UDP aap24-control:bootpc->pi.hole:bootps 
sshd         859   root    3u  IPv4  22990      0t0       TCP *:ssh (LISTEN)
sshd         859   root    4u  IPv6  22992      0t0       TCP *:ssh (LISTEN)
receptor  192070    awx    8u  IPv6 587141      0t0       TCP *:27199 (LISTEN)
receptor  192070    awx    9u  IPv6 586439      0t0       TCP aap24-control:27199->aap24-execution:40392 (ESTABLISHED)
nginx     196761   root    8u  IPv4 602782      0t0       TCP *:https (LISTEN)
nginx     196761   root    9u  IPv4 602783      0t0       TCP *:http (LISTEN)
nginx     196761   root   10u  IPv6 602784      0t0       TCP *:https (LISTEN)
nginx     196761   root   11u  IPv6 602785      0t0       TCP *:http (LISTEN)
nginx     196762  nginx    8u  IPv4 602782      0t0       TCP *:https (LISTEN)
nginx     196762  nginx    9u  IPv4 602783      0t0       TCP *:http (LISTEN)
nginx     196762  nginx   10u  IPv6 602784      0t0       TCP *:https (LISTEN)
nginx     196762  nginx   11u  IPv6 602785      0t0       TCP *:http (LISTEN)
nginx     196763  nginx    8u  IPv4 602782      0t0       TCP *:https (LISTEN)
nginx     196763  nginx    9u  IPv4 602783      0t0       TCP *:http (LISTEN)
nginx     196763  nginx   10u  IPv6 602784      0t0       TCP *:https (LISTEN)
nginx     196763  nginx   11u  IPv6 602785      0t0       TCP *:http (LISTEN)
nginx     196763  nginx   18u  IPv4 794590      0t0       TCP aap24-control:https->192.168.1.49:57318 (ESTABLISHED)
nginx     196763  nginx   19u  IPv4 790424      0t0       TCP aap24-control:https->192.168.1.49:49410 (ESTABLISHED)
nginx     196763  nginx   24u  IPv4 792276      0t0       TCP aap24-control:https->192.168.1.49:49422 (ESTABLISHED)
nginx     196764  nginx    8u  IPv4 602782      0t0       TCP *:https (LISTEN)
nginx     196764  nginx    9u  IPv4 602783      0t0       TCP *:http (LISTEN)
nginx     196764  nginx   10u  IPv6 602784      0t0       TCP *:https (LISTEN)
nginx     196764  nginx   11u  IPv6 602785      0t0       TCP *:http (LISTEN)
nginx     196765  nginx    8u  IPv4 602782      0t0       TCP *:https (LISTEN)
nginx     196765  nginx    9u  IPv4 602783      0t0       TCP *:http (LISTEN)
nginx     196765  nginx   10u  IPv6 602784      0t0       TCP *:https (LISTEN)
nginx     196765  nginx   11u  IPv6 602785      0t0       TCP *:http (LISTEN)
awx-manag 197339    awx   38u  IPv4 606638      0t0       TCP aap24-control:45280->aap24-database:postgres (ESTABLISHED)
awx-manag 197340    awx   29u  IPv4 626226      0t0       TCP aap24-control:47354->aap24-database:postgres (ESTABLISHED)
daphne    197342    awx   13u  IPv4 605767      0t0       TCP aap24-control:45240->aap24-database:postgres (ESTABLISHED)
awx-manag 197343    awx   17u  IPv4 607603      0t0       TCP aap24-control:45338->aap24-database:postgres (ESTABLISHED)
awx-manag 197345   root    8u  IPv4 605873      0t0       TCP aap24-control:45304->aap24-database:postgres (ESTABLISHED)
awx-manag 197345   root   14u  IPv4 605878      0t0       TCP aap24-control:45316->aap24-database:postgres (ESTABLISHED)
awx-manag 197346    awx    8u  IPv4 606592      0t0       TCP aap24-control:45256->aap24-database:postgres (ESTABLISHED)
awx-manag 197346    awx   14u  IPv4 605097      0t0       TCP aap24-control:45262->aap24-database:postgres (ESTABLISHED)
awx-manag 197541    awx   16u  IPv4 814169      0t0       TCP aap24-control:60912->aap24-database:postgres (ESTABLISHED)
sshd      252955   root    4u  IPv4 794664      0t0       TCP aap24-control:ssh->192.168.1.49:51510 (ESTABLISHED)
sshd      252958   root    4u  IPv4 794664      0t0       TCP aap24-control:ssh->192.168.1.49:51510 (ESTABLISHED)
bash      253089   root  cwd    DIR  253,0      142 100663430 /root
bash      253089   root  rtd    DIR  253,0      235       128 /
bash      253089   root  txt    REG  253,0  1389072 100699101 /usr/bin/bash
bash      253089   root  mem    REG  253,0  2586930 100699387 /usr/lib/locale/en_US.utf8/LC_COLLATE
bash      253089   root  mem    REG  253,0  2544344      3530 /usr/lib64/libc.so.6
bash      253089   root  mem    REG  253,0   346132  67253521 /usr/lib/locale/C.utf8/LC_CTYPE
bash      253089   root  mem    REG  253,0       54 100699390 /usr/lib/locale/en_US.utf8/LC_NUMERIC
bash      253089   root  mem    REG  253,0     3284      3433 /usr/lib/locale/en_US.utf8/LC_TIME
bash      253089   root  mem    REG  253,0      286      3431 /usr/lib/locale/en_US.utf8/LC_MONETARY
bash      253089   root  mem    REG  253,0       57      3445 /usr/lib/locale/en_US.utf8/LC_MESSAGES/SYS_LC_MESSAGES
bash      253089   root  mem    REG  253,0    26988  33558225 /usr/lib64/gconv/gconv-modules.cache
bash      253089   root  mem    REG  253,0   195080      3141 /usr/lib64/libtinfo.so.6.2
bash      253089   root  mem    REG  253,0       34  67253758 /usr/lib/locale/en_US.utf8/LC_PAPER
bash      253089   root  mem    REG  253,0       77 100699389 /usr/lib/locale/en_US.utf8/LC_NAME
bash      253089   root  mem    REG  253,0      167      3427 /usr/lib/locale/en_US.utf8/LC_ADDRESS
bash      253089   root  mem    REG  253,0       59      3432 /usr/lib/locale/en_US.utf8/LC_TELEPHONE
bash      253089   root  mem    REG  253,0       23      3430 /usr/lib/locale/en_US.utf8/LC_MEASUREMENT
bash      253089   root  mem    REG  253,0      369      3429 /usr/lib/locale/en_US.utf8/LC_IDENTIFICATION
bash      253089   root  mem    REG  253,0   897856      3526 /usr/lib64/ld-linux-x86-64.so.2
bash      253089   root    0r   CHR    1,3      0t0         4 /dev/null
bash      253089   root    1w   REG  253,0        0  67894671 /tmp/memory_monitor.log
bash      253089   root    2w   REG  253,0        0  67894671 /tmp/memory_monitor.log
bash      253089   root    3r  FIFO   0,13      0t0    813463 pipe
awx-manag 253277    awx   38u  IPv4 606638      0t0       TCP aap24-control:45280->aap24-database:postgres (ESTABLISHED)
slirp4net 255835    awx    3u  IPv4 803607      0t0       TCP aap24-control:44570->aap25-execution.lan:ssh (ESTABLISHED)
awx-manag 256609    awx   28u  IPv4 812541      0t0       TCP aap24-control:60948->aap24-database:postgres (ESTABLISHED)
awx-manag 256609    awx   38u  IPv4 606638      0t0       TCP aap24-control:45280->aap24-database:postgres (ESTABLISHED)
awx-manag 256611    awx   33u  IPv4 811674      0t0       TCP aap24-control:60924->aap24-database:postgres (ESTABLISHED)
awx-manag 256611    awx   38u  IPv4 606638      0t0       TCP aap24-control:45280->aap24-database:postgres (ESTABLISHED)
awx-manag 256614    awx   38u  IPv4 606638      0t0       TCP aap24-control:45280->aap24-database:postgres (ESTABLISHED)
awx-manag 256614    awx   48u  IPv4 811678      0t0       TCP aap24-control:60932->aap24-database:postgres (ESTABLISHED)
awx-manag 257901    awx   38u  IPv4 606638      0t0       TCP aap24-control:45280->aap24-database:postgres (ESTABLISHED)
awx-manag 257901    awx   46u  IPv4 813333      0t0       TCP aap24-control:60930->aap24-database:postgres (ESTABLISHED)
awx-manag 257903    awx   38u  IPv4 606638      0t0       TCP aap24-control:45280->aap24-database:postgres (ESTABLISHED)
awx-manag 257903    awx   52u  IPv4 814184      0t0       TCP aap24-control:60958->aap24-database:postgres (ESTABLISHED)
awx-manag 257905    awx   38u  IPv4 606638      0t0       TCP aap24-control:45280->aap24-database:postgres (ESTABLISHED)

    PID    PPID CMD                           RSS    VSZ %CPU %MEM     ELAPSED
 255715  192070 /usr/bin/receptor --node id 37728 1420804 0.0  0.4       01:06
Receptor Child Processes for PID 255715:
      PID    PPID CMD                           RSS    VSZ %CPU %MEM     ELAPSED
 255723  255715 /var/lib/awx/venv/awx/bin/p 28380 106532  0.2  0.3       01:06
Receptor Threads for PID 255715:
    PID    SPID %CPU %MEM   RSS COMMAND
 255715  255715  0.0  0.4 37728 receptor
 255715  255716  0.0  0.4 37728 receptor
 255715  255717  0.0  0.4 37728 receptor
 255715  255718  0.0  0.4 37728 receptor
 255715  255719  0.0  0.4 37728 receptor
 255715  255720  0.0  0.4 37728 receptor
 255715  255721  0.0  0.4 37728 receptor
 255715  255722  0.0  0.4 37728 receptor
 255715  255724  0.0  0.4 37728 receptor
 255715  257563  0.0  0.4 37728 receptor
Receptor Network Connections for PID 255715:
COMMAND      PID   USER   FD      TYPE DEVICE SIZE/OFF      NODE NAME
chronyd      789 chrony    5u     IPv4  13239      0t0       UDP localhost:323 
chronyd      789 chrony    6u     IPv6  13240      0t0       UDP localhost:323 
NetworkMa    792   root   26u     IPv4  22360      0t0       UDP aap24-control:bootpc->pi.hole:bootps 
sshd         859   root    3u     IPv4  22990      0t0       TCP *:ssh (LISTEN)
sshd         859   root    4u     IPv6  22992      0t0       TCP *:ssh (LISTEN)
receptor  192070    awx    8u     IPv6 587141      0t0       TCP *:27199 (LISTEN)
receptor  192070    awx    9u     IPv6 586439      0t0       TCP aap24-control:27199->aap24-execution:40392 (ESTABLISHED)
nginx     196761   root    8u     IPv4 602782      0t0       TCP *:https (LISTEN)
nginx     196761   root    9u     IPv4 602783      0t0       TCP *:http (LISTEN)
nginx     196761   root   10u     IPv6 602784      0t0       TCP *:https (LISTEN)
nginx     196761   root   11u     IPv6 602785      0t0       TCP *:http (LISTEN)
nginx     196762  nginx    8u     IPv4 602782      0t0       TCP *:https (LISTEN)
nginx     196762  nginx    9u     IPv4 602783      0t0       TCP *:http (LISTEN)
nginx     196762  nginx   10u     IPv6 602784      0t0       TCP *:https (LISTEN)
nginx     196762  nginx   11u     IPv6 602785      0t0       TCP *:http (LISTEN)
nginx     196763  nginx    8u     IPv4 602782      0t0       TCP *:https (LISTEN)
nginx     196763  nginx    9u     IPv4 602783      0t0       TCP *:http (LISTEN)
nginx     196763  nginx   10u     IPv6 602784      0t0       TCP *:https (LISTEN)
nginx     196763  nginx   11u     IPv6 602785      0t0       TCP *:http (LISTEN)
nginx     196763  nginx   18u     IPv4 794590      0t0       TCP aap24-control:https->192.168.1.49:57318 (ESTABLISHED)
nginx     196763  nginx   19u     IPv4 790424      0t0       TCP aap24-control:https->192.168.1.49:49410 (ESTABLISHED)
nginx     196763  nginx   24u     IPv4 792276      0t0       TCP aap24-control:https->192.168.1.49:49422 (ESTABLISHED)
nginx     196764  nginx    8u     IPv4 602782      0t0       TCP *:https (LISTEN)
nginx     196764  nginx    9u     IPv4 602783      0t0       TCP *:http (LISTEN)
nginx     196764  nginx   10u     IPv6 602784      0t0       TCP *:https (LISTEN)
nginx     196764  nginx   11u     IPv6 602785      0t0       TCP *:http (LISTEN)
nginx     196765  nginx    8u     IPv4 602782      0t0       TCP *:https (LISTEN)
nginx     196765  nginx    9u     IPv4 602783      0t0       TCP *:http (LISTEN)
nginx     196765  nginx   10u     IPv6 602784      0t0       TCP *:https (LISTEN)
nginx     196765  nginx   11u     IPv6 602785      0t0       TCP *:http (LISTEN)
awx-manag 197339    awx   38u     IPv4 606638      0t0       TCP aap24-control:45280->aap24-database:postgres (ESTABLISHED)
awx-manag 197340    awx   29u     IPv4 626226      0t0       TCP aap24-control:47354->aap24-database:postgres (ESTABLISHED)
daphne    197342    awx   13u     IPv4 605767      0t0       TCP aap24-control:45240->aap24-database:postgres (ESTABLISHED)
awx-manag 197343    awx   17u     IPv4 607603      0t0       TCP aap24-control:45338->aap24-database:postgres (ESTABLISHED)
awx-manag 197345   root    8u     IPv4 605873      0t0       TCP aap24-control:45304->aap24-database:postgres (ESTABLISHED)
awx-manag 197345   root   14u     IPv4 605878      0t0       TCP aap24-control:45316->aap24-database:postgres (ESTABLISHED)
awx-manag 197346    awx    8u     IPv4 606592      0t0       TCP aap24-control:45256->aap24-database:postgres (ESTABLISHED)
awx-manag 197346    awx   14u     IPv4 605097      0t0       TCP aap24-control:45262->aap24-database:postgres (ESTABLISHED)
awx-manag 197541    awx   16u     IPv4 814169      0t0       TCP aap24-control:60912->aap24-database:postgres (ESTABLISHED)
sshd      252955   root    4u     IPv4 794664      0t0       TCP aap24-control:ssh->192.168.1.49:51510 (ESTABLISHED)
sshd      252958   root    4u     IPv4 794664      0t0       TCP aap24-control:ssh->192.168.1.49:51510 (ESTABLISHED)
awx-manag 253277    awx   38u     IPv4 606638      0t0       TCP aap24-control:45280->aap24-database:postgres (ESTABLISHED)
receptor  255715    awx  cwd       DIR  253,0      235       128 /
receptor  255715    awx  rtd       DIR  253,0      235       128 /
receptor  255715    awx  txt       REG  253,0 54652712 100691309 /usr/bin/receptor
receptor  255715    awx  mem       REG  253,0  5436640     28515 /usr/lib64/libcrypto.so.3.2.2
receptor  255715    awx  mem       REG  253,0  2544344      3530 /usr/lib64/libc.so.6
receptor  255715    awx  mem       REG  253,0   102552      3550 /usr/lib64/libz.so.1.2.11
receptor  255715    awx  mem       REG  253,0   897856      3526 /usr/lib64/ld-linux-x86-64.so.2
receptor  255715    awx    0r      CHR    1,3      0t0         4 /dev/null
receptor  255715    awx    1w      REG  253,0     8485  34641330 /var/log/receptor/receptor.log
receptor  255715    awx    2w      REG  253,0     8485  34641330 /var/log/receptor/receptor.log
receptor  255715    awx    3r      REG  253,0     2192 102715179 /tmp/receptor/192.168.1.252/eSCqTNyP/stdin
receptor  255715    awx    4u  a_inode   0,14        0        62 [eventpoll:5]
receptor  255715    awx    5r     FIFO   0,13      0t0    803154 pipe
receptor  255715    awx    6w     FIFO   0,13      0t0    803154 pipe
receptor  255715    awx    7w      REG  253,0    34119 102715180 /tmp/receptor/192.168.1.252/eSCqTNyP/stdout
slirp4net 255835    awx    3u     IPv4 803607      0t0       TCP aap24-control:44570->aap25-execution.lan:ssh (ESTABLISHED)
awx-manag 256609    awx   28u     IPv4 812541      0t0       TCP aap24-control:60948->aap24-database:postgres (ESTABLISHED)
awx-manag 256609    awx   38u     IPv4 606638      0t0       TCP aap24-control:45280->aap24-database:postgres (ESTABLISHED)
awx-manag 256611    awx   33u     IPv4 811674      0t0       TCP aap24-control:60924->aap24-database:postgres (ESTABLISHED)
awx-manag 256611    awx   38u     IPv4 606638      0t0       TCP aap24-control:45280->aap24-database:postgres (ESTABLISHED)
awx-manag 256614    awx   38u     IPv4 606638      0t0       TCP aap24-control:45280->aap24-database:postgres (ESTABLISHED)
awx-manag 256614    awx   48u     IPv4 811678      0t0       TCP aap24-control:60932->aap24-database:postgres (ESTABLISHED)
awx-manag 257901    awx   38u     IPv4 606638      0t0       TCP aap24-control:45280->aap24-database:postgres (ESTABLISHED)
awx-manag 257901    awx   46u     IPv4 813333      0t0       TCP aap24-control:60930->aap24-database:postgres (ESTABLISHED)
awx-manag 257903    awx   38u     IPv4 606638      0t0       TCP aap24-control:45280->aap24-database:postgres (ESTABLISHED)
awx-manag 257903    awx   52u     IPv4 814184      0t0       TCP aap24-control:60958->aap24-database:postgres (ESTABLISHED)
awx-manag 257905    awx   38u     IPv4 606638      0t0       TCP aap24-control:45280->aap24-database:postgres (ESTABLISHED)

    PID    PPID CMD                           RSS    VSZ %CPU %MEM     ELAPSED
Receptor Child Processes for PID 257915:
  No child processes found
Receptor Threads for PID 257915:
    PID    SPID %CPU %MEM   RSS COMMAND
Receptor Network Connections for PID 257915:
COMMAND      PID   USER   FD   TYPE DEVICE SIZE/OFF NODE NAME
chronyd      789 chrony    5u  IPv4  13239      0t0  UDP localhost:323 
chronyd      789 chrony    6u  IPv6  13240      0t0  UDP localhost:323 
NetworkMa    792   root   26u  IPv4  22360      0t0  UDP aap24-control:bootpc->pi.hole:bootps 
sshd         859   root    3u  IPv4  22990      0t0  TCP *:ssh (LISTEN)
sshd         859   root    4u  IPv6  22992      0t0  TCP *:ssh (LISTEN)
receptor  192070    awx    8u  IPv6 587141      0t0  TCP *:27199 (LISTEN)
receptor  192070    awx    9u  IPv6 586439      0t0  TCP aap24-control:27199->aap24-execution:40392 (ESTABLISHED)
nginx     196761   root    8u  IPv4 602782      0t0  TCP *:https (LISTEN)
nginx     196761   root    9u  IPv4 602783      0t0  TCP *:http (LISTEN)
nginx     196761   root   10u  IPv6 602784      0t0  TCP *:https (LISTEN)
nginx     196761   root   11u  IPv6 602785      0t0  TCP *:http (LISTEN)
nginx     196762  nginx    8u  IPv4 602782      0t0  TCP *:https (LISTEN)
nginx     196762  nginx    9u  IPv4 602783      0t0  TCP *:http (LISTEN)
nginx     196762  nginx   10u  IPv6 602784      0t0  TCP *:https (LISTEN)
nginx     196762  nginx   11u  IPv6 602785      0t0  TCP *:http (LISTEN)
nginx     196763  nginx    8u  IPv4 602782      0t0  TCP *:https (LISTEN)
nginx     196763  nginx    9u  IPv4 602783      0t0  TCP *:http (LISTEN)
nginx     196763  nginx   10u  IPv6 602784      0t0  TCP *:https (LISTEN)
nginx     196763  nginx   11u  IPv6 602785      0t0  TCP *:http (LISTEN)
nginx     196763  nginx   18u  IPv4 794590      0t0  TCP aap24-control:https->192.168.1.49:57318 (ESTABLISHED)
nginx     196763  nginx   19u  IPv4 790424      0t0  TCP aap24-control:https->192.168.1.49:49410 (ESTABLISHED)
nginx     196763  nginx   24u  IPv4 792276      0t0  TCP aap24-control:https->192.168.1.49:49422 (ESTABLISHED)
nginx     196764  nginx    8u  IPv4 602782      0t0  TCP *:https (LISTEN)
nginx     196764  nginx    9u  IPv4 602783      0t0  TCP *:http (LISTEN)
nginx     196764  nginx   10u  IPv6 602784      0t0  TCP *:https (LISTEN)
nginx     196764  nginx   11u  IPv6 602785      0t0  TCP *:http (LISTEN)
nginx     196765  nginx    8u  IPv4 602782      0t0  TCP *:https (LISTEN)
nginx     196765  nginx    9u  IPv4 602783      0t0  TCP *:http (LISTEN)
nginx     196765  nginx   10u  IPv6 602784      0t0  TCP *:https (LISTEN)
nginx     196765  nginx   11u  IPv6 602785      0t0  TCP *:http (LISTEN)
awx-manag 197339    awx   38u  IPv4 606638      0t0  TCP aap24-control:45280->aap24-database:postgres (ESTABLISHED)
awx-manag 197340    awx   29u  IPv4 626226      0t0  TCP aap24-control:47354->aap24-database:postgres (ESTABLISHED)
daphne    197342    awx   13u  IPv4 605767      0t0  TCP aap24-control:45240->aap24-database:postgres (ESTABLISHED)
awx-manag 197343    awx   17u  IPv4 607603      0t0  TCP aap24-control:45338->aap24-database:postgres (ESTABLISHED)
awx-manag 197345   root    8u  IPv4 605873      0t0  TCP aap24-control:45304->aap24-database:postgres (ESTABLISHED)
awx-manag 197345   root   14u  IPv4 605878      0t0  TCP aap24-control:45316->aap24-database:postgres (ESTABLISHED)
awx-manag 197346    awx    8u  IPv4 606592      0t0  TCP aap24-control:45256->aap24-database:postgres (ESTABLISHED)
awx-manag 197346    awx   14u  IPv4 605097      0t0  TCP aap24-control:45262->aap24-database:postgres (ESTABLISHED)
awx-manag 197541    awx   16u  IPv4 814169      0t0  TCP aap24-control:60912->aap24-database:postgres (ESTABLISHED)
sshd      252955   root    4u  IPv4 794664      0t0  TCP aap24-control:ssh->192.168.1.49:51510 (ESTABLISHED)
sshd      252958   root    4u  IPv4 794664      0t0  TCP aap24-control:ssh->192.168.1.49:51510 (ESTABLISHED)
awx-manag 253277    awx   38u  IPv4 606638      0t0  TCP aap24-control:45280->aap24-database:postgres (ESTABLISHED)
slirp4net 255835    awx    3u  IPv4 803607      0t0  TCP aap24-control:44570->aap25-execution.lan:ssh (ESTABLISHED)
awx-manag 256609    awx   28u  IPv4 812541      0t0  TCP aap24-control:60948->aap24-database:postgres (ESTABLISHED)
awx-manag 256609    awx   38u  IPv4 606638      0t0  TCP aap24-control:45280->aap24-database:postgres (ESTABLISHED)
awx-manag 256611    awx   33u  IPv4 811674      0t0  TCP aap24-control:60924->aap24-database:postgres (ESTABLISHED)
awx-manag 256611    awx   38u  IPv4 606638      0t0  TCP aap24-control:45280->aap24-database:postgres (ESTABLISHED)
awx-manag 256614    awx   38u  IPv4 606638      0t0  TCP aap24-control:45280->aap24-database:postgres (ESTABLISHED)
awx-manag 256614    awx   48u  IPv4 811678      0t0  TCP aap24-control:60932->aap24-database:postgres (ESTABLISHED)
awx-manag 257901    awx   38u  IPv4 606638      0t0  TCP aap24-control:45280->aap24-database:postgres (ESTABLISHED)
awx-manag 257901    awx   46u  IPv4 813333      0t0  TCP aap24-control:60930->aap24-database:postgres (ESTABLISHED)
awx-manag 257903    awx   38u  IPv4 606638      0t0  TCP aap24-control:45280->aap24-database:postgres (ESTABLISHED)
awx-manag 257903    awx   52u  IPv4 814184      0t0  TCP aap24-control:60958->aap24-database:postgres (ESTABLISHED)
awx-manag 257905    awx   38u  IPv4 606638      0t0  TCP aap24-control:45280->aap24-database:postgres (ESTABLISHED)
  No network connections found

=== RECEPTOR MEMORY SUMMARY ===
Total Receptor RSS Memory: 154300 KB (150 MB)
Total Receptor VSZ Memory: 4303304 KB (4202 MB)
Number of Receptor Processes: 4

AAP-related Processes and Children:
=== AAP Service Processes ===
Process: redis-server (PID: 135959)
    PID    PPID CMD                           RSS
 135959       1 /usr/bin/redis-server unixs 13180

Process: receptor (PID: 192070)
    PID    PPID CMD                           RSS
 192070       1 /usr/bin/receptor -c /etc/r 46880
  Children of PID 192070:
    PID    PPID CMD                           RSS
 255715  192070 /usr/bin/receptor --node id 37728

Process: nginx (PID: 196761)
    PID    PPID CMD                           RSS
 196761       1 nginx: master process /usr/  2124
  Children of PID 196761:
    PID    PPID CMD                           RSS
 196762  196761 nginx: worker process        4044
    PID    PPID CMD                           RSS
 196763  196761 nginx: worker process        8524
    PID    PPID CMD                           RSS
 196764  196761 nginx: worker process        8140
    PID    PPID CMD                           RSS
 196765  196761 nginx: worker process        8524

Process: nginx (PID: 196762)
    PID    PPID CMD                           RSS
 196762  196761 nginx: worker process        4044

Process: nginx (PID: 196763)
    PID    PPID CMD                           RSS
 196763  196761 nginx: worker process        8524

Process: nginx (PID: 196764)
    PID    PPID CMD                           RSS
 196764  196761 nginx: worker process        8140

Process: nginx (PID: 196765)
    PID    PPID CMD                           RSS
 196765  196761 nginx: worker process        8524

Process: uwsgi (PID: 197341)
    PID    PPID CMD                           RSS
 197341  197177 /var/lib/awx/venv/awx/bin/u 103452
  Children of PID 197341:
    PID    PPID CMD                           RSS
 253044  197341 /var/lib/awx/venv/awx/bin/u 116728
    PID    PPID CMD                           RSS
 253045  197341 /var/lib/awx/venv/awx/bin/u 123640
    PID    PPID CMD                           RSS
 253046  197341 /var/lib/awx/venv/awx/bin/u 118264
    PID    PPID CMD                           RSS
 253047  197341 /var/lib/awx/venv/awx/bin/u 117880

Process: uwsgi (PID: 253044)
    PID    PPID CMD                           RSS
 253044  197341 /var/lib/awx/venv/awx/bin/u 116728

Process: uwsgi (PID: 253045)
    PID    PPID CMD                           RSS
 253045  197341 /var/lib/awx/venv/awx/bin/u 123640

Process: uwsgi (PID: 253046)
    PID    PPID CMD                           RSS
 253046  197341 /var/lib/awx/venv/awx/bin/u 118264

Process: uwsgi (PID: 253047)
    PID    PPID CMD                           RSS
 253047  197341 /var/lib/awx/venv/awx/bin/u 117880

Process: bash (PID: 253089)
    PID    PPID CMD                           RSS
 253089       1 bash -c  log_file="/tmp/mem  3584
  Children of PID 253089:
    PID    PPID CMD                           RSS
 258036  253089 bash -c  log_file="/tmp/mem  2368

Process: receptor (PID: 255715)
    PID    PPID CMD                           RSS
 255715  192070 /usr/bin/receptor --node id 37728
  Children of PID 255715:
    PID    PPID CMD                           RSS
 255723  255715 /var/lib/awx/venv/awx/bin/p 28380

Process: bash (PID: 258036)
    PID    PPID CMD                           RSS
 258036  253089 bash -c  log_file="/tmp/mem  2368
  Children of PID 258036:
    PID    PPID CMD                           RSS


Process Tree for AAP Services:
=== automation-controller Process Tree ===
bash(253089)---pstree(258096)
=== receptor Process Tree ===
receptor(192070)-+-receptor(255715)-+-ansible-runner(255723)---podman(255756)-+-exe(255770)-+-slirp4netns(255835)
                 |                  |                                         |             |-{exe}(255783)
                 |                  |                                         |             |-{exe}(255784)
                 |                  |                                         |             |-{exe}(255786)
                 |                  |                                         |             |-{exe}(255787)
                 |                  |                                         |             |-{exe}(255800)
                 |                  |                                         |             |-{exe}(255802)
                 |                  |                                         |             |-{exe}(255831)
                 |                  |                                         |             |-{exe}(255832)
                 |                  |                                         |             `-{exe}(255846)
                 |                  |                                         |-{podman}(255757)
                 |                  |                                         |-{podman}(255758)
                 |                  |                                         |-{podman}(255759)
                 |                  |                                         |-{podman}(255760)
                 |                  |                                         |-{podman}(255761)
                 |                  |                                         |-{podman}(255762)
                 |                  |                                         |-{podman}(255764)
                 |                  |                                         |-{podman}(255772)
                 |                  |                                         `-{podman}(255774)
                 |                  |-{receptor}(255716)
                 |                  |-{receptor}(255717)
                 |                  |-{receptor}(255718)
                 |                  |-{receptor}(255719)
                 |                  |-{receptor}(255720)
                 |                  |-{receptor}(255721)
                 |                  |-{receptor}(255722)
                 |                  |-{receptor}(255724)
                 |                  `-{receptor}(257563)
                 |-{receptor}(192072)
                 |-{receptor}(192073)
                 |-{receptor}(192074)
                 |-{receptor}(192075)
                 |-{receptor}(192076)
                 |-{receptor}(192077)
                 |-{receptor}(201640)
                 `-{receptor}(202660)
bash(253089)---pstree(258101)
receptor(255715)-+-ansible-runner(255723)---podman(255756)-+-exe(255770)-+-slirp4netns(255835)
                 |                                         |             |-{exe}(255783)
                 |                                         |             |-{exe}(255784)
                 |                                         |             |-{exe}(255786)
                 |                                         |             |-{exe}(255787)
                 |                                         |             |-{exe}(255800)
                 |                                         |             |-{exe}(255802)
                 |                                         |             |-{exe}(255831)
                 |                                         |             |-{exe}(255832)
                 |                                         |             `-{exe}(255846)
                 |                                         |-{podman}(255757)
                 |                                         |-{podman}(255758)
                 |                                         |-{podman}(255759)
                 |                                         |-{podman}(255760)
                 |                                         |-{podman}(255761)
                 |                                         |-{podman}(255762)
                 |                                         |-{podman}(255764)
                 |                                         |-{podman}(255772)
                 |                                         `-{podman}(255774)
                 |-{receptor}(255716)
                 |-{receptor}(255717)
                 |-{receptor}(255718)
                 |-{receptor}(255719)
                 |-{receptor}(255720)
                 |-{receptor}(255721)
                 |-{receptor}(255722)
                 |-{receptor}(255724)
                 `-{receptor}(257563)
=== nginx Process Tree ===
nginx(196761)-+-nginx(196762)
              |-nginx(196763)
              |-nginx(196764)
              `-nginx(196765)
nginx(196762)
nginx(196763)
nginx(196764)
nginx(196765)
bash(253089)---pstree(258111)
=== postgresql Process Tree ===
bash(253089)---pstree(258115)
=== redis Process Tree ===
redis-server(135959)-+-{redis-server}(135960)
                     |-{redis-server}(135961)
                     |-{redis-server}(135962)
                     `-{redis-server}(135963)
bash(253089)---pstree(258120)
=== uwsgi Process Tree ===
uwsgi(197341)-+-uwsgi(253044)
              |-uwsgi(253045)
              |-uwsgi(253046)
              `-uwsgi(253047)
uwsgi(253044)
uwsgi(253045)
uwsgi(253046)
uwsgi(253047)
bash(253089)---pstree(258129)
=== automation-hub Process Tree ===
bash(253089)---pstree(258133)
=== automation-eda Process Tree ===
bash(253089)---pstree(258137)

=================================================================================
2025-07-07 15:53:49
Memory Usage Report:
               total        used        free      shared  buff/cache   available
Mem:            7681        2352        1325          20        4322        5328
Swap:           8067           0        8067

Top 10 Processes by RSS Memory:
    PID    PPID CMD                           RSS
 197339  197177 /var/lib/awx/venv/awx/bin/p 133580
 197340  197177 /var/lib/awx/venv/awx/bin/p 131572
 197345  197177 /var/lib/awx/venv/awx/bin/p 130276
 253277  197339 /var/lib/awx/venv/awx/bin/p 130116
 256609  197339 /var/lib/awx/venv/awx/bin/p 127556
 256614  197339 /var/lib/awx/venv/awx/bin/p 126660
 197343  197177 /var/lib/awx/venv/awx/bin/p 125912
 197532  197340 /var/lib/awx/venv/awx/bin/p 125636
 197536  197340 /var/lib/awx/venv/awx/bin/p 125404
 197535  197340 /var/lib/awx/venv/awx/bin/p 125396

=== RECEPTOR PROCESS ANALYSIS ===
Receptor Main Processes:
    PID    PPID CMD                           RSS    VSZ %CPU %MEM     ELAPSED
 192070       1 /usr/bin/receptor -c /etc/r 46880 1347904 0.1  0.5    01:03:27
Receptor Child Processes for PID 192070:
      PID    PPID CMD                           RSS    VSZ %CPU %MEM     ELAPSED
 255715  192070 /usr/bin/receptor --node id 37728 1421060 0.0  0.4       01:37
Receptor Threads for PID 192070:
    PID    SPID %CPU %MEM   RSS COMMAND
 192070  192070  0.0  0.5 46880 receptor
 192070  192072  0.0  0.5 46880 receptor
 192070  192073  0.0  0.5 46880 receptor
 192070  192074  0.0  0.5 46880 receptor
 192070  192075  0.0  0.5 46880 receptor
 192070  192076  0.0  0.5 46880 receptor
 192070  192077  0.0  0.5 46880 receptor
 192070  201640  0.0  0.5 46880 receptor
 192070  202660  0.0  0.5 46880 receptor
Receptor Network Connections for PID 192070:
COMMAND      PID   USER   FD      TYPE             DEVICE SIZE/OFF      NODE NAME
chronyd      789 chrony    5u     IPv4              13239      0t0       UDP localhost:323 
chronyd      789 chrony    6u     IPv6              13240      0t0       UDP localhost:323 
NetworkMa    792   root   26u     IPv4              22360      0t0       UDP aap24-control:bootpc->pi.hole:bootps 
sshd         859   root    3u     IPv4              22990      0t0       TCP *:ssh (LISTEN)
sshd         859   root    4u     IPv6              22992      0t0       TCP *:ssh (LISTEN)
receptor  192070    awx  cwd       DIR              253,0      235       128 /
receptor  192070    awx  rtd       DIR              253,0      235       128 /
receptor  192070    awx  txt       REG              253,0 54652712 100691309 /usr/bin/receptor
receptor  192070    awx  mem       REG              253,0  5436640     28515 /usr/lib64/libcrypto.so.3.2.2
receptor  192070    awx  mem       REG              253,0  2544344      3530 /usr/lib64/libc.so.6
receptor  192070    awx  mem       REG              253,0   102552      3550 /usr/lib64/libz.so.1.2.11
receptor  192070    awx  mem       REG              253,0   897856      3526 /usr/lib64/ld-linux-x86-64.so.2
receptor  192070    awx    0r      CHR                1,3      0t0         4 /dev/null
receptor  192070    awx    1w      REG              253,0     8485  34641330 /var/log/receptor/receptor.log
receptor  192070    awx    2w      REG              253,0     8485  34641330 /var/log/receptor/receptor.log
receptor  192070    awx    3rW     REG               0,23        0      2816 /run/awx-receptor/receptor.sock.lock
receptor  192070    awx    4u  a_inode               0,14        0        62 [eventpoll:5,7,8,9,10,12]
receptor  192070    awx    5r     FIFO               0,13      0t0    584296 pipe
receptor  192070    awx    6w     FIFO               0,13      0t0    584296 pipe
receptor  192070    awx    7u     unix 0xffff9bf94dcae400      0t0    585091 /var/run/awx-receptor/receptor.sock type=STREAM (LISTEN)
receptor  192070    awx    8u     IPv6             587141      0t0       TCP *:27199 (LISTEN)
receptor  192070    awx    9u     IPv6             586439      0t0       TCP aap24-control:27199->aap24-execution:40392 (ESTABLISHED)
receptor  192070    awx   10r  a_inode               0,14        0        62 inotify
receptor  192070    awx   12u     unix 0xffff9bf984154100      0t0    805069 /var/run/awx-receptor/receptor.sock type=STREAM (CONNECTED)
receptor  192070    awx   13r      REG              253,0    34119 102715180 /tmp/receptor/192.168.1.252/eSCqTNyP/stdout
nginx     196761   root    8u     IPv4             602782      0t0       TCP *:https (LISTEN)
nginx     196761   root    9u     IPv4             602783      0t0       TCP *:http (LISTEN)
nginx     196761   root   10u     IPv6             602784      0t0       TCP *:https (LISTEN)
nginx     196761   root   11u     IPv6             602785      0t0       TCP *:http (LISTEN)
nginx     196762  nginx    8u     IPv4             602782      0t0       TCP *:https (LISTEN)
nginx     196762  nginx    9u     IPv4             602783      0t0       TCP *:http (LISTEN)
nginx     196762  nginx   10u     IPv6             602784      0t0       TCP *:https (LISTEN)
nginx     196762  nginx   11u     IPv6             602785      0t0       TCP *:http (LISTEN)
nginx     196763  nginx    8u     IPv4             602782      0t0       TCP *:https (LISTEN)
nginx     196763  nginx    9u     IPv4             602783      0t0       TCP *:http (LISTEN)
nginx     196763  nginx   10u     IPv6             602784      0t0       TCP *:https (LISTEN)
nginx     196763  nginx   11u     IPv6             602785      0t0       TCP *:http (LISTEN)
nginx     196763  nginx   19u     IPv4             790424      0t0       TCP aap24-control:https->192.168.1.49:49410 (ESTABLISHED)
nginx     196763  nginx   24u     IPv4             792276      0t0       TCP aap24-control:https->192.168.1.49:49422 (ESTABLISHED)
nginx     196764  nginx    8u     IPv4             602782      0t0       TCP *:https (LISTEN)
nginx     196764  nginx    9u     IPv4             602783      0t0       TCP *:http (LISTEN)
nginx     196764  nginx   10u     IPv6             602784      0t0       TCP *:https (LISTEN)
nginx     196764  nginx   11u     IPv6             602785      0t0       TCP *:http (LISTEN)
nginx     196765  nginx    8u     IPv4             602782      0t0       TCP *:https (LISTEN)
nginx     196765  nginx    9u     IPv4             602783      0t0       TCP *:http (LISTEN)
nginx     196765  nginx   10u     IPv6             602784      0t0       TCP *:https (LISTEN)
nginx     196765  nginx   11u     IPv6             602785      0t0       TCP *:http (LISTEN)
awx-manag 197339    awx   38u     IPv4             606638      0t0       TCP aap24-control:45280->aap24-database:postgres (ESTABLISHED)
awx-manag 197340    awx   29u     IPv4             626226      0t0       TCP aap24-control:47354->aap24-database:postgres (ESTABLISHED)
daphne    197342    awx   13u     IPv4             605767      0t0       TCP aap24-control:45240->aap24-database:postgres (ESTABLISHED)
awx-manag 197343    awx   17u     IPv4             607603      0t0       TCP aap24-control:45338->aap24-database:postgres (ESTABLISHED)
awx-manag 197345   root    8u     IPv4             605873      0t0       TCP aap24-control:45304->aap24-database:postgres (ESTABLISHED)
awx-manag 197345   root   14u     IPv4             605878      0t0       TCP aap24-control:45316->aap24-database:postgres (ESTABLISHED)
awx-manag 197346    awx    8u     IPv4             606592      0t0       TCP aap24-control:45256->aap24-database:postgres (ESTABLISHED)
awx-manag 197346    awx   14u     IPv4             605097      0t0       TCP aap24-control:45262->aap24-database:postgres (ESTABLISHED)
awx-manag 197541    awx   16u     IPv4             815237      0t0       TCP aap24-control:35074->aap24-database:postgres (ESTABLISHED)
sshd      252955   root    4u     IPv4             794664      0t0       TCP aap24-control:ssh->192.168.1.49:51510 (ESTABLISHED)
sshd      252958   root    4u     IPv4             794664      0t0       TCP aap24-control:ssh->192.168.1.49:51510 (ESTABLISHED)
awx-manag 253277    awx   38u     IPv4             606638      0t0       TCP aap24-control:45280->aap24-database:postgres (ESTABLISHED)
slirp4net 255835    awx    3u     IPv4             803607      0t0       TCP aap24-control:44570->aap25-execution.lan:ssh (ESTABLISHED)
awx-manag 256609    awx   38u     IPv4             606638      0t0       TCP aap24-control:45280->aap24-database:postgres (ESTABLISHED)
awx-manag 256611    awx   33u     IPv4             815155      0t0       TCP aap24-control:50026->aap24-database:postgres (ESTABLISHED)
awx-manag 256611    awx   38u     IPv4             606638      0t0       TCP aap24-control:45280->aap24-database:postgres (ESTABLISHED)
awx-manag 256614    awx   38u     IPv4             606638      0t0       TCP aap24-control:45280->aap24-database:postgres (ESTABLISHED)
awx-manag 256614    awx   47u     IPv4             817232      0t0       TCP aap24-control:35080->aap24-database:postgres (ESTABLISHED)
awx-manag 257901    awx   38u     IPv4             606638      0t0       TCP aap24-control:45280->aap24-database:postgres (ESTABLISHED)
awx-manag 257901    awx   46u     IPv4             813333      0t0       TCP aap24-control:60930->aap24-database:postgres (ESTABLISHED)
awx-manag 257903    awx   38u     IPv4             606638      0t0       TCP aap24-control:45280->aap24-database:postgres (ESTABLISHED)
awx-manag 257903    awx   52u     IPv4             812021      0t0       TCP aap24-control:50020->aap24-database:postgres (ESTABLISHED)
awx-manag 257905    awx   38u     IPv4             606638      0t0       TCP aap24-control:45280->aap24-database:postgres (ESTABLISHED)

    PID    PPID CMD                           RSS    VSZ %CPU %MEM     ELAPSED
 253089       1 bash -c  log_file="/tmp/mem  3584   7260  0.0  0.0       02:34
Receptor Child Processes for PID 253089:
      PID    PPID CMD                           RSS    VSZ %CPU %MEM     ELAPSED
Receptor Threads for PID 253089:
    PID    SPID %CPU %MEM   RSS COMMAND
 253089  253089  0.0  0.0  3584 bash
Receptor Network Connections for PID 253089:
COMMAND      PID   USER   FD   TYPE DEVICE SIZE/OFF      NODE NAME
chronyd      789 chrony    5u  IPv4  13239      0t0       UDP localhost:323 
chronyd      789 chrony    6u  IPv6  13240      0t0       UDP localhost:323 
NetworkMa    792   root   26u  IPv4  22360      0t0       UDP aap24-control:bootpc->pi.hole:bootps 
sshd         859   root    3u  IPv4  22990      0t0       TCP *:ssh (LISTEN)
sshd         859   root    4u  IPv6  22992      0t0       TCP *:ssh (LISTEN)
receptor  192070    awx    8u  IPv6 587141      0t0       TCP *:27199 (LISTEN)
receptor  192070    awx    9u  IPv6 586439      0t0       TCP aap24-control:27199->aap24-execution:40392 (ESTABLISHED)
nginx     196761   root    8u  IPv4 602782      0t0       TCP *:https (LISTEN)
nginx     196761   root    9u  IPv4 602783      0t0       TCP *:http (LISTEN)
nginx     196761   root   10u  IPv6 602784      0t0       TCP *:https (LISTEN)
nginx     196761   root   11u  IPv6 602785      0t0       TCP *:http (LISTEN)
nginx     196762  nginx    8u  IPv4 602782      0t0       TCP *:https (LISTEN)
nginx     196762  nginx    9u  IPv4 602783      0t0       TCP *:http (LISTEN)
nginx     196762  nginx   10u  IPv6 602784      0t0       TCP *:https (LISTEN)
nginx     196762  nginx   11u  IPv6 602785      0t0       TCP *:http (LISTEN)
nginx     196763  nginx    8u  IPv4 602782      0t0       TCP *:https (LISTEN)
nginx     196763  nginx    9u  IPv4 602783      0t0       TCP *:http (LISTEN)
nginx     196763  nginx   10u  IPv6 602784      0t0       TCP *:https (LISTEN)
nginx     196763  nginx   11u  IPv6 602785      0t0       TCP *:http (LISTEN)
nginx     196763  nginx   19u  IPv4 790424      0t0       TCP aap24-control:https->192.168.1.49:49410 (ESTABLISHED)
nginx     196763  nginx   24u  IPv4 792276      0t0       TCP aap24-control:https->192.168.1.49:49422 (ESTABLISHED)
nginx     196764  nginx    8u  IPv4 602782      0t0       TCP *:https (LISTEN)
nginx     196764  nginx    9u  IPv4 602783      0t0       TCP *:http (LISTEN)
nginx     196764  nginx   10u  IPv6 602784      0t0       TCP *:https (LISTEN)
nginx     196764  nginx   11u  IPv6 602785      0t0       TCP *:http (LISTEN)
nginx     196765  nginx    8u  IPv4 602782      0t0       TCP *:https (LISTEN)
nginx     196765  nginx    9u  IPv4 602783      0t0       TCP *:http (LISTEN)
nginx     196765  nginx   10u  IPv6 602784      0t0       TCP *:https (LISTEN)
nginx     196765  nginx   11u  IPv6 602785      0t0       TCP *:http (LISTEN)
awx-manag 197339    awx   38u  IPv4 606638      0t0       TCP aap24-control:45280->aap24-database:postgres (ESTABLISHED)
awx-manag 197340    awx   29u  IPv4 626226      0t0       TCP aap24-control:47354->aap24-database:postgres (ESTABLISHED)
daphne    197342    awx   13u  IPv4 605767      0t0       TCP aap24-control:45240->aap24-database:postgres (ESTABLISHED)
awx-manag 197343    awx   17u  IPv4 607603      0t0       TCP aap24-control:45338->aap24-database:postgres (ESTABLISHED)
awx-manag 197345   root    8u  IPv4 605873      0t0       TCP aap24-control:45304->aap24-database:postgres (ESTABLISHED)
awx-manag 197345   root   14u  IPv4 605878      0t0       TCP aap24-control:45316->aap24-database:postgres (ESTABLISHED)
awx-manag 197346    awx    8u  IPv4 606592      0t0       TCP aap24-control:45256->aap24-database:postgres (ESTABLISHED)
awx-manag 197346    awx   14u  IPv4 605097      0t0       TCP aap24-control:45262->aap24-database:postgres (ESTABLISHED)
awx-manag 197541    awx   16u  IPv4 815237      0t0       TCP aap24-control:35074->aap24-database:postgres (ESTABLISHED)
sshd      252955   root    4u  IPv4 794664      0t0       TCP aap24-control:ssh->192.168.1.49:51510 (ESTABLISHED)
sshd      252958   root    4u  IPv4 794664      0t0       TCP aap24-control:ssh->192.168.1.49:51510 (ESTABLISHED)
bash      253089   root  cwd    DIR  253,0      142 100663430 /root
bash      253089   root  rtd    DIR  253,0      235       128 /
bash      253089   root  txt    REG  253,0  1389072 100699101 /usr/bin/bash
bash      253089   root  mem    REG  253,0  2586930 100699387 /usr/lib/locale/en_US.utf8/LC_COLLATE
bash      253089   root  mem    REG  253,0  2544344      3530 /usr/lib64/libc.so.6
bash      253089   root  mem    REG  253,0   346132  67253521 /usr/lib/locale/C.utf8/LC_CTYPE
bash      253089   root  mem    REG  253,0       54 100699390 /usr/lib/locale/en_US.utf8/LC_NUMERIC
bash      253089   root  mem    REG  253,0     3284      3433 /usr/lib/locale/en_US.utf8/LC_TIME
bash      253089   root  mem    REG  253,0      286      3431 /usr/lib/locale/en_US.utf8/LC_MONETARY
bash      253089   root  mem    REG  253,0       57      3445 /usr/lib/locale/en_US.utf8/LC_MESSAGES/SYS_LC_MESSAGES
bash      253089   root  mem    REG  253,0    26988  33558225 /usr/lib64/gconv/gconv-modules.cache
bash      253089   root  mem    REG  253,0   195080      3141 /usr/lib64/libtinfo.so.6.2
bash      253089   root  mem    REG  253,0       34  67253758 /usr/lib/locale/en_US.utf8/LC_PAPER
bash      253089   root  mem    REG  253,0       77 100699389 /usr/lib/locale/en_US.utf8/LC_NAME
bash      253089   root  mem    REG  253,0      167      3427 /usr/lib/locale/en_US.utf8/LC_ADDRESS
bash      253089   root  mem    REG  253,0       59      3432 /usr/lib/locale/en_US.utf8/LC_TELEPHONE
bash      253089   root  mem    REG  253,0       23      3430 /usr/lib/locale/en_US.utf8/LC_MEASUREMENT
bash      253089   root  mem    REG  253,0      369      3429 /usr/lib/locale/en_US.utf8/LC_IDENTIFICATION
bash      253089   root  mem    REG  253,0   897856      3526 /usr/lib64/ld-linux-x86-64.so.2
bash      253089   root    0r   CHR    1,3      0t0         4 /dev/null
bash      253089   root    1w   REG  253,0        0  67894671 /tmp/memory_monitor.log
bash      253089   root    2w   REG  253,0        0  67894671 /tmp/memory_monitor.log
bash      253089   root    3r  FIFO   0,13      0t0    816274 pipe
awx-manag 253277    awx   38u  IPv4 606638      0t0       TCP aap24-control:45280->aap24-database:postgres (ESTABLISHED)
slirp4net 255835    awx    3u  IPv4 803607      0t0       TCP aap24-control:44570->aap25-execution.lan:ssh (ESTABLISHED)
awx-manag 256609    awx   38u  IPv4 606638      0t0       TCP aap24-control:45280->aap24-database:postgres (ESTABLISHED)
awx-manag 256611    awx   33u  IPv4 815155      0t0       TCP aap24-control:50026->aap24-database:postgres (ESTABLISHED)
awx-manag 256611    awx   38u  IPv4 606638      0t0       TCP aap24-control:45280->aap24-database:postgres (ESTABLISHED)
awx-manag 256614    awx   38u  IPv4 606638      0t0       TCP aap24-control:45280->aap24-database:postgres (ESTABLISHED)
awx-manag 256614    awx   47u  IPv4 817232      0t0       TCP aap24-control:35080->aap24-database:postgres (ESTABLISHED)
awx-manag 257901    awx   38u  IPv4 606638      0t0       TCP aap24-control:45280->aap24-database:postgres (ESTABLISHED)
awx-manag 257901    awx   46u  IPv4 813333      0t0       TCP aap24-control:60930->aap24-database:postgres (ESTABLISHED)
awx-manag 257903    awx   38u  IPv4 606638      0t0       TCP aap24-control:45280->aap24-database:postgres (ESTABLISHED)
awx-manag 257903    awx   52u  IPv4 812021      0t0       TCP aap24-control:50020->aap24-database:postgres (ESTABLISHED)
awx-manag 257905    awx   38u  IPv4 606638      0t0       TCP aap24-control:45280->aap24-database:postgres (ESTABLISHED)

    PID    PPID CMD                           RSS    VSZ %CPU %MEM     ELAPSED
 255715  192070 /usr/bin/receptor --node id 37728 1421060 0.0  0.4       01:37
Receptor Child Processes for PID 255715:
      PID    PPID CMD                           RSS    VSZ %CPU %MEM     ELAPSED
 255723  255715 /var/lib/awx/venv/awx/bin/p 28380 106532  0.1  0.3       01:37
Receptor Threads for PID 255715:
    PID    SPID %CPU %MEM   RSS COMMAND
 255715  255715  0.0  0.4 37728 receptor
 255715  255716  0.0  0.4 37728 receptor
 255715  255717  0.0  0.4 37728 receptor
 255715  255718  0.0  0.4 37728 receptor
 255715  255719  0.0  0.4 37728 receptor
 255715  255720  0.0  0.4 37728 receptor
 255715  255721  0.0  0.4 37728 receptor
 255715  255722  0.0  0.4 37728 receptor
 255715  255724  0.0  0.4 37728 receptor
 255715  257563  0.0  0.4 37728 receptor
Receptor Network Connections for PID 255715:
COMMAND      PID   USER   FD      TYPE DEVICE SIZE/OFF      NODE NAME
chronyd      789 chrony    5u     IPv4  13239      0t0       UDP localhost:323 
chronyd      789 chrony    6u     IPv6  13240      0t0       UDP localhost:323 
NetworkMa    792   root   26u     IPv4  22360      0t0       UDP aap24-control:bootpc->pi.hole:bootps 
sshd         859   root    3u     IPv4  22990      0t0       TCP *:ssh (LISTEN)
sshd         859   root    4u     IPv6  22992      0t0       TCP *:ssh (LISTEN)
receptor  192070    awx    8u     IPv6 587141      0t0       TCP *:27199 (LISTEN)
receptor  192070    awx    9u     IPv6 586439      0t0       TCP aap24-control:27199->aap24-execution:40392 (ESTABLISHED)
nginx     196761   root    8u     IPv4 602782      0t0       TCP *:https (LISTEN)
nginx     196761   root    9u     IPv4 602783      0t0       TCP *:http (LISTEN)
nginx     196761   root   10u     IPv6 602784      0t0       TCP *:https (LISTEN)
nginx     196761   root   11u     IPv6 602785      0t0       TCP *:http (LISTEN)
nginx     196762  nginx    8u     IPv4 602782      0t0       TCP *:https (LISTEN)
nginx     196762  nginx    9u     IPv4 602783      0t0       TCP *:http (LISTEN)
nginx     196762  nginx   10u     IPv6 602784      0t0       TCP *:https (LISTEN)
nginx     196762  nginx   11u     IPv6 602785      0t0       TCP *:http (LISTEN)
nginx     196763  nginx    8u     IPv4 602782      0t0       TCP *:https (LISTEN)
nginx     196763  nginx    9u     IPv4 602783      0t0       TCP *:http (LISTEN)
nginx     196763  nginx   10u     IPv6 602784      0t0       TCP *:https (LISTEN)
nginx     196763  nginx   11u     IPv6 602785      0t0       TCP *:http (LISTEN)
nginx     196763  nginx   19u     IPv4 790424      0t0       TCP aap24-control:https->192.168.1.49:49410 (ESTABLISHED)
nginx     196763  nginx   24u     IPv4 792276      0t0       TCP aap24-control:https->192.168.1.49:49422 (ESTABLISHED)
nginx     196764  nginx    8u     IPv4 602782      0t0       TCP *:https (LISTEN)
nginx     196764  nginx    9u     IPv4 602783      0t0       TCP *:http (LISTEN)
nginx     196764  nginx   10u     IPv6 602784      0t0       TCP *:https (LISTEN)
nginx     196764  nginx   11u     IPv6 602785      0t0       TCP *:http (LISTEN)
nginx     196765  nginx    8u     IPv4 602782      0t0       TCP *:https (LISTEN)
nginx     196765  nginx    9u     IPv4 602783      0t0       TCP *:http (LISTEN)
nginx     196765  nginx   10u     IPv6 602784      0t0       TCP *:https (LISTEN)
nginx     196765  nginx   11u     IPv6 602785      0t0       TCP *:http (LISTEN)
awx-manag 197339    awx   38u     IPv4 606638      0t0       TCP aap24-control:45280->aap24-database:postgres (ESTABLISHED)
awx-manag 197340    awx   29u     IPv4 626226      0t0       TCP aap24-control:47354->aap24-database:postgres (ESTABLISHED)
daphne    197342    awx   13u     IPv4 605767      0t0       TCP aap24-control:45240->aap24-database:postgres (ESTABLISHED)
awx-manag 197343    awx   17u     IPv4 607603      0t0       TCP aap24-control:45338->aap24-database:postgres (ESTABLISHED)
awx-manag 197345   root    8u     IPv4 605873      0t0       TCP aap24-control:45304->aap24-database:postgres (ESTABLISHED)
awx-manag 197345   root   14u     IPv4 605878      0t0       TCP aap24-control:45316->aap24-database:postgres (ESTABLISHED)
awx-manag 197346    awx    8u     IPv4 606592      0t0       TCP aap24-control:45256->aap24-database:postgres (ESTABLISHED)
awx-manag 197346    awx   14u     IPv4 605097      0t0       TCP aap24-control:45262->aap24-database:postgres (ESTABLISHED)
awx-manag 197541    awx   16u     IPv4 815237      0t0       TCP aap24-control:35074->aap24-database:postgres (ESTABLISHED)
sshd      252955   root    4u     IPv4 794664      0t0       TCP aap24-control:ssh->192.168.1.49:51510 (ESTABLISHED)
sshd      252958   root    4u     IPv4 794664      0t0       TCP aap24-control:ssh->192.168.1.49:51510 (ESTABLISHED)
awx-manag 253277    awx   38u     IPv4 606638      0t0       TCP aap24-control:45280->aap24-database:postgres (ESTABLISHED)
receptor  255715    awx  cwd       DIR  253,0      235       128 /
receptor  255715    awx  rtd       DIR  253,0      235       128 /
receptor  255715    awx  txt       REG  253,0 54652712 100691309 /usr/bin/receptor
receptor  255715    awx  mem       REG  253,0  5436640     28515 /usr/lib64/libcrypto.so.3.2.2
receptor  255715    awx  mem       REG  253,0  2544344      3530 /usr/lib64/libc.so.6
receptor  255715    awx  mem       REG  253,0   102552      3550 /usr/lib64/libz.so.1.2.11
receptor  255715    awx  mem       REG  253,0   897856      3526 /usr/lib64/ld-linux-x86-64.so.2
receptor  255715    awx    0r      CHR    1,3      0t0         4 /dev/null
receptor  255715    awx    1w      REG  253,0     8485  34641330 /var/log/receptor/receptor.log
receptor  255715    awx    2w      REG  253,0     8485  34641330 /var/log/receptor/receptor.log
receptor  255715    awx    3r      REG  253,0     2192 102715179 /tmp/receptor/192.168.1.252/eSCqTNyP/stdin
receptor  255715    awx    4u  a_inode   0,14        0        62 [eventpoll:5]
receptor  255715    awx    5r     FIFO   0,13      0t0    803154 pipe
receptor  255715    awx    6w     FIFO   0,13      0t0    803154 pipe
receptor  255715    awx    7w      REG  253,0    34119 102715180 /tmp/receptor/192.168.1.252/eSCqTNyP/stdout
slirp4net 255835    awx    3u     IPv4 803607      0t0       TCP aap24-control:44570->aap25-execution.lan:ssh (ESTABLISHED)
awx-manag 256609    awx   38u     IPv4 606638      0t0       TCP aap24-control:45280->aap24-database:postgres (ESTABLISHED)
awx-manag 256611    awx   33u     IPv4 815155      0t0       TCP aap24-control:50026->aap24-database:postgres (ESTABLISHED)
awx-manag 256611    awx   38u     IPv4 606638      0t0       TCP aap24-control:45280->aap24-database:postgres (ESTABLISHED)
awx-manag 256614    awx   38u     IPv4 606638      0t0       TCP aap24-control:45280->aap24-database:postgres (ESTABLISHED)
awx-manag 256614    awx   47u     IPv4 817232      0t0       TCP aap24-control:35080->aap24-database:postgres (ESTABLISHED)
awx-manag 257901    awx   38u     IPv4 606638      0t0       TCP aap24-control:45280->aap24-database:postgres (ESTABLISHED)
awx-manag 257901    awx   46u     IPv4 813333      0t0       TCP aap24-control:60930->aap24-database:postgres (ESTABLISHED)
awx-manag 257903    awx   38u     IPv4 606638      0t0       TCP aap24-control:45280->aap24-database:postgres (ESTABLISHED)
awx-manag 257903    awx   52u     IPv4 812021      0t0       TCP aap24-control:50020->aap24-database:postgres (ESTABLISHED)
awx-manag 257905    awx   38u     IPv4 606638      0t0       TCP aap24-control:45280->aap24-database:postgres (ESTABLISHED)

    PID    PPID CMD                           RSS    VSZ %CPU %MEM     ELAPSED
Receptor Child Processes for PID 258650:
  No child processes found
Receptor Threads for PID 258650:
    PID    SPID %CPU %MEM   RSS COMMAND
Receptor Network Connections for PID 258650:
COMMAND      PID   USER   FD   TYPE DEVICE SIZE/OFF NODE NAME
chronyd      789 chrony    5u  IPv4  13239      0t0  UDP localhost:323 
chronyd      789 chrony    6u  IPv6  13240      0t0  UDP localhost:323 
NetworkMa    792   root   26u  IPv4  22360      0t0  UDP aap24-control:bootpc->pi.hole:bootps 
sshd         859   root    3u  IPv4  22990      0t0  TCP *:ssh (LISTEN)
sshd         859   root    4u  IPv6  22992      0t0  TCP *:ssh (LISTEN)
receptor  192070    awx    8u  IPv6 587141      0t0  TCP *:27199 (LISTEN)
receptor  192070    awx    9u  IPv6 586439      0t0  TCP aap24-control:27199->aap24-execution:40392 (ESTABLISHED)
nginx     196761   root    8u  IPv4 602782      0t0  TCP *:https (LISTEN)
nginx     196761   root    9u  IPv4 602783      0t0  TCP *:http (LISTEN)
nginx     196761   root   10u  IPv6 602784      0t0  TCP *:https (LISTEN)
nginx     196761   root   11u  IPv6 602785      0t0  TCP *:http (LISTEN)
nginx     196762  nginx    8u  IPv4 602782      0t0  TCP *:https (LISTEN)
nginx     196762  nginx    9u  IPv4 602783      0t0  TCP *:http (LISTEN)
nginx     196762  nginx   10u  IPv6 602784      0t0  TCP *:https (LISTEN)
nginx     196762  nginx   11u  IPv6 602785      0t0  TCP *:http (LISTEN)
nginx     196763  nginx    8u  IPv4 602782      0t0  TCP *:https (LISTEN)
nginx     196763  nginx    9u  IPv4 602783      0t0  TCP *:http (LISTEN)
nginx     196763  nginx   10u  IPv6 602784      0t0  TCP *:https (LISTEN)
nginx     196763  nginx   11u  IPv6 602785      0t0  TCP *:http (LISTEN)
nginx     196763  nginx   19u  IPv4 790424      0t0  TCP aap24-control:https->192.168.1.49:49410 (ESTABLISHED)
nginx     196763  nginx   24u  IPv4 792276      0t0  TCP aap24-control:https->192.168.1.49:49422 (ESTABLISHED)
nginx     196764  nginx    8u  IPv4 602782      0t0  TCP *:https (LISTEN)
nginx     196764  nginx    9u  IPv4 602783      0t0  TCP *:http (LISTEN)
nginx     196764  nginx   10u  IPv6 602784      0t0  TCP *:https (LISTEN)
nginx     196764  nginx   11u  IPv6 602785      0t0  TCP *:http (LISTEN)
nginx     196765  nginx    8u  IPv4 602782      0t0  TCP *:https (LISTEN)
nginx     196765  nginx    9u  IPv4 602783      0t0  TCP *:http (LISTEN)
nginx     196765  nginx   10u  IPv6 602784      0t0  TCP *:https (LISTEN)
nginx     196765  nginx   11u  IPv6 602785      0t0  TCP *:http (LISTEN)
awx-manag 197339    awx   38u  IPv4 606638      0t0  TCP aap24-control:45280->aap24-database:postgres (ESTABLISHED)
awx-manag 197340    awx   29u  IPv4 626226      0t0  TCP aap24-control:47354->aap24-database:postgres (ESTABLISHED)
daphne    197342    awx   13u  IPv4 605767      0t0  TCP aap24-control:45240->aap24-database:postgres (ESTABLISHED)
awx-manag 197343    awx   17u  IPv4 607603      0t0  TCP aap24-control:45338->aap24-database:postgres (ESTABLISHED)
awx-manag 197345   root    8u  IPv4 605873      0t0  TCP aap24-control:45304->aap24-database:postgres (ESTABLISHED)
awx-manag 197345   root   14u  IPv4 605878      0t0  TCP aap24-control:45316->aap24-database:postgres (ESTABLISHED)
awx-manag 197346    awx    8u  IPv4 606592      0t0  TCP aap24-control:45256->aap24-database:postgres (ESTABLISHED)
awx-manag 197346    awx   14u  IPv4 605097      0t0  TCP aap24-control:45262->aap24-database:postgres (ESTABLISHED)
awx-manag 197541    awx   16u  IPv4 815237      0t0  TCP aap24-control:35074->aap24-database:postgres (ESTABLISHED)
sshd      252955   root    4u  IPv4 794664      0t0  TCP aap24-control:ssh->192.168.1.49:51510 (ESTABLISHED)
sshd      252958   root    4u  IPv4 794664      0t0  TCP aap24-control:ssh->192.168.1.49:51510 (ESTABLISHED)
awx-manag 253277    awx   38u  IPv4 606638      0t0  TCP aap24-control:45280->aap24-database:postgres (ESTABLISHED)
slirp4net 255835    awx    3u  IPv4 803607      0t0  TCP aap24-control:44570->aap25-execution.lan:ssh (ESTABLISHED)
awx-manag 256609    awx   38u  IPv4 606638      0t0  TCP aap24-control:45280->aap24-database:postgres (ESTABLISHED)
awx-manag 256611    awx   33u  IPv4 815155      0t0  TCP aap24-control:50026->aap24-database:postgres (ESTABLISHED)
awx-manag 256611    awx   38u  IPv4 606638      0t0  TCP aap24-control:45280->aap24-database:postgres (ESTABLISHED)
awx-manag 256614    awx   38u  IPv4 606638      0t0  TCP aap24-control:45280->aap24-database:postgres (ESTABLISHED)
awx-manag 256614    awx   47u  IPv4 817232      0t0  TCP aap24-control:35080->aap24-database:postgres (ESTABLISHED)
awx-manag 257901    awx   38u  IPv4 606638      0t0  TCP aap24-control:45280->aap24-database:postgres (ESTABLISHED)
awx-manag 257901    awx   46u  IPv4 813333      0t0  TCP aap24-control:60930->aap24-database:postgres (ESTABLISHED)
awx-manag 257903    awx   38u  IPv4 606638      0t0  TCP aap24-control:45280->aap24-database:postgres (ESTABLISHED)
awx-manag 257903    awx   52u  IPv4 812021      0t0  TCP aap24-control:50020->aap24-database:postgres (ESTABLISHED)
awx-manag 257905    awx   38u  IPv4 606638      0t0  TCP aap24-control:45280->aap24-database:postgres (ESTABLISHED)
  No network connections found

=== RECEPTOR MEMORY SUMMARY ===
Total Receptor RSS Memory: 154300 KB (150 MB)
Total Receptor VSZ Memory: 4303816 KB (4202 MB)
Number of Receptor Processes: 4

AAP-related Processes and Children:
=== AAP Service Processes ===
Process: redis-server (PID: 135959)
    PID    PPID CMD                           RSS
 135959       1 /usr/bin/redis-server unixs 13180

Process: receptor (PID: 192070)
    PID    PPID CMD                           RSS
 192070       1 /usr/bin/receptor -c /etc/r 46880
  Children of PID 192070:
    PID    PPID CMD                           RSS
 255715  192070 /usr/bin/receptor --node id 37728

Process: nginx (PID: 196761)
    PID    PPID CMD                           RSS
 196761       1 nginx: master process /usr/  2124
  Children of PID 196761:
    PID    PPID CMD                           RSS
 196762  196761 nginx: worker process        4044
    PID    PPID CMD                           RSS
 196763  196761 nginx: worker process        8524
    PID    PPID CMD                           RSS
 196764  196761 nginx: worker process        8140
    PID    PPID CMD                           RSS
 196765  196761 nginx: worker process        8524

Process: nginx (PID: 196762)
    PID    PPID CMD                           RSS
 196762  196761 nginx: worker process        4044

Process: nginx (PID: 196763)
    PID    PPID CMD                           RSS
 196763  196761 nginx: worker process        8524

Process: nginx (PID: 196764)
    PID    PPID CMD                           RSS
 196764  196761 nginx: worker process        8140

Process: nginx (PID: 196765)
    PID    PPID CMD                           RSS
 196765  196761 nginx: worker process        8524

Process: uwsgi (PID: 197341)
    PID    PPID CMD                           RSS
 197341  197177 /var/lib/awx/venv/awx/bin/u 103452
  Children of PID 197341:
    PID    PPID CMD                           RSS
 253044  197341 /var/lib/awx/venv/awx/bin/u 116984
    PID    PPID CMD                           RSS
 253045  197341 /var/lib/awx/venv/awx/bin/u 123896
    PID    PPID CMD                           RSS
 253046  197341 /var/lib/awx/venv/awx/bin/u 118264
    PID    PPID CMD                           RSS
 253047  197341 /var/lib/awx/venv/awx/bin/u 118008

Process: uwsgi (PID: 253044)
    PID    PPID CMD                           RSS
 253044  197341 /var/lib/awx/venv/awx/bin/u 116984

Process: uwsgi (PID: 253045)
    PID    PPID CMD                           RSS
 253045  197341 /var/lib/awx/venv/awx/bin/u 123896

Process: uwsgi (PID: 253046)
    PID    PPID CMD                           RSS
 253046  197341 /var/lib/awx/venv/awx/bin/u 118264

Process: uwsgi (PID: 253047)
    PID    PPID CMD                           RSS
 253047  197341 /var/lib/awx/venv/awx/bin/u 118008

Process: bash (PID: 253089)
    PID    PPID CMD                           RSS
 253089       1 bash -c  log_file="/tmp/mem  3584
  Children of PID 253089:
    PID    PPID CMD                           RSS
 258771  253089 bash -c  log_file="/tmp/mem  2368

Process: receptor (PID: 255715)
    PID    PPID CMD                           RSS
 255715  192070 /usr/bin/receptor --node id 37728
  Children of PID 255715:
    PID    PPID CMD                           RSS
 255723  255715 /var/lib/awx/venv/awx/bin/p 28380

Process: bash (PID: 258771)
    PID    PPID CMD                           RSS
 258771  253089 bash -c  log_file="/tmp/mem  2368
  Children of PID 258771:
    PID    PPID CMD                           RSS


Process Tree for AAP Services:
=== automation-controller Process Tree ===
bash(253089)---pstree(258831)
=== receptor Process Tree ===
receptor(192070)-+-receptor(255715)-+-ansible-runner(255723)---podman(255756)-+-exe(255770)-+-slirp4netns(255835)
                 |                  |                                         |             |-{exe}(255783)
                 |                  |                                         |             |-{exe}(255784)
                 |                  |                                         |             |-{exe}(255786)
                 |                  |                                         |             |-{exe}(255787)
                 |                  |                                         |             |-{exe}(255800)
                 |                  |                                         |             |-{exe}(255802)
                 |                  |                                         |             |-{exe}(255831)
                 |                  |                                         |             |-{exe}(255832)
                 |                  |                                         |             `-{exe}(255846)
                 |                  |                                         |-{podman}(255757)
                 |                  |                                         |-{podman}(255758)
                 |                  |                                         |-{podman}(255759)
                 |                  |                                         |-{podman}(255760)
                 |                  |                                         |-{podman}(255761)
                 |                  |                                         |-{podman}(255762)
                 |                  |                                         |-{podman}(255764)
                 |                  |                                         |-{podman}(255772)
                 |                  |                                         `-{podman}(255774)
                 |                  |-{receptor}(255716)
                 |                  |-{receptor}(255717)
                 |                  |-{receptor}(255718)
                 |                  |-{receptor}(255719)
                 |                  |-{receptor}(255720)
                 |                  |-{receptor}(255721)
                 |                  |-{receptor}(255722)
                 |                  |-{receptor}(255724)
                 |                  `-{receptor}(257563)
                 |-{receptor}(192072)
                 |-{receptor}(192073)
                 |-{receptor}(192074)
                 |-{receptor}(192075)
                 |-{receptor}(192076)
                 |-{receptor}(192077)
                 |-{receptor}(201640)
                 `-{receptor}(202660)
bash(253089)---pstree(258836)
receptor(255715)-+-ansible-runner(255723)---podman(255756)-+-exe(255770)-+-slirp4netns(255835)
                 |                                         |             |-{exe}(255783)
                 |                                         |             |-{exe}(255784)
                 |                                         |             |-{exe}(255786)
                 |                                         |             |-{exe}(255787)
                 |                                         |             |-{exe}(255800)
                 |                                         |             |-{exe}(255802)
                 |                                         |             |-{exe}(255831)
                 |                                         |             |-{exe}(255832)
                 |                                         |             `-{exe}(255846)
                 |                                         |-{podman}(255757)
                 |                                         |-{podman}(255758)
                 |                                         |-{podman}(255759)
                 |                                         |-{podman}(255760)
                 |                                         |-{podman}(255761)
                 |                                         |-{podman}(255762)
                 |                                         |-{podman}(255764)
                 |                                         |-{podman}(255772)
                 |                                         `-{podman}(255774)
                 |-{receptor}(255716)
                 |-{receptor}(255717)
                 |-{receptor}(255718)
                 |-{receptor}(255719)
                 |-{receptor}(255720)
                 |-{receptor}(255721)
                 |-{receptor}(255722)
                 |-{receptor}(255724)
                 `-{receptor}(257563)
=== nginx Process Tree ===
nginx(196761)-+-nginx(196762)
              |-nginx(196763)
              |-nginx(196764)
              `-nginx(196765)
nginx(196762)
nginx(196763)
nginx(196764)
nginx(196765)
bash(253089)---pstree(258846)
=== postgresql Process Tree ===
bash(253089)---pstree(258850)
=== redis Process Tree ===
redis-server(135959)-+-{redis-server}(135960)
                     |-{redis-server}(135961)
                     |-{redis-server}(135962)
                     `-{redis-server}(135963)
bash(253089)---pstree(258855)
=== uwsgi Process Tree ===
uwsgi(197341)-+-uwsgi(253044)
              |-uwsgi(253045)
              |-uwsgi(253046)
              `-uwsgi(253047)
uwsgi(253044)
uwsgi(253045)
uwsgi(253046)
uwsgi(253047)
bash(253089)---pstree(258864)
=== automation-hub Process Tree ===
bash(253089)---pstree(258868)
=== automation-eda Process Tree ===
bash(253089)---pstree(258872)

=================================================================================
2025-07-07 15:54:20
Memory Usage Report:
               total        used        free      shared  buff/cache   available
Mem:            7681        2346        1330          20        4322        5334
Swap:           8067           0        8067

Top 10 Processes by RSS Memory:
    PID    PPID CMD                           RSS
 197339  197177 /var/lib/awx/venv/awx/bin/p 133580
 197340  197177 /var/lib/awx/venv/awx/bin/p 131572
 197345  197177 /var/lib/awx/venv/awx/bin/p 130276
 253277  197339 /var/lib/awx/venv/awx/bin/p 130116
 256609  197339 /var/lib/awx/venv/awx/bin/p 127684
 257905  197339 /var/lib/awx/venv/awx/bin/p 126284
 197343  197177 /var/lib/awx/venv/awx/bin/p 125912
 197532  197340 /var/lib/awx/venv/awx/bin/p 125636
 257903  197339 /var/lib/awx/venv/awx/bin/p 125516
 197536  197340 /var/lib/awx/venv/awx/bin/p 125404

=== RECEPTOR PROCESS ANALYSIS ===
Receptor Main Processes:
    PID    PPID CMD                           RSS    VSZ %CPU %MEM     ELAPSED
 192070       1 /usr/bin/receptor -c /etc/r 46704 1347904 0.1  0.5    01:03:57
Receptor Child Processes for PID 192070:
      PID    PPID CMD                           RSS    VSZ %CPU %MEM     ELAPSED
 255715  192070 /usr/bin/receptor --node id 37728 1421060 0.0  0.4       02:07
Receptor Threads for PID 192070:
    PID    SPID %CPU %MEM   RSS COMMAND
 192070  192070  0.0  0.5 46704 receptor
 192070  192072  0.0  0.5 46704 receptor
 192070  192073  0.0  0.5 46704 receptor
 192070  192074  0.0  0.5 46704 receptor
 192070  192075  0.0  0.5 46704 receptor
 192070  192076  0.0  0.5 46704 receptor
 192070  192077  0.0  0.5 46704 receptor
 192070  201640  0.0  0.5 46704 receptor
 192070  202660  0.0  0.5 46704 receptor
Receptor Network Connections for PID 192070:
COMMAND      PID   USER   FD      TYPE             DEVICE SIZE/OFF      NODE NAME
chronyd      789 chrony    5u     IPv4              13239      0t0       UDP localhost:323 
chronyd      789 chrony    6u     IPv6              13240      0t0       UDP localhost:323 
NetworkMa    792   root   26u     IPv4              22360      0t0       UDP aap24-control:bootpc->pi.hole:bootps 
sshd         859   root    3u     IPv4              22990      0t0       TCP *:ssh (LISTEN)
sshd         859   root    4u     IPv6              22992      0t0       TCP *:ssh (LISTEN)
receptor  192070    awx  cwd       DIR              253,0      235       128 /
receptor  192070    awx  rtd       DIR              253,0      235       128 /
receptor  192070    awx  txt       REG              253,0 54652712 100691309 /usr/bin/receptor
receptor  192070    awx  mem       REG              253,0  5436640     28515 /usr/lib64/libcrypto.so.3.2.2
receptor  192070    awx  mem       REG              253,0  2544344      3530 /usr/lib64/libc.so.6
receptor  192070    awx  mem       REG              253,0   102552      3550 /usr/lib64/libz.so.1.2.11
receptor  192070    awx  mem       REG              253,0   897856      3526 /usr/lib64/ld-linux-x86-64.so.2
receptor  192070    awx    0r      CHR                1,3      0t0         4 /dev/null
receptor  192070    awx    1w      REG              253,0     8485  34641330 /var/log/receptor/receptor.log
receptor  192070    awx    2w      REG              253,0     8485  34641330 /var/log/receptor/receptor.log
receptor  192070    awx    3rW     REG               0,23        0      2816 /run/awx-receptor/receptor.sock.lock
receptor  192070    awx    4u  a_inode               0,14        0        62 [eventpoll:5,7,8,9,10,12]
receptor  192070    awx    5r     FIFO               0,13      0t0    584296 pipe
receptor  192070    awx    6w     FIFO               0,13      0t0    584296 pipe
receptor  192070    awx    7u     unix 0xffff9bf94dcae400      0t0    585091 /var/run/awx-receptor/receptor.sock type=STREAM (LISTEN)
receptor  192070    awx    8u     IPv6             587141      0t0       TCP *:27199 (LISTEN)
receptor  192070    awx    9u     IPv6             586439      0t0       TCP aap24-control:27199->aap24-execution:40392 (ESTABLISHED)
receptor  192070    awx   10r  a_inode               0,14        0        62 inotify
receptor  192070    awx   12u     unix 0xffff9bf984154100      0t0    805069 /var/run/awx-receptor/receptor.sock type=STREAM (CONNECTED)
receptor  192070    awx   13r      REG              253,0    34119 102715180 /tmp/receptor/192.168.1.252/eSCqTNyP/stdout
nginx     196761   root    8u     IPv4             602782      0t0       TCP *:https (LISTEN)
nginx     196761   root    9u     IPv4             602783      0t0       TCP *:http (LISTEN)
nginx     196761   root   10u     IPv6             602784      0t0       TCP *:https (LISTEN)
nginx     196761   root   11u     IPv6             602785      0t0       TCP *:http (LISTEN)
nginx     196762  nginx    8u     IPv4             602782      0t0       TCP *:https (LISTEN)
nginx     196762  nginx    9u     IPv4             602783      0t0       TCP *:http (LISTEN)
nginx     196762  nginx   10u     IPv6             602784      0t0       TCP *:https (LISTEN)
nginx     196762  nginx   11u     IPv6             602785      0t0       TCP *:http (LISTEN)
nginx     196763  nginx    8u     IPv4             602782      0t0       TCP *:https (LISTEN)
nginx     196763  nginx    9u     IPv4             602783      0t0       TCP *:http (LISTEN)
nginx     196763  nginx   10u     IPv6             602784      0t0       TCP *:https (LISTEN)
nginx     196763  nginx   11u     IPv6             602785      0t0       TCP *:http (LISTEN)
nginx     196763  nginx   19u     IPv4             790424      0t0       TCP aap24-control:https->192.168.1.49:49410 (ESTABLISHED)
nginx     196763  nginx   24u     IPv4             792276      0t0       TCP aap24-control:https->192.168.1.49:49422 (ESTABLISHED)
nginx     196764  nginx    8u     IPv4             602782      0t0       TCP *:https (LISTEN)
nginx     196764  nginx    9u     IPv4             602783      0t0       TCP *:http (LISTEN)
nginx     196764  nginx   10u     IPv6             602784      0t0       TCP *:https (LISTEN)
nginx     196764  nginx   11u     IPv6             602785      0t0       TCP *:http (LISTEN)
nginx     196765  nginx    8u     IPv4             602782      0t0       TCP *:https (LISTEN)
nginx     196765  nginx    9u     IPv4             602783      0t0       TCP *:http (LISTEN)
nginx     196765  nginx   10u     IPv6             602784      0t0       TCP *:https (LISTEN)
nginx     196765  nginx   11u     IPv6             602785      0t0       TCP *:http (LISTEN)
awx-manag 197339    awx   38u     IPv4             606638      0t0       TCP aap24-control:45280->aap24-database:postgres (ESTABLISHED)
awx-manag 197340    awx   29u     IPv4             626226      0t0       TCP aap24-control:47354->aap24-database:postgres (ESTABLISHED)
daphne    197342    awx   13u     IPv4             605767      0t0       TCP aap24-control:45240->aap24-database:postgres (ESTABLISHED)
awx-manag 197343    awx   17u     IPv4             607603      0t0       TCP aap24-control:45338->aap24-database:postgres (ESTABLISHED)
awx-manag 197345   root    8u     IPv4             605873      0t0       TCP aap24-control:45304->aap24-database:postgres (ESTABLISHED)
awx-manag 197345   root   14u     IPv4             605878      0t0       TCP aap24-control:45316->aap24-database:postgres (ESTABLISHED)
awx-manag 197346    awx    8u     IPv4             606592      0t0       TCP aap24-control:45256->aap24-database:postgres (ESTABLISHED)
awx-manag 197346    awx   14u     IPv4             605097      0t0       TCP aap24-control:45262->aap24-database:postgres (ESTABLISHED)
awx-manag 197541    awx   16u     IPv4             817697      0t0       TCP aap24-control:41030->aap24-database:postgres (ESTABLISHED)
sshd      252955   root    4u     IPv4             794664      0t0       TCP aap24-control:ssh->192.168.1.49:51510 (ESTABLISHED)
sshd      252958   root    4u     IPv4             794664      0t0       TCP aap24-control:ssh->192.168.1.49:51510 (ESTABLISHED)
awx-manag 253277    awx   38u     IPv4             606638      0t0       TCP aap24-control:45280->aap24-database:postgres (ESTABLISHED)
slirp4net 255835    awx    3u     IPv4             803607      0t0       TCP aap24-control:44570->aap25-execution.lan:ssh (ESTABLISHED)
awx-manag 256609    awx   28u     IPv4             816909      0t0       TCP aap24-control:41046->aap24-database:postgres (ESTABLISHED)
awx-manag 256609    awx   38u     IPv4             606638      0t0       TCP aap24-control:45280->aap24-database:postgres (ESTABLISHED)
awx-manag 257903    awx   38u     IPv4             606638      0t0       TCP aap24-control:45280->aap24-database:postgres (ESTABLISHED)
awx-manag 257903    awx   52u     IPv4             817699      0t0       TCP aap24-control:41066->aap24-database:postgres (ESTABLISHED)
awx-manag 257905    awx   38u     IPv4             606638      0t0       TCP aap24-control:45280->aap24-database:postgres (ESTABLISHED)
awx-manag 257905    awx   62u     IPv4             816925      0t0       TCP aap24-control:41068->aap24-database:postgres (ESTABLISHED)
awx-manag 259295    awx   31u     IPv4             817698      0t0       TCP aap24-control:41062->aap24-database:postgres (ESTABLISHED)
awx-manag 259295    awx   38u     IPv4             606638      0t0       TCP aap24-control:45280->aap24-database:postgres (ESTABLISHED)
awx-manag 259297    awx   38u     IPv4             606638      0t0       TCP aap24-control:45280->aap24-database:postgres (ESTABLISHED)
awx-manag 259297    awx   46u     IPv4             817703      0t0       TCP aap24-control:41072->aap24-database:postgres (ESTABLISHED)
awx-manag 259299    awx   38u     IPv4             606638      0t0       TCP aap24-control:45280->aap24-database:postgres (ESTABLISHED)
awx-manag 259299    awx   62u     IPv4             816933      0t0       TCP aap24-control:41074->aap24-database:postgres (ESTABLISHED)
awx-manag 259301    awx   38u     IPv4             606638      0t0       TCP aap24-control:45280->aap24-database:postgres (ESTABLISHED)

    PID    PPID CMD                           RSS    VSZ %CPU %MEM     ELAPSED
 253089       1 bash -c  log_file="/tmp/mem  3584   7260  0.0  0.0       03:05
Receptor Child Processes for PID 253089:
      PID    PPID CMD                           RSS    VSZ %CPU %MEM     ELAPSED
Receptor Threads for PID 253089:
    PID    SPID %CPU %MEM   RSS COMMAND
 253089  253089  0.0  0.0  3584 bash
Receptor Network Connections for PID 253089:
COMMAND      PID   USER   FD   TYPE DEVICE SIZE/OFF      NODE NAME
chronyd      789 chrony    5u  IPv4  13239      0t0       UDP localhost:323 
chronyd      789 chrony    6u  IPv6  13240      0t0       UDP localhost:323 
NetworkMa    792   root   26u  IPv4  22360      0t0       UDP aap24-control:bootpc->pi.hole:bootps 
sshd         859   root    3u  IPv4  22990      0t0       TCP *:ssh (LISTEN)
sshd         859   root    4u  IPv6  22992      0t0       TCP *:ssh (LISTEN)
receptor  192070    awx    8u  IPv6 587141      0t0       TCP *:27199 (LISTEN)
receptor  192070    awx    9u  IPv6 586439      0t0       TCP aap24-control:27199->aap24-execution:40392 (ESTABLISHED)
nginx     196761   root    8u  IPv4 602782      0t0       TCP *:https (LISTEN)
nginx     196761   root    9u  IPv4 602783      0t0       TCP *:http (LISTEN)
nginx     196761   root   10u  IPv6 602784      0t0       TCP *:https (LISTEN)
nginx     196761   root   11u  IPv6 602785      0t0       TCP *:http (LISTEN)
nginx     196762  nginx    8u  IPv4 602782      0t0       TCP *:https (LISTEN)
nginx     196762  nginx    9u  IPv4 602783      0t0       TCP *:http (LISTEN)
nginx     196762  nginx   10u  IPv6 602784      0t0       TCP *:https (LISTEN)
nginx     196762  nginx   11u  IPv6 602785      0t0       TCP *:http (LISTEN)
nginx     196763  nginx    8u  IPv4 602782      0t0       TCP *:https (LISTEN)
nginx     196763  nginx    9u  IPv4 602783      0t0       TCP *:http (LISTEN)
nginx     196763  nginx   10u  IPv6 602784      0t0       TCP *:https (LISTEN)
nginx     196763  nginx   11u  IPv6 602785      0t0       TCP *:http (LISTEN)
nginx     196763  nginx   19u  IPv4 790424      0t0       TCP aap24-control:https->192.168.1.49:49410 (ESTABLISHED)
nginx     196763  nginx   24u  IPv4 792276      0t0       TCP aap24-control:https->192.168.1.49:49422 (ESTABLISHED)
nginx     196764  nginx    8u  IPv4 602782      0t0       TCP *:https (LISTEN)
nginx     196764  nginx    9u  IPv4 602783      0t0       TCP *:http (LISTEN)
nginx     196764  nginx   10u  IPv6 602784      0t0       TCP *:https (LISTEN)
nginx     196764  nginx   11u  IPv6 602785      0t0       TCP *:http (LISTEN)
nginx     196765  nginx    8u  IPv4 602782      0t0       TCP *:https (LISTEN)
nginx     196765  nginx    9u  IPv4 602783      0t0       TCP *:http (LISTEN)
nginx     196765  nginx   10u  IPv6 602784      0t0       TCP *:https (LISTEN)
nginx     196765  nginx   11u  IPv6 602785      0t0       TCP *:http (LISTEN)
awx-manag 197339    awx   38u  IPv4 606638      0t0       TCP aap24-control:45280->aap24-database:postgres (ESTABLISHED)
awx-manag 197340    awx   29u  IPv4 626226      0t0       TCP aap24-control:47354->aap24-database:postgres (ESTABLISHED)
daphne    197342    awx   13u  IPv4 605767      0t0       TCP aap24-control:45240->aap24-database:postgres (ESTABLISHED)
awx-manag 197343    awx   17u  IPv4 607603      0t0       TCP aap24-control:45338->aap24-database:postgres (ESTABLISHED)
awx-manag 197345   root    8u  IPv4 605873      0t0       TCP aap24-control:45304->aap24-database:postgres (ESTABLISHED)
awx-manag 197345   root   14u  IPv4 605878      0t0       TCP aap24-control:45316->aap24-database:postgres (ESTABLISHED)
awx-manag 197346    awx    8u  IPv4 606592      0t0       TCP aap24-control:45256->aap24-database:postgres (ESTABLISHED)
awx-manag 197346    awx   14u  IPv4 605097      0t0       TCP aap24-control:45262->aap24-database:postgres (ESTABLISHED)
awx-manag 197541    awx   16u  IPv4 817697      0t0       TCP aap24-control:41030->aap24-database:postgres (ESTABLISHED)
sshd      252955   root    4u  IPv4 794664      0t0       TCP aap24-control:ssh->192.168.1.49:51510 (ESTABLISHED)
sshd      252958   root    4u  IPv4 794664      0t0       TCP aap24-control:ssh->192.168.1.49:51510 (ESTABLISHED)
bash      253089   root  cwd    DIR  253,0      142 100663430 /root
bash      253089   root  rtd    DIR  253,0      235       128 /
bash      253089   root  txt    REG  253,0  1389072 100699101 /usr/bin/bash
bash      253089   root  mem    REG  253,0  2586930 100699387 /usr/lib/locale/en_US.utf8/LC_COLLATE
bash      253089   root  mem    REG  253,0  2544344      3530 /usr/lib64/libc.so.6
bash      253089   root  mem    REG  253,0   346132  67253521 /usr/lib/locale/C.utf8/LC_CTYPE
bash      253089   root  mem    REG  253,0       54 100699390 /usr/lib/locale/en_US.utf8/LC_NUMERIC
bash      253089   root  mem    REG  253,0     3284      3433 /usr/lib/locale/en_US.utf8/LC_TIME
bash      253089   root  mem    REG  253,0      286      3431 /usr/lib/locale/en_US.utf8/LC_MONETARY
bash      253089   root  mem    REG  253,0       57      3445 /usr/lib/locale/en_US.utf8/LC_MESSAGES/SYS_LC_MESSAGES
bash      253089   root  mem    REG  253,0    26988  33558225 /usr/lib64/gconv/gconv-modules.cache
bash      253089   root  mem    REG  253,0   195080      3141 /usr/lib64/libtinfo.so.6.2
bash      253089   root  mem    REG  253,0       34  67253758 /usr/lib/locale/en_US.utf8/LC_PAPER
bash      253089   root  mem    REG  253,0       77 100699389 /usr/lib/locale/en_US.utf8/LC_NAME
bash      253089   root  mem    REG  253,0      167      3427 /usr/lib/locale/en_US.utf8/LC_ADDRESS
bash      253089   root  mem    REG  253,0       59      3432 /usr/lib/locale/en_US.utf8/LC_TELEPHONE
bash      253089   root  mem    REG  253,0       23      3430 /usr/lib/locale/en_US.utf8/LC_MEASUREMENT
bash      253089   root  mem    REG  253,0      369      3429 /usr/lib/locale/en_US.utf8/LC_IDENTIFICATION
bash      253089   root  mem    REG  253,0   897856      3526 /usr/lib64/ld-linux-x86-64.so.2
bash      253089   root    0r   CHR    1,3      0t0         4 /dev/null
bash      253089   root    1w   REG  253,0        0  67894671 /tmp/memory_monitor.log
bash      253089   root    2w   REG  253,0        0  67894671 /tmp/memory_monitor.log
bash      253089   root    3r  FIFO   0,13      0t0    819335 pipe
awx-manag 253277    awx   38u  IPv4 606638      0t0       TCP aap24-control:45280->aap24-database:postgres (ESTABLISHED)
slirp4net 255835    awx    3u  IPv4 803607      0t0       TCP aap24-control:44570->aap25-execution.lan:ssh (ESTABLISHED)
awx-manag 256609    awx   28u  IPv4 816909      0t0       TCP aap24-control:41046->aap24-database:postgres (ESTABLISHED)
awx-manag 256609    awx   38u  IPv4 606638      0t0       TCP aap24-control:45280->aap24-database:postgres (ESTABLISHED)
awx-manag 257903    awx   38u  IPv4 606638      0t0       TCP aap24-control:45280->aap24-database:postgres (ESTABLISHED)
awx-manag 257903    awx   52u  IPv4 817699      0t0       TCP aap24-control:41066->aap24-database:postgres (ESTABLISHED)
awx-manag 257905    awx   38u  IPv4 606638      0t0       TCP aap24-control:45280->aap24-database:postgres (ESTABLISHED)
awx-manag 257905    awx   62u  IPv4 816925      0t0       TCP aap24-control:41068->aap24-database:postgres (ESTABLISHED)
awx-manag 259295    awx   31u  IPv4 817698      0t0       TCP aap24-control:41062->aap24-database:postgres (ESTABLISHED)
awx-manag 259295    awx   38u  IPv4 606638      0t0       TCP aap24-control:45280->aap24-database:postgres (ESTABLISHED)
awx-manag 259297    awx   38u  IPv4 606638      0t0       TCP aap24-control:45280->aap24-database:postgres (ESTABLISHED)
awx-manag 259297    awx   46u  IPv4 817703      0t0       TCP aap24-control:41072->aap24-database:postgres (ESTABLISHED)
awx-manag 259299    awx   38u  IPv4 606638      0t0       TCP aap24-control:45280->aap24-database:postgres (ESTABLISHED)
awx-manag 259299    awx   62u  IPv4 816933      0t0       TCP aap24-control:41074->aap24-database:postgres (ESTABLISHED)
awx-manag 259301    awx   38u  IPv4 606638      0t0       TCP aap24-control:45280->aap24-database:postgres (ESTABLISHED)

    PID    PPID CMD                           RSS    VSZ %CPU %MEM     ELAPSED
 255715  192070 /usr/bin/receptor --node id 37728 1421060 0.0  0.4       02:08
Receptor Child Processes for PID 255715:
      PID    PPID CMD                           RSS    VSZ %CPU %MEM     ELAPSED
 255723  255715 /var/lib/awx/venv/awx/bin/p 28380 106532  0.1  0.3       02:08
Receptor Threads for PID 255715:
    PID    SPID %CPU %MEM   RSS COMMAND
 255715  255715  0.0  0.4 37728 receptor
 255715  255716  0.0  0.4 37728 receptor
 255715  255717  0.0  0.4 37728 receptor
 255715  255718  0.0  0.4 37728 receptor
 255715  255719  0.0  0.4 37728 receptor
 255715  255720  0.0  0.4 37728 receptor
 255715  255721  0.0  0.4 37728 receptor
 255715  255722  0.0  0.4 37728 receptor
 255715  255724  0.0  0.4 37728 receptor
 255715  257563  0.0  0.4 37728 receptor
Receptor Network Connections for PID 255715:
COMMAND      PID   USER   FD      TYPE DEVICE SIZE/OFF      NODE NAME
chronyd      789 chrony    5u     IPv4  13239      0t0       UDP localhost:323 
chronyd      789 chrony    6u     IPv6  13240      0t0       UDP localhost:323 
NetworkMa    792   root   26u     IPv4  22360      0t0       UDP aap24-control:bootpc->pi.hole:bootps 
sshd         859   root    3u     IPv4  22990      0t0       TCP *:ssh (LISTEN)
sshd         859   root    4u     IPv6  22992      0t0       TCP *:ssh (LISTEN)
receptor  192070    awx    8u     IPv6 587141      0t0       TCP *:27199 (LISTEN)
receptor  192070    awx    9u     IPv6 586439      0t0       TCP aap24-control:27199->aap24-execution:40392 (ESTABLISHED)
nginx     196761   root    8u     IPv4 602782      0t0       TCP *:https (LISTEN)
nginx     196761   root    9u     IPv4 602783      0t0       TCP *:http (LISTEN)
nginx     196761   root   10u     IPv6 602784      0t0       TCP *:https (LISTEN)
nginx     196761   root   11u     IPv6 602785      0t0       TCP *:http (LISTEN)
nginx     196762  nginx    8u     IPv4 602782      0t0       TCP *:https (LISTEN)
nginx     196762  nginx    9u     IPv4 602783      0t0       TCP *:http (LISTEN)
nginx     196762  nginx   10u     IPv6 602784      0t0       TCP *:https (LISTEN)
nginx     196762  nginx   11u     IPv6 602785      0t0       TCP *:http (LISTEN)
nginx     196763  nginx    8u     IPv4 602782      0t0       TCP *:https (LISTEN)
nginx     196763  nginx    9u     IPv4 602783      0t0       TCP *:http (LISTEN)
nginx     196763  nginx   10u     IPv6 602784      0t0       TCP *:https (LISTEN)
nginx     196763  nginx   11u     IPv6 602785      0t0       TCP *:http (LISTEN)
nginx     196763  nginx   19u     IPv4 790424      0t0       TCP aap24-control:https->192.168.1.49:49410 (ESTABLISHED)
nginx     196763  nginx   24u     IPv4 792276      0t0       TCP aap24-control:https->192.168.1.49:49422 (ESTABLISHED)
nginx     196764  nginx    8u     IPv4 602782      0t0       TCP *:https (LISTEN)
nginx     196764  nginx    9u     IPv4 602783      0t0       TCP *:http (LISTEN)
nginx     196764  nginx   10u     IPv6 602784      0t0       TCP *:https (LISTEN)
nginx     196764  nginx   11u     IPv6 602785      0t0       TCP *:http (LISTEN)
nginx     196765  nginx    8u     IPv4 602782      0t0       TCP *:https (LISTEN)
nginx     196765  nginx    9u     IPv4 602783      0t0       TCP *:http (LISTEN)
nginx     196765  nginx   10u     IPv6 602784      0t0       TCP *:https (LISTEN)
nginx     196765  nginx   11u     IPv6 602785      0t0       TCP *:http (LISTEN)
awx-manag 197339    awx   38u     IPv4 606638      0t0       TCP aap24-control:45280->aap24-database:postgres (ESTABLISHED)
awx-manag 197340    awx   29u     IPv4 626226      0t0       TCP aap24-control:47354->aap24-database:postgres (ESTABLISHED)
daphne    197342    awx   13u     IPv4 605767      0t0       TCP aap24-control:45240->aap24-database:postgres (ESTABLISHED)
awx-manag 197343    awx   17u     IPv4 607603      0t0       TCP aap24-control:45338->aap24-database:postgres (ESTABLISHED)
awx-manag 197345   root    8u     IPv4 605873      0t0       TCP aap24-control:45304->aap24-database:postgres (ESTABLISHED)
awx-manag 197345   root   14u     IPv4 605878      0t0       TCP aap24-control:45316->aap24-database:postgres (ESTABLISHED)
awx-manag 197346    awx    8u     IPv4 606592      0t0       TCP aap24-control:45256->aap24-database:postgres (ESTABLISHED)
awx-manag 197346    awx   14u     IPv4 605097      0t0       TCP aap24-control:45262->aap24-database:postgres (ESTABLISHED)
awx-manag 197541    awx   16u     IPv4 817697      0t0       TCP aap24-control:41030->aap24-database:postgres (ESTABLISHED)
sshd      252955   root    4u     IPv4 794664      0t0       TCP aap24-control:ssh->192.168.1.49:51510 (ESTABLISHED)
sshd      252958   root    4u     IPv4 794664      0t0       TCP aap24-control:ssh->192.168.1.49:51510 (ESTABLISHED)
awx-manag 253277    awx   38u     IPv4 606638      0t0       TCP aap24-control:45280->aap24-database:postgres (ESTABLISHED)
receptor  255715    awx  cwd       DIR  253,0      235       128 /
receptor  255715    awx  rtd       DIR  253,0      235       128 /
receptor  255715    awx  txt       REG  253,0 54652712 100691309 /usr/bin/receptor
receptor  255715    awx  mem       REG  253,0  5436640     28515 /usr/lib64/libcrypto.so.3.2.2
receptor  255715    awx  mem       REG  253,0  2544344      3530 /usr/lib64/libc.so.6
receptor  255715    awx  mem       REG  253,0   102552      3550 /usr/lib64/libz.so.1.2.11
receptor  255715    awx  mem       REG  253,0   897856      3526 /usr/lib64/ld-linux-x86-64.so.2
receptor  255715    awx    0r      CHR    1,3      0t0         4 /dev/null
receptor  255715    awx    1w      REG  253,0     8485  34641330 /var/log/receptor/receptor.log
receptor  255715    awx    2w      REG  253,0     8485  34641330 /var/log/receptor/receptor.log
receptor  255715    awx    3r      REG  253,0     2192 102715179 /tmp/receptor/192.168.1.252/eSCqTNyP/stdin
receptor  255715    awx    4u  a_inode   0,14        0        62 [eventpoll:5]
receptor  255715    awx    5r     FIFO   0,13      0t0    803154 pipe
receptor  255715    awx    6w     FIFO   0,13      0t0    803154 pipe
receptor  255715    awx    7w      REG  253,0    34119 102715180 /tmp/receptor/192.168.1.252/eSCqTNyP/stdout
slirp4net 255835    awx    3u     IPv4 803607      0t0       TCP aap24-control:44570->aap25-execution.lan:ssh (ESTABLISHED)
awx-manag 256609    awx   28u     IPv4 816909      0t0       TCP aap24-control:41046->aap24-database:postgres (ESTABLISHED)
awx-manag 256609    awx   38u     IPv4 606638      0t0       TCP aap24-control:45280->aap24-database:postgres (ESTABLISHED)
awx-manag 257903    awx   38u     IPv4 606638      0t0       TCP aap24-control:45280->aap24-database:postgres (ESTABLISHED)
awx-manag 257903    awx   52u     IPv4 817699      0t0       TCP aap24-control:41066->aap24-database:postgres (ESTABLISHED)
awx-manag 257905    awx   38u     IPv4 606638      0t0       TCP aap24-control:45280->aap24-database:postgres (ESTABLISHED)
awx-manag 257905    awx   62u     IPv4 816925      0t0       TCP aap24-control:41068->aap24-database:postgres (ESTABLISHED)
awx-manag 259295    awx   31u     IPv4 817698      0t0       TCP aap24-control:41062->aap24-database:postgres (ESTABLISHED)
awx-manag 259295    awx   38u     IPv4 606638      0t0       TCP aap24-control:45280->aap24-database:postgres (ESTABLISHED)
awx-manag 259297    awx   38u     IPv4 606638      0t0       TCP aap24-control:45280->aap24-database:postgres (ESTABLISHED)
awx-manag 259297    awx   46u     IPv4 817703      0t0       TCP aap24-control:41072->aap24-database:postgres (ESTABLISHED)
awx-manag 259299    awx   38u     IPv4 606638      0t0       TCP aap24-control:45280->aap24-database:postgres (ESTABLISHED)
awx-manag 259299    awx   62u     IPv4 816933      0t0       TCP aap24-control:41074->aap24-database:postgres (ESTABLISHED)
awx-manag 259301    awx   38u     IPv4 606638      0t0       TCP aap24-control:45280->aap24-database:postgres (ESTABLISHED)

    PID    PPID CMD                           RSS    VSZ %CPU %MEM     ELAPSED
Receptor Child Processes for PID 259331:
  No child processes found
Receptor Threads for PID 259331:
    PID    SPID %CPU %MEM   RSS COMMAND
Receptor Network Connections for PID 259331:
COMMAND      PID   USER   FD   TYPE DEVICE SIZE/OFF NODE NAME
chronyd      789 chrony    5u  IPv4  13239      0t0  UDP localhost:323 
chronyd      789 chrony    6u  IPv6  13240      0t0  UDP localhost:323 
NetworkMa    792   root   26u  IPv4  22360      0t0  UDP aap24-control:bootpc->pi.hole:bootps 
sshd         859   root    3u  IPv4  22990      0t0  TCP *:ssh (LISTEN)
sshd         859   root    4u  IPv6  22992      0t0  TCP *:ssh (LISTEN)
receptor  192070    awx    8u  IPv6 587141      0t0  TCP *:27199 (LISTEN)
receptor  192070    awx    9u  IPv6 586439      0t0  TCP aap24-control:27199->aap24-execution:40392 (ESTABLISHED)
nginx     196761   root    8u  IPv4 602782      0t0  TCP *:https (LISTEN)
nginx     196761   root    9u  IPv4 602783      0t0  TCP *:http (LISTEN)
nginx     196761   root   10u  IPv6 602784      0t0  TCP *:https (LISTEN)
nginx     196761   root   11u  IPv6 602785      0t0  TCP *:http (LISTEN)
nginx     196762  nginx    8u  IPv4 602782      0t0  TCP *:https (LISTEN)
nginx     196762  nginx    9u  IPv4 602783      0t0  TCP *:http (LISTEN)
nginx     196762  nginx   10u  IPv6 602784      0t0  TCP *:https (LISTEN)
nginx     196762  nginx   11u  IPv6 602785      0t0  TCP *:http (LISTEN)
nginx     196763  nginx    8u  IPv4 602782      0t0  TCP *:https (LISTEN)
nginx     196763  nginx    9u  IPv4 602783      0t0  TCP *:http (LISTEN)
nginx     196763  nginx   10u  IPv6 602784      0t0  TCP *:https (LISTEN)
nginx     196763  nginx   11u  IPv6 602785      0t0  TCP *:http (LISTEN)
nginx     196763  nginx   19u  IPv4 790424      0t0  TCP aap24-control:https->192.168.1.49:49410 (ESTABLISHED)
nginx     196763  nginx   24u  IPv4 792276      0t0  TCP aap24-control:https->192.168.1.49:49422 (ESTABLISHED)
nginx     196764  nginx    8u  IPv4 602782      0t0  TCP *:https (LISTEN)
nginx     196764  nginx    9u  IPv4 602783      0t0  TCP *:http (LISTEN)
nginx     196764  nginx   10u  IPv6 602784      0t0  TCP *:https (LISTEN)
nginx     196764  nginx   11u  IPv6 602785      0t0  TCP *:http (LISTEN)
nginx     196765  nginx    8u  IPv4 602782      0t0  TCP *:https (LISTEN)
nginx     196765  nginx    9u  IPv4 602783      0t0  TCP *:http (LISTEN)
nginx     196765  nginx   10u  IPv6 602784      0t0  TCP *:https (LISTEN)
nginx     196765  nginx   11u  IPv6 602785      0t0  TCP *:http (LISTEN)
awx-manag 197339    awx   38u  IPv4 606638      0t0  TCP aap24-control:45280->aap24-database:postgres (ESTABLISHED)
awx-manag 197340    awx   29u  IPv4 626226      0t0  TCP aap24-control:47354->aap24-database:postgres (ESTABLISHED)
daphne    197342    awx   13u  IPv4 605767      0t0  TCP aap24-control:45240->aap24-database:postgres (ESTABLISHED)
awx-manag 197343    awx   17u  IPv4 607603      0t0  TCP aap24-control:45338->aap24-database:postgres (ESTABLISHED)
awx-manag 197345   root    8u  IPv4 605873      0t0  TCP aap24-control:45304->aap24-database:postgres (ESTABLISHED)
awx-manag 197345   root   14u  IPv4 605878      0t0  TCP aap24-control:45316->aap24-database:postgres (ESTABLISHED)
awx-manag 197346    awx    8u  IPv4 606592      0t0  TCP aap24-control:45256->aap24-database:postgres (ESTABLISHED)
awx-manag 197346    awx   14u  IPv4 605097      0t0  TCP aap24-control:45262->aap24-database:postgres (ESTABLISHED)
awx-manag 197541    awx   16u  IPv4 817697      0t0  TCP aap24-control:41030->aap24-database:postgres (ESTABLISHED)
sshd      252955   root    4u  IPv4 794664      0t0  TCP aap24-control:ssh->192.168.1.49:51510 (ESTABLISHED)
sshd      252958   root    4u  IPv4 794664      0t0  TCP aap24-control:ssh->192.168.1.49:51510 (ESTABLISHED)
awx-manag 253277    awx   38u  IPv4 606638      0t0  TCP aap24-control:45280->aap24-database:postgres (ESTABLISHED)
slirp4net 255835    awx    3u  IPv4 803607      0t0  TCP aap24-control:44570->aap25-execution.lan:ssh (ESTABLISHED)
awx-manag 256609    awx   28u  IPv4 816909      0t0  TCP aap24-control:41046->aap24-database:postgres (ESTABLISHED)
awx-manag 256609    awx   38u  IPv4 606638      0t0  TCP aap24-control:45280->aap24-database:postgres (ESTABLISHED)
awx-manag 257903    awx   38u  IPv4 606638      0t0  TCP aap24-control:45280->aap24-database:postgres (ESTABLISHED)
awx-manag 257903    awx   52u  IPv4 817699      0t0  TCP aap24-control:41066->aap24-database:postgres (ESTABLISHED)
awx-manag 257905    awx   38u  IPv4 606638      0t0  TCP aap24-control:45280->aap24-database:postgres (ESTABLISHED)
awx-manag 257905    awx   62u  IPv4 816925      0t0  TCP aap24-control:41068->aap24-database:postgres (ESTABLISHED)
awx-manag 259295    awx   31u  IPv4 817698      0t0  TCP aap24-control:41062->aap24-database:postgres (ESTABLISHED)
awx-manag 259295    awx   38u  IPv4 606638      0t0  TCP aap24-control:45280->aap24-database:postgres (ESTABLISHED)
awx-manag 259297    awx   38u  IPv4 606638      0t0  TCP aap24-control:45280->aap24-database:postgres (ESTABLISHED)
awx-manag 259297    awx   46u  IPv4 817703      0t0  TCP aap24-control:41072->aap24-database:postgres (ESTABLISHED)
awx-manag 259299    awx   38u  IPv4 606638      0t0  TCP aap24-control:45280->aap24-database:postgres (ESTABLISHED)
awx-manag 259299    awx   62u  IPv4 816933      0t0  TCP aap24-control:41074->aap24-database:postgres (ESTABLISHED)
awx-manag 259301    awx   38u  IPv4 606638      0t0  TCP aap24-control:45280->aap24-database:postgres (ESTABLISHED)
  No network connections found

=== RECEPTOR MEMORY SUMMARY ===
Total Receptor RSS Memory: 154124 KB (150 MB)
Total Receptor VSZ Memory: 4303816 KB (4202 MB)
Number of Receptor Processes: 4

AAP-related Processes and Children:
=== AAP Service Processes ===
Process: redis-server (PID: 135959)
    PID    PPID CMD                           RSS
 135959       1 /usr/bin/redis-server unixs 13180

Process: receptor (PID: 192070)
    PID    PPID CMD                           RSS
 192070       1 /usr/bin/receptor -c /etc/r 46704
  Children of PID 192070:
    PID    PPID CMD                           RSS
 255715  192070 /usr/bin/receptor --node id 37728

Process: nginx (PID: 196761)
    PID    PPID CMD                           RSS
 196761       1 nginx: master process /usr/  2124
  Children of PID 196761:
    PID    PPID CMD                           RSS
 196762  196761 nginx: worker process        4044
    PID    PPID CMD                           RSS
 196763  196761 nginx: worker process        8524
    PID    PPID CMD                           RSS
 196764  196761 nginx: worker process        8140
    PID    PPID CMD                           RSS
 196765  196761 nginx: worker process        8524

Process: nginx (PID: 196762)
    PID    PPID CMD                           RSS
 196762  196761 nginx: worker process        4044

Process: nginx (PID: 196763)
    PID    PPID CMD                           RSS
 196763  196761 nginx: worker process        8524

Process: nginx (PID: 196764)
    PID    PPID CMD                           RSS
 196764  196761 nginx: worker process        8140

Process: nginx (PID: 196765)
    PID    PPID CMD                           RSS
 196765  196761 nginx: worker process        8524

Process: uwsgi (PID: 197341)
    PID    PPID CMD                           RSS
 197341  197177 /var/lib/awx/venv/awx/bin/u 103452
  Children of PID 197341:
    PID    PPID CMD                           RSS
 253044  197341 /var/lib/awx/venv/awx/bin/u 117112
    PID    PPID CMD                           RSS
 253045  197341 /var/lib/awx/venv/awx/bin/u 123896
    PID    PPID CMD                           RSS
 253046  197341 /var/lib/awx/venv/awx/bin/u 118392
    PID    PPID CMD                           RSS
 253047  197341 /var/lib/awx/venv/awx/bin/u 118520

Process: uwsgi (PID: 253044)
    PID    PPID CMD                           RSS
 253044  197341 /var/lib/awx/venv/awx/bin/u 117112

Process: uwsgi (PID: 253045)
    PID    PPID CMD                           RSS
 253045  197341 /var/lib/awx/venv/awx/bin/u 123896

Process: uwsgi (PID: 253046)
    PID    PPID CMD                           RSS
 253046  197341 /var/lib/awx/venv/awx/bin/u 118392

Process: uwsgi (PID: 253047)
    PID    PPID CMD                           RSS
 253047  197341 /var/lib/awx/venv/awx/bin/u 118520

Process: bash (PID: 253089)
    PID    PPID CMD                           RSS
 253089       1 bash -c  log_file="/tmp/mem  3584
  Children of PID 253089:
    PID    PPID CMD                           RSS
 259452  253089 bash -c  log_file="/tmp/mem  2376

Process: receptor (PID: 255715)
    PID    PPID CMD                           RSS
 255715  192070 /usr/bin/receptor --node id 37728
  Children of PID 255715:
    PID    PPID CMD                           RSS
 255723  255715 /var/lib/awx/venv/awx/bin/p 28380

Process: bash (PID: 259452)
    PID    PPID CMD                           RSS
 259452  253089 bash -c  log_file="/tmp/mem  2376
  Children of PID 259452:
    PID    PPID CMD                           RSS


Process Tree for AAP Services:
=== automation-controller Process Tree ===
bash(253089)---pstree(259512)
=== receptor Process Tree ===
receptor(192070)-+-receptor(255715)-+-ansible-runner(255723)---podman(255756)-+-exe(255770)-+-slirp4netns(255835)
                 |                  |                                         |             |-{exe}(255783)
                 |                  |                                         |             |-{exe}(255784)
                 |                  |                                         |             |-{exe}(255786)
                 |                  |                                         |             |-{exe}(255787)
                 |                  |                                         |             |-{exe}(255800)
                 |                  |                                         |             |-{exe}(255802)
                 |                  |                                         |             |-{exe}(255831)
                 |                  |                                         |             |-{exe}(255832)
                 |                  |                                         |             `-{exe}(255846)
                 |                  |                                         |-{podman}(255757)
                 |                  |                                         |-{podman}(255758)
                 |                  |                                         |-{podman}(255759)
                 |                  |                                         |-{podman}(255760)
                 |                  |                                         |-{podman}(255761)
                 |                  |                                         |-{podman}(255762)
                 |                  |                                         |-{podman}(255764)
                 |                  |                                         |-{podman}(255772)
                 |                  |                                         `-{podman}(255774)
                 |                  |-{receptor}(255716)
                 |                  |-{receptor}(255717)
                 |                  |-{receptor}(255718)
                 |                  |-{receptor}(255719)
                 |                  |-{receptor}(255720)
                 |                  |-{receptor}(255721)
                 |                  |-{receptor}(255722)
                 |                  |-{receptor}(255724)
                 |                  `-{receptor}(257563)
                 |-{receptor}(192072)
                 |-{receptor}(192073)
                 |-{receptor}(192074)
                 |-{receptor}(192075)
                 |-{receptor}(192076)
                 |-{receptor}(192077)
                 |-{receptor}(201640)
                 `-{receptor}(202660)
bash(253089)---pstree(259517)
receptor(255715)-+-ansible-runner(255723)---podman(255756)-+-exe(255770)-+-slirp4netns(255835)
                 |                                         |             |-{exe}(255783)
                 |                                         |             |-{exe}(255784)
                 |                                         |             |-{exe}(255786)
                 |                                         |             |-{exe}(255787)
                 |                                         |             |-{exe}(255800)
                 |                                         |             |-{exe}(255802)
                 |                                         |             |-{exe}(255831)
                 |                                         |             |-{exe}(255832)
                 |                                         |             `-{exe}(255846)
                 |                                         |-{podman}(255757)
                 |                                         |-{podman}(255758)
                 |                                         |-{podman}(255759)
                 |                                         |-{podman}(255760)
                 |                                         |-{podman}(255761)
                 |                                         |-{podman}(255762)
                 |                                         |-{podman}(255764)
                 |                                         |-{podman}(255772)
                 |                                         `-{podman}(255774)
                 |-{receptor}(255716)
                 |-{receptor}(255717)
                 |-{receptor}(255718)
                 |-{receptor}(255719)
                 |-{receptor}(255720)
                 |-{receptor}(255721)
                 |-{receptor}(255722)
                 |-{receptor}(255724)
                 `-{receptor}(257563)
=== nginx Process Tree ===
nginx(196761)-+-nginx(196762)
              |-nginx(196763)
              |-nginx(196764)
              `-nginx(196765)
nginx(196762)
nginx(196763)
nginx(196764)
nginx(196765)
bash(253089)---pstree(259527)
=== postgresql Process Tree ===
bash(253089)---pstree(259531)
=== redis Process Tree ===
redis-server(135959)-+-{redis-server}(135960)
                     |-{redis-server}(135961)
                     |-{redis-server}(135962)
                     `-{redis-server}(135963)
bash(253089)---pstree(259536)
=== uwsgi Process Tree ===
uwsgi(197341)-+-uwsgi(253044)
              |-uwsgi(253045)
              |-uwsgi(253046)
              `-uwsgi(253047)
uwsgi(253044)
uwsgi(253045)
uwsgi(253046)
uwsgi(253047)
bash(253089)---pstree(259600)
=== automation-hub Process Tree ===
bash(253089)---pstree(259613)
=== automation-eda Process Tree ===
bash(253089)---pstree(259617)

=================================================================================
2025-07-07 15:54:50
Memory Usage Report:
               total        used        free      shared  buff/cache   available
Mem:            7681        2381        1295          20        4322        5299
Swap:           8067           0        8067

Top 10 Processes by RSS Memory:
    PID    PPID CMD                           RSS
 197339  197177 /var/lib/awx/venv/awx/bin/p 133580
 197340  197177 /var/lib/awx/venv/awx/bin/p 131572
 197345  197177 /var/lib/awx/venv/awx/bin/p 130276
 253277  197339 /var/lib/awx/venv/awx/bin/p 130116
 256609  197339 /var/lib/awx/venv/awx/bin/p 127684
 257905  197339 /var/lib/awx/venv/awx/bin/p 126284
 197343  197177 /var/lib/awx/venv/awx/bin/p 125912
 197532  197340 /var/lib/awx/venv/awx/bin/p 125636
 257903  197339 /var/lib/awx/venv/awx/bin/p 125516
 197536  197340 /var/lib/awx/venv/awx/bin/p 125404

=== RECEPTOR PROCESS ANALYSIS ===
Receptor Main Processes:
    PID    PPID CMD                           RSS    VSZ %CPU %MEM     ELAPSED
 192070       1 /usr/bin/receptor -c /etc/r 46704 1347904 0.1  0.5    01:04:28
Receptor Child Processes for PID 192070:
      PID    PPID CMD                           RSS    VSZ %CPU %MEM     ELAPSED
 255715  192070 /usr/bin/receptor --node id 37728 1421060 0.0  0.4       02:38
Receptor Threads for PID 192070:
    PID    SPID %CPU %MEM   RSS COMMAND
 192070  192070  0.0  0.5 46704 receptor
 192070  192072  0.0  0.5 46704 receptor
 192070  192073  0.0  0.5 46704 receptor
 192070  192074  0.0  0.5 46704 receptor
 192070  192075  0.0  0.5 46704 receptor
 192070  192076  0.0  0.5 46704 receptor
 192070  192077  0.0  0.5 46704 receptor
 192070  201640  0.0  0.5 46704 receptor
 192070  202660  0.0  0.5 46704 receptor
Receptor Network Connections for PID 192070:
COMMAND      PID   USER   FD      TYPE             DEVICE SIZE/OFF      NODE NAME
chronyd      789 chrony    5u     IPv4              13239      0t0       UDP localhost:323 
chronyd      789 chrony    6u     IPv6              13240      0t0       UDP localhost:323 
NetworkMa    792   root   26u     IPv4              22360      0t0       UDP aap24-control:bootpc->pi.hole:bootps 
sshd         859   root    3u     IPv4              22990      0t0       TCP *:ssh (LISTEN)
sshd         859   root    4u     IPv6              22992      0t0       TCP *:ssh (LISTEN)
receptor  192070    awx  cwd       DIR              253,0      235       128 /
receptor  192070    awx  rtd       DIR              253,0      235       128 /
receptor  192070    awx  txt       REG              253,0 54652712 100691309 /usr/bin/receptor
receptor  192070    awx  mem       REG              253,0  5436640     28515 /usr/lib64/libcrypto.so.3.2.2
receptor  192070    awx  mem       REG              253,0  2544344      3530 /usr/lib64/libc.so.6
receptor  192070    awx  mem       REG              253,0   102552      3550 /usr/lib64/libz.so.1.2.11
receptor  192070    awx  mem       REG              253,0   897856      3526 /usr/lib64/ld-linux-x86-64.so.2
receptor  192070    awx    0r      CHR                1,3      0t0         4 /dev/null
receptor  192070    awx    1w      REG              253,0     8485  34641330 /var/log/receptor/receptor.log
receptor  192070    awx    2w      REG              253,0     8485  34641330 /var/log/receptor/receptor.log
receptor  192070    awx    3rW     REG               0,23        0      2816 /run/awx-receptor/receptor.sock.lock
receptor  192070    awx    4u  a_inode               0,14        0        62 [eventpoll:5,7,8,9,10,12]
receptor  192070    awx    5r     FIFO               0,13      0t0    584296 pipe
receptor  192070    awx    6w     FIFO               0,13      0t0    584296 pipe
receptor  192070    awx    7u     unix 0xffff9bf94dcae400      0t0    585091 /var/run/awx-receptor/receptor.sock type=STREAM (LISTEN)
receptor  192070    awx    8u     IPv6             587141      0t0       TCP *:27199 (LISTEN)
receptor  192070    awx    9u     IPv6             586439      0t0       TCP aap24-control:27199->aap24-execution:40392 (ESTABLISHED)
receptor  192070    awx   10r  a_inode               0,14        0        62 inotify
receptor  192070    awx   12u     unix 0xffff9bf984154100      0t0    805069 /var/run/awx-receptor/receptor.sock type=STREAM (CONNECTED)
receptor  192070    awx   13r      REG              253,0    34119 102715180 /tmp/receptor/192.168.1.252/eSCqTNyP/stdout
nginx     196761   root    8u     IPv4             602782      0t0       TCP *:https (LISTEN)
nginx     196761   root    9u     IPv4             602783      0t0       TCP *:http (LISTEN)
nginx     196761   root   10u     IPv6             602784      0t0       TCP *:https (LISTEN)
nginx     196761   root   11u     IPv6             602785      0t0       TCP *:http (LISTEN)
nginx     196762  nginx    8u     IPv4             602782      0t0       TCP *:https (LISTEN)
nginx     196762  nginx    9u     IPv4             602783      0t0       TCP *:http (LISTEN)
nginx     196762  nginx   10u     IPv6             602784      0t0       TCP *:https (LISTEN)
nginx     196762  nginx   11u     IPv6             602785      0t0       TCP *:http (LISTEN)
nginx     196763  nginx    8u     IPv4             602782      0t0       TCP *:https (LISTEN)
nginx     196763  nginx    9u     IPv4             602783      0t0       TCP *:http (LISTEN)
nginx     196763  nginx   10u     IPv6             602784      0t0       TCP *:https (LISTEN)
nginx     196763  nginx   11u     IPv6             602785      0t0       TCP *:http (LISTEN)
nginx     196763  nginx   19u     IPv4             790424      0t0       TCP aap24-control:https->192.168.1.49:49410 (ESTABLISHED)
nginx     196763  nginx   24u     IPv4             792276      0t0       TCP aap24-control:https->192.168.1.49:49422 (ESTABLISHED)
nginx     196764  nginx    8u     IPv4             602782      0t0       TCP *:https (LISTEN)
nginx     196764  nginx    9u     IPv4             602783      0t0       TCP *:http (LISTEN)
nginx     196764  nginx   10u     IPv6             602784      0t0       TCP *:https (LISTEN)
nginx     196764  nginx   11u     IPv6             602785      0t0       TCP *:http (LISTEN)
nginx     196765  nginx    8u     IPv4             602782      0t0       TCP *:https (LISTEN)
nginx     196765  nginx    9u     IPv4             602783      0t0       TCP *:http (LISTEN)
nginx     196765  nginx   10u     IPv6             602784      0t0       TCP *:https (LISTEN)
nginx     196765  nginx   11u     IPv6             602785      0t0       TCP *:http (LISTEN)
awx-manag 197339    awx   38u     IPv4             606638      0t0       TCP aap24-control:45280->aap24-database:postgres (ESTABLISHED)
awx-manag 197340    awx   29u     IPv4             626226      0t0       TCP aap24-control:47354->aap24-database:postgres (ESTABLISHED)
daphne    197342    awx   13u     IPv4             605767      0t0       TCP aap24-control:45240->aap24-database:postgres (ESTABLISHED)
awx-manag 197343    awx   17u     IPv4             607603      0t0       TCP aap24-control:45338->aap24-database:postgres (ESTABLISHED)
awx-manag 197345   root    8u     IPv4             605873      0t0       TCP aap24-control:45304->aap24-database:postgres (ESTABLISHED)
awx-manag 197345   root   14u     IPv4             605878      0t0       TCP aap24-control:45316->aap24-database:postgres (ESTABLISHED)
awx-manag 197346    awx    8u     IPv4             606592      0t0       TCP aap24-control:45256->aap24-database:postgres (ESTABLISHED)
awx-manag 197346    awx   14u     IPv4             605097      0t0       TCP aap24-control:45262->aap24-database:postgres (ESTABLISHED)
awx-manag 197541    awx   16u     IPv4             819122      0t0       TCP aap24-control:43390->aap24-database:postgres (ESTABLISHED)
sshd      252955   root    4u     IPv4             794664      0t0       TCP aap24-control:ssh->192.168.1.49:51510 (ESTABLISHED)
sshd      252958   root    4u     IPv4             794664      0t0       TCP aap24-control:ssh->192.168.1.49:51510 (ESTABLISHED)
awx-manag 253277    awx   38u     IPv4             606638      0t0       TCP aap24-control:45280->aap24-database:postgres (ESTABLISHED)
slirp4net 255835    awx    3u     IPv4             803607      0t0       TCP aap24-control:44570->aap25-execution.lan:ssh (ESTABLISHED)
awx-manag 256609    awx   28u     IPv4             816909      0t0       TCP aap24-control:41046->aap24-database:postgres (ESTABLISHED)
awx-manag 256609    awx   38u     IPv4             606638      0t0       TCP aap24-control:45280->aap24-database:postgres (ESTABLISHED)
awx-manag 257903    awx   38u     IPv4             606638      0t0       TCP aap24-control:45280->aap24-database:postgres (ESTABLISHED)
awx-manag 257903    awx   52u     IPv4             819803      0t0       TCP aap24-control:44578->aap24-database:postgres (ESTABLISHED)
awx-manag 257905    awx   38u     IPv4             606638      0t0       TCP aap24-control:45280->aap24-database:postgres (ESTABLISHED)
awx-manag 257905    awx   62u     IPv4             816925      0t0       TCP aap24-control:41068->aap24-database:postgres (ESTABLISHED)
awx-manag 259295    awx   31u     IPv4             817698      0t0       TCP aap24-control:41062->aap24-database:postgres (ESTABLISHED)
awx-manag 259295    awx   38u     IPv4             606638      0t0       TCP aap24-control:45280->aap24-database:postgres (ESTABLISHED)
awx-manag 259297    awx   38u     IPv4             606638      0t0       TCP aap24-control:45280->aap24-database:postgres (ESTABLISHED)
awx-manag 259297    awx   46u     IPv4             817703      0t0       TCP aap24-control:41072->aap24-database:postgres (ESTABLISHED)
awx-manag 259299    awx   38u     IPv4             606638      0t0       TCP aap24-control:45280->aap24-database:postgres (ESTABLISHED)
awx-manag 259299    awx   62u     IPv4             820667      0t0       TCP aap24-control:43402->aap24-database:postgres (ESTABLISHED)
awx-manag 259301    awx   38u     IPv4             606638      0t0       TCP aap24-control:45280->aap24-database:postgres (ESTABLISHED)

    PID    PPID CMD                           RSS    VSZ %CPU %MEM     ELAPSED
 253089       1 bash -c  log_file="/tmp/mem  3584   7356  0.0  0.0       03:35
Receptor Child Processes for PID 253089:
      PID    PPID CMD                           RSS    VSZ %CPU %MEM     ELAPSED
Receptor Threads for PID 253089:
    PID    SPID %CPU %MEM   RSS COMMAND
 253089  253089  0.0  0.0  3584 bash
Receptor Network Connections for PID 253089:
COMMAND      PID   USER   FD   TYPE DEVICE SIZE/OFF      NODE NAME
chronyd      789 chrony    5u  IPv4  13239      0t0       UDP localhost:323 
chronyd      789 chrony    6u  IPv6  13240      0t0       UDP localhost:323 
NetworkMa    792   root   26u  IPv4  22360      0t0       UDP aap24-control:bootpc->pi.hole:bootps 
sshd         859   root    3u  IPv4  22990      0t0       TCP *:ssh (LISTEN)
sshd         859   root    4u  IPv6  22992      0t0       TCP *:ssh (LISTEN)
receptor  192070    awx    8u  IPv6 587141      0t0       TCP *:27199 (LISTEN)
receptor  192070    awx    9u  IPv6 586439      0t0       TCP aap24-control:27199->aap24-execution:40392 (ESTABLISHED)
nginx     196761   root    8u  IPv4 602782      0t0       TCP *:https (LISTEN)
nginx     196761   root    9u  IPv4 602783      0t0       TCP *:http (LISTEN)
nginx     196761   root   10u  IPv6 602784      0t0       TCP *:https (LISTEN)
nginx     196761   root   11u  IPv6 602785      0t0       TCP *:http (LISTEN)
nginx     196762  nginx    8u  IPv4 602782      0t0       TCP *:https (LISTEN)
nginx     196762  nginx    9u  IPv4 602783      0t0       TCP *:http (LISTEN)
nginx     196762  nginx   10u  IPv6 602784      0t0       TCP *:https (LISTEN)
nginx     196762  nginx   11u  IPv6 602785      0t0       TCP *:http (LISTEN)
nginx     196763  nginx    8u  IPv4 602782      0t0       TCP *:https (LISTEN)
nginx     196763  nginx    9u  IPv4 602783      0t0       TCP *:http (LISTEN)
nginx     196763  nginx   10u  IPv6 602784      0t0       TCP *:https (LISTEN)
nginx     196763  nginx   11u  IPv6 602785      0t0       TCP *:http (LISTEN)
nginx     196763  nginx   19u  IPv4 790424      0t0       TCP aap24-control:https->192.168.1.49:49410 (ESTABLISHED)
nginx     196763  nginx   24u  IPv4 792276      0t0       TCP aap24-control:https->192.168.1.49:49422 (ESTABLISHED)
nginx     196764  nginx    8u  IPv4 602782      0t0       TCP *:https (LISTEN)
nginx     196764  nginx    9u  IPv4 602783      0t0       TCP *:http (LISTEN)
nginx     196764  nginx   10u  IPv6 602784      0t0       TCP *:https (LISTEN)
nginx     196764  nginx   11u  IPv6 602785      0t0       TCP *:http (LISTEN)
nginx     196765  nginx    8u  IPv4 602782      0t0       TCP *:https (LISTEN)
nginx     196765  nginx    9u  IPv4 602783      0t0       TCP *:http (LISTEN)
nginx     196765  nginx   10u  IPv6 602784      0t0       TCP *:https (LISTEN)
nginx     196765  nginx   11u  IPv6 602785      0t0       TCP *:http (LISTEN)
awx-manag 197339    awx   38u  IPv4 606638      0t0       TCP aap24-control:45280->aap24-database:postgres (ESTABLISHED)
awx-manag 197340    awx   29u  IPv4 626226      0t0       TCP aap24-control:47354->aap24-database:postgres (ESTABLISHED)
daphne    197342    awx   13u  IPv4 605767      0t0       TCP aap24-control:45240->aap24-database:postgres (ESTABLISHED)
awx-manag 197343    awx   17u  IPv4 607603      0t0       TCP aap24-control:45338->aap24-database:postgres (ESTABLISHED)
awx-manag 197345   root    8u  IPv4 605873      0t0       TCP aap24-control:45304->aap24-database:postgres (ESTABLISHED)
awx-manag 197345   root   14u  IPv4 605878      0t0       TCP aap24-control:45316->aap24-database:postgres (ESTABLISHED)
awx-manag 197346    awx    8u  IPv4 606592      0t0       TCP aap24-control:45256->aap24-database:postgres (ESTABLISHED)
awx-manag 197346    awx   14u  IPv4 605097      0t0       TCP aap24-control:45262->aap24-database:postgres (ESTABLISHED)
awx-manag 197541    awx   16u  IPv4 819122      0t0       TCP aap24-control:43390->aap24-database:postgres (ESTABLISHED)
sshd      252955   root    4u  IPv4 794664      0t0       TCP aap24-control:ssh->192.168.1.49:51510 (ESTABLISHED)
sshd      252958   root    4u  IPv4 794664      0t0       TCP aap24-control:ssh->192.168.1.49:51510 (ESTABLISHED)
bash      253089   root  cwd    DIR  253,0      142 100663430 /root
bash      253089   root  rtd    DIR  253,0      235       128 /
bash      253089   root  txt    REG  253,0  1389072 100699101 /usr/bin/bash
bash      253089   root  mem    REG  253,0  2586930 100699387 /usr/lib/locale/en_US.utf8/LC_COLLATE
bash      253089   root  mem    REG  253,0  2544344      3530 /usr/lib64/libc.so.6
bash      253089   root  mem    REG  253,0   346132  67253521 /usr/lib/locale/C.utf8/LC_CTYPE
bash      253089   root  mem    REG  253,0       54 100699390 /usr/lib/locale/en_US.utf8/LC_NUMERIC
bash      253089   root  mem    REG  253,0     3284      3433 /usr/lib/locale/en_US.utf8/LC_TIME
bash      253089   root  mem    REG  253,0      286      3431 /usr/lib/locale/en_US.utf8/LC_MONETARY
bash      253089   root  mem    REG  253,0       57      3445 /usr/lib/locale/en_US.utf8/LC_MESSAGES/SYS_LC_MESSAGES
bash      253089   root  mem    REG  253,0    26988  33558225 /usr/lib64/gconv/gconv-modules.cache
bash      253089   root  mem    REG  253,0   195080      3141 /usr/lib64/libtinfo.so.6.2
bash      253089   root  mem    REG  253,0       34  67253758 /usr/lib/locale/en_US.utf8/LC_PAPER
bash      253089   root  mem    REG  253,0       77 100699389 /usr/lib/locale/en_US.utf8/LC_NAME
bash      253089   root  mem    REG  253,0      167      3427 /usr/lib/locale/en_US.utf8/LC_ADDRESS
bash      253089   root  mem    REG  253,0       59      3432 /usr/lib/locale/en_US.utf8/LC_TELEPHONE
bash      253089   root  mem    REG  253,0       23      3430 /usr/lib/locale/en_US.utf8/LC_MEASUREMENT
bash      253089   root  mem    REG  253,0      369      3429 /usr/lib/locale/en_US.utf8/LC_IDENTIFICATION
bash      253089   root  mem    REG  253,0   897856      3526 /usr/lib64/ld-linux-x86-64.so.2
bash      253089   root    0r   CHR    1,3      0t0         4 /dev/null
bash      253089   root    1w   REG  253,0        0  67894671 /tmp/memory_monitor.log
bash      253089   root    2w   REG  253,0        0  67894671 /tmp/memory_monitor.log
bash      253089   root    3r  FIFO   0,13      0t0    821602 pipe
awx-manag 253277    awx   38u  IPv4 606638      0t0       TCP aap24-control:45280->aap24-database:postgres (ESTABLISHED)
slirp4net 255835    awx    3u  IPv4 803607      0t0       TCP aap24-control:44570->aap25-execution.lan:ssh (ESTABLISHED)
awx-manag 256609    awx   28u  IPv4 816909      0t0       TCP aap24-control:41046->aap24-database:postgres (ESTABLISHED)
awx-manag 256609    awx   38u  IPv4 606638      0t0       TCP aap24-control:45280->aap24-database:postgres (ESTABLISHED)
awx-manag 257903    awx   38u  IPv4 606638      0t0       TCP aap24-control:45280->aap24-database:postgres (ESTABLISHED)
awx-manag 257903    awx   52u  IPv4 819803      0t0       TCP aap24-control:44578->aap24-database:postgres (ESTABLISHED)
awx-manag 257905    awx   38u  IPv4 606638      0t0       TCP aap24-control:45280->aap24-database:postgres (ESTABLISHED)
awx-manag 257905    awx   62u  IPv4 816925      0t0       TCP aap24-control:41068->aap24-database:postgres (ESTABLISHED)
awx-manag 259295    awx   31u  IPv4 817698      0t0       TCP aap24-control:41062->aap24-database:postgres (ESTABLISHED)
awx-manag 259295    awx   38u  IPv4 606638      0t0       TCP aap24-control:45280->aap24-database:postgres (ESTABLISHED)
awx-manag 259297    awx   38u  IPv4 606638      0t0       TCP aap24-control:45280->aap24-database:postgres (ESTABLISHED)
awx-manag 259297    awx   46u  IPv4 817703      0t0       TCP aap24-control:41072->aap24-database:postgres (ESTABLISHED)
awx-manag 259299    awx   38u  IPv4 606638      0t0       TCP aap24-control:45280->aap24-database:postgres (ESTABLISHED)
awx-manag 259299    awx   62u  IPv4 820667      0t0       TCP aap24-control:43402->aap24-database:postgres (ESTABLISHED)
awx-manag 259301    awx   38u  IPv4 606638      0t0       TCP aap24-control:45280->aap24-database:postgres (ESTABLISHED)

    PID    PPID CMD                           RSS    VSZ %CPU %MEM     ELAPSED
 255715  192070 /usr/bin/receptor --node id 37728 1421060 0.0  0.4       02:38
Receptor Child Processes for PID 255715:
      PID    PPID CMD                           RSS    VSZ %CPU %MEM     ELAPSED
 255723  255715 /var/lib/awx/venv/awx/bin/p 28380 106532  0.0  0.3       02:38
Receptor Threads for PID 255715:
    PID    SPID %CPU %MEM   RSS COMMAND
 255715  255715  0.0  0.4 37728 receptor
 255715  255716  0.0  0.4 37728 receptor
 255715  255717  0.0  0.4 37728 receptor
 255715  255718  0.0  0.4 37728 receptor
 255715  255719  0.0  0.4 37728 receptor
 255715  255720  0.0  0.4 37728 receptor
 255715  255721  0.0  0.4 37728 receptor
 255715  255722  0.0  0.4 37728 receptor
 255715  255724  0.0  0.4 37728 receptor
 255715  257563  0.0  0.4 37728 receptor
Receptor Network Connections for PID 255715:
COMMAND      PID   USER   FD      TYPE DEVICE SIZE/OFF      NODE NAME
chronyd      789 chrony    5u     IPv4  13239      0t0       UDP localhost:323 
chronyd      789 chrony    6u     IPv6  13240      0t0       UDP localhost:323 
NetworkMa    792   root   26u     IPv4  22360      0t0       UDP aap24-control:bootpc->pi.hole:bootps 
sshd         859   root    3u     IPv4  22990      0t0       TCP *:ssh (LISTEN)
sshd         859   root    4u     IPv6  22992      0t0       TCP *:ssh (LISTEN)
receptor  192070    awx    8u     IPv6 587141      0t0       TCP *:27199 (LISTEN)
receptor  192070    awx    9u     IPv6 586439      0t0       TCP aap24-control:27199->aap24-execution:40392 (ESTABLISHED)
nginx     196761   root    8u     IPv4 602782      0t0       TCP *:https (LISTEN)
nginx     196761   root    9u     IPv4 602783      0t0       TCP *:http (LISTEN)
nginx     196761   root   10u     IPv6 602784      0t0       TCP *:https (LISTEN)
nginx     196761   root   11u     IPv6 602785      0t0       TCP *:http (LISTEN)
nginx     196762  nginx    8u     IPv4 602782      0t0       TCP *:https (LISTEN)
nginx     196762  nginx    9u     IPv4 602783      0t0       TCP *:http (LISTEN)
nginx     196762  nginx   10u     IPv6 602784      0t0       TCP *:https (LISTEN)
nginx     196762  nginx   11u     IPv6 602785      0t0       TCP *:http (LISTEN)
nginx     196763  nginx    8u     IPv4 602782      0t0       TCP *:https (LISTEN)
nginx     196763  nginx    9u     IPv4 602783      0t0       TCP *:http (LISTEN)
nginx     196763  nginx   10u     IPv6 602784      0t0       TCP *:https (LISTEN)
nginx     196763  nginx   11u     IPv6 602785      0t0       TCP *:http (LISTEN)
nginx     196763  nginx   19u     IPv4 790424      0t0       TCP aap24-control:https->192.168.1.49:49410 (ESTABLISHED)
nginx     196763  nginx   24u     IPv4 792276      0t0       TCP aap24-control:https->192.168.1.49:49422 (ESTABLISHED)
nginx     196764  nginx    8u     IPv4 602782      0t0       TCP *:https (LISTEN)
nginx     196764  nginx    9u     IPv4 602783      0t0       TCP *:http (LISTEN)
nginx     196764  nginx   10u     IPv6 602784      0t0       TCP *:https (LISTEN)
nginx     196764  nginx   11u     IPv6 602785      0t0       TCP *:http (LISTEN)
nginx     196765  nginx    8u     IPv4 602782      0t0       TCP *:https (LISTEN)
nginx     196765  nginx    9u     IPv4 602783      0t0       TCP *:http (LISTEN)
nginx     196765  nginx   10u     IPv6 602784      0t0       TCP *:https (LISTEN)
nginx     196765  nginx   11u     IPv6 602785      0t0       TCP *:http (LISTEN)
awx-manag 197339    awx   38u     IPv4 606638      0t0       TCP aap24-control:45280->aap24-database:postgres (ESTABLISHED)
awx-manag 197340    awx   29u     IPv4 626226      0t0       TCP aap24-control:47354->aap24-database:postgres (ESTABLISHED)
daphne    197342    awx   13u     IPv4 605767      0t0       TCP aap24-control:45240->aap24-database:postgres (ESTABLISHED)
awx-manag 197343    awx   17u     IPv4 607603      0t0       TCP aap24-control:45338->aap24-database:postgres (ESTABLISHED)
awx-manag 197345   root    8u     IPv4 605873      0t0       TCP aap24-control:45304->aap24-database:postgres (ESTABLISHED)
awx-manag 197345   root   14u     IPv4 605878      0t0       TCP aap24-control:45316->aap24-database:postgres (ESTABLISHED)
awx-manag 197346    awx    8u     IPv4 606592      0t0       TCP aap24-control:45256->aap24-database:postgres (ESTABLISHED)
awx-manag 197346    awx   14u     IPv4 605097      0t0       TCP aap24-control:45262->aap24-database:postgres (ESTABLISHED)
awx-manag 197541    awx   16u     IPv4 819122      0t0       TCP aap24-control:43390->aap24-database:postgres (ESTABLISHED)
sshd      252955   root    4u     IPv4 794664      0t0       TCP aap24-control:ssh->192.168.1.49:51510 (ESTABLISHED)
sshd      252958   root    4u     IPv4 794664      0t0       TCP aap24-control:ssh->192.168.1.49:51510 (ESTABLISHED)
awx-manag 253277    awx   38u     IPv4 606638      0t0       TCP aap24-control:45280->aap24-database:postgres (ESTABLISHED)
receptor  255715    awx  cwd       DIR  253,0      235       128 /
receptor  255715    awx  rtd       DIR  253,0      235       128 /
receptor  255715    awx  txt       REG  253,0 54652712 100691309 /usr/bin/receptor
receptor  255715    awx  mem       REG  253,0  5436640     28515 /usr/lib64/libcrypto.so.3.2.2
receptor  255715    awx  mem       REG  253,0  2544344      3530 /usr/lib64/libc.so.6
receptor  255715    awx  mem       REG  253,0   102552      3550 /usr/lib64/libz.so.1.2.11
receptor  255715    awx  mem       REG  253,0   897856      3526 /usr/lib64/ld-linux-x86-64.so.2
receptor  255715    awx    0r      CHR    1,3      0t0         4 /dev/null
receptor  255715    awx    1w      REG  253,0     8485  34641330 /var/log/receptor/receptor.log
receptor  255715    awx    2w      REG  253,0     8485  34641330 /var/log/receptor/receptor.log
receptor  255715    awx    3r      REG  253,0     2192 102715179 /tmp/receptor/192.168.1.252/eSCqTNyP/stdin
receptor  255715    awx    4u  a_inode   0,14        0        62 [eventpoll:5]
receptor  255715    awx    5r     FIFO   0,13      0t0    803154 pipe
receptor  255715    awx    6w     FIFO   0,13      0t0    803154 pipe
receptor  255715    awx    7w      REG  253,0    34119 102715180 /tmp/receptor/192.168.1.252/eSCqTNyP/stdout
slirp4net 255835    awx    3u     IPv4 803607      0t0       TCP aap24-control:44570->aap25-execution.lan:ssh (ESTABLISHED)
awx-manag 256609    awx   28u     IPv4 816909      0t0       TCP aap24-control:41046->aap24-database:postgres (ESTABLISHED)
awx-manag 256609    awx   38u     IPv4 606638      0t0       TCP aap24-control:45280->aap24-database:postgres (ESTABLISHED)
awx-manag 257903    awx   38u     IPv4 606638      0t0       TCP aap24-control:45280->aap24-database:postgres (ESTABLISHED)
awx-manag 257903    awx   52u     IPv4 819803      0t0       TCP aap24-control:44578->aap24-database:postgres (ESTABLISHED)
awx-manag 257905    awx   38u     IPv4 606638      0t0       TCP aap24-control:45280->aap24-database:postgres (ESTABLISHED)
awx-manag 257905    awx   62u     IPv4 816925      0t0       TCP aap24-control:41068->aap24-database:postgres (ESTABLISHED)
awx-manag 259295    awx   31u     IPv4 817698      0t0       TCP aap24-control:41062->aap24-database:postgres (ESTABLISHED)
awx-manag 259295    awx   38u     IPv4 606638      0t0       TCP aap24-control:45280->aap24-database:postgres (ESTABLISHED)
awx-manag 259297    awx   38u     IPv4 606638      0t0       TCP aap24-control:45280->aap24-database:postgres (ESTABLISHED)
awx-manag 259297    awx   46u     IPv4 817703      0t0       TCP aap24-control:41072->aap24-database:postgres (ESTABLISHED)
awx-manag 259299    awx   38u     IPv4 606638      0t0       TCP aap24-control:45280->aap24-database:postgres (ESTABLISHED)
awx-manag 259299    awx   62u     IPv4 820667      0t0       TCP aap24-control:43402->aap24-database:postgres (ESTABLISHED)
awx-manag 259301    awx   38u     IPv4 606638      0t0       TCP aap24-control:45280->aap24-database:postgres (ESTABLISHED)

    PID    PPID CMD                           RSS    VSZ %CPU %MEM     ELAPSED
Receptor Child Processes for PID 260066:
  No child processes found
Receptor Threads for PID 260066:
    PID    SPID %CPU %MEM   RSS COMMAND
Receptor Network Connections for PID 260066:
COMMAND      PID   USER   FD   TYPE DEVICE SIZE/OFF NODE NAME
chronyd      789 chrony    5u  IPv4  13239      0t0  UDP localhost:323 
chronyd      789 chrony    6u  IPv6  13240      0t0  UDP localhost:323 
NetworkMa    792   root   26u  IPv4  22360      0t0  UDP aap24-control:bootpc->pi.hole:bootps 
sshd         859   root    3u  IPv4  22990      0t0  TCP *:ssh (LISTEN)
sshd         859   root    4u  IPv6  22992      0t0  TCP *:ssh (LISTEN)
receptor  192070    awx    8u  IPv6 587141      0t0  TCP *:27199 (LISTEN)
receptor  192070    awx    9u  IPv6 586439      0t0  TCP aap24-control:27199->aap24-execution:40392 (ESTABLISHED)
nginx     196761   root    8u  IPv4 602782      0t0  TCP *:https (LISTEN)
nginx     196761   root    9u  IPv4 602783      0t0  TCP *:http (LISTEN)
nginx     196761   root   10u  IPv6 602784      0t0  TCP *:https (LISTEN)
nginx     196761   root   11u  IPv6 602785      0t0  TCP *:http (LISTEN)
nginx     196762  nginx    8u  IPv4 602782      0t0  TCP *:https (LISTEN)
nginx     196762  nginx    9u  IPv4 602783      0t0  TCP *:http (LISTEN)
nginx     196762  nginx   10u  IPv6 602784      0t0  TCP *:https (LISTEN)
nginx     196762  nginx   11u  IPv6 602785      0t0  TCP *:http (LISTEN)
nginx     196763  nginx    8u  IPv4 602782      0t0  TCP *:https (LISTEN)
nginx     196763  nginx    9u  IPv4 602783      0t0  TCP *:http (LISTEN)
nginx     196763  nginx   10u  IPv6 602784      0t0  TCP *:https (LISTEN)
nginx     196763  nginx   11u  IPv6 602785      0t0  TCP *:http (LISTEN)
nginx     196763  nginx   19u  IPv4 790424      0t0  TCP aap24-control:https->192.168.1.49:49410 (ESTABLISHED)
nginx     196763  nginx   24u  IPv4 792276      0t0  TCP aap24-control:https->192.168.1.49:49422 (ESTABLISHED)
nginx     196764  nginx    8u  IPv4 602782      0t0  TCP *:https (LISTEN)
nginx     196764  nginx    9u  IPv4 602783      0t0  TCP *:http (LISTEN)
nginx     196764  nginx   10u  IPv6 602784      0t0  TCP *:https (LISTEN)
nginx     196764  nginx   11u  IPv6 602785      0t0  TCP *:http (LISTEN)
nginx     196765  nginx    8u  IPv4 602782      0t0  TCP *:https (LISTEN)
nginx     196765  nginx    9u  IPv4 602783      0t0  TCP *:http (LISTEN)
nginx     196765  nginx   10u  IPv6 602784      0t0  TCP *:https (LISTEN)
nginx     196765  nginx   11u  IPv6 602785      0t0  TCP *:http (LISTEN)
awx-manag 197339    awx   38u  IPv4 606638      0t0  TCP aap24-control:45280->aap24-database:postgres (ESTABLISHED)
awx-manag 197340    awx   29u  IPv4 626226      0t0  TCP aap24-control:47354->aap24-database:postgres (ESTABLISHED)
daphne    197342    awx   13u  IPv4 605767      0t0  TCP aap24-control:45240->aap24-database:postgres (ESTABLISHED)
awx-manag 197343    awx   17u  IPv4 607603      0t0  TCP aap24-control:45338->aap24-database:postgres (ESTABLISHED)
awx-manag 197345   root    8u  IPv4 605873      0t0  TCP aap24-control:45304->aap24-database:postgres (ESTABLISHED)
awx-manag 197345   root   14u  IPv4 605878      0t0  TCP aap24-control:45316->aap24-database:postgres (ESTABLISHED)
awx-manag 197346    awx    8u  IPv4 606592      0t0  TCP aap24-control:45256->aap24-database:postgres (ESTABLISHED)
awx-manag 197346    awx   14u  IPv4 605097      0t0  TCP aap24-control:45262->aap24-database:postgres (ESTABLISHED)
awx-manag 197541    awx   16u  IPv4 819122      0t0  TCP aap24-control:43390->aap24-database:postgres (ESTABLISHED)
sshd      252955   root    4u  IPv4 794664      0t0  TCP aap24-control:ssh->192.168.1.49:51510 (ESTABLISHED)
sshd      252958   root    4u  IPv4 794664      0t0  TCP aap24-control:ssh->192.168.1.49:51510 (ESTABLISHED)
awx-manag 253277    awx   38u  IPv4 606638      0t0  TCP aap24-control:45280->aap24-database:postgres (ESTABLISHED)
slirp4net 255835    awx    3u  IPv4 803607      0t0  TCP aap24-control:44570->aap25-execution.lan:ssh (ESTABLISHED)
awx-manag 256609    awx   28u  IPv4 816909      0t0  TCP aap24-control:41046->aap24-database:postgres (ESTABLISHED)
awx-manag 256609    awx   38u  IPv4 606638      0t0  TCP aap24-control:45280->aap24-database:postgres (ESTABLISHED)
awx-manag 257903    awx   38u  IPv4 606638      0t0  TCP aap24-control:45280->aap24-database:postgres (ESTABLISHED)
awx-manag 257903    awx   52u  IPv4 819803      0t0  TCP aap24-control:44578->aap24-database:postgres (ESTABLISHED)
awx-manag 257905    awx   38u  IPv4 606638      0t0  TCP aap24-control:45280->aap24-database:postgres (ESTABLISHED)
awx-manag 257905    awx   62u  IPv4 816925      0t0  TCP aap24-control:41068->aap24-database:postgres (ESTABLISHED)
awx-manag 259295    awx   31u  IPv4 817698      0t0  TCP aap24-control:41062->aap24-database:postgres (ESTABLISHED)
awx-manag 259295    awx   38u  IPv4 606638      0t0  TCP aap24-control:45280->aap24-database:postgres (ESTABLISHED)
awx-manag 259297    awx   38u  IPv4 606638      0t0  TCP aap24-control:45280->aap24-database:postgres (ESTABLISHED)
awx-manag 259297    awx   46u  IPv4 817703      0t0  TCP aap24-control:41072->aap24-database:postgres (ESTABLISHED)
awx-manag 259299    awx   38u  IPv4 606638      0t0  TCP aap24-control:45280->aap24-database:postgres (ESTABLISHED)
awx-manag 259299    awx   62u  IPv4 820667      0t0  TCP aap24-control:43402->aap24-database:postgres (ESTABLISHED)
awx-manag 259301    awx   38u  IPv4 606638      0t0  TCP aap24-control:45280->aap24-database:postgres (ESTABLISHED)
  No network connections found

=== RECEPTOR MEMORY SUMMARY ===
Total Receptor RSS Memory: 154124 KB (150 MB)
Total Receptor VSZ Memory: 4303900 KB (4203 MB)
Number of Receptor Processes: 4

AAP-related Processes and Children:
=== AAP Service Processes ===
Process: redis-server (PID: 135959)
    PID    PPID CMD                           RSS
 135959       1 /usr/bin/redis-server unixs 13180

Process: receptor (PID: 192070)
    PID    PPID CMD                           RSS
 192070       1 /usr/bin/receptor -c /etc/r 46704
  Children of PID 192070:
    PID    PPID CMD                           RSS
 255715  192070 /usr/bin/receptor --node id 37728

Process: nginx (PID: 196761)
    PID    PPID CMD                           RSS
 196761       1 nginx: master process /usr/  2124
  Children of PID 196761:
    PID    PPID CMD                           RSS
 196762  196761 nginx: worker process        4044
    PID    PPID CMD                           RSS
 196763  196761 nginx: worker process        8524
    PID    PPID CMD                           RSS
 196764  196761 nginx: worker process        8140
    PID    PPID CMD                           RSS
 196765  196761 nginx: worker process        8524

Process: nginx (PID: 196762)
    PID    PPID CMD                           RSS
 196762  196761 nginx: worker process        4044

Process: nginx (PID: 196763)
    PID    PPID CMD                           RSS
 196763  196761 nginx: worker process        8524

Process: nginx (PID: 196764)
    PID    PPID CMD                           RSS
 196764  196761 nginx: worker process        8140

Process: nginx (PID: 196765)
    PID    PPID CMD                           RSS
 196765  196761 nginx: worker process        8524

Process: uwsgi (PID: 197341)
    PID    PPID CMD                           RSS
 197341  197177 /var/lib/awx/venv/awx/bin/u 103452
  Children of PID 197341:
    PID    PPID CMD                           RSS
 253044  197341 /var/lib/awx/venv/awx/bin/u 117496
    PID    PPID CMD                           RSS
 253045  197341 /var/lib/awx/venv/awx/bin/u 124024
    PID    PPID CMD                           RSS
 253046  197341 /var/lib/awx/venv/awx/bin/u 118392
    PID    PPID CMD                           RSS
 253047  197341 /var/lib/awx/venv/awx/bin/u 119160

Process: uwsgi (PID: 253044)
    PID    PPID CMD                           RSS
 253044  197341 /var/lib/awx/venv/awx/bin/u 117496

Process: uwsgi (PID: 253045)
    PID    PPID CMD                           RSS
 253045  197341 /var/lib/awx/venv/awx/bin/u 124024

Process: uwsgi (PID: 253046)
    PID    PPID CMD                           RSS
 253046  197341 /var/lib/awx/venv/awx/bin/u 118392

Process: uwsgi (PID: 253047)
    PID    PPID CMD                           RSS
 253047  197341 /var/lib/awx/venv/awx/bin/u 119160

Process: bash (PID: 253089)
    PID    PPID CMD                           RSS
 253089       1 bash -c  log_file="/tmp/mem  3584
  Children of PID 253089:
    PID    PPID CMD                           RSS
 260187  253089 bash -c  log_file="/tmp/mem  2388

Process: receptor (PID: 255715)
    PID    PPID CMD                           RSS
 255715  192070 /usr/bin/receptor --node id 37728
  Children of PID 255715:
    PID    PPID CMD                           RSS
 255723  255715 /var/lib/awx/venv/awx/bin/p 28380

Process: bash (PID: 260187)
    PID    PPID CMD                           RSS
 260187  253089 bash -c  log_file="/tmp/mem  2388
  Children of PID 260187:
    PID    PPID CMD                           RSS


Process Tree for AAP Services:
=== automation-controller Process Tree ===
bash(253089)---pstree(260247)
=== receptor Process Tree ===
receptor(192070)-+-receptor(255715)-+-ansible-runner(255723)---podman(255756)-+-exe(255770)-+-slirp4netns(255835)
                 |                  |                                         |             |-{exe}(255783)
                 |                  |                                         |             |-{exe}(255784)
                 |                  |                                         |             |-{exe}(255786)
                 |                  |                                         |             |-{exe}(255787)
                 |                  |                                         |             |-{exe}(255800)
                 |                  |                                         |             |-{exe}(255802)
                 |                  |                                         |             |-{exe}(255831)
                 |                  |                                         |             |-{exe}(255832)
                 |                  |                                         |             `-{exe}(255846)
                 |                  |                                         |-{podman}(255757)
                 |                  |                                         |-{podman}(255758)
                 |                  |                                         |-{podman}(255759)
                 |                  |                                         |-{podman}(255760)
                 |                  |                                         |-{podman}(255761)
                 |                  |                                         |-{podman}(255762)
                 |                  |                                         |-{podman}(255764)
                 |                  |                                         |-{podman}(255772)
                 |                  |                                         `-{podman}(255774)
                 |                  |-{receptor}(255716)
                 |                  |-{receptor}(255717)
                 |                  |-{receptor}(255718)
                 |                  |-{receptor}(255719)
                 |                  |-{receptor}(255720)
                 |                  |-{receptor}(255721)
                 |                  |-{receptor}(255722)
                 |                  |-{receptor}(255724)
                 |                  `-{receptor}(257563)
                 |-{receptor}(192072)
                 |-{receptor}(192073)
                 |-{receptor}(192074)
                 |-{receptor}(192075)
                 |-{receptor}(192076)
                 |-{receptor}(192077)
                 |-{receptor}(201640)
                 `-{receptor}(202660)
bash(253089)---pstree(260252)
receptor(255715)-+-ansible-runner(255723)---podman(255756)-+-exe(255770)-+-slirp4netns(255835)
                 |                                         |             |-{exe}(255783)
                 |                                         |             |-{exe}(255784)
                 |                                         |             |-{exe}(255786)
                 |                                         |             |-{exe}(255787)
                 |                                         |             |-{exe}(255800)
                 |                                         |             |-{exe}(255802)
                 |                                         |             |-{exe}(255831)
                 |                                         |             |-{exe}(255832)
                 |                                         |             `-{exe}(255846)
                 |                                         |-{podman}(255757)
                 |                                         |-{podman}(255758)
                 |                                         |-{podman}(255759)
                 |                                         |-{podman}(255760)
                 |                                         |-{podman}(255761)
                 |                                         |-{podman}(255762)
                 |                                         |-{podman}(255764)
                 |                                         |-{podman}(255772)
                 |                                         `-{podman}(255774)
                 |-{receptor}(255716)
                 |-{receptor}(255717)
                 |-{receptor}(255718)
                 |-{receptor}(255719)
                 |-{receptor}(255720)
                 |-{receptor}(255721)
                 |-{receptor}(255722)
                 |-{receptor}(255724)
                 `-{receptor}(257563)
=== nginx Process Tree ===
nginx(196761)-+-nginx(196762)
              |-nginx(196763)
              |-nginx(196764)
              `-nginx(196765)
nginx(196762)
nginx(196763)
nginx(196764)
nginx(196765)
bash(253089)---pstree(260262)
=== postgresql Process Tree ===
bash(253089)---pstree(260266)
=== redis Process Tree ===
redis-server(135959)-+-{redis-server}(135960)
                     |-{redis-server}(135961)
                     |-{redis-server}(135962)
                     `-{redis-server}(135963)
bash(253089)---pstree(260271)
=== uwsgi Process Tree ===
uwsgi(197341)-+-uwsgi(253044)
              |-uwsgi(253045)
              |-uwsgi(253046)
              `-uwsgi(253047)
uwsgi(253044)
uwsgi(253045)
uwsgi(253046)
uwsgi(253047)
bash(253089)---pstree(260280)
=== automation-hub Process Tree ===
bash(253089)---pstree(260284)
=== automation-eda Process Tree ===
bash(253089)---pstree(260288)

=================================================================================
2025-07-07 15:55:21
Memory Usage Report:
               total        used        free      shared  buff/cache   available
Mem:            7681        2340        1337          20        4321        5340
Swap:           8067           0        8067

Top 10 Processes by RSS Memory:
    PID    PPID CMD                           RSS
 197339  197177 /var/lib/awx/venv/awx/bin/p 133580
 197340  197177 /var/lib/awx/venv/awx/bin/p 131572
 197345  197177 /var/lib/awx/venv/awx/bin/p 130276
 253277  197339 /var/lib/awx/venv/awx/bin/p 130116
 260737  197339 /var/lib/awx/venv/awx/bin/p 128088
 259301  197339 /var/lib/awx/venv/awx/bin/p 126668
 260735  197339 /var/lib/awx/venv/awx/bin/p 126668
 197343  197177 /var/lib/awx/venv/awx/bin/p 125912
 197532  197340 /var/lib/awx/venv/awx/bin/p 125636
 197536  197340 /var/lib/awx/venv/awx/bin/p 125404

=== RECEPTOR PROCESS ANALYSIS ===
Receptor Main Processes:
    PID    PPID CMD                           RSS    VSZ %CPU %MEM     ELAPSED
 192070       1 /usr/bin/receptor -c /etc/r 46388 1347904 0.1  0.5    01:04:59
Receptor Child Processes for PID 192070:
      PID    PPID CMD                           RSS    VSZ %CPU %MEM     ELAPSED
 260747  192070 /usr/bin/receptor --node id 37184 1272508 0.0  0.4       00:04
Receptor Threads for PID 192070:
    PID    SPID %CPU %MEM   RSS COMMAND
 192070  192070  0.0  0.5 46388 receptor
 192070  192072  0.0  0.5 46388 receptor
 192070  192073  0.0  0.5 46388 receptor
 192070  192074  0.0  0.5 46388 receptor
 192070  192075  0.0  0.5 46388 receptor
 192070  192076  0.0  0.5 46388 receptor
 192070  192077  0.0  0.5 46388 receptor
 192070  201640  0.0  0.5 46388 receptor
 192070  202660  0.0  0.5 46388 receptor
Receptor Network Connections for PID 192070:
COMMAND      PID   USER   FD      TYPE             DEVICE SIZE/OFF      NODE NAME
chronyd      789 chrony    5u     IPv4              13239      0t0       UDP localhost:323 
chronyd      789 chrony    6u     IPv6              13240      0t0       UDP localhost:323 
NetworkMa    792   root   26u     IPv4              22360      0t0       UDP aap24-control:bootpc->pi.hole:bootps 
sshd         859   root    3u     IPv4              22990      0t0       TCP *:ssh (LISTEN)
sshd         859   root    4u     IPv6              22992      0t0       TCP *:ssh (LISTEN)
receptor  192070    awx  cwd       DIR              253,0      235       128 /
receptor  192070    awx  rtd       DIR              253,0      235       128 /
receptor  192070    awx  txt       REG              253,0 54652712 100691309 /usr/bin/receptor
receptor  192070    awx  mem       REG              253,0  5436640     28515 /usr/lib64/libcrypto.so.3.2.2
receptor  192070    awx  mem       REG              253,0  2544344      3530 /usr/lib64/libc.so.6
receptor  192070    awx  mem       REG              253,0   102552      3550 /usr/lib64/libz.so.1.2.11
receptor  192070    awx  mem       REG              253,0   897856      3526 /usr/lib64/ld-linux-x86-64.so.2
receptor  192070    awx    0r      CHR                1,3      0t0         4 /dev/null
receptor  192070    awx    1w      REG              253,0     8771  34641330 /var/log/receptor/receptor.log
receptor  192070    awx    2w      REG              253,0     8771  34641330 /var/log/receptor/receptor.log
receptor  192070    awx    3rW     REG               0,23        0      2816 /run/awx-receptor/receptor.sock.lock
receptor  192070    awx    4u  a_inode               0,14        0        62 [eventpoll:5,7,8,9,10,11]
receptor  192070    awx    5r     FIFO               0,13      0t0    584296 pipe
receptor  192070    awx    6w     FIFO               0,13      0t0    584296 pipe
receptor  192070    awx    7u     unix 0xffff9bf94dcae400      0t0    585091 /var/run/awx-receptor/receptor.sock type=STREAM (LISTEN)
receptor  192070    awx    8u     IPv6             587141      0t0       TCP *:27199 (LISTEN)
receptor  192070    awx    9u     IPv6             586439      0t0       TCP aap24-control:27199->aap24-execution:40392 (ESTABLISHED)
receptor  192070    awx   10r  a_inode               0,14        0        62 inotify
receptor  192070    awx   11u     unix 0xffff9bf984151400      0t0    822242 /var/run/awx-receptor/receptor.sock type=STREAM (CONNECTED)
receptor  192070    awx   12r      REG              253,0    34120   1921302 /tmp/receptor/192.168.1.252/KSjKtIU8/stdout
nginx     196761   root    8u     IPv4             602782      0t0       TCP *:https (LISTEN)
nginx     196761   root    9u     IPv4             602783      0t0       TCP *:http (LISTEN)
nginx     196761   root   10u     IPv6             602784      0t0       TCP *:https (LISTEN)
nginx     196761   root   11u     IPv6             602785      0t0       TCP *:http (LISTEN)
nginx     196762  nginx    8u     IPv4             602782      0t0       TCP *:https (LISTEN)
nginx     196762  nginx    9u     IPv4             602783      0t0       TCP *:http (LISTEN)
nginx     196762  nginx   10u     IPv6             602784      0t0       TCP *:https (LISTEN)
nginx     196762  nginx   11u     IPv6             602785      0t0       TCP *:http (LISTEN)
nginx     196763  nginx    8u     IPv4             602782      0t0       TCP *:https (LISTEN)
nginx     196763  nginx    9u     IPv4             602783      0t0       TCP *:http (LISTEN)
nginx     196763  nginx   10u     IPv6             602784      0t0       TCP *:https (LISTEN)
nginx     196763  nginx   11u     IPv6             602785      0t0       TCP *:http (LISTEN)
nginx     196763  nginx   19u     IPv4             790424      0t0       TCP aap24-control:https->192.168.1.49:49410 (ESTABLISHED)
nginx     196763  nginx   24u     IPv4             792276      0t0       TCP aap24-control:https->192.168.1.49:49422 (ESTABLISHED)
nginx     196764  nginx    8u     IPv4             602782      0t0       TCP *:https (LISTEN)
nginx     196764  nginx    9u     IPv4             602783      0t0       TCP *:http (LISTEN)
nginx     196764  nginx   10u     IPv6             602784      0t0       TCP *:https (LISTEN)
nginx     196764  nginx   11u     IPv6             602785      0t0       TCP *:http (LISTEN)
nginx     196765  nginx    8u     IPv4             602782      0t0       TCP *:https (LISTEN)
nginx     196765  nginx    9u     IPv4             602783      0t0       TCP *:http (LISTEN)
nginx     196765  nginx   10u     IPv6             602784      0t0       TCP *:https (LISTEN)
nginx     196765  nginx   11u     IPv6             602785      0t0       TCP *:http (LISTEN)
awx-manag 197339    awx   38u     IPv4             606638      0t0       TCP aap24-control:45280->aap24-database:postgres (ESTABLISHED)
awx-manag 197340    awx   29u     IPv4             626226      0t0       TCP aap24-control:47354->aap24-database:postgres (ESTABLISHED)
daphne    197342    awx   13u     IPv4             605767      0t0       TCP aap24-control:45240->aap24-database:postgres (ESTABLISHED)
awx-manag 197343    awx   17u     IPv4             607603      0t0       TCP aap24-control:45338->aap24-database:postgres (ESTABLISHED)
awx-manag 197345   root    8u     IPv4             605873      0t0       TCP aap24-control:45304->aap24-database:postgres (ESTABLISHED)
awx-manag 197345   root   14u     IPv4             605878      0t0       TCP aap24-control:45316->aap24-database:postgres (ESTABLISHED)
awx-manag 197346    awx    8u     IPv4             606592      0t0       TCP aap24-control:45256->aap24-database:postgres (ESTABLISHED)
awx-manag 197346    awx   14u     IPv4             605097      0t0       TCP aap24-control:45262->aap24-database:postgres (ESTABLISHED)
awx-manag 197534    awx   25u     IPv4             823129      0t0       TCP aap24-control:34648->aap24-database:postgres (ESTABLISHED)
awx-manag 197535    awx   29u     IPv4             823916      0t0       TCP aap24-control:34634->aap24-database:postgres (ESTABLISHED)
awx-manag 197536    awx   33u     IPv4             825727      0t0       TCP aap24-control:34662->aap24-database:postgres (ESTABLISHED)
awx-manag 197541    awx   16u     IPv4             823557      0t0       TCP aap24-control:49124->aap24-database:postgres (ESTABLISHED)
sshd      252955   root    4u     IPv4             794664      0t0       TCP aap24-control:ssh->192.168.1.49:51510 (ESTABLISHED)
sshd      252958   root    4u     IPv4             794664      0t0       TCP aap24-control:ssh->192.168.1.49:51510 (ESTABLISHED)
awx-manag 253277    awx   38u     IPv4             606638      0t0       TCP aap24-control:45280->aap24-database:postgres (ESTABLISHED)
awx-manag 253277    awx   50u     IPv4             824355      0t0       TCP aap24-control:49132->aap24-database:postgres (ESTABLISHED)
awx-manag 259297    awx   38u     IPv4             606638      0t0       TCP aap24-control:45280->aap24-database:postgres (ESTABLISHED)
awx-manag 259299    awx   38u     IPv4             606638      0t0       TCP aap24-control:45280->aap24-database:postgres (ESTABLISHED)
awx-manag 259299    awx   62u     IPv4             822218      0t0       TCP aap24-control:49138->aap24-database:postgres (ESTABLISHED)
awx-manag 259301    awx   38u     IPv4             606638      0t0       TCP aap24-control:45280->aap24-database:postgres (ESTABLISHED)
awx-manag 259301    awx   69u     IPv4             822680      0t0       TCP aap24-control:49150->aap24-database:postgres (ESTABLISHED)
awx-manag 260735    awx   38u     IPv4             606638      0t0       TCP aap24-control:45280->aap24-database:postgres (ESTABLISHED)
awx-manag 260735    awx   45u     IPv4             822222      0t0       TCP aap24-control:49148->aap24-database:postgres (ESTABLISHED)
awx-manag 260737    awx   38u     IPv4             606638      0t0       TCP aap24-control:45280->aap24-database:postgres (ESTABLISHED)
awx-manag 260739    awx   38u     IPv4             606638      0t0       TCP aap24-control:45280->aap24-database:postgres (ESTABLISHED)
slirp4net 260788    awx    3u     IPv4             824660      0t0       TCP aap24-control:49576->aap25-execution.lan:ssh (ESTABLISHED)

    PID    PPID CMD                           RSS    VSZ %CPU %MEM     ELAPSED
 253089       1 bash -c  log_file="/tmp/mem  3584   7344  0.0  0.0       04:06
Receptor Child Processes for PID 253089:
      PID    PPID CMD                           RSS    VSZ %CPU %MEM     ELAPSED
Receptor Threads for PID 253089:
    PID    SPID %CPU %MEM   RSS COMMAND
 253089  253089  0.0  0.0  3584 bash
Receptor Network Connections for PID 253089:
COMMAND      PID   USER   FD   TYPE DEVICE SIZE/OFF      NODE NAME
chronyd      789 chrony    5u  IPv4  13239      0t0       UDP localhost:323 
chronyd      789 chrony    6u  IPv6  13240      0t0       UDP localhost:323 
NetworkMa    792   root   26u  IPv4  22360      0t0       UDP aap24-control:bootpc->pi.hole:bootps 
sshd         859   root    3u  IPv4  22990      0t0       TCP *:ssh (LISTEN)
sshd         859   root    4u  IPv6  22992      0t0       TCP *:ssh (LISTEN)
receptor  192070    awx    8u  IPv6 587141      0t0       TCP *:27199 (LISTEN)
receptor  192070    awx    9u  IPv6 586439      0t0       TCP aap24-control:27199->aap24-execution:40392 (ESTABLISHED)
nginx     196761   root    8u  IPv4 602782      0t0       TCP *:https (LISTEN)
nginx     196761   root    9u  IPv4 602783      0t0       TCP *:http (LISTEN)
nginx     196761   root   10u  IPv6 602784      0t0       TCP *:https (LISTEN)
nginx     196761   root   11u  IPv6 602785      0t0       TCP *:http (LISTEN)
nginx     196762  nginx    8u  IPv4 602782      0t0       TCP *:https (LISTEN)
nginx     196762  nginx    9u  IPv4 602783      0t0       TCP *:http (LISTEN)
nginx     196762  nginx   10u  IPv6 602784      0t0       TCP *:https (LISTEN)
nginx     196762  nginx   11u  IPv6 602785      0t0       TCP *:http (LISTEN)
nginx     196763  nginx    8u  IPv4 602782      0t0       TCP *:https (LISTEN)
nginx     196763  nginx    9u  IPv4 602783      0t0       TCP *:http (LISTEN)
nginx     196763  nginx   10u  IPv6 602784      0t0       TCP *:https (LISTEN)
nginx     196763  nginx   11u  IPv6 602785      0t0       TCP *:http (LISTEN)
nginx     196763  nginx   19u  IPv4 790424      0t0       TCP aap24-control:https->192.168.1.49:49410 (ESTABLISHED)
nginx     196763  nginx   24u  IPv4 792276      0t0       TCP aap24-control:https->192.168.1.49:49422 (ESTABLISHED)
nginx     196764  nginx    8u  IPv4 602782      0t0       TCP *:https (LISTEN)
nginx     196764  nginx    9u  IPv4 602783      0t0       TCP *:http (LISTEN)
nginx     196764  nginx   10u  IPv6 602784      0t0       TCP *:https (LISTEN)
nginx     196764  nginx   11u  IPv6 602785      0t0       TCP *:http (LISTEN)
nginx     196765  nginx    8u  IPv4 602782      0t0       TCP *:https (LISTEN)
nginx     196765  nginx    9u  IPv4 602783      0t0       TCP *:http (LISTEN)
nginx     196765  nginx   10u  IPv6 602784      0t0       TCP *:https (LISTEN)
nginx     196765  nginx   11u  IPv6 602785      0t0       TCP *:http (LISTEN)
awx-manag 197339    awx   38u  IPv4 606638      0t0       TCP aap24-control:45280->aap24-database:postgres (ESTABLISHED)
awx-manag 197340    awx   29u  IPv4 626226      0t0       TCP aap24-control:47354->aap24-database:postgres (ESTABLISHED)
daphne    197342    awx   13u  IPv4 605767      0t0       TCP aap24-control:45240->aap24-database:postgres (ESTABLISHED)
awx-manag 197343    awx   17u  IPv4 607603      0t0       TCP aap24-control:45338->aap24-database:postgres (ESTABLISHED)
awx-manag 197345   root    8u  IPv4 605873      0t0       TCP aap24-control:45304->aap24-database:postgres (ESTABLISHED)
awx-manag 197345   root   14u  IPv4 605878      0t0       TCP aap24-control:45316->aap24-database:postgres (ESTABLISHED)
awx-manag 197346    awx    8u  IPv4 606592      0t0       TCP aap24-control:45256->aap24-database:postgres (ESTABLISHED)
awx-manag 197346    awx   14u  IPv4 605097      0t0       TCP aap24-control:45262->aap24-database:postgres (ESTABLISHED)
awx-manag 197534    awx   25u  IPv4 823129      0t0       TCP aap24-control:34648->aap24-database:postgres (ESTABLISHED)
awx-manag 197535    awx   29u  IPv4 823916      0t0       TCP aap24-control:34634->aap24-database:postgres (ESTABLISHED)
awx-manag 197536    awx   33u  IPv4 825727      0t0       TCP aap24-control:34662->aap24-database:postgres (ESTABLISHED)
awx-manag 197541    awx   16u  IPv4 823557      0t0       TCP aap24-control:49124->aap24-database:postgres (ESTABLISHED)
sshd      252955   root    4u  IPv4 794664      0t0       TCP aap24-control:ssh->192.168.1.49:51510 (ESTABLISHED)
sshd      252958   root    4u  IPv4 794664      0t0       TCP aap24-control:ssh->192.168.1.49:51510 (ESTABLISHED)
bash      253089   root  cwd    DIR  253,0      142 100663430 /root
bash      253089   root  rtd    DIR  253,0      235       128 /
bash      253089   root  txt    REG  253,0  1389072 100699101 /usr/bin/bash
bash      253089   root  mem    REG  253,0  2586930 100699387 /usr/lib/locale/en_US.utf8/LC_COLLATE
bash      253089   root  mem    REG  253,0  2544344      3530 /usr/lib64/libc.so.6
bash      253089   root  mem    REG  253,0   346132  67253521 /usr/lib/locale/C.utf8/LC_CTYPE
bash      253089   root  mem    REG  253,0       54 100699390 /usr/lib/locale/en_US.utf8/LC_NUMERIC
bash      253089   root  mem    REG  253,0     3284      3433 /usr/lib/locale/en_US.utf8/LC_TIME
bash      253089   root  mem    REG  253,0      286      3431 /usr/lib/locale/en_US.utf8/LC_MONETARY
bash      253089   root  mem    REG  253,0       57      3445 /usr/lib/locale/en_US.utf8/LC_MESSAGES/SYS_LC_MESSAGES
bash      253089   root  mem    REG  253,0    26988  33558225 /usr/lib64/gconv/gconv-modules.cache
bash      253089   root  mem    REG  253,0   195080      3141 /usr/lib64/libtinfo.so.6.2
bash      253089   root  mem    REG  253,0       34  67253758 /usr/lib/locale/en_US.utf8/LC_PAPER
bash      253089   root  mem    REG  253,0       77 100699389 /usr/lib/locale/en_US.utf8/LC_NAME
bash      253089   root  mem    REG  253,0      167      3427 /usr/lib/locale/en_US.utf8/LC_ADDRESS
bash      253089   root  mem    REG  253,0       59      3432 /usr/lib/locale/en_US.utf8/LC_TELEPHONE
bash      253089   root  mem    REG  253,0       23      3430 /usr/lib/locale/en_US.utf8/LC_MEASUREMENT
bash      253089   root  mem    REG  253,0      369      3429 /usr/lib/locale/en_US.utf8/LC_IDENTIFICATION
bash      253089   root  mem    REG  253,0   897856      3526 /usr/lib64/ld-linux-x86-64.so.2
bash      253089   root    0r   CHR    1,3      0t0         4 /dev/null
bash      253089   root    1w   REG  253,0        0  67894671 /tmp/memory_monitor.log
bash      253089   root    2w   REG  253,0        0  67894671 /tmp/memory_monitor.log
bash      253089   root    3r  FIFO   0,13      0t0    824295 pipe
awx-manag 253277    awx   38u  IPv4 606638      0t0       TCP aap24-control:45280->aap24-database:postgres (ESTABLISHED)
awx-manag 253277    awx   50u  IPv4 824355      0t0       TCP aap24-control:49132->aap24-database:postgres (ESTABLISHED)
awx-manag 259297    awx   38u  IPv4 606638      0t0       TCP aap24-control:45280->aap24-database:postgres (ESTABLISHED)
awx-manag 259299    awx   38u  IPv4 606638      0t0       TCP aap24-control:45280->aap24-database:postgres (ESTABLISHED)
awx-manag 259299    awx   62u  IPv4 822218      0t0       TCP aap24-control:49138->aap24-database:postgres (ESTABLISHED)
awx-manag 259301    awx   38u  IPv4 606638      0t0       TCP aap24-control:45280->aap24-database:postgres (ESTABLISHED)
awx-manag 259301    awx   69u  IPv4 822680      0t0       TCP aap24-control:49150->aap24-database:postgres (ESTABLISHED)
awx-manag 260735    awx   38u  IPv4 606638      0t0       TCP aap24-control:45280->aap24-database:postgres (ESTABLISHED)
awx-manag 260735    awx   45u  IPv4 822222      0t0       TCP aap24-control:49148->aap24-database:postgres (ESTABLISHED)
awx-manag 260737    awx   38u  IPv4 606638      0t0       TCP aap24-control:45280->aap24-database:postgres (ESTABLISHED)
awx-manag 260739    awx   38u  IPv4 606638      0t0       TCP aap24-control:45280->aap24-database:postgres (ESTABLISHED)
slirp4net 260788    awx    3u  IPv4 824660      0t0       TCP aap24-control:49576->aap25-execution.lan:ssh (ESTABLISHED)

    PID    PPID CMD                           RSS    VSZ %CPU %MEM     ELAPSED
 260747  192070 /usr/bin/receptor --node id 37184 1272508 0.0  0.4       00:04
Receptor Child Processes for PID 260747:
      PID    PPID CMD                           RSS    VSZ %CPU %MEM     ELAPSED
 260755  260747 /var/lib/awx/venv/awx/bin/p 28604 106532  3.2  0.3       00:04
Receptor Threads for PID 260747:
    PID    SPID %CPU %MEM   RSS COMMAND
 260747  260747  0.0  0.4 37184 receptor
 260747  260748  0.0  0.4 37184 receptor
 260747  260749  0.0  0.4 37184 receptor
 260747  260750  0.0  0.4 37184 receptor
 260747  260751  0.0  0.4 37184 receptor
 260747  260752  0.0  0.4 37184 receptor
 260747  260753  0.0  0.4 37184 receptor
 260747  260754  0.0  0.4 37184 receptor
Receptor Network Connections for PID 260747:
COMMAND      PID   USER   FD      TYPE DEVICE SIZE/OFF      NODE NAME
chronyd      789 chrony    5u     IPv4  13239      0t0       UDP localhost:323 
chronyd      789 chrony    6u     IPv6  13240      0t0       UDP localhost:323 
NetworkMa    792   root   26u     IPv4  22360      0t0       UDP aap24-control:bootpc->pi.hole:bootps 
sshd         859   root    3u     IPv4  22990      0t0       TCP *:ssh (LISTEN)
sshd         859   root    4u     IPv6  22992      0t0       TCP *:ssh (LISTEN)
receptor  192070    awx    8u     IPv6 587141      0t0       TCP *:27199 (LISTEN)
receptor  192070    awx    9u     IPv6 586439      0t0       TCP aap24-control:27199->aap24-execution:40392 (ESTABLISHED)
nginx     196761   root    8u     IPv4 602782      0t0       TCP *:https (LISTEN)
nginx     196761   root    9u     IPv4 602783      0t0       TCP *:http (LISTEN)
nginx     196761   root   10u     IPv6 602784      0t0       TCP *:https (LISTEN)
nginx     196761   root   11u     IPv6 602785      0t0       TCP *:http (LISTEN)
nginx     196762  nginx    8u     IPv4 602782      0t0       TCP *:https (LISTEN)
nginx     196762  nginx    9u     IPv4 602783      0t0       TCP *:http (LISTEN)
nginx     196762  nginx   10u     IPv6 602784      0t0       TCP *:https (LISTEN)
nginx     196762  nginx   11u     IPv6 602785      0t0       TCP *:http (LISTEN)
nginx     196763  nginx    8u     IPv4 602782      0t0       TCP *:https (LISTEN)
nginx     196763  nginx    9u     IPv4 602783      0t0       TCP *:http (LISTEN)
nginx     196763  nginx   10u     IPv6 602784      0t0       TCP *:https (LISTEN)
nginx     196763  nginx   11u     IPv6 602785      0t0       TCP *:http (LISTEN)
nginx     196763  nginx   19u     IPv4 790424      0t0       TCP aap24-control:https->192.168.1.49:49410 (ESTABLISHED)
nginx     196763  nginx   24u     IPv4 792276      0t0       TCP aap24-control:https->192.168.1.49:49422 (ESTABLISHED)
nginx     196764  nginx    8u     IPv4 602782      0t0       TCP *:https (LISTEN)
nginx     196764  nginx    9u     IPv4 602783      0t0       TCP *:http (LISTEN)
nginx     196764  nginx   10u     IPv6 602784      0t0       TCP *:https (LISTEN)
nginx     196764  nginx   11u     IPv6 602785      0t0       TCP *:http (LISTEN)
nginx     196765  nginx    8u     IPv4 602782      0t0       TCP *:https (LISTEN)
nginx     196765  nginx    9u     IPv4 602783      0t0       TCP *:http (LISTEN)
nginx     196765  nginx   10u     IPv6 602784      0t0       TCP *:https (LISTEN)
nginx     196765  nginx   11u     IPv6 602785      0t0       TCP *:http (LISTEN)
awx-manag 197339    awx   38u     IPv4 606638      0t0       TCP aap24-control:45280->aap24-database:postgres (ESTABLISHED)
awx-manag 197340    awx   29u     IPv4 626226      0t0       TCP aap24-control:47354->aap24-database:postgres (ESTABLISHED)
daphne    197342    awx   13u     IPv4 605767      0t0       TCP aap24-control:45240->aap24-database:postgres (ESTABLISHED)
awx-manag 197343    awx   17u     IPv4 607603      0t0       TCP aap24-control:45338->aap24-database:postgres (ESTABLISHED)
awx-manag 197345   root    8u     IPv4 605873      0t0       TCP aap24-control:45304->aap24-database:postgres (ESTABLISHED)
awx-manag 197345   root   14u     IPv4 605878      0t0       TCP aap24-control:45316->aap24-database:postgres (ESTABLISHED)
awx-manag 197346    awx    8u     IPv4 606592      0t0       TCP aap24-control:45256->aap24-database:postgres (ESTABLISHED)
awx-manag 197346    awx   14u     IPv4 605097      0t0       TCP aap24-control:45262->aap24-database:postgres (ESTABLISHED)
awx-manag 197534    awx   25u     IPv4 823129      0t0       TCP aap24-control:34648->aap24-database:postgres (ESTABLISHED)
awx-manag 197535    awx   29u     IPv4 823916      0t0       TCP aap24-control:34634->aap24-database:postgres (ESTABLISHED)
awx-manag 197536    awx   33u     IPv4 825727      0t0       TCP aap24-control:34662->aap24-database:postgres (ESTABLISHED)
awx-manag 197541    awx   16u     IPv4 823557      0t0       TCP aap24-control:49124->aap24-database:postgres (ESTABLISHED)
sshd      252955   root    4u     IPv4 794664      0t0       TCP aap24-control:ssh->192.168.1.49:51510 (ESTABLISHED)
sshd      252958   root    4u     IPv4 794664      0t0       TCP aap24-control:ssh->192.168.1.49:51510 (ESTABLISHED)
awx-manag 253277    awx   38u     IPv4 606638      0t0       TCP aap24-control:45280->aap24-database:postgres (ESTABLISHED)
awx-manag 253277    awx   50u     IPv4 824355      0t0       TCP aap24-control:49132->aap24-database:postgres (ESTABLISHED)
awx-manag 259297    awx   38u     IPv4 606638      0t0       TCP aap24-control:45280->aap24-database:postgres (ESTABLISHED)
awx-manag 259299    awx   38u     IPv4 606638      0t0       TCP aap24-control:45280->aap24-database:postgres (ESTABLISHED)
awx-manag 259299    awx   62u     IPv4 822218      0t0       TCP aap24-control:49138->aap24-database:postgres (ESTABLISHED)
awx-manag 259301    awx   38u     IPv4 606638      0t0       TCP aap24-control:45280->aap24-database:postgres (ESTABLISHED)
awx-manag 259301    awx   69u     IPv4 822680      0t0       TCP aap24-control:49150->aap24-database:postgres (ESTABLISHED)
awx-manag 260735    awx   38u     IPv4 606638      0t0       TCP aap24-control:45280->aap24-database:postgres (ESTABLISHED)
awx-manag 260735    awx   45u     IPv4 822222      0t0       TCP aap24-control:49148->aap24-database:postgres (ESTABLISHED)
awx-manag 260737    awx   38u     IPv4 606638      0t0       TCP aap24-control:45280->aap24-database:postgres (ESTABLISHED)
awx-manag 260739    awx   38u     IPv4 606638      0t0       TCP aap24-control:45280->aap24-database:postgres (ESTABLISHED)
receptor  260747    awx  cwd       DIR  253,0      235       128 /
receptor  260747    awx  rtd       DIR  253,0      235       128 /
receptor  260747    awx  txt       REG  253,0 54652712 100691309 /usr/bin/receptor
receptor  260747    awx  mem       REG  253,0  5436640     28515 /usr/lib64/libcrypto.so.3.2.2
receptor  260747    awx  mem       REG  253,0  2544344      3530 /usr/lib64/libc.so.6
receptor  260747    awx  mem       REG  253,0   102552      3550 /usr/lib64/libz.so.1.2.11
receptor  260747    awx  mem       REG  253,0   897856      3526 /usr/lib64/ld-linux-x86-64.so.2
receptor  260747    awx    0r      CHR    1,3      0t0         4 /dev/null
receptor  260747    awx    1w      REG  253,0     8771  34641330 /var/log/receptor/receptor.log
receptor  260747    awx    2w      REG  253,0     8771  34641330 /var/log/receptor/receptor.log
receptor  260747    awx    3r      REG  253,0     2192   1921301 /tmp/receptor/192.168.1.252/KSjKtIU8/stdin
receptor  260747    awx    4u  a_inode   0,14        0        62 [eventpoll:5]
receptor  260747    awx    5r     FIFO   0,13      0t0    822712 pipe
receptor  260747    awx    6w     FIFO   0,13      0t0    822712 pipe
receptor  260747    awx    7w      REG  253,0    34120   1921302 /tmp/receptor/192.168.1.252/KSjKtIU8/stdout
slirp4net 260788    awx    3u     IPv4 824660      0t0       TCP aap24-control:49576->aap25-execution.lan:ssh (ESTABLISHED)

    PID    PPID CMD                           RSS    VSZ %CPU %MEM     ELAPSED
Receptor Child Processes for PID 261049:
  No child processes found
Receptor Threads for PID 261049:
    PID    SPID %CPU %MEM   RSS COMMAND
Receptor Network Connections for PID 261049:
COMMAND      PID   USER   FD   TYPE DEVICE SIZE/OFF NODE NAME
chronyd      789 chrony    5u  IPv4  13239      0t0  UDP localhost:323 
chronyd      789 chrony    6u  IPv6  13240      0t0  UDP localhost:323 
NetworkMa    792   root   26u  IPv4  22360      0t0  UDP aap24-control:bootpc->pi.hole:bootps 
sshd         859   root    3u  IPv4  22990      0t0  TCP *:ssh (LISTEN)
sshd         859   root    4u  IPv6  22992      0t0  TCP *:ssh (LISTEN)
receptor  192070    awx    8u  IPv6 587141      0t0  TCP *:27199 (LISTEN)
receptor  192070    awx    9u  IPv6 586439      0t0  TCP aap24-control:27199->aap24-execution:40392 (ESTABLISHED)
nginx     196761   root    8u  IPv4 602782      0t0  TCP *:https (LISTEN)
nginx     196761   root    9u  IPv4 602783      0t0  TCP *:http (LISTEN)
nginx     196761   root   10u  IPv6 602784      0t0  TCP *:https (LISTEN)
nginx     196761   root   11u  IPv6 602785      0t0  TCP *:http (LISTEN)
nginx     196762  nginx    8u  IPv4 602782      0t0  TCP *:https (LISTEN)
nginx     196762  nginx    9u  IPv4 602783      0t0  TCP *:http (LISTEN)
nginx     196762  nginx   10u  IPv6 602784      0t0  TCP *:https (LISTEN)
nginx     196762  nginx   11u  IPv6 602785      0t0  TCP *:http (LISTEN)
nginx     196763  nginx    8u  IPv4 602782      0t0  TCP *:https (LISTEN)
nginx     196763  nginx    9u  IPv4 602783      0t0  TCP *:http (LISTEN)
nginx     196763  nginx   10u  IPv6 602784      0t0  TCP *:https (LISTEN)
nginx     196763  nginx   11u  IPv6 602785      0t0  TCP *:http (LISTEN)
nginx     196763  nginx   19u  IPv4 790424      0t0  TCP aap24-control:https->192.168.1.49:49410 (ESTABLISHED)
nginx     196763  nginx   24u  IPv4 792276      0t0  TCP aap24-control:https->192.168.1.49:49422 (ESTABLISHED)
nginx     196764  nginx    8u  IPv4 602782      0t0  TCP *:https (LISTEN)
nginx     196764  nginx    9u  IPv4 602783      0t0  TCP *:http (LISTEN)
nginx     196764  nginx   10u  IPv6 602784      0t0  TCP *:https (LISTEN)
nginx     196764  nginx   11u  IPv6 602785      0t0  TCP *:http (LISTEN)
nginx     196765  nginx    8u  IPv4 602782      0t0  TCP *:https (LISTEN)
nginx     196765  nginx    9u  IPv4 602783      0t0  TCP *:http (LISTEN)
nginx     196765  nginx   10u  IPv6 602784      0t0  TCP *:https (LISTEN)
nginx     196765  nginx   11u  IPv6 602785      0t0  TCP *:http (LISTEN)
awx-manag 197339    awx   38u  IPv4 606638      0t0  TCP aap24-control:45280->aap24-database:postgres (ESTABLISHED)
awx-manag 197340    awx   29u  IPv4 626226      0t0  TCP aap24-control:47354->aap24-database:postgres (ESTABLISHED)
daphne    197342    awx   13u  IPv4 605767      0t0  TCP aap24-control:45240->aap24-database:postgres (ESTABLISHED)
awx-manag 197343    awx   17u  IPv4 607603      0t0  TCP aap24-control:45338->aap24-database:postgres (ESTABLISHED)
awx-manag 197345   root    8u  IPv4 605873      0t0  TCP aap24-control:45304->aap24-database:postgres (ESTABLISHED)
awx-manag 197345   root   14u  IPv4 605878      0t0  TCP aap24-control:45316->aap24-database:postgres (ESTABLISHED)
awx-manag 197346    awx    8u  IPv4 606592      0t0  TCP aap24-control:45256->aap24-database:postgres (ESTABLISHED)
awx-manag 197346    awx   14u  IPv4 605097      0t0  TCP aap24-control:45262->aap24-database:postgres (ESTABLISHED)
awx-manag 197541    awx   16u  IPv4 823557      0t0  TCP aap24-control:49124->aap24-database:postgres (ESTABLISHED)
sshd      252955   root    4u  IPv4 794664      0t0  TCP aap24-control:ssh->192.168.1.49:51510 (ESTABLISHED)
sshd      252958   root    4u  IPv4 794664      0t0  TCP aap24-control:ssh->192.168.1.49:51510 (ESTABLISHED)
awx-manag 253277    awx   38u  IPv4 606638      0t0  TCP aap24-control:45280->aap24-database:postgres (ESTABLISHED)
awx-manag 253277    awx   50u  IPv4 824355      0t0  TCP aap24-control:49132->aap24-database:postgres (ESTABLISHED)
awx-manag 259297    awx   38u  IPv4 606638      0t0  TCP aap24-control:45280->aap24-database:postgres (ESTABLISHED)
awx-manag 259299    awx   38u  IPv4 606638      0t0  TCP aap24-control:45280->aap24-database:postgres (ESTABLISHED)
awx-manag 259299    awx   62u  IPv4 822218      0t0  TCP aap24-control:49138->aap24-database:postgres (ESTABLISHED)
awx-manag 259301    awx   38u  IPv4 606638      0t0  TCP aap24-control:45280->aap24-database:postgres (ESTABLISHED)
awx-manag 259301    awx   69u  IPv4 822680      0t0  TCP aap24-control:49150->aap24-database:postgres (ESTABLISHED)
awx-manag 260735    awx   38u  IPv4 606638      0t0  TCP aap24-control:45280->aap24-database:postgres (ESTABLISHED)
awx-manag 260735    awx   45u  IPv4 822222      0t0  TCP aap24-control:49148->aap24-database:postgres (ESTABLISHED)
awx-manag 260737    awx   38u  IPv4 606638      0t0  TCP aap24-control:45280->aap24-database:postgres (ESTABLISHED)
awx-manag 260739    awx   38u  IPv4 606638      0t0  TCP aap24-control:45280->aap24-database:postgres (ESTABLISHED)
slirp4net 260788    awx    3u  IPv4 824660      0t0  TCP aap24-control:49576->aap25-execution.lan:ssh (ESTABLISHED)
  No network connections found

=== RECEPTOR MEMORY SUMMARY ===
Total Receptor RSS Memory: 152944 KB (149 MB)
Total Receptor VSZ Memory: 4006796 KB (3912 MB)
Number of Receptor Processes: 4

AAP-related Processes and Children:
=== AAP Service Processes ===
Process: redis-server (PID: 135959)
    PID    PPID CMD                           RSS
 135959       1 /usr/bin/redis-server unixs 13436

Process: receptor (PID: 192070)
    PID    PPID CMD                           RSS
 192070       1 /usr/bin/receptor -c /etc/r 46388
  Children of PID 192070:
    PID    PPID CMD                           RSS
 260747  192070 /usr/bin/receptor --node id 37184

Process: nginx (PID: 196761)
    PID    PPID CMD                           RSS
 196761       1 nginx: master process /usr/  2124
  Children of PID 196761:
    PID    PPID CMD                           RSS
 196762  196761 nginx: worker process        4044
    PID    PPID CMD                           RSS
 196763  196761 nginx: worker process        8524
    PID    PPID CMD                           RSS
 196764  196761 nginx: worker process        8140
    PID    PPID CMD                           RSS
 196765  196761 nginx: worker process        8524

Process: nginx (PID: 196762)
    PID    PPID CMD                           RSS
 196762  196761 nginx: worker process        4044

Process: nginx (PID: 196763)
    PID    PPID CMD                           RSS
 196763  196761 nginx: worker process        8524

Process: nginx (PID: 196764)
    PID    PPID CMD                           RSS
 196764  196761 nginx: worker process        8140

Process: nginx (PID: 196765)
    PID    PPID CMD                           RSS
 196765  196761 nginx: worker process        8524

Process: uwsgi (PID: 197341)
    PID    PPID CMD                           RSS
 197341  197177 /var/lib/awx/venv/awx/bin/u 103452
  Children of PID 197341:
    PID    PPID CMD                           RSS
 253044  197341 /var/lib/awx/venv/awx/bin/u 117624
    PID    PPID CMD                           RSS
 253045  197341 /var/lib/awx/venv/awx/bin/u 124408
    PID    PPID CMD                           RSS
 253046  197341 /var/lib/awx/venv/awx/bin/u 118648
    PID    PPID CMD                           RSS
 253047  197341 /var/lib/awx/venv/awx/bin/u 119800

Process: uwsgi (PID: 253044)
    PID    PPID CMD                           RSS
 253044  197341 /var/lib/awx/venv/awx/bin/u 117624

Process: uwsgi (PID: 253045)
    PID    PPID CMD                           RSS
 253045  197341 /var/lib/awx/venv/awx/bin/u 124408

Process: uwsgi (PID: 253046)
    PID    PPID CMD                           RSS
 253046  197341 /var/lib/awx/venv/awx/bin/u 118648

Process: uwsgi (PID: 253047)
    PID    PPID CMD                           RSS
 253047  197341 /var/lib/awx/venv/awx/bin/u 119800

Process: bash (PID: 253089)
    PID    PPID CMD                           RSS
 253089       1 bash -c  log_file="/tmp/mem  3584
  Children of PID 253089:
    PID    PPID CMD                           RSS
 261170  253089 bash -c  log_file="/tmp/mem  2388

Process: receptor (PID: 260747)
    PID    PPID CMD                           RSS
 260747  192070 /usr/bin/receptor --node id 37184
  Children of PID 260747:
    PID    PPID CMD                           RSS
 260755  260747 /var/lib/awx/venv/awx/bin/p 28604

Process: bash (PID: 261170)
    PID    PPID CMD                           RSS
 261170  253089 bash -c  log_file="/tmp/mem  2388
  Children of PID 261170:
    PID    PPID CMD                           RSS


Process Tree for AAP Services:
=== automation-controller Process Tree ===
bash(253089)---pstree(261230)
=== receptor Process Tree ===
receptor(192070)-+-receptor(260747)-+-ansible-runner(260755)---podman(260766)-+-exe(260774)-+-slirp4netns(260788)
                 |                  |                                         |             |-{exe}(260776)
                 |                  |                                         |             |-{exe}(260777)
                 |                  |                                         |             |-{exe}(260778)
                 |                  |                                         |             |-{exe}(260779)
                 |                  |                                         |             |-{exe}(260780)
                 |                  |                                         |             |-{exe}(260781)
                 |                  |                                         |             |-{exe}(260783)
                 |                  |                                         |             |-{exe}(260784)
                 |                  |                                         |             |-{exe}(260785)
                 |                  |                                         |             `-{exe}(260790)
                 |                  |                                         |-{podman}(260767)
                 |                  |                                         |-{podman}(260768)
                 |                  |                                         |-{podman}(260769)
                 |                  |                                         |-{podman}(260770)
                 |                  |                                         |-{podman}(260771)
                 |                  |                                         |-{podman}(260772)
                 |                  |                                         |-{podman}(260773)
                 |                  |                                         `-{podman}(260775)
                 |                  |-{receptor}(260748)
                 |                  |-{receptor}(260749)
                 |                  |-{receptor}(260750)
                 |                  |-{receptor}(260751)
                 |                  |-{receptor}(260752)
                 |                  |-{receptor}(260753)
                 |                  `-{receptor}(260754)
                 |-{receptor}(192072)
                 |-{receptor}(192073)
                 |-{receptor}(192074)
                 |-{receptor}(192075)
                 |-{receptor}(192076)
                 |-{receptor}(192077)
                 |-{receptor}(201640)
                 `-{receptor}(202660)
bash(253089)---pstree(261235)
receptor(260747)-+-ansible-runner(260755)---podman(260766)-+-exe(260774)-+-slirp4netns(260788)
                 |                                         |             |-{exe}(260776)
                 |                                         |             |-{exe}(260777)
                 |                                         |             |-{exe}(260778)
                 |                                         |             |-{exe}(260779)
                 |                                         |             |-{exe}(260780)
                 |                                         |             |-{exe}(260781)
                 |                                         |             |-{exe}(260783)
                 |                                         |             |-{exe}(260784)
                 |                                         |             |-{exe}(260785)
                 |                                         |             `-{exe}(260790)
                 |                                         |-{podman}(260767)
                 |                                         |-{podman}(260768)
                 |                                         |-{podman}(260769)
                 |                                         |-{podman}(260770)
                 |                                         |-{podman}(260771)
                 |                                         |-{podman}(260772)
                 |                                         |-{podman}(260773)
                 |                                         `-{podman}(260775)
                 |-{receptor}(260748)
                 |-{receptor}(260749)
                 |-{receptor}(260750)
                 |-{receptor}(260751)
                 |-{receptor}(260752)
                 |-{receptor}(260753)
                 `-{receptor}(260754)
=== nginx Process Tree ===
nginx(196761)-+-nginx(196762)
              |-nginx(196763)
              |-nginx(196764)
              `-nginx(196765)
nginx(196762)
nginx(196763)
nginx(196764)
nginx(196765)
bash(253089)---pstree(261245)
=== postgresql Process Tree ===
bash(253089)---pstree(261249)
=== redis Process Tree ===
redis-server(135959)-+-{redis-server}(135960)
                     |-{redis-server}(135961)
                     |-{redis-server}(135962)
                     `-{redis-server}(135963)
bash(253089)---pstree(261254)
=== uwsgi Process Tree ===
uwsgi(197341)-+-uwsgi(253044)
              |-uwsgi(253045)
              |-uwsgi(253046)
              `-uwsgi(253047)
uwsgi(253044)
uwsgi(253045)
uwsgi(253046)
uwsgi(253047)
bash(253089)---pstree(261263)
=== automation-hub Process Tree ===
bash(253089)---pstree(261267)
=== automation-eda Process Tree ===
bash(253089)---pstree(261271)

=================================================================================
2025-07-07 15:55:52
Memory Usage Report:
               total        used        free      shared  buff/cache   available
Mem:            7681        2359        1318          20        4322        5322
Swap:           8067           0        8067

Top 10 Processes by RSS Memory:
    PID    PPID CMD                           RSS
 197339  197177 /var/lib/awx/venv/awx/bin/p 133580
 197340  197177 /var/lib/awx/venv/awx/bin/p 131572
 197345  197177 /var/lib/awx/venv/awx/bin/p 130276
 253277  197339 /var/lib/awx/venv/awx/bin/p 130116
 260737  197339 /var/lib/awx/venv/awx/bin/p 128088
 259301  197339 /var/lib/awx/venv/awx/bin/p 127436
 260735  197339 /var/lib/awx/venv/awx/bin/p 126668
 197343  197177 /var/lib/awx/venv/awx/bin/p 125912
 197532  197340 /var/lib/awx/venv/awx/bin/p 125636
 197536  197340 /var/lib/awx/venv/awx/bin/p 125404

=== RECEPTOR PROCESS ANALYSIS ===
Receptor Main Processes:
    PID    PPID CMD                           RSS    VSZ %CPU %MEM     ELAPSED
 192070       1 /usr/bin/receptor -c /etc/r 46636 1347904 0.1  0.5    01:05:30
Receptor Child Processes for PID 192070:
      PID    PPID CMD                           RSS    VSZ %CPU %MEM     ELAPSED
 260747  192070 /usr/bin/receptor --node id 37184 1272764 0.0  0.4       00:35
Receptor Threads for PID 192070:
    PID    SPID %CPU %MEM   RSS COMMAND
 192070  192070  0.0  0.5 46636 receptor
 192070  192072  0.0  0.5 46636 receptor
 192070  192073  0.0  0.5 46636 receptor
 192070  192074  0.0  0.5 46636 receptor
 192070  192075  0.0  0.5 46636 receptor
 192070  192076  0.0  0.5 46636 receptor
 192070  192077  0.0  0.5 46636 receptor
 192070  201640  0.0  0.5 46636 receptor
 192070  202660  0.0  0.5 46636 receptor
Receptor Network Connections for PID 192070:
COMMAND      PID   USER   FD      TYPE             DEVICE SIZE/OFF      NODE NAME
chronyd      789 chrony    5u     IPv4              13239      0t0       UDP localhost:323 
chronyd      789 chrony    6u     IPv6              13240      0t0       UDP localhost:323 
NetworkMa    792   root   26u     IPv4              22360      0t0       UDP aap24-control:bootpc->pi.hole:bootps 
sshd         859   root    3u     IPv4              22990      0t0       TCP *:ssh (LISTEN)
sshd         859   root    4u     IPv6              22992      0t0       TCP *:ssh (LISTEN)
receptor  192070    awx  cwd       DIR              253,0      235       128 /
receptor  192070    awx  rtd       DIR              253,0      235       128 /
receptor  192070    awx  txt       REG              253,0 54652712 100691309 /usr/bin/receptor
receptor  192070    awx  mem       REG              253,0  5436640     28515 /usr/lib64/libcrypto.so.3.2.2
receptor  192070    awx  mem       REG              253,0  2544344      3530 /usr/lib64/libc.so.6
receptor  192070    awx  mem       REG              253,0   102552      3550 /usr/lib64/libz.so.1.2.11
receptor  192070    awx  mem       REG              253,0   897856      3526 /usr/lib64/ld-linux-x86-64.so.2
receptor  192070    awx    0r      CHR                1,3      0t0         4 /dev/null
receptor  192070    awx    1w      REG              253,0     8771  34641330 /var/log/receptor/receptor.log
receptor  192070    awx    2w      REG              253,0     8771  34641330 /var/log/receptor/receptor.log
receptor  192070    awx    3rW     REG               0,23        0      2816 /run/awx-receptor/receptor.sock.lock
receptor  192070    awx    4u  a_inode               0,14        0        62 [eventpoll:5,7,8,9,10,11]
receptor  192070    awx    5r     FIFO               0,13      0t0    584296 pipe
receptor  192070    awx    6w     FIFO               0,13      0t0    584296 pipe
receptor  192070    awx    7u     unix 0xffff9bf94dcae400      0t0    585091 /var/run/awx-receptor/receptor.sock type=STREAM (LISTEN)
receptor  192070    awx    8u     IPv6             587141      0t0       TCP *:27199 (LISTEN)
receptor  192070    awx    9u     IPv6             586439      0t0       TCP aap24-control:27199->aap24-execution:40392 (ESTABLISHED)
receptor  192070    awx   10r  a_inode               0,14        0        62 inotify
receptor  192070    awx   11u     unix 0xffff9bf984151400      0t0    822242 /var/run/awx-receptor/receptor.sock type=STREAM (CONNECTED)
receptor  192070    awx   12r      REG              253,0    34120   1921302 /tmp/receptor/192.168.1.252/KSjKtIU8/stdout
nginx     196761   root    8u     IPv4             602782      0t0       TCP *:https (LISTEN)
nginx     196761   root    9u     IPv4             602783      0t0       TCP *:http (LISTEN)
nginx     196761   root   10u     IPv6             602784      0t0       TCP *:https (LISTEN)
nginx     196761   root   11u     IPv6             602785      0t0       TCP *:http (LISTEN)
nginx     196762  nginx    8u     IPv4             602782      0t0       TCP *:https (LISTEN)
nginx     196762  nginx    9u     IPv4             602783      0t0       TCP *:http (LISTEN)
nginx     196762  nginx   10u     IPv6             602784      0t0       TCP *:https (LISTEN)
nginx     196762  nginx   11u     IPv6             602785      0t0       TCP *:http (LISTEN)
nginx     196763  nginx    8u     IPv4             602782      0t0       TCP *:https (LISTEN)
nginx     196763  nginx    9u     IPv4             602783      0t0       TCP *:http (LISTEN)
nginx     196763  nginx   10u     IPv6             602784      0t0       TCP *:https (LISTEN)
nginx     196763  nginx   11u     IPv6             602785      0t0       TCP *:http (LISTEN)
nginx     196763  nginx   19u     IPv4             790424      0t0       TCP aap24-control:https->192.168.1.49:49410 (ESTABLISHED)
nginx     196763  nginx   24u     IPv4             792276      0t0       TCP aap24-control:https->192.168.1.49:49422 (ESTABLISHED)
nginx     196764  nginx    8u     IPv4             602782      0t0       TCP *:https (LISTEN)
nginx     196764  nginx    9u     IPv4             602783      0t0       TCP *:http (LISTEN)
nginx     196764  nginx   10u     IPv6             602784      0t0       TCP *:https (LISTEN)
nginx     196764  nginx   11u     IPv6             602785      0t0       TCP *:http (LISTEN)
nginx     196765  nginx    8u     IPv4             602782      0t0       TCP *:https (LISTEN)
nginx     196765  nginx    9u     IPv4             602783      0t0       TCP *:http (LISTEN)
nginx     196765  nginx   10u     IPv6             602784      0t0       TCP *:https (LISTEN)
nginx     196765  nginx   11u     IPv6             602785      0t0       TCP *:http (LISTEN)
awx-manag 197339    awx   38u     IPv4             606638      0t0       TCP aap24-control:45280->aap24-database:postgres (ESTABLISHED)
awx-manag 197340    awx   29u     IPv4             626226      0t0       TCP aap24-control:47354->aap24-database:postgres (ESTABLISHED)
daphne    197342    awx   13u     IPv4             605767      0t0       TCP aap24-control:45240->aap24-database:postgres (ESTABLISHED)
awx-manag 197343    awx   17u     IPv4             607603      0t0       TCP aap24-control:45338->aap24-database:postgres (ESTABLISHED)
awx-manag 197345   root    8u     IPv4             605873      0t0       TCP aap24-control:45304->aap24-database:postgres (ESTABLISHED)
awx-manag 197345   root   14u     IPv4             605878      0t0       TCP aap24-control:45316->aap24-database:postgres (ESTABLISHED)
awx-manag 197346    awx    8u     IPv4             606592      0t0       TCP aap24-control:45256->aap24-database:postgres (ESTABLISHED)
awx-manag 197346    awx   14u     IPv4             605097      0t0       TCP aap24-control:45262->aap24-database:postgres (ESTABLISHED)
awx-manag 197541    awx   16u     IPv4             828702      0t0       TCP aap24-control:56434->aap24-database:postgres (ESTABLISHED)
sshd      252955   root    4u     IPv4             794664      0t0       TCP aap24-control:ssh->192.168.1.49:51510 (ESTABLISHED)
sshd      252958   root    4u     IPv4             794664      0t0       TCP aap24-control:ssh->192.168.1.49:51510 (ESTABLISHED)
awx-manag 253277    awx   38u     IPv4             606638      0t0       TCP aap24-control:45280->aap24-database:postgres (ESTABLISHED)
awx-manag 253277    awx   50u     IPv4             824355      0t0       TCP aap24-control:49132->aap24-database:postgres (ESTABLISHED)
awx-manag 259297    awx   38u     IPv4             606638      0t0       TCP aap24-control:45280->aap24-database:postgres (ESTABLISHED)
awx-manag 259297    awx   46u     IPv4             829459      0t0       TCP aap24-control:36922->aap24-database:postgres (ESTABLISHED)
awx-manag 259299    awx   38u     IPv4             606638      0t0       TCP aap24-control:45280->aap24-database:postgres (ESTABLISHED)
awx-manag 259299    awx   62u     IPv4             822218      0t0       TCP aap24-control:49138->aap24-database:postgres (ESTABLISHED)
awx-manag 259301    awx   38u     IPv4             606638      0t0       TCP aap24-control:45280->aap24-database:postgres (ESTABLISHED)
awx-manag 259301    awx   69u     IPv4             828705      0t0       TCP aap24-control:56438->aap24-database:postgres (ESTABLISHED)
awx-manag 260735    awx   38u     IPv4             606638      0t0       TCP aap24-control:45280->aap24-database:postgres (ESTABLISHED)
awx-manag 260735    awx   45u     IPv4             822222      0t0       TCP aap24-control:49148->aap24-database:postgres (ESTABLISHED)
awx-manag 260737    awx   38u     IPv4             606638      0t0       TCP aap24-control:45280->aap24-database:postgres (ESTABLISHED)
awx-manag 260739    awx   38u     IPv4             606638      0t0       TCP aap24-control:45280->aap24-database:postgres (ESTABLISHED)
slirp4net 260788    awx    3u     IPv4             824660      0t0       TCP aap24-control:49576->aap25-execution.lan:ssh (ESTABLISHED)

    PID    PPID CMD                           RSS    VSZ %CPU %MEM     ELAPSED
 253089       1 bash -c  log_file="/tmp/mem  3584   7344  0.0  0.0       04:37
Receptor Child Processes for PID 253089:
      PID    PPID CMD                           RSS    VSZ %CPU %MEM     ELAPSED
Receptor Threads for PID 253089:
    PID    SPID %CPU %MEM   RSS COMMAND
 253089  253089  0.0  0.0  3584 bash
Receptor Network Connections for PID 253089:
COMMAND      PID   USER   FD   TYPE DEVICE SIZE/OFF      NODE NAME
chronyd      789 chrony    5u  IPv4  13239      0t0       UDP localhost:323 
chronyd      789 chrony    6u  IPv6  13240      0t0       UDP localhost:323 
NetworkMa    792   root   26u  IPv4  22360      0t0       UDP aap24-control:bootpc->pi.hole:bootps 
sshd         859   root    3u  IPv4  22990      0t0       TCP *:ssh (LISTEN)
sshd         859   root    4u  IPv6  22992      0t0       TCP *:ssh (LISTEN)
receptor  192070    awx    8u  IPv6 587141      0t0       TCP *:27199 (LISTEN)
receptor  192070    awx    9u  IPv6 586439      0t0       TCP aap24-control:27199->aap24-execution:40392 (ESTABLISHED)
nginx     196761   root    8u  IPv4 602782      0t0       TCP *:https (LISTEN)
nginx     196761   root    9u  IPv4 602783      0t0       TCP *:http (LISTEN)
nginx     196761   root   10u  IPv6 602784      0t0       TCP *:https (LISTEN)
nginx     196761   root   11u  IPv6 602785      0t0       TCP *:http (LISTEN)
nginx     196762  nginx    8u  IPv4 602782      0t0       TCP *:https (LISTEN)
nginx     196762  nginx    9u  IPv4 602783      0t0       TCP *:http (LISTEN)
nginx     196762  nginx   10u  IPv6 602784      0t0       TCP *:https (LISTEN)
nginx     196762  nginx   11u  IPv6 602785      0t0       TCP *:http (LISTEN)
nginx     196763  nginx    8u  IPv4 602782      0t0       TCP *:https (LISTEN)
nginx     196763  nginx    9u  IPv4 602783      0t0       TCP *:http (LISTEN)
nginx     196763  nginx   10u  IPv6 602784      0t0       TCP *:https (LISTEN)
nginx     196763  nginx   11u  IPv6 602785      0t0       TCP *:http (LISTEN)
nginx     196763  nginx   19u  IPv4 790424      0t0       TCP aap24-control:https->192.168.1.49:49410 (ESTABLISHED)
nginx     196763  nginx   24u  IPv4 792276      0t0       TCP aap24-control:https->192.168.1.49:49422 (ESTABLISHED)
nginx     196764  nginx    8u  IPv4 602782      0t0       TCP *:https (LISTEN)
nginx     196764  nginx    9u  IPv4 602783      0t0       TCP *:http (LISTEN)
nginx     196764  nginx   10u  IPv6 602784      0t0       TCP *:https (LISTEN)
nginx     196764  nginx   11u  IPv6 602785      0t0       TCP *:http (LISTEN)
nginx     196765  nginx    8u  IPv4 602782      0t0       TCP *:https (LISTEN)
nginx     196765  nginx    9u  IPv4 602783      0t0       TCP *:http (LISTEN)
nginx     196765  nginx   10u  IPv6 602784      0t0       TCP *:https (LISTEN)
nginx     196765  nginx   11u  IPv6 602785      0t0       TCP *:http (LISTEN)
awx-manag 197339    awx   38u  IPv4 606638      0t0       TCP aap24-control:45280->aap24-database:postgres (ESTABLISHED)
awx-manag 197340    awx   29u  IPv4 626226      0t0       TCP aap24-control:47354->aap24-database:postgres (ESTABLISHED)
daphne    197342    awx   13u  IPv4 605767      0t0       TCP aap24-control:45240->aap24-database:postgres (ESTABLISHED)
awx-manag 197343    awx   17u  IPv4 607603      0t0       TCP aap24-control:45338->aap24-database:postgres (ESTABLISHED)
awx-manag 197345   root    8u  IPv4 605873      0t0       TCP aap24-control:45304->aap24-database:postgres (ESTABLISHED)
awx-manag 197345   root   14u  IPv4 605878      0t0       TCP aap24-control:45316->aap24-database:postgres (ESTABLISHED)
awx-manag 197346    awx    8u  IPv4 606592      0t0       TCP aap24-control:45256->aap24-database:postgres (ESTABLISHED)
awx-manag 197346    awx   14u  IPv4 605097      0t0       TCP aap24-control:45262->aap24-database:postgres (ESTABLISHED)
awx-manag 197541    awx   16u  IPv4 828702      0t0       TCP aap24-control:56434->aap24-database:postgres (ESTABLISHED)
sshd      252955   root    4u  IPv4 794664      0t0       TCP aap24-control:ssh->192.168.1.49:51510 (ESTABLISHED)
sshd      252958   root    4u  IPv4 794664      0t0       TCP aap24-control:ssh->192.168.1.49:51510 (ESTABLISHED)
bash      253089   root  cwd    DIR  253,0      142 100663430 /root
bash      253089   root  rtd    DIR  253,0      235       128 /
bash      253089   root  txt    REG  253,0  1389072 100699101 /usr/bin/bash
bash      253089   root  mem    REG  253,0  2586930 100699387 /usr/lib/locale/en_US.utf8/LC_COLLATE
bash      253089   root  mem    REG  253,0  2544344      3530 /usr/lib64/libc.so.6
bash      253089   root  mem    REG  253,0   346132  67253521 /usr/lib/locale/C.utf8/LC_CTYPE
bash      253089   root  mem    REG  253,0       54 100699390 /usr/lib/locale/en_US.utf8/LC_NUMERIC
bash      253089   root  mem    REG  253,0     3284      3433 /usr/lib/locale/en_US.utf8/LC_TIME
bash      253089   root  mem    REG  253,0      286      3431 /usr/lib/locale/en_US.utf8/LC_MONETARY
bash      253089   root  mem    REG  253,0       57      3445 /usr/lib/locale/en_US.utf8/LC_MESSAGES/SYS_LC_MESSAGES
bash      253089   root  mem    REG  253,0    26988  33558225 /usr/lib64/gconv/gconv-modules.cache
bash      253089   root  mem    REG  253,0   195080      3141 /usr/lib64/libtinfo.so.6.2
bash      253089   root  mem    REG  253,0       34  67253758 /usr/lib/locale/en_US.utf8/LC_PAPER
bash      253089   root  mem    REG  253,0       77 100699389 /usr/lib/locale/en_US.utf8/LC_NAME
bash      253089   root  mem    REG  253,0      167      3427 /usr/lib/locale/en_US.utf8/LC_ADDRESS
bash      253089   root  mem    REG  253,0       59      3432 /usr/lib/locale/en_US.utf8/LC_TELEPHONE
bash      253089   root  mem    REG  253,0       23      3430 /usr/lib/locale/en_US.utf8/LC_MEASUREMENT
bash      253089   root  mem    REG  253,0      369      3429 /usr/lib/locale/en_US.utf8/LC_IDENTIFICATION
bash      253089   root  mem    REG  253,0   897856      3526 /usr/lib64/ld-linux-x86-64.so.2
bash      253089   root    0r   CHR    1,3      0t0         4 /dev/null
bash      253089   root    1w   REG  253,0        0  67894671 /tmp/memory_monitor.log
bash      253089   root    2w   REG  253,0        0  67894671 /tmp/memory_monitor.log
bash      253089   root    3r  FIFO   0,13      0t0    827960 pipe
awx-manag 253277    awx   38u  IPv4 606638      0t0       TCP aap24-control:45280->aap24-database:postgres (ESTABLISHED)
awx-manag 253277    awx   50u  IPv4 824355      0t0       TCP aap24-control:49132->aap24-database:postgres (ESTABLISHED)
awx-manag 259297    awx   38u  IPv4 606638      0t0       TCP aap24-control:45280->aap24-database:postgres (ESTABLISHED)
awx-manag 259297    awx   46u  IPv4 829459      0t0       TCP aap24-control:36922->aap24-database:postgres (ESTABLISHED)
awx-manag 259299    awx   38u  IPv4 606638      0t0       TCP aap24-control:45280->aap24-database:postgres (ESTABLISHED)
awx-manag 259299    awx   62u  IPv4 822218      0t0       TCP aap24-control:49138->aap24-database:postgres (ESTABLISHED)
awx-manag 259301    awx   38u  IPv4 606638      0t0       TCP aap24-control:45280->aap24-database:postgres (ESTABLISHED)
awx-manag 259301    awx   69u  IPv4 828705      0t0       TCP aap24-control:56438->aap24-database:postgres (ESTABLISHED)
awx-manag 260735    awx   38u  IPv4 606638      0t0       TCP aap24-control:45280->aap24-database:postgres (ESTABLISHED)
awx-manag 260735    awx   45u  IPv4 822222      0t0       TCP aap24-control:49148->aap24-database:postgres (ESTABLISHED)
awx-manag 260737    awx   38u  IPv4 606638      0t0       TCP aap24-control:45280->aap24-database:postgres (ESTABLISHED)
awx-manag 260739    awx   38u  IPv4 606638      0t0       TCP aap24-control:45280->aap24-database:postgres (ESTABLISHED)
slirp4net 260788    awx    3u  IPv4 824660      0t0       TCP aap24-control:49576->aap25-execution.lan:ssh (ESTABLISHED)

    PID    PPID CMD                           RSS    VSZ %CPU %MEM     ELAPSED
 260747  192070 /usr/bin/receptor --node id 37184 1272764 0.0  0.4       00:35
Receptor Child Processes for PID 260747:
      PID    PPID CMD                           RSS    VSZ %CPU %MEM     ELAPSED
 260755  260747 /var/lib/awx/venv/awx/bin/p 28604 106532  0.3  0.3       00:35
Receptor Threads for PID 260747:
    PID    SPID %CPU %MEM   RSS COMMAND
 260747  260747  0.0  0.4 37184 receptor
 260747  260748  0.0  0.4 37184 receptor
 260747  260749  0.0  0.4 37184 receptor
 260747  260750  0.0  0.4 37184 receptor
 260747  260751  0.0  0.4 37184 receptor
 260747  260752  0.0  0.4 37184 receptor
 260747  260753  0.0  0.4 37184 receptor
 260747  260754  0.0  0.4 37184 receptor
Receptor Network Connections for PID 260747:
COMMAND      PID   USER   FD      TYPE DEVICE SIZE/OFF      NODE NAME
chronyd      789 chrony    5u     IPv4  13239      0t0       UDP localhost:323 
chronyd      789 chrony    6u     IPv6  13240      0t0       UDP localhost:323 
NetworkMa    792   root   26u     IPv4  22360      0t0       UDP aap24-control:bootpc->pi.hole:bootps 
sshd         859   root    3u     IPv4  22990      0t0       TCP *:ssh (LISTEN)
sshd         859   root    4u     IPv6  22992      0t0       TCP *:ssh (LISTEN)
receptor  192070    awx    8u     IPv6 587141      0t0       TCP *:27199 (LISTEN)
receptor  192070    awx    9u     IPv6 586439      0t0       TCP aap24-control:27199->aap24-execution:40392 (ESTABLISHED)
nginx     196761   root    8u     IPv4 602782      0t0       TCP *:https (LISTEN)
nginx     196761   root    9u     IPv4 602783      0t0       TCP *:http (LISTEN)
nginx     196761   root   10u     IPv6 602784      0t0       TCP *:https (LISTEN)
nginx     196761   root   11u     IPv6 602785      0t0       TCP *:http (LISTEN)
nginx     196762  nginx    8u     IPv4 602782      0t0       TCP *:https (LISTEN)
nginx     196762  nginx    9u     IPv4 602783      0t0       TCP *:http (LISTEN)
nginx     196762  nginx   10u     IPv6 602784      0t0       TCP *:https (LISTEN)
nginx     196762  nginx   11u     IPv6 602785      0t0       TCP *:http (LISTEN)
nginx     196763  nginx    8u     IPv4 602782      0t0       TCP *:https (LISTEN)
nginx     196763  nginx    9u     IPv4 602783      0t0       TCP *:http (LISTEN)
nginx     196763  nginx   10u     IPv6 602784      0t0       TCP *:https (LISTEN)
nginx     196763  nginx   11u     IPv6 602785      0t0       TCP *:http (LISTEN)
nginx     196763  nginx   19u     IPv4 790424      0t0       TCP aap24-control:https->192.168.1.49:49410 (ESTABLISHED)
nginx     196763  nginx   24u     IPv4 792276      0t0       TCP aap24-control:https->192.168.1.49:49422 (ESTABLISHED)
nginx     196764  nginx    8u     IPv4 602782      0t0       TCP *:https (LISTEN)
nginx     196764  nginx    9u     IPv4 602783      0t0       TCP *:http (LISTEN)
nginx     196764  nginx   10u     IPv6 602784      0t0       TCP *:https (LISTEN)
nginx     196764  nginx   11u     IPv6 602785      0t0       TCP *:http (LISTEN)
nginx     196765  nginx    8u     IPv4 602782      0t0       TCP *:https (LISTEN)
nginx     196765  nginx    9u     IPv4 602783      0t0       TCP *:http (LISTEN)
nginx     196765  nginx   10u     IPv6 602784      0t0       TCP *:https (LISTEN)
nginx     196765  nginx   11u     IPv6 602785      0t0       TCP *:http (LISTEN)
awx-manag 197339    awx   38u     IPv4 606638      0t0       TCP aap24-control:45280->aap24-database:postgres (ESTABLISHED)
awx-manag 197340    awx   29u     IPv4 626226      0t0       TCP aap24-control:47354->aap24-database:postgres (ESTABLISHED)
daphne    197342    awx   13u     IPv4 605767      0t0       TCP aap24-control:45240->aap24-database:postgres (ESTABLISHED)
awx-manag 197343    awx   17u     IPv4 607603      0t0       TCP aap24-control:45338->aap24-database:postgres (ESTABLISHED)
awx-manag 197345   root    8u     IPv4 605873      0t0       TCP aap24-control:45304->aap24-database:postgres (ESTABLISHED)
awx-manag 197345   root   14u     IPv4 605878      0t0       TCP aap24-control:45316->aap24-database:postgres (ESTABLISHED)
awx-manag 197346    awx    8u     IPv4 606592      0t0       TCP aap24-control:45256->aap24-database:postgres (ESTABLISHED)
awx-manag 197346    awx   14u     IPv4 605097      0t0       TCP aap24-control:45262->aap24-database:postgres (ESTABLISHED)
awx-manag 197541    awx   16u     IPv4 828702      0t0       TCP aap24-control:56434->aap24-database:postgres (ESTABLISHED)
sshd      252955   root    4u     IPv4 794664      0t0       TCP aap24-control:ssh->192.168.1.49:51510 (ESTABLISHED)
sshd      252958   root    4u     IPv4 794664      0t0       TCP aap24-control:ssh->192.168.1.49:51510 (ESTABLISHED)
awx-manag 253277    awx   38u     IPv4 606638      0t0       TCP aap24-control:45280->aap24-database:postgres (ESTABLISHED)
awx-manag 253277    awx   50u     IPv4 824355      0t0       TCP aap24-control:49132->aap24-database:postgres (ESTABLISHED)
awx-manag 259297    awx   38u     IPv4 606638      0t0       TCP aap24-control:45280->aap24-database:postgres (ESTABLISHED)
awx-manag 259297    awx   46u     IPv4 829459      0t0       TCP aap24-control:36922->aap24-database:postgres (ESTABLISHED)
awx-manag 259299    awx   38u     IPv4 606638      0t0       TCP aap24-control:45280->aap24-database:postgres (ESTABLISHED)
awx-manag 259299    awx   62u     IPv4 822218      0t0       TCP aap24-control:49138->aap24-database:postgres (ESTABLISHED)
awx-manag 259301    awx   38u     IPv4 606638      0t0       TCP aap24-control:45280->aap24-database:postgres (ESTABLISHED)
awx-manag 259301    awx   69u     IPv4 828705      0t0       TCP aap24-control:56438->aap24-database:postgres (ESTABLISHED)
awx-manag 260735    awx   38u     IPv4 606638      0t0       TCP aap24-control:45280->aap24-database:postgres (ESTABLISHED)
awx-manag 260735    awx   45u     IPv4 822222      0t0       TCP aap24-control:49148->aap24-database:postgres (ESTABLISHED)
awx-manag 260737    awx   38u     IPv4 606638      0t0       TCP aap24-control:45280->aap24-database:postgres (ESTABLISHED)
awx-manag 260739    awx   38u     IPv4 606638      0t0       TCP aap24-control:45280->aap24-database:postgres (ESTABLISHED)
receptor  260747    awx  cwd       DIR  253,0      235       128 /
receptor  260747    awx  rtd       DIR  253,0      235       128 /
receptor  260747    awx  txt       REG  253,0 54652712 100691309 /usr/bin/receptor
receptor  260747    awx  mem       REG  253,0  5436640     28515 /usr/lib64/libcrypto.so.3.2.2
receptor  260747    awx  mem       REG  253,0  2544344      3530 /usr/lib64/libc.so.6
receptor  260747    awx  mem       REG  253,0   102552      3550 /usr/lib64/libz.so.1.2.11
receptor  260747    awx  mem       REG  253,0   897856      3526 /usr/lib64/ld-linux-x86-64.so.2
receptor  260747    awx    0r      CHR    1,3      0t0         4 /dev/null
receptor  260747    awx    1w      REG  253,0     8771  34641330 /var/log/receptor/receptor.log
receptor  260747    awx    2w      REG  253,0     8771  34641330 /var/log/receptor/receptor.log
receptor  260747    awx    3r      REG  253,0     2192   1921301 /tmp/receptor/192.168.1.252/KSjKtIU8/stdin
receptor  260747    awx    4u  a_inode   0,14        0        62 [eventpoll:5]
receptor  260747    awx    5r     FIFO   0,13      0t0    822712 pipe
receptor  260747    awx    6w     FIFO   0,13      0t0    822712 pipe
receptor  260747    awx    7w      REG  253,0    34120   1921302 /tmp/receptor/192.168.1.252/KSjKtIU8/stdout
slirp4net 260788    awx    3u     IPv4 824660      0t0       TCP aap24-control:49576->aap25-execution.lan:ssh (ESTABLISHED)

    PID    PPID CMD                           RSS    VSZ %CPU %MEM     ELAPSED
Receptor Child Processes for PID 261783:
  No child processes found
Receptor Threads for PID 261783:
    PID    SPID %CPU %MEM   RSS COMMAND
Receptor Network Connections for PID 261783:
COMMAND      PID   USER   FD   TYPE DEVICE SIZE/OFF NODE NAME
chronyd      789 chrony    5u  IPv4  13239      0t0  UDP localhost:323 
chronyd      789 chrony    6u  IPv6  13240      0t0  UDP localhost:323 
NetworkMa    792   root   26u  IPv4  22360      0t0  UDP aap24-control:bootpc->pi.hole:bootps 
sshd         859   root    3u  IPv4  22990      0t0  TCP *:ssh (LISTEN)
sshd         859   root    4u  IPv6  22992      0t0  TCP *:ssh (LISTEN)
receptor  192070    awx    8u  IPv6 587141      0t0  TCP *:27199 (LISTEN)
receptor  192070    awx    9u  IPv6 586439      0t0  TCP aap24-control:27199->aap24-execution:40392 (ESTABLISHED)
nginx     196761   root    8u  IPv4 602782      0t0  TCP *:https (LISTEN)
nginx     196761   root    9u  IPv4 602783      0t0  TCP *:http (LISTEN)
nginx     196761   root   10u  IPv6 602784      0t0  TCP *:https (LISTEN)
nginx     196761   root   11u  IPv6 602785      0t0  TCP *:http (LISTEN)
nginx     196762  nginx    8u  IPv4 602782      0t0  TCP *:https (LISTEN)
nginx     196762  nginx    9u  IPv4 602783      0t0  TCP *:http (LISTEN)
nginx     196762  nginx   10u  IPv6 602784      0t0  TCP *:https (LISTEN)
nginx     196762  nginx   11u  IPv6 602785      0t0  TCP *:http (LISTEN)
nginx     196763  nginx    8u  IPv4 602782      0t0  TCP *:https (LISTEN)
nginx     196763  nginx    9u  IPv4 602783      0t0  TCP *:http (LISTEN)
nginx     196763  nginx   10u  IPv6 602784      0t0  TCP *:https (LISTEN)
nginx     196763  nginx   11u  IPv6 602785      0t0  TCP *:http (LISTEN)
nginx     196763  nginx   19u  IPv4 790424      0t0  TCP aap24-control:https->192.168.1.49:49410 (ESTABLISHED)
nginx     196763  nginx   24u  IPv4 792276      0t0  TCP aap24-control:https->192.168.1.49:49422 (ESTABLISHED)
nginx     196764  nginx    8u  IPv4 602782      0t0  TCP *:https (LISTEN)
nginx     196764  nginx    9u  IPv4 602783      0t0  TCP *:http (LISTEN)
nginx     196764  nginx   10u  IPv6 602784      0t0  TCP *:https (LISTEN)
nginx     196764  nginx   11u  IPv6 602785      0t0  TCP *:http (LISTEN)
nginx     196765  nginx    8u  IPv4 602782      0t0  TCP *:https (LISTEN)
nginx     196765  nginx    9u  IPv4 602783      0t0  TCP *:http (LISTEN)
nginx     196765  nginx   10u  IPv6 602784      0t0  TCP *:https (LISTEN)
nginx     196765  nginx   11u  IPv6 602785      0t0  TCP *:http (LISTEN)
awx-manag 197339    awx   38u  IPv4 606638      0t0  TCP aap24-control:45280->aap24-database:postgres (ESTABLISHED)
awx-manag 197340    awx   29u  IPv4 626226      0t0  TCP aap24-control:47354->aap24-database:postgres (ESTABLISHED)
daphne    197342    awx   13u  IPv4 605767      0t0  TCP aap24-control:45240->aap24-database:postgres (ESTABLISHED)
awx-manag 197343    awx   17u  IPv4 607603      0t0  TCP aap24-control:45338->aap24-database:postgres (ESTABLISHED)
awx-manag 197345   root    8u  IPv4 605873      0t0  TCP aap24-control:45304->aap24-database:postgres (ESTABLISHED)
awx-manag 197345   root   14u  IPv4 605878      0t0  TCP aap24-control:45316->aap24-database:postgres (ESTABLISHED)
awx-manag 197346    awx    8u  IPv4 606592      0t0  TCP aap24-control:45256->aap24-database:postgres (ESTABLISHED)
awx-manag 197346    awx   14u  IPv4 605097      0t0  TCP aap24-control:45262->aap24-database:postgres (ESTABLISHED)
awx-manag 197541    awx   16u  IPv4 828702      0t0  TCP aap24-control:56434->aap24-database:postgres (ESTABLISHED)
sshd      252955   root    4u  IPv4 794664      0t0  TCP aap24-control:ssh->192.168.1.49:51510 (ESTABLISHED)
sshd      252958   root    4u  IPv4 794664      0t0  TCP aap24-control:ssh->192.168.1.49:51510 (ESTABLISHED)
awx-manag 253277    awx   38u  IPv4 606638      0t0  TCP aap24-control:45280->aap24-database:postgres (ESTABLISHED)
awx-manag 253277    awx   50u  IPv4 824355      0t0  TCP aap24-control:49132->aap24-database:postgres (ESTABLISHED)
awx-manag 259297    awx   38u  IPv4 606638      0t0  TCP aap24-control:45280->aap24-database:postgres (ESTABLISHED)
awx-manag 259297    awx   46u  IPv4 829459      0t0  TCP aap24-control:36922->aap24-database:postgres (ESTABLISHED)
awx-manag 259299    awx   38u  IPv4 606638      0t0  TCP aap24-control:45280->aap24-database:postgres (ESTABLISHED)
awx-manag 259299    awx   62u  IPv4 822218      0t0  TCP aap24-control:49138->aap24-database:postgres (ESTABLISHED)
awx-manag 259301    awx   38u  IPv4 606638      0t0  TCP aap24-control:45280->aap24-database:postgres (ESTABLISHED)
awx-manag 259301    awx   69u  IPv4 828705      0t0  TCP aap24-control:56438->aap24-database:postgres (ESTABLISHED)
awx-manag 260735    awx   38u  IPv4 606638      0t0  TCP aap24-control:45280->aap24-database:postgres (ESTABLISHED)
awx-manag 260735    awx   45u  IPv4 822222      0t0  TCP aap24-control:49148->aap24-database:postgres (ESTABLISHED)
awx-manag 260737    awx   38u  IPv4 606638      0t0  TCP aap24-control:45280->aap24-database:postgres (ESTABLISHED)
awx-manag 260739    awx   38u  IPv4 606638      0t0  TCP aap24-control:45280->aap24-database:postgres (ESTABLISHED)
slirp4net 260788    awx    3u  IPv4 824660      0t0  TCP aap24-control:49576->aap25-execution.lan:ssh (ESTABLISHED)
  No network connections found

=== RECEPTOR MEMORY SUMMARY ===
Total Receptor RSS Memory: 153192 KB (149 MB)
Total Receptor VSZ Memory: 4007308 KB (3913 MB)
Number of Receptor Processes: 4

AAP-related Processes and Children:
=== AAP Service Processes ===
Process: redis-server (PID: 135959)
    PID    PPID CMD                           RSS
 135959       1 /usr/bin/redis-server unixs 13284

Process: receptor (PID: 192070)
    PID    PPID CMD                           RSS
 192070       1 /usr/bin/receptor -c /etc/r 46636
  Children of PID 192070:
    PID    PPID CMD                           RSS
 260747  192070 /usr/bin/receptor --node id 37184

Process: nginx (PID: 196761)
    PID    PPID CMD                           RSS
 196761       1 nginx: master process /usr/  2124
  Children of PID 196761:
    PID    PPID CMD                           RSS
 196762  196761 nginx: worker process        4044
    PID    PPID CMD                           RSS
 196763  196761 nginx: worker process        8524
    PID    PPID CMD                           RSS
 196764  196761 nginx: worker process        8140
    PID    PPID CMD                           RSS
 196765  196761 nginx: worker process        8524

Process: nginx (PID: 196762)
    PID    PPID CMD                           RSS
 196762  196761 nginx: worker process        4044

Process: nginx (PID: 196763)
    PID    PPID CMD                           RSS
 196763  196761 nginx: worker process        8524

Process: nginx (PID: 196764)
    PID    PPID CMD                           RSS
 196764  196761 nginx: worker process        8140

Process: nginx (PID: 196765)
    PID    PPID CMD                           RSS
 196765  196761 nginx: worker process        8524

Process: uwsgi (PID: 197341)
    PID    PPID CMD                           RSS
 197341  197177 /var/lib/awx/venv/awx/bin/u 103452
  Children of PID 197341:
    PID    PPID CMD                           RSS
 253044  197341 /var/lib/awx/venv/awx/bin/u 117624
    PID    PPID CMD                           RSS
 253045  197341 /var/lib/awx/venv/awx/bin/u 124408
    PID    PPID CMD                           RSS
 253046  197341 /var/lib/awx/venv/awx/bin/u 118648
    PID    PPID CMD                           RSS
 253047  197341 /var/lib/awx/venv/awx/bin/u 120312

Process: uwsgi (PID: 253044)
    PID    PPID CMD                           RSS
 253044  197341 /var/lib/awx/venv/awx/bin/u 117624

Process: uwsgi (PID: 253045)
    PID    PPID CMD                           RSS
 253045  197341 /var/lib/awx/venv/awx/bin/u 124408

Process: uwsgi (PID: 253046)
    PID    PPID CMD                           RSS
 253046  197341 /var/lib/awx/venv/awx/bin/u 118648

Process: uwsgi (PID: 253047)
    PID    PPID CMD                           RSS
 253047  197341 /var/lib/awx/venv/awx/bin/u 120312

Process: bash (PID: 253089)
    PID    PPID CMD                           RSS
 253089       1 bash -c  log_file="/tmp/mem  3584
  Children of PID 253089:
    PID    PPID CMD                           RSS
 261904  253089 bash -c  log_file="/tmp/mem  2392

Process: receptor (PID: 260747)
    PID    PPID CMD                           RSS
 260747  192070 /usr/bin/receptor --node id 37184
  Children of PID 260747:
    PID    PPID CMD                           RSS
 260755  260747 /var/lib/awx/venv/awx/bin/p 28604

Process: bash (PID: 261904)
    PID    PPID CMD                           RSS
 261904  253089 bash -c  log_file="/tmp/mem  2392
  Children of PID 261904:
    PID    PPID CMD                           RSS


Process Tree for AAP Services:
=== automation-controller Process Tree ===
bash(253089)---pstree(261964)
=== receptor Process Tree ===
receptor(192070)-+-receptor(260747)-+-ansible-runner(260755)---podman(260766)-+-exe(260774)-+-slirp4netns(260788)
                 |                  |                                         |             |-{exe}(260776)
                 |                  |                                         |             |-{exe}(260777)
                 |                  |                                         |             |-{exe}(260778)
                 |                  |                                         |             |-{exe}(260779)
                 |                  |                                         |             |-{exe}(260780)
                 |                  |                                         |             |-{exe}(260781)
                 |                  |                                         |             |-{exe}(260783)
                 |                  |                                         |             |-{exe}(260784)
                 |                  |                                         |             |-{exe}(260785)
                 |                  |                                         |             `-{exe}(260790)
                 |                  |                                         |-{podman}(260767)
                 |                  |                                         |-{podman}(260768)
                 |                  |                                         |-{podman}(260769)
                 |                  |                                         |-{podman}(260770)
                 |                  |                                         |-{podman}(260771)
                 |                  |                                         |-{podman}(260772)
                 |                  |                                         |-{podman}(260773)
                 |                  |                                         `-{podman}(260775)
                 |                  |-{receptor}(260748)
                 |                  |-{receptor}(260749)
                 |                  |-{receptor}(260750)
                 |                  |-{receptor}(260751)
                 |                  |-{receptor}(260752)
                 |                  |-{receptor}(260753)
                 |                  `-{receptor}(260754)
                 |-{receptor}(192072)
                 |-{receptor}(192073)
                 |-{receptor}(192074)
                 |-{receptor}(192075)
                 |-{receptor}(192076)
                 |-{receptor}(192077)
                 |-{receptor}(201640)
                 `-{receptor}(202660)
bash(253089)---pstree(261969)
receptor(260747)-+-ansible-runner(260755)---podman(260766)-+-exe(260774)-+-slirp4netns(260788)
                 |                                         |             |-{exe}(260776)
                 |                                         |             |-{exe}(260777)
                 |                                         |             |-{exe}(260778)
                 |                                         |             |-{exe}(260779)
                 |                                         |             |-{exe}(260780)
                 |                                         |             |-{exe}(260781)
                 |                                         |             |-{exe}(260783)
                 |                                         |             |-{exe}(260784)
                 |                                         |             |-{exe}(260785)
                 |                                         |             `-{exe}(260790)
                 |                                         |-{podman}(260767)
                 |                                         |-{podman}(260768)
                 |                                         |-{podman}(260769)
                 |                                         |-{podman}(260770)
                 |                                         |-{podman}(260771)
                 |                                         |-{podman}(260772)
                 |                                         |-{podman}(260773)
                 |                                         `-{podman}(260775)
                 |-{receptor}(260748)
                 |-{receptor}(260749)
                 |-{receptor}(260750)
                 |-{receptor}(260751)
                 |-{receptor}(260752)
                 |-{receptor}(260753)
                 `-{receptor}(260754)
=== nginx Process Tree ===
nginx(196761)-+-nginx(196762)
              |-nginx(196763)
              |-nginx(196764)
              `-nginx(196765)
nginx(196762)
nginx(196763)
nginx(196764)
nginx(196765)
bash(253089)---pstree(261979)
=== postgresql Process Tree ===
bash(253089)---pstree(261983)
=== redis Process Tree ===
redis-server(135959)-+-{redis-server}(135960)
                     |-{redis-server}(135961)
                     |-{redis-server}(135962)
                     `-{redis-server}(135963)
bash(253089)---pstree(261988)
=== uwsgi Process Tree ===
uwsgi(197341)-+-uwsgi(253044)
              |-uwsgi(253045)
              |-uwsgi(253046)
              `-uwsgi(253047)
uwsgi(253044)
uwsgi(253045)
uwsgi(253046)
uwsgi(253047)
bash(253089)---pstree(261997)
=== automation-hub Process Tree ===
bash(253089)---pstree(262001)
=== automation-eda Process Tree ===
bash(253089)---pstree(262005)

=================================================================================
2025-07-07 15:56:23
Memory Usage Report:
               total        used        free      shared  buff/cache   available
Mem:            7681        2347        1330          20        4322        5334
Swap:           8067           0        8067

Top 10 Processes by RSS Memory:
    PID    PPID CMD                           RSS
 197339  197177 /var/lib/awx/venv/awx/bin/p 133580
 197340  197177 /var/lib/awx/venv/awx/bin/p 131572
 197345  197177 /var/lib/awx/venv/awx/bin/p 130276
 260737  197339 /var/lib/awx/venv/awx/bin/p 128088
 259301  197339 /var/lib/awx/venv/awx/bin/p 127436
 260735  197339 /var/lib/awx/venv/awx/bin/p 127180
 260739  197339 /var/lib/awx/venv/awx/bin/p 126424
 197343  197177 /var/lib/awx/venv/awx/bin/p 125912
 197532  197340 /var/lib/awx/venv/awx/bin/p 125636
 197536  197340 /var/lib/awx/venv/awx/bin/p 125404

=== RECEPTOR PROCESS ANALYSIS ===
Receptor Main Processes:
    PID    PPID CMD                           RSS    VSZ %CPU %MEM     ELAPSED
 192070       1 /usr/bin/receptor -c /etc/r 46728 1347904 0.1  0.5    01:06:00
Receptor Child Processes for PID 192070:
      PID    PPID CMD                           RSS    VSZ %CPU %MEM     ELAPSED
 260747  192070 /usr/bin/receptor --node id 38208 1420804 0.0  0.4       01:05
Receptor Threads for PID 192070:
    PID    SPID %CPU %MEM   RSS COMMAND
 192070  192070  0.0  0.5 46728 receptor
 192070  192072  0.0  0.5 46728 receptor
 192070  192073  0.0  0.5 46728 receptor
 192070  192074  0.0  0.5 46728 receptor
 192070  192075  0.0  0.5 46728 receptor
 192070  192076  0.0  0.5 46728 receptor
 192070  192077  0.0  0.5 46728 receptor
 192070  201640  0.0  0.5 46728 receptor
 192070  202660  0.0  0.5 46728 receptor
Receptor Network Connections for PID 192070:
COMMAND      PID   USER   FD      TYPE             DEVICE SIZE/OFF      NODE NAME
chronyd      789 chrony    5u     IPv4              13239      0t0       UDP localhost:323 
chronyd      789 chrony    6u     IPv6              13240      0t0       UDP localhost:323 
NetworkMa    792   root   26u     IPv4              22360      0t0       UDP aap24-control:bootpc->pi.hole:bootps 
sshd         859   root    3u     IPv4              22990      0t0       TCP *:ssh (LISTEN)
sshd         859   root    4u     IPv6              22992      0t0       TCP *:ssh (LISTEN)
receptor  192070    awx  cwd       DIR              253,0      235       128 /
receptor  192070    awx  rtd       DIR              253,0      235       128 /
receptor  192070    awx  txt       REG              253,0 54652712 100691309 /usr/bin/receptor
receptor  192070    awx  mem       REG              253,0  5436640     28515 /usr/lib64/libcrypto.so.3.2.2
receptor  192070    awx  mem       REG              253,0  2544344      3530 /usr/lib64/libc.so.6
receptor  192070    awx  mem       REG              253,0   102552      3550 /usr/lib64/libz.so.1.2.11
receptor  192070    awx  mem       REG              253,0   897856      3526 /usr/lib64/ld-linux-x86-64.so.2
receptor  192070    awx    0r      CHR                1,3      0t0         4 /dev/null
receptor  192070    awx    1w      REG              253,0     8771  34641330 /var/log/receptor/receptor.log
receptor  192070    awx    2w      REG              253,0     8771  34641330 /var/log/receptor/receptor.log
receptor  192070    awx    3rW     REG               0,23        0      2816 /run/awx-receptor/receptor.sock.lock
receptor  192070    awx    4u  a_inode               0,14        0        62 [eventpoll:5,7,8,9,10,11]
receptor  192070    awx    5r     FIFO               0,13      0t0    584296 pipe
receptor  192070    awx    6w     FIFO               0,13      0t0    584296 pipe
receptor  192070    awx    7u     unix 0xffff9bf94dcae400      0t0    585091 /var/run/awx-receptor/receptor.sock type=STREAM (LISTEN)
receptor  192070    awx    8u     IPv6             587141      0t0       TCP *:27199 (LISTEN)
receptor  192070    awx    9u     IPv6             586439      0t0       TCP aap24-control:27199->aap24-execution:40392 (ESTABLISHED)
receptor  192070    awx   10r  a_inode               0,14        0        62 inotify
receptor  192070    awx   11u     unix 0xffff9bf984151400      0t0    822242 /var/run/awx-receptor/receptor.sock type=STREAM (CONNECTED)
receptor  192070    awx   12r      REG              253,0    34120   1921302 /tmp/receptor/192.168.1.252/KSjKtIU8/stdout
nginx     196761   root    8u     IPv4             602782      0t0       TCP *:https (LISTEN)
nginx     196761   root    9u     IPv4             602783      0t0       TCP *:http (LISTEN)
nginx     196761   root   10u     IPv6             602784      0t0       TCP *:https (LISTEN)
nginx     196761   root   11u     IPv6             602785      0t0       TCP *:http (LISTEN)
nginx     196762  nginx    8u     IPv4             602782      0t0       TCP *:https (LISTEN)
nginx     196762  nginx    9u     IPv4             602783      0t0       TCP *:http (LISTEN)
nginx     196762  nginx   10u     IPv6             602784      0t0       TCP *:https (LISTEN)
nginx     196762  nginx   11u     IPv6             602785      0t0       TCP *:http (LISTEN)
nginx     196763  nginx    8u     IPv4             602782      0t0       TCP *:https (LISTEN)
nginx     196763  nginx    9u     IPv4             602783      0t0       TCP *:http (LISTEN)
nginx     196763  nginx   10u     IPv6             602784      0t0       TCP *:https (LISTEN)
nginx     196763  nginx   11u     IPv6             602785      0t0       TCP *:http (LISTEN)
nginx     196763  nginx   19u     IPv4             790424      0t0       TCP aap24-control:https->192.168.1.49:49410 (ESTABLISHED)
nginx     196763  nginx   24u     IPv4             792276      0t0       TCP aap24-control:https->192.168.1.49:49422 (ESTABLISHED)
nginx     196764  nginx    8u     IPv4             602782      0t0       TCP *:https (LISTEN)
nginx     196764  nginx    9u     IPv4             602783      0t0       TCP *:http (LISTEN)
nginx     196764  nginx   10u     IPv6             602784      0t0       TCP *:https (LISTEN)
nginx     196764  nginx   11u     IPv6             602785      0t0       TCP *:http (LISTEN)
nginx     196765  nginx    8u     IPv4             602782      0t0       TCP *:https (LISTEN)
nginx     196765  nginx    9u     IPv4             602783      0t0       TCP *:http (LISTEN)
nginx     196765  nginx   10u     IPv6             602784      0t0       TCP *:https (LISTEN)
nginx     196765  nginx   11u     IPv6             602785      0t0       TCP *:http (LISTEN)
awx-manag 197339    awx   38u     IPv4             606638      0t0       TCP aap24-control:45280->aap24-database:postgres (ESTABLISHED)
awx-manag 197340    awx   29u     IPv4             626226      0t0       TCP aap24-control:47354->aap24-database:postgres (ESTABLISHED)
daphne    197342    awx   13u     IPv4             605767      0t0       TCP aap24-control:45240->aap24-database:postgres (ESTABLISHED)
awx-manag 197343    awx   17u     IPv4             607603      0t0       TCP aap24-control:45338->aap24-database:postgres (ESTABLISHED)
awx-manag 197345   root    8u     IPv4             605873      0t0       TCP aap24-control:45304->aap24-database:postgres (ESTABLISHED)
awx-manag 197345   root   14u     IPv4             605878      0t0       TCP aap24-control:45316->aap24-database:postgres (ESTABLISHED)
awx-manag 197346    awx    8u     IPv4             606592      0t0       TCP aap24-control:45256->aap24-database:postgres (ESTABLISHED)
awx-manag 197346    awx   14u     IPv4             605097      0t0       TCP aap24-control:45262->aap24-database:postgres (ESTABLISHED)
awx-manag 197541    awx   16u     IPv4             830077      0t0       TCP aap24-control:39100->aap24-database:postgres (ESTABLISHED)
sshd      252955   root    4u     IPv4             794664      0t0       TCP aap24-control:ssh->192.168.1.49:51510 (ESTABLISHED)
sshd      252958   root    4u     IPv4             794664      0t0       TCP aap24-control:ssh->192.168.1.49:51510 (ESTABLISHED)
awx-manag 259301    awx   38u     IPv4             606638      0t0       TCP aap24-control:45280->aap24-database:postgres (ESTABLISHED)
awx-manag 259301    awx   69u     IPv4             831605      0t0       TCP aap24-control:59350->aap24-database:postgres (ESTABLISHED)
awx-manag 260735    awx   38u     IPv4             606638      0t0       TCP aap24-control:45280->aap24-database:postgres (ESTABLISHED)
awx-manag 260735    awx   45u     IPv4             829365      0t0       TCP aap24-control:59374->aap24-database:postgres (ESTABLISHED)
awx-manag 260737    awx   38u     IPv4             606638      0t0       TCP aap24-control:45280->aap24-database:postgres (ESTABLISHED)
awx-manag 260739    awx   38u     IPv4             606638      0t0       TCP aap24-control:45280->aap24-database:postgres (ESTABLISHED)
awx-manag 260739    awx   54u     IPv4             831604      0t0       TCP aap24-control:39106->aap24-database:postgres (ESTABLISHED)
slirp4net 260788    awx    3u     IPv4             824660      0t0       TCP aap24-control:49576->aap25-execution.lan:ssh (ESTABLISHED)
awx-manag 262431    awx   38u     IPv4             606638      0t0       TCP aap24-control:45280->aap24-database:postgres (ESTABLISHED)
awx-manag 262431    awx   40u     IPv4             830091      0t0       TCP aap24-control:59380->aap24-database:postgres (ESTABLISHED)
awx-manag 262433    awx   38u     IPv4             606638      0t0       TCP aap24-control:45280->aap24-database:postgres (ESTABLISHED)
awx-manag 262433    awx   46u     IPv4             831610      0t0       TCP aap24-control:59362->aap24-database:postgres (ESTABLISHED)
awx-manag 262435    awx   38u     IPv4             606638      0t0       TCP aap24-control:45280->aap24-database:postgres (ESTABLISHED)
awx-manag 262435    awx   55u     IPv4             831612      0t0       TCP aap24-control:59378->aap24-database:postgres (ESTABLISHED)
awx-manag 262437    awx   38u     IPv4             606638      0t0       TCP aap24-control:45280->aap24-database:postgres (ESTABLISHED)

    PID    PPID CMD                           RSS    VSZ %CPU %MEM     ELAPSED
 253089       1 bash -c  log_file="/tmp/mem  3584   7344  0.0  0.0       05:08
Receptor Child Processes for PID 253089:
      PID    PPID CMD                           RSS    VSZ %CPU %MEM     ELAPSED
Receptor Threads for PID 253089:
    PID    SPID %CPU %MEM   RSS COMMAND
 253089  253089  0.0  0.0  3584 bash
Receptor Network Connections for PID 253089:
COMMAND      PID   USER   FD   TYPE DEVICE SIZE/OFF      NODE NAME
chronyd      789 chrony    5u  IPv4  13239      0t0       UDP localhost:323 
chronyd      789 chrony    6u  IPv6  13240      0t0       UDP localhost:323 
NetworkMa    792   root   26u  IPv4  22360      0t0       UDP aap24-control:bootpc->pi.hole:bootps 
sshd         859   root    3u  IPv4  22990      0t0       TCP *:ssh (LISTEN)
sshd         859   root    4u  IPv6  22992      0t0       TCP *:ssh (LISTEN)
receptor  192070    awx    8u  IPv6 587141      0t0       TCP *:27199 (LISTEN)
receptor  192070    awx    9u  IPv6 586439      0t0       TCP aap24-control:27199->aap24-execution:40392 (ESTABLISHED)
nginx     196761   root    8u  IPv4 602782      0t0       TCP *:https (LISTEN)
nginx     196761   root    9u  IPv4 602783      0t0       TCP *:http (LISTEN)
nginx     196761   root   10u  IPv6 602784      0t0       TCP *:https (LISTEN)
nginx     196761   root   11u  IPv6 602785      0t0       TCP *:http (LISTEN)
nginx     196762  nginx    8u  IPv4 602782      0t0       TCP *:https (LISTEN)
nginx     196762  nginx    9u  IPv4 602783      0t0       TCP *:http (LISTEN)
nginx     196762  nginx   10u  IPv6 602784      0t0       TCP *:https (LISTEN)
nginx     196762  nginx   11u  IPv6 602785      0t0       TCP *:http (LISTEN)
nginx     196763  nginx    8u  IPv4 602782      0t0       TCP *:https (LISTEN)
nginx     196763  nginx    9u  IPv4 602783      0t0       TCP *:http (LISTEN)
nginx     196763  nginx   10u  IPv6 602784      0t0       TCP *:https (LISTEN)
nginx     196763  nginx   11u  IPv6 602785      0t0       TCP *:http (LISTEN)
nginx     196763  nginx   19u  IPv4 790424      0t0       TCP aap24-control:https->192.168.1.49:49410 (ESTABLISHED)
nginx     196763  nginx   24u  IPv4 792276      0t0       TCP aap24-control:https->192.168.1.49:49422 (ESTABLISHED)
nginx     196764  nginx    8u  IPv4 602782      0t0       TCP *:https (LISTEN)
nginx     196764  nginx    9u  IPv4 602783      0t0       TCP *:http (LISTEN)
nginx     196764  nginx   10u  IPv6 602784      0t0       TCP *:https (LISTEN)
nginx     196764  nginx   11u  IPv6 602785      0t0       TCP *:http (LISTEN)
nginx     196765  nginx    8u  IPv4 602782      0t0       TCP *:https (LISTEN)
nginx     196765  nginx    9u  IPv4 602783      0t0       TCP *:http (LISTEN)
nginx     196765  nginx   10u  IPv6 602784      0t0       TCP *:https (LISTEN)
nginx     196765  nginx   11u  IPv6 602785      0t0       TCP *:http (LISTEN)
awx-manag 197339    awx   38u  IPv4 606638      0t0       TCP aap24-control:45280->aap24-database:postgres (ESTABLISHED)
awx-manag 197340    awx   29u  IPv4 626226      0t0       TCP aap24-control:47354->aap24-database:postgres (ESTABLISHED)
daphne    197342    awx   13u  IPv4 605767      0t0       TCP aap24-control:45240->aap24-database:postgres (ESTABLISHED)
awx-manag 197343    awx   17u  IPv4 607603      0t0       TCP aap24-control:45338->aap24-database:postgres (ESTABLISHED)
awx-manag 197345   root    8u  IPv4 605873      0t0       TCP aap24-control:45304->aap24-database:postgres (ESTABLISHED)
awx-manag 197345   root   14u  IPv4 605878      0t0       TCP aap24-control:45316->aap24-database:postgres (ESTABLISHED)
awx-manag 197346    awx    8u  IPv4 606592      0t0       TCP aap24-control:45256->aap24-database:postgres (ESTABLISHED)
awx-manag 197346    awx   14u  IPv4 605097      0t0       TCP aap24-control:45262->aap24-database:postgres (ESTABLISHED)
awx-manag 197541    awx   16u  IPv4 830077      0t0       TCP aap24-control:39100->aap24-database:postgres (ESTABLISHED)
sshd      252955   root    4u  IPv4 794664      0t0       TCP aap24-control:ssh->192.168.1.49:51510 (ESTABLISHED)
sshd      252958   root    4u  IPv4 794664      0t0       TCP aap24-control:ssh->192.168.1.49:51510 (ESTABLISHED)
bash      253089   root  cwd    DIR  253,0      142 100663430 /root
bash      253089   root  rtd    DIR  253,0      235       128 /
bash      253089   root  txt    REG  253,0  1389072 100699101 /usr/bin/bash
bash      253089   root  mem    REG  253,0  2586930 100699387 /usr/lib/locale/en_US.utf8/LC_COLLATE
bash      253089   root  mem    REG  253,0  2544344      3530 /usr/lib64/libc.so.6
bash      253089   root  mem    REG  253,0   346132  67253521 /usr/lib/locale/C.utf8/LC_CTYPE
bash      253089   root  mem    REG  253,0       54 100699390 /usr/lib/locale/en_US.utf8/LC_NUMERIC
bash      253089   root  mem    REG  253,0     3284      3433 /usr/lib/locale/en_US.utf8/LC_TIME
bash      253089   root  mem    REG  253,0      286      3431 /usr/lib/locale/en_US.utf8/LC_MONETARY
bash      253089   root  mem    REG  253,0       57      3445 /usr/lib/locale/en_US.utf8/LC_MESSAGES/SYS_LC_MESSAGES
bash      253089   root  mem    REG  253,0    26988  33558225 /usr/lib64/gconv/gconv-modules.cache
bash      253089   root  mem    REG  253,0   195080      3141 /usr/lib64/libtinfo.so.6.2
bash      253089   root  mem    REG  253,0       34  67253758 /usr/lib/locale/en_US.utf8/LC_PAPER
bash      253089   root  mem    REG  253,0       77 100699389 /usr/lib/locale/en_US.utf8/LC_NAME
bash      253089   root  mem    REG  253,0      167      3427 /usr/lib/locale/en_US.utf8/LC_ADDRESS
bash      253089   root  mem    REG  253,0       59      3432 /usr/lib/locale/en_US.utf8/LC_TELEPHONE
bash      253089   root  mem    REG  253,0       23      3430 /usr/lib/locale/en_US.utf8/LC_MEASUREMENT
bash      253089   root  mem    REG  253,0      369      3429 /usr/lib/locale/en_US.utf8/LC_IDENTIFICATION
bash      253089   root  mem    REG  253,0   897856      3526 /usr/lib64/ld-linux-x86-64.so.2
bash      253089   root    0r   CHR    1,3      0t0         4 /dev/null
bash      253089   root    1w   REG  253,0        0  67894671 /tmp/memory_monitor.log
bash      253089   root    2w   REG  253,0        0  67894671 /tmp/memory_monitor.log
bash      253089   root    3r  FIFO   0,13      0t0    830820 pipe
awx-manag 259301    awx   38u  IPv4 606638      0t0       TCP aap24-control:45280->aap24-database:postgres (ESTABLISHED)
awx-manag 259301    awx   69u  IPv4 831605      0t0       TCP aap24-control:59350->aap24-database:postgres (ESTABLISHED)
awx-manag 260735    awx   38u  IPv4 606638      0t0       TCP aap24-control:45280->aap24-database:postgres (ESTABLISHED)
awx-manag 260735    awx   45u  IPv4 829365      0t0       TCP aap24-control:59374->aap24-database:postgres (ESTABLISHED)
awx-manag 260737    awx   38u  IPv4 606638      0t0       TCP aap24-control:45280->aap24-database:postgres (ESTABLISHED)
awx-manag 260739    awx   38u  IPv4 606638      0t0       TCP aap24-control:45280->aap24-database:postgres (ESTABLISHED)
awx-manag 260739    awx   54u  IPv4 831604      0t0       TCP aap24-control:39106->aap24-database:postgres (ESTABLISHED)
slirp4net 260788    awx    3u  IPv4 824660      0t0       TCP aap24-control:49576->aap25-execution.lan:ssh (ESTABLISHED)
awx-manag 262431    awx   38u  IPv4 606638      0t0       TCP aap24-control:45280->aap24-database:postgres (ESTABLISHED)
awx-manag 262431    awx   40u  IPv4 830091      0t0       TCP aap24-control:59380->aap24-database:postgres (ESTABLISHED)
awx-manag 262433    awx   38u  IPv4 606638      0t0       TCP aap24-control:45280->aap24-database:postgres (ESTABLISHED)
awx-manag 262433    awx   46u  IPv4 831610      0t0       TCP aap24-control:59362->aap24-database:postgres (ESTABLISHED)
awx-manag 262435    awx   38u  IPv4 606638      0t0       TCP aap24-control:45280->aap24-database:postgres (ESTABLISHED)
awx-manag 262435    awx   55u  IPv4 831612      0t0       TCP aap24-control:59378->aap24-database:postgres (ESTABLISHED)
awx-manag 262437    awx   38u  IPv4 606638      0t0       TCP aap24-control:45280->aap24-database:postgres (ESTABLISHED)

    PID    PPID CMD                           RSS    VSZ %CPU %MEM     ELAPSED
 260747  192070 /usr/bin/receptor --node id 38208 1420804 0.0  0.4       01:06
Receptor Child Processes for PID 260747:
      PID    PPID CMD                           RSS    VSZ %CPU %MEM     ELAPSED
 260755  260747 /var/lib/awx/venv/awx/bin/p 28604 106532  0.1  0.3       01:06
Receptor Threads for PID 260747:
    PID    SPID %CPU %MEM   RSS COMMAND
 260747  260747  0.0  0.4 38208 receptor
 260747  260748  0.0  0.4 38208 receptor
 260747  260749  0.0  0.4 38208 receptor
 260747  260750  0.0  0.4 38208 receptor
 260747  260751  0.0  0.4 38208 receptor
 260747  260752  0.0  0.4 38208 receptor
 260747  260753  0.0  0.4 38208 receptor
 260747  260754  0.0  0.4 38208 receptor
 260747  262052  0.0  0.4 38208 receptor
 260747  262053  0.0  0.4 38208 receptor
Receptor Network Connections for PID 260747:
COMMAND      PID   USER   FD      TYPE DEVICE SIZE/OFF      NODE NAME
chronyd      789 chrony    5u     IPv4  13239      0t0       UDP localhost:323 
chronyd      789 chrony    6u     IPv6  13240      0t0       UDP localhost:323 
NetworkMa    792   root   26u     IPv4  22360      0t0       UDP aap24-control:bootpc->pi.hole:bootps 
sshd         859   root    3u     IPv4  22990      0t0       TCP *:ssh (LISTEN)
sshd         859   root    4u     IPv6  22992      0t0       TCP *:ssh (LISTEN)
receptor  192070    awx    8u     IPv6 587141      0t0       TCP *:27199 (LISTEN)
receptor  192070    awx    9u     IPv6 586439      0t0       TCP aap24-control:27199->aap24-execution:40392 (ESTABLISHED)
nginx     196761   root    8u     IPv4 602782      0t0       TCP *:https (LISTEN)
nginx     196761   root    9u     IPv4 602783      0t0       TCP *:http (LISTEN)
nginx     196761   root   10u     IPv6 602784      0t0       TCP *:https (LISTEN)
nginx     196761   root   11u     IPv6 602785      0t0       TCP *:http (LISTEN)
nginx     196762  nginx    8u     IPv4 602782      0t0       TCP *:https (LISTEN)
nginx     196762  nginx    9u     IPv4 602783      0t0       TCP *:http (LISTEN)
nginx     196762  nginx   10u     IPv6 602784      0t0       TCP *:https (LISTEN)
nginx     196762  nginx   11u     IPv6 602785      0t0       TCP *:http (LISTEN)
nginx     196763  nginx    8u     IPv4 602782      0t0       TCP *:https (LISTEN)
nginx     196763  nginx    9u     IPv4 602783      0t0       TCP *:http (LISTEN)
nginx     196763  nginx   10u     IPv6 602784      0t0       TCP *:https (LISTEN)
nginx     196763  nginx   11u     IPv6 602785      0t0       TCP *:http (LISTEN)
nginx     196763  nginx   19u     IPv4 790424      0t0       TCP aap24-control:https->192.168.1.49:49410 (ESTABLISHED)
nginx     196763  nginx   24u     IPv4 792276      0t0       TCP aap24-control:https->192.168.1.49:49422 (ESTABLISHED)
nginx     196764  nginx    8u     IPv4 602782      0t0       TCP *:https (LISTEN)
nginx     196764  nginx    9u     IPv4 602783      0t0       TCP *:http (LISTEN)
nginx     196764  nginx   10u     IPv6 602784      0t0       TCP *:https (LISTEN)
nginx     196764  nginx   11u     IPv6 602785      0t0       TCP *:http (LISTEN)
nginx     196765  nginx    8u     IPv4 602782      0t0       TCP *:https (LISTEN)
nginx     196765  nginx    9u     IPv4 602783      0t0       TCP *:http (LISTEN)
nginx     196765  nginx   10u     IPv6 602784      0t0       TCP *:https (LISTEN)
nginx     196765  nginx   11u     IPv6 602785      0t0       TCP *:http (LISTEN)
awx-manag 197339    awx   38u     IPv4 606638      0t0       TCP aap24-control:45280->aap24-database:postgres (ESTABLISHED)
awx-manag 197340    awx   29u     IPv4 626226      0t0       TCP aap24-control:47354->aap24-database:postgres (ESTABLISHED)
daphne    197342    awx   13u     IPv4 605767      0t0       TCP aap24-control:45240->aap24-database:postgres (ESTABLISHED)
awx-manag 197343    awx   17u     IPv4 607603      0t0       TCP aap24-control:45338->aap24-database:postgres (ESTABLISHED)
awx-manag 197345   root    8u     IPv4 605873      0t0       TCP aap24-control:45304->aap24-database:postgres (ESTABLISHED)
awx-manag 197345   root   14u     IPv4 605878      0t0       TCP aap24-control:45316->aap24-database:postgres (ESTABLISHED)
awx-manag 197346    awx    8u     IPv4 606592      0t0       TCP aap24-control:45256->aap24-database:postgres (ESTABLISHED)
awx-manag 197346    awx   14u     IPv4 605097      0t0       TCP aap24-control:45262->aap24-database:postgres (ESTABLISHED)
awx-manag 197541    awx   16u     IPv4 830077      0t0       TCP aap24-control:39100->aap24-database:postgres (ESTABLISHED)
sshd      252955   root    4u     IPv4 794664      0t0       TCP aap24-control:ssh->192.168.1.49:51510 (ESTABLISHED)
sshd      252958   root    4u     IPv4 794664      0t0       TCP aap24-control:ssh->192.168.1.49:51510 (ESTABLISHED)
awx-manag 259301    awx   38u     IPv4 606638      0t0       TCP aap24-control:45280->aap24-database:postgres (ESTABLISHED)
awx-manag 259301    awx   69u     IPv4 831605      0t0       TCP aap24-control:59350->aap24-database:postgres (ESTABLISHED)
awx-manag 260735    awx   38u     IPv4 606638      0t0       TCP aap24-control:45280->aap24-database:postgres (ESTABLISHED)
awx-manag 260735    awx   45u     IPv4 829365      0t0       TCP aap24-control:59374->aap24-database:postgres (ESTABLISHED)
awx-manag 260737    awx   38u     IPv4 606638      0t0       TCP aap24-control:45280->aap24-database:postgres (ESTABLISHED)
awx-manag 260739    awx   38u     IPv4 606638      0t0       TCP aap24-control:45280->aap24-database:postgres (ESTABLISHED)
awx-manag 260739    awx   54u     IPv4 831604      0t0       TCP aap24-control:39106->aap24-database:postgres (ESTABLISHED)
receptor  260747    awx  cwd       DIR  253,0      235       128 /
receptor  260747    awx  rtd       DIR  253,0      235       128 /
receptor  260747    awx  txt       REG  253,0 54652712 100691309 /usr/bin/receptor
receptor  260747    awx  mem       REG  253,0  5436640     28515 /usr/lib64/libcrypto.so.3.2.2
receptor  260747    awx  mem       REG  253,0  2544344      3530 /usr/lib64/libc.so.6
receptor  260747    awx  mem       REG  253,0   102552      3550 /usr/lib64/libz.so.1.2.11
receptor  260747    awx  mem       REG  253,0   897856      3526 /usr/lib64/ld-linux-x86-64.so.2
receptor  260747    awx    0r      CHR    1,3      0t0         4 /dev/null
receptor  260747    awx    1w      REG  253,0     8771  34641330 /var/log/receptor/receptor.log
receptor  260747    awx    2w      REG  253,0     8771  34641330 /var/log/receptor/receptor.log
receptor  260747    awx    3r      REG  253,0     2192   1921301 /tmp/receptor/192.168.1.252/KSjKtIU8/stdin
receptor  260747    awx    4u  a_inode   0,14        0        62 [eventpoll:5]
receptor  260747    awx    5r     FIFO   0,13      0t0    822712 pipe
receptor  260747    awx    6w     FIFO   0,13      0t0    822712 pipe
receptor  260747    awx    7w      REG  253,0    34120   1921302 /tmp/receptor/192.168.1.252/KSjKtIU8/stdout
slirp4net 260788    awx    3u     IPv4 824660      0t0       TCP aap24-control:49576->aap25-execution.lan:ssh (ESTABLISHED)
awx-manag 262431    awx   38u     IPv4 606638      0t0       TCP aap24-control:45280->aap24-database:postgres (ESTABLISHED)
awx-manag 262431    awx   40u     IPv4 830091      0t0       TCP aap24-control:59380->aap24-database:postgres (ESTABLISHED)
awx-manag 262433    awx   38u     IPv4 606638      0t0       TCP aap24-control:45280->aap24-database:postgres (ESTABLISHED)
awx-manag 262433    awx   46u     IPv4 831610      0t0       TCP aap24-control:59362->aap24-database:postgres (ESTABLISHED)
awx-manag 262435    awx   38u     IPv4 606638      0t0       TCP aap24-control:45280->aap24-database:postgres (ESTABLISHED)
awx-manag 262435    awx   55u     IPv4 831612      0t0       TCP aap24-control:59378->aap24-database:postgres (ESTABLISHED)
awx-manag 262437    awx   38u     IPv4 606638      0t0       TCP aap24-control:45280->aap24-database:postgres (ESTABLISHED)

    PID    PPID CMD                           RSS    VSZ %CPU %MEM     ELAPSED
Receptor Child Processes for PID 262532:
  No child processes found
Receptor Threads for PID 262532:
    PID    SPID %CPU %MEM   RSS COMMAND
Receptor Network Connections for PID 262532:
COMMAND      PID   USER   FD   TYPE DEVICE SIZE/OFF NODE NAME
chronyd      789 chrony    5u  IPv4  13239      0t0  UDP localhost:323 
chronyd      789 chrony    6u  IPv6  13240      0t0  UDP localhost:323 
NetworkMa    792   root   26u  IPv4  22360      0t0  UDP aap24-control:bootpc->pi.hole:bootps 
sshd         859   root    3u  IPv4  22990      0t0  TCP *:ssh (LISTEN)
sshd         859   root    4u  IPv6  22992      0t0  TCP *:ssh (LISTEN)
receptor  192070    awx    8u  IPv6 587141      0t0  TCP *:27199 (LISTEN)
receptor  192070    awx    9u  IPv6 586439      0t0  TCP aap24-control:27199->aap24-execution:40392 (ESTABLISHED)
nginx     196761   root    8u  IPv4 602782      0t0  TCP *:https (LISTEN)
nginx     196761   root    9u  IPv4 602783      0t0  TCP *:http (LISTEN)
nginx     196761   root   10u  IPv6 602784      0t0  TCP *:https (LISTEN)
nginx     196761   root   11u  IPv6 602785      0t0  TCP *:http (LISTEN)
nginx     196762  nginx    8u  IPv4 602782      0t0  TCP *:https (LISTEN)
nginx     196762  nginx    9u  IPv4 602783      0t0  TCP *:http (LISTEN)
nginx     196762  nginx   10u  IPv6 602784      0t0  TCP *:https (LISTEN)
nginx     196762  nginx   11u  IPv6 602785      0t0  TCP *:http (LISTEN)
nginx     196763  nginx    8u  IPv4 602782      0t0  TCP *:https (LISTEN)
nginx     196763  nginx    9u  IPv4 602783      0t0  TCP *:http (LISTEN)
nginx     196763  nginx   10u  IPv6 602784      0t0  TCP *:https (LISTEN)
nginx     196763  nginx   11u  IPv6 602785      0t0  TCP *:http (LISTEN)
nginx     196763  nginx   19u  IPv4 790424      0t0  TCP aap24-control:https->192.168.1.49:49410 (ESTABLISHED)
nginx     196763  nginx   24u  IPv4 792276      0t0  TCP aap24-control:https->192.168.1.49:49422 (ESTABLISHED)
nginx     196764  nginx    8u  IPv4 602782      0t0  TCP *:https (LISTEN)
nginx     196764  nginx    9u  IPv4 602783      0t0  TCP *:http (LISTEN)
nginx     196764  nginx   10u  IPv6 602784      0t0  TCP *:https (LISTEN)
nginx     196764  nginx   11u  IPv6 602785      0t0  TCP *:http (LISTEN)
nginx     196765  nginx    8u  IPv4 602782      0t0  TCP *:https (LISTEN)
nginx     196765  nginx    9u  IPv4 602783      0t0  TCP *:http (LISTEN)
nginx     196765  nginx   10u  IPv6 602784      0t0  TCP *:https (LISTEN)
nginx     196765  nginx   11u  IPv6 602785      0t0  TCP *:http (LISTEN)
awx-manag 197339    awx   38u  IPv4 606638      0t0  TCP aap24-control:45280->aap24-database:postgres (ESTABLISHED)
awx-manag 197340    awx   29u  IPv4 626226      0t0  TCP aap24-control:47354->aap24-database:postgres (ESTABLISHED)
daphne    197342    awx   13u  IPv4 605767      0t0  TCP aap24-control:45240->aap24-database:postgres (ESTABLISHED)
awx-manag 197343    awx   17u  IPv4 607603      0t0  TCP aap24-control:45338->aap24-database:postgres (ESTABLISHED)
awx-manag 197345   root    8u  IPv4 605873      0t0  TCP aap24-control:45304->aap24-database:postgres (ESTABLISHED)
awx-manag 197345   root   14u  IPv4 605878      0t0  TCP aap24-control:45316->aap24-database:postgres (ESTABLISHED)
awx-manag 197346    awx    8u  IPv4 606592      0t0  TCP aap24-control:45256->aap24-database:postgres (ESTABLISHED)
awx-manag 197346    awx   14u  IPv4 605097      0t0  TCP aap24-control:45262->aap24-database:postgres (ESTABLISHED)
awx-manag 197541    awx   16u  IPv4 830077      0t0  TCP aap24-control:39100->aap24-database:postgres (ESTABLISHED)
sshd      252955   root    4u  IPv4 794664      0t0  TCP aap24-control:ssh->192.168.1.49:51510 (ESTABLISHED)
sshd      252958   root    4u  IPv4 794664      0t0  TCP aap24-control:ssh->192.168.1.49:51510 (ESTABLISHED)
awx-manag 259301    awx   38u  IPv4 606638      0t0  TCP aap24-control:45280->aap24-database:postgres (ESTABLISHED)
awx-manag 259301    awx   69u  IPv4 831605      0t0  TCP aap24-control:59350->aap24-database:postgres (ESTABLISHED)
awx-manag 260735    awx   38u  IPv4 606638      0t0  TCP aap24-control:45280->aap24-database:postgres (ESTABLISHED)
awx-manag 260735    awx   45u  IPv4 829365      0t0  TCP aap24-control:59374->aap24-database:postgres (ESTABLISHED)
awx-manag 260737    awx   38u  IPv4 606638      0t0  TCP aap24-control:45280->aap24-database:postgres (ESTABLISHED)
awx-manag 260739    awx   38u  IPv4 606638      0t0  TCP aap24-control:45280->aap24-database:postgres (ESTABLISHED)
awx-manag 260739    awx   54u  IPv4 831604      0t0  TCP aap24-control:39106->aap24-database:postgres (ESTABLISHED)
slirp4net 260788    awx    3u  IPv4 824660      0t0  TCP aap24-control:49576->aap25-execution.lan:ssh (ESTABLISHED)
awx-manag 262431    awx   38u  IPv4 606638      0t0  TCP aap24-control:45280->aap24-database:postgres (ESTABLISHED)
awx-manag 262431    awx   40u  IPv4 830091      0t0  TCP aap24-control:59380->aap24-database:postgres (ESTABLISHED)
awx-manag 262433    awx   38u  IPv4 606638      0t0  TCP aap24-control:45280->aap24-database:postgres (ESTABLISHED)
awx-manag 262433    awx   46u  IPv4 831610      0t0  TCP aap24-control:59362->aap24-database:postgres (ESTABLISHED)
awx-manag 262435    awx   38u  IPv4 606638      0t0  TCP aap24-control:45280->aap24-database:postgres (ESTABLISHED)
awx-manag 262435    awx   55u  IPv4 831612      0t0  TCP aap24-control:59378->aap24-database:postgres (ESTABLISHED)
awx-manag 262437    awx   38u  IPv4 606638      0t0  TCP aap24-control:45280->aap24-database:postgres (ESTABLISHED)
  No network connections found

=== RECEPTOR MEMORY SUMMARY ===
Total Receptor RSS Memory: 155332 KB (151 MB)
Total Receptor VSZ Memory: 4303388 KB (4202 MB)
Number of Receptor Processes: 4

AAP-related Processes and Children:
=== AAP Service Processes ===
Process: redis-server (PID: 135959)
    PID    PPID CMD                           RSS
 135959       1 /usr/bin/redis-server unixs 13284

Process: receptor (PID: 192070)
    PID    PPID CMD                           RSS
 192070       1 /usr/bin/receptor -c /etc/r 46728
  Children of PID 192070:
    PID    PPID CMD                           RSS
 260747  192070 /usr/bin/receptor --node id 38208

Process: nginx (PID: 196761)
    PID    PPID CMD                           RSS
 196761       1 nginx: master process /usr/  2124
  Children of PID 196761:
    PID    PPID CMD                           RSS
 196762  196761 nginx: worker process        4044
    PID    PPID CMD                           RSS
 196763  196761 nginx: worker process        8524
    PID    PPID CMD                           RSS
 196764  196761 nginx: worker process        8140
    PID    PPID CMD                           RSS
 196765  196761 nginx: worker process        8524

Process: nginx (PID: 196762)
    PID    PPID CMD                           RSS
 196762  196761 nginx: worker process        4044

Process: nginx (PID: 196763)
    PID    PPID CMD                           RSS
 196763  196761 nginx: worker process        8524

Process: nginx (PID: 196764)
    PID    PPID CMD                           RSS
 196764  196761 nginx: worker process        8140

Process: nginx (PID: 196765)
    PID    PPID CMD                           RSS
 196765  196761 nginx: worker process        8524

Process: uwsgi (PID: 197341)
    PID    PPID CMD                           RSS
 197341  197177 /var/lib/awx/venv/awx/bin/u 103452
  Children of PID 197341:
    PID    PPID CMD                           RSS
 253044  197341 /var/lib/awx/venv/awx/bin/u 118136
    PID    PPID CMD                           RSS
 253045  197341 /var/lib/awx/venv/awx/bin/u 124536
    PID    PPID CMD                           RSS
 253046  197341 /var/lib/awx/venv/awx/bin/u 118648
    PID    PPID CMD                           RSS
 253047  197341 /var/lib/awx/venv/awx/bin/u 120824

Process: uwsgi (PID: 253044)
    PID    PPID CMD                           RSS
 253044  197341 /var/lib/awx/venv/awx/bin/u 118136

Process: uwsgi (PID: 253045)
    PID    PPID CMD                           RSS
 253045  197341 /var/lib/awx/venv/awx/bin/u 124536

Process: uwsgi (PID: 253046)
    PID    PPID CMD                           RSS
 253046  197341 /var/lib/awx/venv/awx/bin/u 118648

Process: uwsgi (PID: 253047)
    PID    PPID CMD                           RSS
 253047  197341 /var/lib/awx/venv/awx/bin/u 120824

Process: bash (PID: 253089)
    PID    PPID CMD                           RSS
 253089       1 bash -c  log_file="/tmp/mem  3584
  Children of PID 253089:
    PID    PPID CMD                           RSS
 262653  253089 bash -c  log_file="/tmp/mem  2400

Process: receptor (PID: 260747)
    PID    PPID CMD                           RSS
 260747  192070 /usr/bin/receptor --node id 38208
  Children of PID 260747:
    PID    PPID CMD                           RSS
 260755  260747 /var/lib/awx/venv/awx/bin/p 28604

Process: bash (PID: 262653)
    PID    PPID CMD                           RSS
 262653  253089 bash -c  log_file="/tmp/mem  2400
  Children of PID 262653:
    PID    PPID CMD                           RSS


Process Tree for AAP Services:
=== automation-controller Process Tree ===
bash(253089)---pstree(262713)
=== receptor Process Tree ===
receptor(192070)-+-receptor(260747)-+-ansible-runner(260755)---podman(260766)-+-exe(260774)-+-slirp4netns(260788)
                 |                  |                                         |             |-{exe}(260776)
                 |                  |                                         |             |-{exe}(260777)
                 |                  |                                         |             |-{exe}(260778)
                 |                  |                                         |             |-{exe}(260779)
                 |                  |                                         |             |-{exe}(260780)
                 |                  |                                         |             |-{exe}(260781)
                 |                  |                                         |             |-{exe}(260783)
                 |                  |                                         |             |-{exe}(260784)
                 |                  |                                         |             |-{exe}(260785)
                 |                  |                                         |             `-{exe}(260790)
                 |                  |                                         |-{podman}(260767)
                 |                  |                                         |-{podman}(260768)
                 |                  |                                         |-{podman}(260769)
                 |                  |                                         |-{podman}(260770)
                 |                  |                                         |-{podman}(260771)
                 |                  |                                         |-{podman}(260772)
                 |                  |                                         |-{podman}(260773)
                 |                  |                                         `-{podman}(260775)
                 |                  |-{receptor}(260748)
                 |                  |-{receptor}(260749)
                 |                  |-{receptor}(260750)
                 |                  |-{receptor}(260751)
                 |                  |-{receptor}(260752)
                 |                  |-{receptor}(260753)
                 |                  |-{receptor}(260754)
                 |                  |-{receptor}(262052)
                 |                  `-{receptor}(262053)
                 |-{receptor}(192072)
                 |-{receptor}(192073)
                 |-{receptor}(192074)
                 |-{receptor}(192075)
                 |-{receptor}(192076)
                 |-{receptor}(192077)
                 |-{receptor}(201640)
                 `-{receptor}(202660)
bash(253089)---pstree(262718)
receptor(260747)-+-ansible-runner(260755)---podman(260766)-+-exe(260774)-+-slirp4netns(260788)
                 |                                         |             |-{exe}(260776)
                 |                                         |             |-{exe}(260777)
                 |                                         |             |-{exe}(260778)
                 |                                         |             |-{exe}(260779)
                 |                                         |             |-{exe}(260780)
                 |                                         |             |-{exe}(260781)
                 |                                         |             |-{exe}(260783)
                 |                                         |             |-{exe}(260784)
                 |                                         |             |-{exe}(260785)
                 |                                         |             `-{exe}(260790)
                 |                                         |-{podman}(260767)
                 |                                         |-{podman}(260768)
                 |                                         |-{podman}(260769)
                 |                                         |-{podman}(260770)
                 |                                         |-{podman}(260771)
                 |                                         |-{podman}(260772)
                 |                                         |-{podman}(260773)
                 |                                         `-{podman}(260775)
                 |-{receptor}(260748)
                 |-{receptor}(260749)
                 |-{receptor}(260750)
                 |-{receptor}(260751)
                 |-{receptor}(260752)
                 |-{receptor}(260753)
                 |-{receptor}(260754)
                 |-{receptor}(262052)
                 `-{receptor}(262053)
=== nginx Process Tree ===
nginx(196761)-+-nginx(196762)
              |-nginx(196763)
              |-nginx(196764)
              `-nginx(196765)
nginx(196762)
nginx(196763)
nginx(196764)
nginx(196765)
bash(253089)---pstree(262728)
=== postgresql Process Tree ===
bash(253089)---pstree(262732)
=== redis Process Tree ===
redis-server(135959)-+-{redis-server}(135960)
                     |-{redis-server}(135961)
                     |-{redis-server}(135962)
                     `-{redis-server}(135963)
bash(253089)---pstree(262737)
=== uwsgi Process Tree ===
uwsgi(197341)-+-uwsgi(253044)
              |-uwsgi(253045)
              |-uwsgi(253046)
              `-uwsgi(253047)
uwsgi(253044)
uwsgi(253045)
uwsgi(253046)
uwsgi(253047)
bash(253089)---pstree(262746)
=== automation-hub Process Tree ===
bash(253089)---pstree(262750)
=== automation-eda Process Tree ===
bash(253089)---pstree(262754)

=================================================================================
2025-07-07 15:56:53
Memory Usage Report:
               total        used        free      shared  buff/cache   available
Mem:            7681        2355        1322          20        4322        5326
Swap:           8067           0        8067

Top 10 Processes by RSS Memory:
    PID    PPID CMD                           RSS
 197339  197177 /var/lib/awx/venv/awx/bin/p 133580
 197340  197177 /var/lib/awx/venv/awx/bin/p 131572
 197345  197177 /var/lib/awx/venv/awx/bin/p 130276
 259301  197339 /var/lib/awx/venv/awx/bin/p 129356
 260737  197339 /var/lib/awx/venv/awx/bin/p 128088
 260735  197339 /var/lib/awx/venv/awx/bin/p 127180
 260739  197339 /var/lib/awx/venv/awx/bin/p 126424
 197343  197177 /var/lib/awx/venv/awx/bin/p 125912
 197532  197340 /var/lib/awx/venv/awx/bin/p 125636
 197536  197340 /var/lib/awx/venv/awx/bin/p 125404

=== RECEPTOR PROCESS ANALYSIS ===
Receptor Main Processes:
    PID    PPID CMD                           RSS    VSZ %CPU %MEM     ELAPSED
 192070       1 /usr/bin/receptor -c /etc/r 46856 1347904 0.1  0.5    01:06:31
Receptor Child Processes for PID 192070:
      PID    PPID CMD                           RSS    VSZ %CPU %MEM     ELAPSED
 260747  192070 /usr/bin/receptor --node id 38208 1420804 0.0  0.4       01:36
Receptor Threads for PID 192070:
    PID    SPID %CPU %MEM   RSS COMMAND
 192070  192070  0.0  0.5 46856 receptor
 192070  192072  0.0  0.5 46856 receptor
 192070  192073  0.0  0.5 46856 receptor
 192070  192074  0.0  0.5 46856 receptor
 192070  192075  0.0  0.5 46856 receptor
 192070  192076  0.0  0.5 46856 receptor
 192070  192077  0.0  0.5 46856 receptor
 192070  201640  0.0  0.5 46856 receptor
 192070  202660  0.0  0.5 46856 receptor
Receptor Network Connections for PID 192070:
COMMAND      PID   USER   FD      TYPE             DEVICE SIZE/OFF      NODE NAME
chronyd      789 chrony    5u     IPv4              13239      0t0       UDP localhost:323 
chronyd      789 chrony    6u     IPv6              13240      0t0       UDP localhost:323 
NetworkMa    792   root   26u     IPv4              22360      0t0       UDP aap24-control:bootpc->pi.hole:bootps 
sshd         859   root    3u     IPv4              22990      0t0       TCP *:ssh (LISTEN)
sshd         859   root    4u     IPv6              22992      0t0       TCP *:ssh (LISTEN)
receptor  192070    awx  cwd       DIR              253,0      235       128 /
receptor  192070    awx  rtd       DIR              253,0      235       128 /
receptor  192070    awx  txt       REG              253,0 54652712 100691309 /usr/bin/receptor
receptor  192070    awx  mem       REG              253,0  5436640     28515 /usr/lib64/libcrypto.so.3.2.2
receptor  192070    awx  mem       REG              253,0  2544344      3530 /usr/lib64/libc.so.6
receptor  192070    awx  mem       REG              253,0   102552      3550 /usr/lib64/libz.so.1.2.11
receptor  192070    awx  mem       REG              253,0   897856      3526 /usr/lib64/ld-linux-x86-64.so.2
receptor  192070    awx    0r      CHR                1,3      0t0         4 /dev/null
receptor  192070    awx    1w      REG              253,0     8771  34641330 /var/log/receptor/receptor.log
receptor  192070    awx    2w      REG              253,0     8771  34641330 /var/log/receptor/receptor.log
receptor  192070    awx    3rW     REG               0,23        0      2816 /run/awx-receptor/receptor.sock.lock
receptor  192070    awx    4u  a_inode               0,14        0        62 [eventpoll:5,7,8,9,10,11]
receptor  192070    awx    5r     FIFO               0,13      0t0    584296 pipe
receptor  192070    awx    6w     FIFO               0,13      0t0    584296 pipe
receptor  192070    awx    7u     unix 0xffff9bf94dcae400      0t0    585091 /var/run/awx-receptor/receptor.sock type=STREAM (LISTEN)
receptor  192070    awx    8u     IPv6             587141      0t0       TCP *:27199 (LISTEN)
receptor  192070    awx    9u     IPv6             586439      0t0       TCP aap24-control:27199->aap24-execution:40392 (ESTABLISHED)
receptor  192070    awx   10r  a_inode               0,14        0        62 inotify
receptor  192070    awx   11u     unix 0xffff9bf984151400      0t0    822242 /var/run/awx-receptor/receptor.sock type=STREAM (CONNECTED)
receptor  192070    awx   12r      REG              253,0    34120   1921302 /tmp/receptor/192.168.1.252/KSjKtIU8/stdout
nginx     196761   root    8u     IPv4             602782      0t0       TCP *:https (LISTEN)
nginx     196761   root    9u     IPv4             602783      0t0       TCP *:http (LISTEN)
nginx     196761   root   10u     IPv6             602784      0t0       TCP *:https (LISTEN)
nginx     196761   root   11u     IPv6             602785      0t0       TCP *:http (LISTEN)
nginx     196762  nginx    8u     IPv4             602782      0t0       TCP *:https (LISTEN)
nginx     196762  nginx    9u     IPv4             602783      0t0       TCP *:http (LISTEN)
nginx     196762  nginx   10u     IPv6             602784      0t0       TCP *:https (LISTEN)
nginx     196762  nginx   11u     IPv6             602785      0t0       TCP *:http (LISTEN)
nginx     196763  nginx    8u     IPv4             602782      0t0       TCP *:https (LISTEN)
nginx     196763  nginx    9u     IPv4             602783      0t0       TCP *:http (LISTEN)
nginx     196763  nginx   10u     IPv6             602784      0t0       TCP *:https (LISTEN)
nginx     196763  nginx   11u     IPv6             602785      0t0       TCP *:http (LISTEN)
nginx     196763  nginx   19u     IPv4             790424      0t0       TCP aap24-control:https->192.168.1.49:49410 (ESTABLISHED)
nginx     196763  nginx   24u     IPv4             792276      0t0       TCP aap24-control:https->192.168.1.49:49422 (ESTABLISHED)
nginx     196764  nginx    8u     IPv4             602782      0t0       TCP *:https (LISTEN)
nginx     196764  nginx    9u     IPv4             602783      0t0       TCP *:http (LISTEN)
nginx     196764  nginx   10u     IPv6             602784      0t0       TCP *:https (LISTEN)
nginx     196764  nginx   11u     IPv6             602785      0t0       TCP *:http (LISTEN)
nginx     196765  nginx    8u     IPv4             602782      0t0       TCP *:https (LISTEN)
nginx     196765  nginx    9u     IPv4             602783      0t0       TCP *:http (LISTEN)
nginx     196765  nginx   10u     IPv6             602784      0t0       TCP *:https (LISTEN)
nginx     196765  nginx   11u     IPv6             602785      0t0       TCP *:http (LISTEN)
awx-manag 197339    awx   38u     IPv4             606638      0t0       TCP aap24-control:45280->aap24-database:postgres (ESTABLISHED)
awx-manag 197340    awx   29u     IPv4             626226      0t0       TCP aap24-control:47354->aap24-database:postgres (ESTABLISHED)
daphne    197342    awx   13u     IPv4             605767      0t0       TCP aap24-control:45240->aap24-database:postgres (ESTABLISHED)
awx-manag 197343    awx   17u     IPv4             607603      0t0       TCP aap24-control:45338->aap24-database:postgres (ESTABLISHED)
awx-manag 197345   root    8u     IPv4             605873      0t0       TCP aap24-control:45304->aap24-database:postgres (ESTABLISHED)
awx-manag 197345   root   14u     IPv4             605878      0t0       TCP aap24-control:45316->aap24-database:postgres (ESTABLISHED)
awx-manag 197346    awx    8u     IPv4             606592      0t0       TCP aap24-control:45256->aap24-database:postgres (ESTABLISHED)
awx-manag 197346    awx   14u     IPv4             605097      0t0       TCP aap24-control:45262->aap24-database:postgres (ESTABLISHED)
awx-manag 197541    awx   16u     IPv4             832305      0t0       TCP aap24-control:52602->aap24-database:postgres (ESTABLISHED)
sshd      252955   root    4u     IPv4             794664      0t0       TCP aap24-control:ssh->192.168.1.49:51510 (ESTABLISHED)
sshd      252958   root    4u     IPv4             794664      0t0       TCP aap24-control:ssh->192.168.1.49:51510 (ESTABLISHED)
awx-manag 259301    awx   38u     IPv4             606638      0t0       TCP aap24-control:45280->aap24-database:postgres (ESTABLISHED)
awx-manag 260735    awx   38u     IPv4             606638      0t0       TCP aap24-control:45280->aap24-database:postgres (ESTABLISHED)
awx-manag 260735    awx   45u     IPv4             829365      0t0       TCP aap24-control:59374->aap24-database:postgres (ESTABLISHED)
awx-manag 260737    awx   38u     IPv4             606638      0t0       TCP aap24-control:45280->aap24-database:postgres (ESTABLISHED)
awx-manag 260739    awx   38u     IPv4             606638      0t0       TCP aap24-control:45280->aap24-database:postgres (ESTABLISHED)
awx-manag 260739    awx   54u     IPv4             831604      0t0       TCP aap24-control:39106->aap24-database:postgres (ESTABLISHED)
slirp4net 260788    awx    3u     IPv4             824660      0t0       TCP aap24-control:49576->aap25-execution.lan:ssh (ESTABLISHED)
awx-manag 262431    awx   37u     IPv4             833934      0t0       TCP aap24-control:55512->aap24-database:postgres (ESTABLISHED)
awx-manag 262431    awx   38u     IPv4             606638      0t0       TCP aap24-control:45280->aap24-database:postgres (ESTABLISHED)
awx-manag 262433    awx   38u     IPv4             606638      0t0       TCP aap24-control:45280->aap24-database:postgres (ESTABLISHED)
awx-manag 262433    awx   46u     IPv4             831610      0t0       TCP aap24-control:59362->aap24-database:postgres (ESTABLISHED)
awx-manag 262435    awx   38u     IPv4             606638      0t0       TCP aap24-control:45280->aap24-database:postgres (ESTABLISHED)
awx-manag 262435    awx   55u     IPv4             834029      0t0       TCP aap24-control:52616->aap24-database:postgres (ESTABLISHED)
awx-manag 262437    awx   38u     IPv4             606638      0t0       TCP aap24-control:45280->aap24-database:postgres (ESTABLISHED)

    PID    PPID CMD                           RSS    VSZ %CPU %MEM     ELAPSED
 253089       1 bash -c  log_file="/tmp/mem  3584   7344  0.0  0.0       05:38
Receptor Child Processes for PID 253089:
      PID    PPID CMD                           RSS    VSZ %CPU %MEM     ELAPSED
Receptor Threads for PID 253089:
    PID    SPID %CPU %MEM   RSS COMMAND
 253089  253089  0.0  0.0  3584 bash
Receptor Network Connections for PID 253089:
COMMAND      PID   USER   FD   TYPE DEVICE SIZE/OFF      NODE NAME
chronyd      789 chrony    5u  IPv4  13239      0t0       UDP localhost:323 
chronyd      789 chrony    6u  IPv6  13240      0t0       UDP localhost:323 
NetworkMa    792   root   26u  IPv4  22360      0t0       UDP aap24-control:bootpc->pi.hole:bootps 
sshd         859   root    3u  IPv4  22990      0t0       TCP *:ssh (LISTEN)
sshd         859   root    4u  IPv6  22992      0t0       TCP *:ssh (LISTEN)
receptor  192070    awx    8u  IPv6 587141      0t0       TCP *:27199 (LISTEN)
receptor  192070    awx    9u  IPv6 586439      0t0       TCP aap24-control:27199->aap24-execution:40392 (ESTABLISHED)
nginx     196761   root    8u  IPv4 602782      0t0       TCP *:https (LISTEN)
nginx     196761   root    9u  IPv4 602783      0t0       TCP *:http (LISTEN)
nginx     196761   root   10u  IPv6 602784      0t0       TCP *:https (LISTEN)
nginx     196761   root   11u  IPv6 602785      0t0       TCP *:http (LISTEN)
nginx     196762  nginx    8u  IPv4 602782      0t0       TCP *:https (LISTEN)
nginx     196762  nginx    9u  IPv4 602783      0t0       TCP *:http (LISTEN)
nginx     196762  nginx   10u  IPv6 602784      0t0       TCP *:https (LISTEN)
nginx     196762  nginx   11u  IPv6 602785      0t0       TCP *:http (LISTEN)
nginx     196763  nginx    8u  IPv4 602782      0t0       TCP *:https (LISTEN)
nginx     196763  nginx    9u  IPv4 602783      0t0       TCP *:http (LISTEN)
nginx     196763  nginx   10u  IPv6 602784      0t0       TCP *:https (LISTEN)
nginx     196763  nginx   11u  IPv6 602785      0t0       TCP *:http (LISTEN)
nginx     196763  nginx   19u  IPv4 790424      0t0       TCP aap24-control:https->192.168.1.49:49410 (ESTABLISHED)
nginx     196763  nginx   24u  IPv4 792276      0t0       TCP aap24-control:https->192.168.1.49:49422 (ESTABLISHED)
nginx     196764  nginx    8u  IPv4 602782      0t0       TCP *:https (LISTEN)
nginx     196764  nginx    9u  IPv4 602783      0t0       TCP *:http (LISTEN)
nginx     196764  nginx   10u  IPv6 602784      0t0       TCP *:https (LISTEN)
nginx     196764  nginx   11u  IPv6 602785      0t0       TCP *:http (LISTEN)
nginx     196765  nginx    8u  IPv4 602782      0t0       TCP *:https (LISTEN)
nginx     196765  nginx    9u  IPv4 602783      0t0       TCP *:http (LISTEN)
nginx     196765  nginx   10u  IPv6 602784      0t0       TCP *:https (LISTEN)
nginx     196765  nginx   11u  IPv6 602785      0t0       TCP *:http (LISTEN)
awx-manag 197339    awx   38u  IPv4 606638      0t0       TCP aap24-control:45280->aap24-database:postgres (ESTABLISHED)
awx-manag 197340    awx   29u  IPv4 626226      0t0       TCP aap24-control:47354->aap24-database:postgres (ESTABLISHED)
daphne    197342    awx   13u  IPv4 605767      0t0       TCP aap24-control:45240->aap24-database:postgres (ESTABLISHED)
awx-manag 197343    awx   17u  IPv4 607603      0t0       TCP aap24-control:45338->aap24-database:postgres (ESTABLISHED)
awx-manag 197345   root    8u  IPv4 605873      0t0       TCP aap24-control:45304->aap24-database:postgres (ESTABLISHED)
awx-manag 197345   root   14u  IPv4 605878      0t0       TCP aap24-control:45316->aap24-database:postgres (ESTABLISHED)
awx-manag 197346    awx    8u  IPv4 606592      0t0       TCP aap24-control:45256->aap24-database:postgres (ESTABLISHED)
awx-manag 197346    awx   14u  IPv4 605097      0t0       TCP aap24-control:45262->aap24-database:postgres (ESTABLISHED)
awx-manag 197541    awx   16u  IPv4 832305      0t0       TCP aap24-control:52602->aap24-database:postgres (ESTABLISHED)
sshd      252955   root    4u  IPv4 794664      0t0       TCP aap24-control:ssh->192.168.1.49:51510 (ESTABLISHED)
sshd      252958   root    4u  IPv4 794664      0t0       TCP aap24-control:ssh->192.168.1.49:51510 (ESTABLISHED)
bash      253089   root  cwd    DIR  253,0      142 100663430 /root
bash      253089   root  rtd    DIR  253,0      235       128 /
bash      253089   root  txt    REG  253,0  1389072 100699101 /usr/bin/bash
bash      253089   root  mem    REG  253,0  2586930 100699387 /usr/lib/locale/en_US.utf8/LC_COLLATE
bash      253089   root  mem    REG  253,0  2544344      3530 /usr/lib64/libc.so.6
bash      253089   root  mem    REG  253,0   346132  67253521 /usr/lib/locale/C.utf8/LC_CTYPE
bash      253089   root  mem    REG  253,0       54 100699390 /usr/lib/locale/en_US.utf8/LC_NUMERIC
bash      253089   root  mem    REG  253,0     3284      3433 /usr/lib/locale/en_US.utf8/LC_TIME
bash      253089   root  mem    REG  253,0      286      3431 /usr/lib/locale/en_US.utf8/LC_MONETARY
bash      253089   root  mem    REG  253,0       57      3445 /usr/lib/locale/en_US.utf8/LC_MESSAGES/SYS_LC_MESSAGES
bash      253089   root  mem    REG  253,0    26988  33558225 /usr/lib64/gconv/gconv-modules.cache
bash      253089   root  mem    REG  253,0   195080      3141 /usr/lib64/libtinfo.so.6.2
bash      253089   root  mem    REG  253,0       34  67253758 /usr/lib/locale/en_US.utf8/LC_PAPER
bash      253089   root  mem    REG  253,0       77 100699389 /usr/lib/locale/en_US.utf8/LC_NAME
bash      253089   root  mem    REG  253,0      167      3427 /usr/lib/locale/en_US.utf8/LC_ADDRESS
bash      253089   root  mem    REG  253,0       59      3432 /usr/lib/locale/en_US.utf8/LC_TELEPHONE
bash      253089   root  mem    REG  253,0       23      3430 /usr/lib/locale/en_US.utf8/LC_MEASUREMENT
bash      253089   root  mem    REG  253,0      369      3429 /usr/lib/locale/en_US.utf8/LC_IDENTIFICATION
bash      253089   root  mem    REG  253,0   897856      3526 /usr/lib64/ld-linux-x86-64.so.2
bash      253089   root    0r   CHR    1,3      0t0         4 /dev/null
bash      253089   root    1w   REG  253,0        0  67894671 /tmp/memory_monitor.log
bash      253089   root    2w   REG  253,0        0  67894671 /tmp/memory_monitor.log
bash      253089   root    3r  FIFO   0,13      0t0    834184 pipe
awx-manag 259301    awx   38u  IPv4 606638      0t0       TCP aap24-control:45280->aap24-database:postgres (ESTABLISHED)
awx-manag 260735    awx   38u  IPv4 606638      0t0       TCP aap24-control:45280->aap24-database:postgres (ESTABLISHED)
awx-manag 260735    awx   45u  IPv4 829365      0t0       TCP aap24-control:59374->aap24-database:postgres (ESTABLISHED)
awx-manag 260737    awx   38u  IPv4 606638      0t0       TCP aap24-control:45280->aap24-database:postgres (ESTABLISHED)
awx-manag 260739    awx   38u  IPv4 606638      0t0       TCP aap24-control:45280->aap24-database:postgres (ESTABLISHED)
awx-manag 260739    awx   54u  IPv4 831604      0t0       TCP aap24-control:39106->aap24-database:postgres (ESTABLISHED)
slirp4net 260788    awx    3u  IPv4 824660      0t0       TCP aap24-control:49576->aap25-execution.lan:ssh (ESTABLISHED)
awx-manag 262431    awx   37u  IPv4 833934      0t0       TCP aap24-control:55512->aap24-database:postgres (ESTABLISHED)
awx-manag 262431    awx   38u  IPv4 606638      0t0       TCP aap24-control:45280->aap24-database:postgres (ESTABLISHED)
awx-manag 262433    awx   38u  IPv4 606638      0t0       TCP aap24-control:45280->aap24-database:postgres (ESTABLISHED)
awx-manag 262433    awx   46u  IPv4 831610      0t0       TCP aap24-control:59362->aap24-database:postgres (ESTABLISHED)
awx-manag 262435    awx   38u  IPv4 606638      0t0       TCP aap24-control:45280->aap24-database:postgres (ESTABLISHED)
awx-manag 262435    awx   55u  IPv4 834029      0t0       TCP aap24-control:52616->aap24-database:postgres (ESTABLISHED)
awx-manag 262437    awx   38u  IPv4 606638      0t0       TCP aap24-control:45280->aap24-database:postgres (ESTABLISHED)

    PID    PPID CMD                           RSS    VSZ %CPU %MEM     ELAPSED
 260747  192070 /usr/bin/receptor --node id 38208 1420804 0.0  0.4       01:36
Receptor Child Processes for PID 260747:
      PID    PPID CMD                           RSS    VSZ %CPU %MEM     ELAPSED
 260755  260747 /var/lib/awx/venv/awx/bin/p 28604 106532  0.1  0.3       01:36
Receptor Threads for PID 260747:
    PID    SPID %CPU %MEM   RSS COMMAND
 260747  260747  0.0  0.4 38208 receptor
 260747  260748  0.0  0.4 38208 receptor
 260747  260749  0.0  0.4 38208 receptor
 260747  260750  0.0  0.4 38208 receptor
 260747  260751  0.0  0.4 38208 receptor
 260747  260752  0.0  0.4 38208 receptor
 260747  260753  0.0  0.4 38208 receptor
 260747  260754  0.0  0.4 38208 receptor
 260747  262052  0.0  0.4 38208 receptor
 260747  262053  0.0  0.4 38208 receptor
Receptor Network Connections for PID 260747:
COMMAND      PID   USER   FD      TYPE DEVICE SIZE/OFF      NODE NAME
chronyd      789 chrony    5u     IPv4  13239      0t0       UDP localhost:323 
chronyd      789 chrony    6u     IPv6  13240      0t0       UDP localhost:323 
NetworkMa    792   root   26u     IPv4  22360      0t0       UDP aap24-control:bootpc->pi.hole:bootps 
sshd         859   root    3u     IPv4  22990      0t0       TCP *:ssh (LISTEN)
sshd         859   root    4u     IPv6  22992      0t0       TCP *:ssh (LISTEN)
receptor  192070    awx    8u     IPv6 587141      0t0       TCP *:27199 (LISTEN)
receptor  192070    awx    9u     IPv6 586439      0t0       TCP aap24-control:27199->aap24-execution:40392 (ESTABLISHED)
nginx     196761   root    8u     IPv4 602782      0t0       TCP *:https (LISTEN)
nginx     196761   root    9u     IPv4 602783      0t0       TCP *:http (LISTEN)
nginx     196761   root   10u     IPv6 602784      0t0       TCP *:https (LISTEN)
nginx     196761   root   11u     IPv6 602785      0t0       TCP *:http (LISTEN)
nginx     196762  nginx    8u     IPv4 602782      0t0       TCP *:https (LISTEN)
nginx     196762  nginx    9u     IPv4 602783      0t0       TCP *:http (LISTEN)
nginx     196762  nginx   10u     IPv6 602784      0t0       TCP *:https (LISTEN)
nginx     196762  nginx   11u     IPv6 602785      0t0       TCP *:http (LISTEN)
nginx     196763  nginx    8u     IPv4 602782      0t0       TCP *:https (LISTEN)
nginx     196763  nginx    9u     IPv4 602783      0t0       TCP *:http (LISTEN)
nginx     196763  nginx   10u     IPv6 602784      0t0       TCP *:https (LISTEN)
nginx     196763  nginx   11u     IPv6 602785      0t0       TCP *:http (LISTEN)
nginx     196763  nginx   19u     IPv4 790424      0t0       TCP aap24-control:https->192.168.1.49:49410 (ESTABLISHED)
nginx     196763  nginx   24u     IPv4 792276      0t0       TCP aap24-control:https->192.168.1.49:49422 (ESTABLISHED)
nginx     196764  nginx    8u     IPv4 602782      0t0       TCP *:https (LISTEN)
nginx     196764  nginx    9u     IPv4 602783      0t0       TCP *:http (LISTEN)
nginx     196764  nginx   10u     IPv6 602784      0t0       TCP *:https (LISTEN)
nginx     196764  nginx   11u     IPv6 602785      0t0       TCP *:http (LISTEN)
nginx     196765  nginx    8u     IPv4 602782      0t0       TCP *:https (LISTEN)
nginx     196765  nginx    9u     IPv4 602783      0t0       TCP *:http (LISTEN)
nginx     196765  nginx   10u     IPv6 602784      0t0       TCP *:https (LISTEN)
nginx     196765  nginx   11u     IPv6 602785      0t0       TCP *:http (LISTEN)
awx-manag 197339    awx   38u     IPv4 606638      0t0       TCP aap24-control:45280->aap24-database:postgres (ESTABLISHED)
awx-manag 197340    awx   29u     IPv4 626226      0t0       TCP aap24-control:47354->aap24-database:postgres (ESTABLISHED)
daphne    197342    awx   13u     IPv4 605767      0t0       TCP aap24-control:45240->aap24-database:postgres (ESTABLISHED)
awx-manag 197343    awx   17u     IPv4 607603      0t0       TCP aap24-control:45338->aap24-database:postgres (ESTABLISHED)
awx-manag 197345   root    8u     IPv4 605873      0t0       TCP aap24-control:45304->aap24-database:postgres (ESTABLISHED)
awx-manag 197345   root   14u     IPv4 605878      0t0       TCP aap24-control:45316->aap24-database:postgres (ESTABLISHED)
awx-manag 197346    awx    8u     IPv4 606592      0t0       TCP aap24-control:45256->aap24-database:postgres (ESTABLISHED)
awx-manag 197346    awx   14u     IPv4 605097      0t0       TCP aap24-control:45262->aap24-database:postgres (ESTABLISHED)
awx-manag 197541    awx   16u     IPv4 832305      0t0       TCP aap24-control:52602->aap24-database:postgres (ESTABLISHED)
sshd      252955   root    4u     IPv4 794664      0t0       TCP aap24-control:ssh->192.168.1.49:51510 (ESTABLISHED)
sshd      252958   root    4u     IPv4 794664      0t0       TCP aap24-control:ssh->192.168.1.49:51510 (ESTABLISHED)
awx-manag 259301    awx   38u     IPv4 606638      0t0       TCP aap24-control:45280->aap24-database:postgres (ESTABLISHED)
awx-manag 260735    awx   38u     IPv4 606638      0t0       TCP aap24-control:45280->aap24-database:postgres (ESTABLISHED)
awx-manag 260735    awx   45u     IPv4 829365      0t0       TCP aap24-control:59374->aap24-database:postgres (ESTABLISHED)
awx-manag 260737    awx   38u     IPv4 606638      0t0       TCP aap24-control:45280->aap24-database:postgres (ESTABLISHED)
awx-manag 260739    awx   38u     IPv4 606638      0t0       TCP aap24-control:45280->aap24-database:postgres (ESTABLISHED)
awx-manag 260739    awx   54u     IPv4 831604      0t0       TCP aap24-control:39106->aap24-database:postgres (ESTABLISHED)
receptor  260747    awx  cwd       DIR  253,0      235       128 /
receptor  260747    awx  rtd       DIR  253,0      235       128 /
receptor  260747    awx  txt       REG  253,0 54652712 100691309 /usr/bin/receptor
receptor  260747    awx  mem       REG  253,0  5436640     28515 /usr/lib64/libcrypto.so.3.2.2
receptor  260747    awx  mem       REG  253,0  2544344      3530 /usr/lib64/libc.so.6
receptor  260747    awx  mem       REG  253,0   102552      3550 /usr/lib64/libz.so.1.2.11
receptor  260747    awx  mem       REG  253,0   897856      3526 /usr/lib64/ld-linux-x86-64.so.2
receptor  260747    awx    0r      CHR    1,3      0t0         4 /dev/null
receptor  260747    awx    1w      REG  253,0     8771  34641330 /var/log/receptor/receptor.log
receptor  260747    awx    2w      REG  253,0     8771  34641330 /var/log/receptor/receptor.log
receptor  260747    awx    3r      REG  253,0     2192   1921301 /tmp/receptor/192.168.1.252/KSjKtIU8/stdin
receptor  260747    awx    4u  a_inode   0,14        0        62 [eventpoll:5]
receptor  260747    awx    5r     FIFO   0,13      0t0    822712 pipe
receptor  260747    awx    6w     FIFO   0,13      0t0    822712 pipe
receptor  260747    awx    7w      REG  253,0    34120   1921302 /tmp/receptor/192.168.1.252/KSjKtIU8/stdout
slirp4net 260788    awx    3u     IPv4 824660      0t0       TCP aap24-control:49576->aap25-execution.lan:ssh (ESTABLISHED)
awx-manag 262431    awx   37u     IPv4 833934      0t0       TCP aap24-control:55512->aap24-database:postgres (ESTABLISHED)
awx-manag 262431    awx   38u     IPv4 606638      0t0       TCP aap24-control:45280->aap24-database:postgres (ESTABLISHED)
awx-manag 262433    awx   38u     IPv4 606638      0t0       TCP aap24-control:45280->aap24-database:postgres (ESTABLISHED)
awx-manag 262433    awx   46u     IPv4 831610      0t0       TCP aap24-control:59362->aap24-database:postgres (ESTABLISHED)
awx-manag 262435    awx   38u     IPv4 606638      0t0       TCP aap24-control:45280->aap24-database:postgres (ESTABLISHED)
awx-manag 262435    awx   55u     IPv4 834029      0t0       TCP aap24-control:52616->aap24-database:postgres (ESTABLISHED)
awx-manag 262437    awx   38u     IPv4 606638      0t0       TCP aap24-control:45280->aap24-database:postgres (ESTABLISHED)

    PID    PPID CMD                           RSS    VSZ %CPU %MEM     ELAPSED
Receptor Child Processes for PID 263183:
  No child processes found
Receptor Threads for PID 263183:
    PID    SPID %CPU %MEM   RSS COMMAND
Receptor Network Connections for PID 263183:
COMMAND      PID   USER   FD   TYPE DEVICE SIZE/OFF NODE NAME
chronyd      789 chrony    5u  IPv4  13239      0t0  UDP localhost:323 
chronyd      789 chrony    6u  IPv6  13240      0t0  UDP localhost:323 
NetworkMa    792   root   26u  IPv4  22360      0t0  UDP aap24-control:bootpc->pi.hole:bootps 
sshd         859   root    3u  IPv4  22990      0t0  TCP *:ssh (LISTEN)
sshd         859   root    4u  IPv6  22992      0t0  TCP *:ssh (LISTEN)
receptor  192070    awx    8u  IPv6 587141      0t0  TCP *:27199 (LISTEN)
receptor  192070    awx    9u  IPv6 586439      0t0  TCP aap24-control:27199->aap24-execution:40392 (ESTABLISHED)
nginx     196761   root    8u  IPv4 602782      0t0  TCP *:https (LISTEN)
nginx     196761   root    9u  IPv4 602783      0t0  TCP *:http (LISTEN)
nginx     196761   root   10u  IPv6 602784      0t0  TCP *:https (LISTEN)
nginx     196761   root   11u  IPv6 602785      0t0  TCP *:http (LISTEN)
nginx     196762  nginx    8u  IPv4 602782      0t0  TCP *:https (LISTEN)
nginx     196762  nginx    9u  IPv4 602783      0t0  TCP *:http (LISTEN)
nginx     196762  nginx   10u  IPv6 602784      0t0  TCP *:https (LISTEN)
nginx     196762  nginx   11u  IPv6 602785      0t0  TCP *:http (LISTEN)
nginx     196763  nginx    8u  IPv4 602782      0t0  TCP *:https (LISTEN)
nginx     196763  nginx    9u  IPv4 602783      0t0  TCP *:http (LISTEN)
nginx     196763  nginx   10u  IPv6 602784      0t0  TCP *:https (LISTEN)
nginx     196763  nginx   11u  IPv6 602785      0t0  TCP *:http (LISTEN)
nginx     196763  nginx   19u  IPv4 790424      0t0  TCP aap24-control:https->192.168.1.49:49410 (ESTABLISHED)
nginx     196763  nginx   24u  IPv4 792276      0t0  TCP aap24-control:https->192.168.1.49:49422 (ESTABLISHED)
nginx     196764  nginx    8u  IPv4 602782      0t0  TCP *:https (LISTEN)
nginx     196764  nginx    9u  IPv4 602783      0t0  TCP *:http (LISTEN)
nginx     196764  nginx   10u  IPv6 602784      0t0  TCP *:https (LISTEN)
nginx     196764  nginx   11u  IPv6 602785      0t0  TCP *:http (LISTEN)
nginx     196765  nginx    8u  IPv4 602782      0t0  TCP *:https (LISTEN)
nginx     196765  nginx    9u  IPv4 602783      0t0  TCP *:http (LISTEN)
nginx     196765  nginx   10u  IPv6 602784      0t0  TCP *:https (LISTEN)
nginx     196765  nginx   11u  IPv6 602785      0t0  TCP *:http (LISTEN)
awx-manag 197339    awx   38u  IPv4 606638      0t0  TCP aap24-control:45280->aap24-database:postgres (ESTABLISHED)
awx-manag 197340    awx   29u  IPv4 626226      0t0  TCP aap24-control:47354->aap24-database:postgres (ESTABLISHED)
daphne    197342    awx   13u  IPv4 605767      0t0  TCP aap24-control:45240->aap24-database:postgres (ESTABLISHED)
awx-manag 197343    awx   17u  IPv4 607603      0t0  TCP aap24-control:45338->aap24-database:postgres (ESTABLISHED)
awx-manag 197345   root    8u  IPv4 605873      0t0  TCP aap24-control:45304->aap24-database:postgres (ESTABLISHED)
awx-manag 197345   root   14u  IPv4 605878      0t0  TCP aap24-control:45316->aap24-database:postgres (ESTABLISHED)
awx-manag 197346    awx    8u  IPv4 606592      0t0  TCP aap24-control:45256->aap24-database:postgres (ESTABLISHED)
awx-manag 197346    awx   14u  IPv4 605097      0t0  TCP aap24-control:45262->aap24-database:postgres (ESTABLISHED)
awx-manag 197541    awx   16u  IPv4 832305      0t0  TCP aap24-control:52602->aap24-database:postgres (ESTABLISHED)
sshd      252955   root    4u  IPv4 794664      0t0  TCP aap24-control:ssh->192.168.1.49:51510 (ESTABLISHED)
sshd      252958   root    4u  IPv4 794664      0t0  TCP aap24-control:ssh->192.168.1.49:51510 (ESTABLISHED)
awx-manag 259301    awx   38u  IPv4 606638      0t0  TCP aap24-control:45280->aap24-database:postgres (ESTABLISHED)
awx-manag 260735    awx   38u  IPv4 606638      0t0  TCP aap24-control:45280->aap24-database:postgres (ESTABLISHED)
awx-manag 260735    awx   45u  IPv4 829365      0t0  TCP aap24-control:59374->aap24-database:postgres (ESTABLISHED)
awx-manag 260737    awx   38u  IPv4 606638      0t0  TCP aap24-control:45280->aap24-database:postgres (ESTABLISHED)
awx-manag 260739    awx   38u  IPv4 606638      0t0  TCP aap24-control:45280->aap24-database:postgres (ESTABLISHED)
awx-manag 260739    awx   54u  IPv4 831604      0t0  TCP aap24-control:39106->aap24-database:postgres (ESTABLISHED)
slirp4net 260788    awx    3u  IPv4 824660      0t0  TCP aap24-control:49576->aap25-execution.lan:ssh (ESTABLISHED)
awx-manag 262431    awx   37u  IPv4 833934      0t0  TCP aap24-control:55512->aap24-database:postgres (ESTABLISHED)
awx-manag 262431    awx   38u  IPv4 606638      0t0  TCP aap24-control:45280->aap24-database:postgres (ESTABLISHED)
awx-manag 262433    awx   38u  IPv4 606638      0t0  TCP aap24-control:45280->aap24-database:postgres (ESTABLISHED)
awx-manag 262433    awx   46u  IPv4 831610      0t0  TCP aap24-control:59362->aap24-database:postgres (ESTABLISHED)
awx-manag 262435    awx   38u  IPv4 606638      0t0  TCP aap24-control:45280->aap24-database:postgres (ESTABLISHED)
awx-manag 262435    awx   55u  IPv4 834029      0t0  TCP aap24-control:52616->aap24-database:postgres (ESTABLISHED)
awx-manag 262437    awx   38u  IPv4 606638      0t0  TCP aap24-control:45280->aap24-database:postgres (ESTABLISHED)
  No network connections found

=== RECEPTOR MEMORY SUMMARY ===
Total Receptor RSS Memory: 155460 KB (151 MB)
Total Receptor VSZ Memory: 4303388 KB (4202 MB)
Number of Receptor Processes: 4

AAP-related Processes and Children:
=== AAP Service Processes ===
Process: redis-server (PID: 135959)
    PID    PPID CMD                           RSS
 135959       1 /usr/bin/redis-server unixs 13284

Process: receptor (PID: 192070)
    PID    PPID CMD                           RSS
 192070       1 /usr/bin/receptor -c /etc/r 46856
  Children of PID 192070:
    PID    PPID CMD                           RSS
 260747  192070 /usr/bin/receptor --node id 38208

Process: nginx (PID: 196761)
    PID    PPID CMD                           RSS
 196761       1 nginx: master process /usr/  2124
  Children of PID 196761:
    PID    PPID CMD                           RSS
 196762  196761 nginx: worker process        4044
    PID    PPID CMD                           RSS
 196763  196761 nginx: worker process        8524
    PID    PPID CMD                           RSS
 196764  196761 nginx: worker process        8140
    PID    PPID CMD                           RSS
 196765  196761 nginx: worker process        8524

Process: nginx (PID: 196762)
    PID    PPID CMD                           RSS
 196762  196761 nginx: worker process        4044

Process: nginx (PID: 196763)
    PID    PPID CMD                           RSS
 196763  196761 nginx: worker process        8524

Process: nginx (PID: 196764)
    PID    PPID CMD                           RSS
 196764  196761 nginx: worker process        8140

Process: nginx (PID: 196765)
    PID    PPID CMD                           RSS
 196765  196761 nginx: worker process        8524

Process: uwsgi (PID: 197341)
    PID    PPID CMD                           RSS
 197341  197177 /var/lib/awx/venv/awx/bin/u 103452
  Children of PID 197341:
    PID    PPID CMD                           RSS
 253044  197341 /var/lib/awx/venv/awx/bin/u 118136
    PID    PPID CMD                           RSS
 253045  197341 /var/lib/awx/venv/awx/bin/u 124536
    PID    PPID CMD                           RSS
 253046  197341 /var/lib/awx/venv/awx/bin/u 118648
    PID    PPID CMD                           RSS
 253047  197341 /var/lib/awx/venv/awx/bin/u 121080

Process: uwsgi (PID: 253044)
    PID    PPID CMD                           RSS
 253044  197341 /var/lib/awx/venv/awx/bin/u 118136

Process: uwsgi (PID: 253045)
    PID    PPID CMD                           RSS
 253045  197341 /var/lib/awx/venv/awx/bin/u 124536

Process: uwsgi (PID: 253046)
    PID    PPID CMD                           RSS
 253046  197341 /var/lib/awx/venv/awx/bin/u 118648

Process: uwsgi (PID: 253047)
    PID    PPID CMD                           RSS
 253047  197341 /var/lib/awx/venv/awx/bin/u 121080

Process: bash (PID: 253089)
    PID    PPID CMD                           RSS
 253089       1 bash -c  log_file="/tmp/mem  3584
  Children of PID 253089:
    PID    PPID CMD                           RSS
 263348  253089 bash -c  log_file="/tmp/mem  2400

Process: receptor (PID: 260747)
    PID    PPID CMD                           RSS
 260747  192070 /usr/bin/receptor --node id 38208
  Children of PID 260747:
    PID    PPID CMD                           RSS
 260755  260747 /var/lib/awx/venv/awx/bin/p 28604

Process: bash (PID: 263348)
    PID    PPID CMD                           RSS
 263348  253089 bash -c  log_file="/tmp/mem  2400
  Children of PID 263348:
    PID    PPID CMD                           RSS


Process Tree for AAP Services:
=== automation-controller Process Tree ===
bash(253089)---pstree(263428)
=== receptor Process Tree ===
receptor(192070)-+-receptor(260747)-+-ansible-runner(260755)---podman(260766)-+-exe(260774)-+-slirp4netns(260788)
                 |                  |                                         |             |-{exe}(260776)
                 |                  |                                         |             |-{exe}(260777)
                 |                  |                                         |             |-{exe}(260778)
                 |                  |                                         |             |-{exe}(260779)
                 |                  |                                         |             |-{exe}(260780)
                 |                  |                                         |             |-{exe}(260781)
                 |                  |                                         |             |-{exe}(260783)
                 |                  |                                         |             |-{exe}(260784)
                 |                  |                                         |             |-{exe}(260785)
                 |                  |                                         |             `-{exe}(260790)
                 |                  |                                         |-{podman}(260767)
                 |                  |                                         |-{podman}(260768)
                 |                  |                                         |-{podman}(260769)
                 |                  |                                         |-{podman}(260770)
                 |                  |                                         |-{podman}(260771)
                 |                  |                                         |-{podman}(260772)
                 |                  |                                         |-{podman}(260773)
                 |                  |                                         `-{podman}(260775)
                 |                  |-{receptor}(260748)
                 |                  |-{receptor}(260749)
                 |                  |-{receptor}(260750)
                 |                  |-{receptor}(260751)
                 |                  |-{receptor}(260752)
                 |                  |-{receptor}(260753)
                 |                  |-{receptor}(260754)
                 |                  |-{receptor}(262052)
                 |                  `-{receptor}(262053)
                 |-{receptor}(192072)
                 |-{receptor}(192073)
                 |-{receptor}(192074)
                 |-{receptor}(192075)
                 |-{receptor}(192076)
                 |-{receptor}(192077)
                 |-{receptor}(201640)
                 `-{receptor}(202660)
bash(253089)---pstree(263433)
receptor(260747)-+-ansible-runner(260755)---podman(260766)-+-exe(260774)-+-slirp4netns(260788)
                 |                                         |             |-{exe}(260776)
                 |                                         |             |-{exe}(260777)
                 |                                         |             |-{exe}(260778)
                 |                                         |             |-{exe}(260779)
                 |                                         |             |-{exe}(260780)
                 |                                         |             |-{exe}(260781)
                 |                                         |             |-{exe}(260783)
                 |                                         |             |-{exe}(260784)
                 |                                         |             |-{exe}(260785)
                 |                                         |             `-{exe}(260790)
                 |                                         |-{podman}(260767)
                 |                                         |-{podman}(260768)
                 |                                         |-{podman}(260769)
                 |                                         |-{podman}(260770)
                 |                                         |-{podman}(260771)
                 |                                         |-{podman}(260772)
                 |                                         |-{podman}(260773)
                 |                                         `-{podman}(260775)
                 |-{receptor}(260748)
                 |-{receptor}(260749)
                 |-{receptor}(260750)
                 |-{receptor}(260751)
                 |-{receptor}(260752)
                 |-{receptor}(260753)
                 |-{receptor}(260754)
                 |-{receptor}(262052)
                 `-{receptor}(262053)
=== nginx Process Tree ===
nginx(196761)-+-nginx(196762)
              |-nginx(196763)
              |-nginx(196764)
              `-nginx(196765)
nginx(196762)
nginx(196763)
nginx(196764)
nginx(196765)
bash(253089)---pstree(263463)
=== postgresql Process Tree ===
bash(253089)---pstree(263467)
=== redis Process Tree ===
redis-server(135959)-+-{redis-server}(135960)
                     |-{redis-server}(135961)
                     |-{redis-server}(135962)
                     `-{redis-server}(135963)
bash(253089)---pstree(263472)
=== uwsgi Process Tree ===
uwsgi(197341)-+-uwsgi(253044)
              |-uwsgi(253045)
              |-uwsgi(253046)
              `-uwsgi(253047)
uwsgi(253044)
uwsgi(253045)
uwsgi(253046)
uwsgi(253047)
bash(253089)---pstree(263481)
=== automation-hub Process Tree ===
bash(253089)---pstree(263485)
=== automation-eda Process Tree ===
bash(253089)---pstree(263489)

=================================================================================
2025-07-07 15:57:24
Memory Usage Report:
               total        used        free      shared  buff/cache   available
Mem:            7681        2319        1358          20        4322        5362
Swap:           8067           0        8067

Top 10 Processes by RSS Memory:
    PID    PPID CMD                           RSS
 197339  197177 /var/lib/awx/venv/awx/bin/p 133580
 197340  197177 /var/lib/awx/venv/awx/bin/p 131572
 197345  197177 /var/lib/awx/venv/awx/bin/p 130276
 260737  197339 /var/lib/awx/venv/awx/bin/p 128088
 262437  197339 /var/lib/awx/venv/awx/bin/p 126304
 197343  197177 /var/lib/awx/venv/awx/bin/p 125912
 197532  197340 /var/lib/awx/venv/awx/bin/p 125636
 197536  197340 /var/lib/awx/venv/awx/bin/p 125404
 197535  197340 /var/lib/awx/venv/awx/bin/p 125396
 197534  197340 /var/lib/awx/venv/awx/bin/p 125264

=== RECEPTOR PROCESS ANALYSIS ===
Receptor Main Processes:
    PID    PPID CMD                           RSS    VSZ %CPU %MEM     ELAPSED
 192070       1 /usr/bin/receptor -c /etc/r 46856 1347904 0.1  0.5    01:07:02
Receptor Child Processes for PID 192070:
      PID    PPID CMD                           RSS    VSZ %CPU %MEM     ELAPSED
 260747  192070 /usr/bin/receptor --node id 38208 1420804 0.0  0.4       02:07
Receptor Threads for PID 192070:
    PID    SPID %CPU %MEM   RSS COMMAND
 192070  192070  0.0  0.5 46856 receptor
 192070  192072  0.0  0.5 46856 receptor
 192070  192073  0.0  0.5 46856 receptor
 192070  192074  0.0  0.5 46856 receptor
 192070  192075  0.0  0.5 46856 receptor
 192070  192076  0.0  0.5 46856 receptor
 192070  192077  0.0  0.5 46856 receptor
 192070  201640  0.0  0.5 46856 receptor
 192070  202660  0.0  0.5 46856 receptor
Receptor Network Connections for PID 192070:
COMMAND      PID   USER   FD      TYPE             DEVICE SIZE/OFF      NODE NAME
chronyd      789 chrony    5u     IPv4              13239      0t0       UDP localhost:323 
chronyd      789 chrony    6u     IPv6              13240      0t0       UDP localhost:323 
NetworkMa    792   root   26u     IPv4              22360      0t0       UDP aap24-control:bootpc->pi.hole:bootps 
sshd         859   root    3u     IPv4              22990      0t0       TCP *:ssh (LISTEN)
sshd         859   root    4u     IPv6              22992      0t0       TCP *:ssh (LISTEN)
receptor  192070    awx  cwd       DIR              253,0      235       128 /
receptor  192070    awx  rtd       DIR              253,0      235       128 /
receptor  192070    awx  txt       REG              253,0 54652712 100691309 /usr/bin/receptor
receptor  192070    awx  mem       REG              253,0  5436640     28515 /usr/lib64/libcrypto.so.3.2.2
receptor  192070    awx  mem       REG              253,0  2544344      3530 /usr/lib64/libc.so.6
receptor  192070    awx  mem       REG              253,0   102552      3550 /usr/lib64/libz.so.1.2.11
receptor  192070    awx  mem       REG              253,0   897856      3526 /usr/lib64/ld-linux-x86-64.so.2
receptor  192070    awx    0r      CHR                1,3      0t0         4 /dev/null
receptor  192070    awx    1w      REG              253,0     8771  34641330 /var/log/receptor/receptor.log
receptor  192070    awx    2w      REG              253,0     8771  34641330 /var/log/receptor/receptor.log
receptor  192070    awx    3rW     REG               0,23        0      2816 /run/awx-receptor/receptor.sock.lock
receptor  192070    awx    4u  a_inode               0,14        0        62 [eventpoll:5,7,8,9,10,11]
receptor  192070    awx    5r     FIFO               0,13      0t0    584296 pipe
receptor  192070    awx    6w     FIFO               0,13      0t0    584296 pipe
receptor  192070    awx    7u     unix 0xffff9bf94dcae400      0t0    585091 /var/run/awx-receptor/receptor.sock type=STREAM (LISTEN)
receptor  192070    awx    8u     IPv6             587141      0t0       TCP *:27199 (LISTEN)
receptor  192070    awx    9u     IPv6             586439      0t0       TCP aap24-control:27199->aap24-execution:40392 (ESTABLISHED)
receptor  192070    awx   10r  a_inode               0,14        0        62 inotify
receptor  192070    awx   11u     unix 0xffff9bf984151400      0t0    822242 /var/run/awx-receptor/receptor.sock type=STREAM (CONNECTED)
receptor  192070    awx   12r      REG              253,0    34120   1921302 /tmp/receptor/192.168.1.252/KSjKtIU8/stdout
nginx     196761   root    8u     IPv4             602782      0t0       TCP *:https (LISTEN)
nginx     196761   root    9u     IPv4             602783      0t0       TCP *:http (LISTEN)
nginx     196761   root   10u     IPv6             602784      0t0       TCP *:https (LISTEN)
nginx     196761   root   11u     IPv6             602785      0t0       TCP *:http (LISTEN)
nginx     196762  nginx    8u     IPv4             602782      0t0       TCP *:https (LISTEN)
nginx     196762  nginx    9u     IPv4             602783      0t0       TCP *:http (LISTEN)
nginx     196762  nginx   10u     IPv6             602784      0t0       TCP *:https (LISTEN)
nginx     196762  nginx   11u     IPv6             602785      0t0       TCP *:http (LISTEN)
nginx     196763  nginx    8u     IPv4             602782      0t0       TCP *:https (LISTEN)
nginx     196763  nginx    9u     IPv4             602783      0t0       TCP *:http (LISTEN)
nginx     196763  nginx   10u     IPv6             602784      0t0       TCP *:https (LISTEN)
nginx     196763  nginx   11u     IPv6             602785      0t0       TCP *:http (LISTEN)
nginx     196763  nginx   19u     IPv4             790424      0t0       TCP aap24-control:https->192.168.1.49:49410 (ESTABLISHED)
nginx     196763  nginx   24u     IPv4             792276      0t0       TCP aap24-control:https->192.168.1.49:49422 (ESTABLISHED)
nginx     196764  nginx    8u     IPv4             602782      0t0       TCP *:https (LISTEN)
nginx     196764  nginx    9u     IPv4             602783      0t0       TCP *:http (LISTEN)
nginx     196764  nginx   10u     IPv6             602784      0t0       TCP *:https (LISTEN)
nginx     196764  nginx   11u     IPv6             602785      0t0       TCP *:http (LISTEN)
nginx     196765  nginx    8u     IPv4             602782      0t0       TCP *:https (LISTEN)
nginx     196765  nginx    9u     IPv4             602783      0t0       TCP *:http (LISTEN)
nginx     196765  nginx   10u     IPv6             602784      0t0       TCP *:https (LISTEN)
nginx     196765  nginx   11u     IPv6             602785      0t0       TCP *:http (LISTEN)
awx-manag 197339    awx   38u     IPv4             606638      0t0       TCP aap24-control:45280->aap24-database:postgres (ESTABLISHED)
awx-manag 197340    awx   29u     IPv4             626226      0t0       TCP aap24-control:47354->aap24-database:postgres (ESTABLISHED)
daphne    197342    awx   13u     IPv4             605767      0t0       TCP aap24-control:45240->aap24-database:postgres (ESTABLISHED)
awx-manag 197343    awx   17u     IPv4             607603      0t0       TCP aap24-control:45338->aap24-database:postgres (ESTABLISHED)
awx-manag 197345   root    8u     IPv4             605873      0t0       TCP aap24-control:45304->aap24-database:postgres (ESTABLISHED)
awx-manag 197345   root   14u     IPv4             605878      0t0       TCP aap24-control:45316->aap24-database:postgres (ESTABLISHED)
awx-manag 197346    awx    8u     IPv4             606592      0t0       TCP aap24-control:45256->aap24-database:postgres (ESTABLISHED)
awx-manag 197346    awx   14u     IPv4             605097      0t0       TCP aap24-control:45262->aap24-database:postgres (ESTABLISHED)
awx-manag 197541    awx   16u     IPv4             835099      0t0       TCP aap24-control:50390->aap24-database:postgres (ESTABLISHED)
sshd      252955   root    4u     IPv4             794664      0t0       TCP aap24-control:ssh->192.168.1.49:51510 (ESTABLISHED)
sshd      252958   root    4u     IPv4             794664      0t0       TCP aap24-control:ssh->192.168.1.49:51510 (ESTABLISHED)
awx-manag 260737    awx   38u     IPv4             606638      0t0       TCP aap24-control:45280->aap24-database:postgres (ESTABLISHED)
slirp4net 260788    awx    3u     IPv4             824660      0t0       TCP aap24-control:49576->aap25-execution.lan:ssh (ESTABLISHED)
awx-manag 262433    awx   38u     IPv4             606638      0t0       TCP aap24-control:45280->aap24-database:postgres (ESTABLISHED)
awx-manag 262433    awx   46u     IPv4             836059      0t0       TCP aap24-control:50414->aap24-database:postgres (ESTABLISHED)
awx-manag 262435    awx   38u     IPv4             606638      0t0       TCP aap24-control:45280->aap24-database:postgres (ESTABLISHED)
awx-manag 262435    awx   55u     IPv4             836635      0t0       TCP aap24-control:50400->aap24-database:postgres (ESTABLISHED)
awx-manag 262437    awx   38u     IPv4             606638      0t0       TCP aap24-control:45280->aap24-database:postgres (ESTABLISHED)
awx-manag 262437    awx   67u     IPv4             835103      0t0       TCP aap24-control:50426->aap24-database:postgres (ESTABLISHED)
awx-manag 263829    awx   33u     IPv4             836052      0t0       TCP aap24-control:50406->aap24-database:postgres (ESTABLISHED)
awx-manag 263829    awx   38u     IPv4             606638      0t0       TCP aap24-control:45280->aap24-database:postgres (ESTABLISHED)
awx-manag 263831    awx   34u     IPv4             835106      0t0       TCP aap24-control:50436->aap24-database:postgres (ESTABLISHED)
awx-manag 263831    awx   38u     IPv4             606638      0t0       TCP aap24-control:45280->aap24-database:postgres (ESTABLISHED)
awx-manag 263833    awx   38u     IPv4             606638      0t0       TCP aap24-control:45280->aap24-database:postgres (ESTABLISHED)

    PID    PPID CMD                           RSS    VSZ %CPU %MEM     ELAPSED
 253089       1 bash -c  log_file="/tmp/mem  3584   7344  0.0  0.0       06:09
Receptor Child Processes for PID 253089:
      PID    PPID CMD                           RSS    VSZ %CPU %MEM     ELAPSED
Receptor Threads for PID 253089:
    PID    SPID %CPU %MEM   RSS COMMAND
 253089  253089  0.0  0.0  3584 bash
Receptor Network Connections for PID 253089:
COMMAND      PID   USER   FD   TYPE DEVICE SIZE/OFF      NODE NAME
chronyd      789 chrony    5u  IPv4  13239      0t0       UDP localhost:323 
chronyd      789 chrony    6u  IPv6  13240      0t0       UDP localhost:323 
NetworkMa    792   root   26u  IPv4  22360      0t0       UDP aap24-control:bootpc->pi.hole:bootps 
sshd         859   root    3u  IPv4  22990      0t0       TCP *:ssh (LISTEN)
sshd         859   root    4u  IPv6  22992      0t0       TCP *:ssh (LISTEN)
receptor  192070    awx    8u  IPv6 587141      0t0       TCP *:27199 (LISTEN)
receptor  192070    awx    9u  IPv6 586439      0t0       TCP aap24-control:27199->aap24-execution:40392 (ESTABLISHED)
nginx     196761   root    8u  IPv4 602782      0t0       TCP *:https (LISTEN)
nginx     196761   root    9u  IPv4 602783      0t0       TCP *:http (LISTEN)
nginx     196761   root   10u  IPv6 602784      0t0       TCP *:https (LISTEN)
nginx     196761   root   11u  IPv6 602785      0t0       TCP *:http (LISTEN)
nginx     196762  nginx    8u  IPv4 602782      0t0       TCP *:https (LISTEN)
nginx     196762  nginx    9u  IPv4 602783      0t0       TCP *:http (LISTEN)
nginx     196762  nginx   10u  IPv6 602784      0t0       TCP *:https (LISTEN)
nginx     196762  nginx   11u  IPv6 602785      0t0       TCP *:http (LISTEN)
nginx     196763  nginx    8u  IPv4 602782      0t0       TCP *:https (LISTEN)
nginx     196763  nginx    9u  IPv4 602783      0t0       TCP *:http (LISTEN)
nginx     196763  nginx   10u  IPv6 602784      0t0       TCP *:https (LISTEN)
nginx     196763  nginx   11u  IPv6 602785      0t0       TCP *:http (LISTEN)
nginx     196763  nginx   19u  IPv4 790424      0t0       TCP aap24-control:https->192.168.1.49:49410 (ESTABLISHED)
nginx     196763  nginx   24u  IPv4 792276      0t0       TCP aap24-control:https->192.168.1.49:49422 (ESTABLISHED)
nginx     196764  nginx    8u  IPv4 602782      0t0       TCP *:https (LISTEN)
nginx     196764  nginx    9u  IPv4 602783      0t0       TCP *:http (LISTEN)
nginx     196764  nginx   10u  IPv6 602784      0t0       TCP *:https (LISTEN)
nginx     196764  nginx   11u  IPv6 602785      0t0       TCP *:http (LISTEN)
nginx     196765  nginx    8u  IPv4 602782      0t0       TCP *:https (LISTEN)
nginx     196765  nginx    9u  IPv4 602783      0t0       TCP *:http (LISTEN)
nginx     196765  nginx   10u  IPv6 602784      0t0       TCP *:https (LISTEN)
nginx     196765  nginx   11u  IPv6 602785      0t0       TCP *:http (LISTEN)
awx-manag 197339    awx   38u  IPv4 606638      0t0       TCP aap24-control:45280->aap24-database:postgres (ESTABLISHED)
awx-manag 197340    awx   29u  IPv4 626226      0t0       TCP aap24-control:47354->aap24-database:postgres (ESTABLISHED)
daphne    197342    awx   13u  IPv4 605767      0t0       TCP aap24-control:45240->aap24-database:postgres (ESTABLISHED)
awx-manag 197343    awx   17u  IPv4 607603      0t0       TCP aap24-control:45338->aap24-database:postgres (ESTABLISHED)
awx-manag 197345   root    8u  IPv4 605873      0t0       TCP aap24-control:45304->aap24-database:postgres (ESTABLISHED)
awx-manag 197345   root   14u  IPv4 605878      0t0       TCP aap24-control:45316->aap24-database:postgres (ESTABLISHED)
awx-manag 197346    awx    8u  IPv4 606592      0t0       TCP aap24-control:45256->aap24-database:postgres (ESTABLISHED)
awx-manag 197346    awx   14u  IPv4 605097      0t0       TCP aap24-control:45262->aap24-database:postgres (ESTABLISHED)
awx-manag 197541    awx   16u  IPv4 835099      0t0       TCP aap24-control:50390->aap24-database:postgres (ESTABLISHED)
sshd      252955   root    4u  IPv4 794664      0t0       TCP aap24-control:ssh->192.168.1.49:51510 (ESTABLISHED)
sshd      252958   root    4u  IPv4 794664      0t0       TCP aap24-control:ssh->192.168.1.49:51510 (ESTABLISHED)
bash      253089   root  cwd    DIR  253,0      142 100663430 /root
bash      253089   root  rtd    DIR  253,0      235       128 /
bash      253089   root  txt    REG  253,0  1389072 100699101 /usr/bin/bash
bash      253089   root  mem    REG  253,0  2586930 100699387 /usr/lib/locale/en_US.utf8/LC_COLLATE
bash      253089   root  mem    REG  253,0  2544344      3530 /usr/lib64/libc.so.6
bash      253089   root  mem    REG  253,0   346132  67253521 /usr/lib/locale/C.utf8/LC_CTYPE
bash      253089   root  mem    REG  253,0       54 100699390 /usr/lib/locale/en_US.utf8/LC_NUMERIC
bash      253089   root  mem    REG  253,0     3284      3433 /usr/lib/locale/en_US.utf8/LC_TIME
bash      253089   root  mem    REG  253,0      286      3431 /usr/lib/locale/en_US.utf8/LC_MONETARY
bash      253089   root  mem    REG  253,0       57      3445 /usr/lib/locale/en_US.utf8/LC_MESSAGES/SYS_LC_MESSAGES
bash      253089   root  mem    REG  253,0    26988  33558225 /usr/lib64/gconv/gconv-modules.cache
bash      253089   root  mem    REG  253,0   195080      3141 /usr/lib64/libtinfo.so.6.2
bash      253089   root  mem    REG  253,0       34  67253758 /usr/lib/locale/en_US.utf8/LC_PAPER
bash      253089   root  mem    REG  253,0       77 100699389 /usr/lib/locale/en_US.utf8/LC_NAME
bash      253089   root  mem    REG  253,0      167      3427 /usr/lib/locale/en_US.utf8/LC_ADDRESS
bash      253089   root  mem    REG  253,0       59      3432 /usr/lib/locale/en_US.utf8/LC_TELEPHONE
bash      253089   root  mem    REG  253,0       23      3430 /usr/lib/locale/en_US.utf8/LC_MEASUREMENT
bash      253089   root  mem    REG  253,0      369      3429 /usr/lib/locale/en_US.utf8/LC_IDENTIFICATION
bash      253089   root  mem    REG  253,0   897856      3526 /usr/lib64/ld-linux-x86-64.so.2
bash      253089   root    0r   CHR    1,3      0t0         4 /dev/null
bash      253089   root    1w   REG  253,0        0  67894671 /tmp/memory_monitor.log
bash      253089   root    2w   REG  253,0        0  67894671 /tmp/memory_monitor.log
bash      253089   root    3r  FIFO   0,13      0t0    835260 pipe
awx-manag 260737    awx   38u  IPv4 606638      0t0       TCP aap24-control:45280->aap24-database:postgres (ESTABLISHED)
slirp4net 260788    awx    3u  IPv4 824660      0t0       TCP aap24-control:49576->aap25-execution.lan:ssh (ESTABLISHED)
awx-manag 262433    awx   38u  IPv4 606638      0t0       TCP aap24-control:45280->aap24-database:postgres (ESTABLISHED)
awx-manag 262433    awx   46u  IPv4 836059      0t0       TCP aap24-control:50414->aap24-database:postgres (ESTABLISHED)
awx-manag 262435    awx   38u  IPv4 606638      0t0       TCP aap24-control:45280->aap24-database:postgres (ESTABLISHED)
awx-manag 262435    awx   55u  IPv4 836635      0t0       TCP aap24-control:50400->aap24-database:postgres (ESTABLISHED)
awx-manag 262437    awx   38u  IPv4 606638      0t0       TCP aap24-control:45280->aap24-database:postgres (ESTABLISHED)
awx-manag 262437    awx   67u  IPv4 835103      0t0       TCP aap24-control:50426->aap24-database:postgres (ESTABLISHED)
awx-manag 263829    awx   33u  IPv4 836052      0t0       TCP aap24-control:50406->aap24-database:postgres (ESTABLISHED)
awx-manag 263829    awx   38u  IPv4 606638      0t0       TCP aap24-control:45280->aap24-database:postgres (ESTABLISHED)
awx-manag 263831    awx   34u  IPv4 835106      0t0       TCP aap24-control:50436->aap24-database:postgres (ESTABLISHED)
awx-manag 263831    awx   38u  IPv4 606638      0t0       TCP aap24-control:45280->aap24-database:postgres (ESTABLISHED)
awx-manag 263833    awx   38u  IPv4 606638      0t0       TCP aap24-control:45280->aap24-database:postgres (ESTABLISHED)

    PID    PPID CMD                           RSS    VSZ %CPU %MEM     ELAPSED
 260747  192070 /usr/bin/receptor --node id 38208 1420804 0.0  0.4       02:07
Receptor Child Processes for PID 260747:
      PID    PPID CMD                           RSS    VSZ %CPU %MEM     ELAPSED
 260755  260747 /var/lib/awx/venv/awx/bin/p 28604 106532  0.1  0.3       02:07
Receptor Threads for PID 260747:
    PID    SPID %CPU %MEM   RSS COMMAND
 260747  260747  0.0  0.4 38208 receptor
 260747  260748  0.0  0.4 38208 receptor
 260747  260749  0.0  0.4 38208 receptor
 260747  260750  0.0  0.4 38208 receptor
 260747  260751  0.0  0.4 38208 receptor
 260747  260752  0.0  0.4 38208 receptor
 260747  260753  0.0  0.4 38208 receptor
 260747  260754  0.0  0.4 38208 receptor
 260747  262052  0.0  0.4 38208 receptor
 260747  262053  0.0  0.4 38208 receptor
Receptor Network Connections for PID 260747:
COMMAND      PID   USER   FD      TYPE DEVICE SIZE/OFF      NODE NAME
chronyd      789 chrony    5u     IPv4  13239      0t0       UDP localhost:323 
chronyd      789 chrony    6u     IPv6  13240      0t0       UDP localhost:323 
NetworkMa    792   root   26u     IPv4  22360      0t0       UDP aap24-control:bootpc->pi.hole:bootps 
sshd         859   root    3u     IPv4  22990      0t0       TCP *:ssh (LISTEN)
sshd         859   root    4u     IPv6  22992      0t0       TCP *:ssh (LISTEN)
receptor  192070    awx    8u     IPv6 587141      0t0       TCP *:27199 (LISTEN)
receptor  192070    awx    9u     IPv6 586439      0t0       TCP aap24-control:27199->aap24-execution:40392 (ESTABLISHED)
nginx     196761   root    8u     IPv4 602782      0t0       TCP *:https (LISTEN)
nginx     196761   root    9u     IPv4 602783      0t0       TCP *:http (LISTEN)
nginx     196761   root   10u     IPv6 602784      0t0       TCP *:https (LISTEN)
nginx     196761   root   11u     IPv6 602785      0t0       TCP *:http (LISTEN)
nginx     196762  nginx    8u     IPv4 602782      0t0       TCP *:https (LISTEN)
nginx     196762  nginx    9u     IPv4 602783      0t0       TCP *:http (LISTEN)
nginx     196762  nginx   10u     IPv6 602784      0t0       TCP *:https (LISTEN)
nginx     196762  nginx   11u     IPv6 602785      0t0       TCP *:http (LISTEN)
nginx     196763  nginx    8u     IPv4 602782      0t0       TCP *:https (LISTEN)
nginx     196763  nginx    9u     IPv4 602783      0t0       TCP *:http (LISTEN)
nginx     196763  nginx   10u     IPv6 602784      0t0       TCP *:https (LISTEN)
nginx     196763  nginx   11u     IPv6 602785      0t0       TCP *:http (LISTEN)
nginx     196763  nginx   19u     IPv4 790424      0t0       TCP aap24-control:https->192.168.1.49:49410 (ESTABLISHED)
nginx     196763  nginx   24u     IPv4 792276      0t0       TCP aap24-control:https->192.168.1.49:49422 (ESTABLISHED)
nginx     196764  nginx    8u     IPv4 602782      0t0       TCP *:https (LISTEN)
nginx     196764  nginx    9u     IPv4 602783      0t0       TCP *:http (LISTEN)
nginx     196764  nginx   10u     IPv6 602784      0t0       TCP *:https (LISTEN)
nginx     196764  nginx   11u     IPv6 602785      0t0       TCP *:http (LISTEN)
nginx     196765  nginx    8u     IPv4 602782      0t0       TCP *:https (LISTEN)
nginx     196765  nginx    9u     IPv4 602783      0t0       TCP *:http (LISTEN)
nginx     196765  nginx   10u     IPv6 602784      0t0       TCP *:https (LISTEN)
nginx     196765  nginx   11u     IPv6 602785      0t0       TCP *:http (LISTEN)
awx-manag 197339    awx   38u     IPv4 606638      0t0       TCP aap24-control:45280->aap24-database:postgres (ESTABLISHED)
awx-manag 197340    awx   29u     IPv4 626226      0t0       TCP aap24-control:47354->aap24-database:postgres (ESTABLISHED)
daphne    197342    awx   13u     IPv4 605767      0t0       TCP aap24-control:45240->aap24-database:postgres (ESTABLISHED)
awx-manag 197343    awx   17u     IPv4 607603      0t0       TCP aap24-control:45338->aap24-database:postgres (ESTABLISHED)
awx-manag 197345   root    8u     IPv4 605873      0t0       TCP aap24-control:45304->aap24-database:postgres (ESTABLISHED)
awx-manag 197345   root   14u     IPv4 605878      0t0       TCP aap24-control:45316->aap24-database:postgres (ESTABLISHED)
awx-manag 197346    awx    8u     IPv4 606592      0t0       TCP aap24-control:45256->aap24-database:postgres (ESTABLISHED)
awx-manag 197346    awx   14u     IPv4 605097      0t0       TCP aap24-control:45262->aap24-database:postgres (ESTABLISHED)
awx-manag 197541    awx   16u     IPv4 835099      0t0       TCP aap24-control:50390->aap24-database:postgres (ESTABLISHED)
sshd      252955   root    4u     IPv4 794664      0t0       TCP aap24-control:ssh->192.168.1.49:51510 (ESTABLISHED)
sshd      252958   root    4u     IPv4 794664      0t0       TCP aap24-control:ssh->192.168.1.49:51510 (ESTABLISHED)
awx-manag 260737    awx   38u     IPv4 606638      0t0       TCP aap24-control:45280->aap24-database:postgres (ESTABLISHED)
receptor  260747    awx  cwd       DIR  253,0      235       128 /
receptor  260747    awx  rtd       DIR  253,0      235       128 /
receptor  260747    awx  txt       REG  253,0 54652712 100691309 /usr/bin/receptor
receptor  260747    awx  mem       REG  253,0  5436640     28515 /usr/lib64/libcrypto.so.3.2.2
receptor  260747    awx  mem       REG  253,0  2544344      3530 /usr/lib64/libc.so.6
receptor  260747    awx  mem       REG  253,0   102552      3550 /usr/lib64/libz.so.1.2.11
receptor  260747    awx  mem       REG  253,0   897856      3526 /usr/lib64/ld-linux-x86-64.so.2
receptor  260747    awx    0r      CHR    1,3      0t0         4 /dev/null
receptor  260747    awx    1w      REG  253,0     8771  34641330 /var/log/receptor/receptor.log
receptor  260747    awx    2w      REG  253,0     8771  34641330 /var/log/receptor/receptor.log
receptor  260747    awx    3r      REG  253,0     2192   1921301 /tmp/receptor/192.168.1.252/KSjKtIU8/stdin
receptor  260747    awx    4u  a_inode   0,14        0        62 [eventpoll:5]
receptor  260747    awx    5r     FIFO   0,13      0t0    822712 pipe
receptor  260747    awx    6w     FIFO   0,13      0t0    822712 pipe
receptor  260747    awx    7w      REG  253,0    34120   1921302 /tmp/receptor/192.168.1.252/KSjKtIU8/stdout
slirp4net 260788    awx    3u     IPv4 824660      0t0       TCP aap24-control:49576->aap25-execution.lan:ssh (ESTABLISHED)
awx-manag 262433    awx   38u     IPv4 606638      0t0       TCP aap24-control:45280->aap24-database:postgres (ESTABLISHED)
awx-manag 262433    awx   46u     IPv4 836059      0t0       TCP aap24-control:50414->aap24-database:postgres (ESTABLISHED)
awx-manag 262435    awx   38u     IPv4 606638      0t0       TCP aap24-control:45280->aap24-database:postgres (ESTABLISHED)
awx-manag 262435    awx   55u     IPv4 836635      0t0       TCP aap24-control:50400->aap24-database:postgres (ESTABLISHED)
awx-manag 262437    awx   38u     IPv4 606638      0t0       TCP aap24-control:45280->aap24-database:postgres (ESTABLISHED)
awx-manag 262437    awx   67u     IPv4 835103      0t0       TCP aap24-control:50426->aap24-database:postgres (ESTABLISHED)
awx-manag 263829    awx   33u     IPv4 836052      0t0       TCP aap24-control:50406->aap24-database:postgres (ESTABLISHED)
awx-manag 263829    awx   38u     IPv4 606638      0t0       TCP aap24-control:45280->aap24-database:postgres (ESTABLISHED)
awx-manag 263831    awx   34u     IPv4 835106      0t0       TCP aap24-control:50436->aap24-database:postgres (ESTABLISHED)
awx-manag 263831    awx   38u     IPv4 606638      0t0       TCP aap24-control:45280->aap24-database:postgres (ESTABLISHED)
awx-manag 263833    awx   38u     IPv4 606638      0t0       TCP aap24-control:45280->aap24-database:postgres (ESTABLISHED)

    PID    PPID CMD                           RSS    VSZ %CPU %MEM     ELAPSED
Receptor Child Processes for PID 263927:
  No child processes found
Receptor Threads for PID 263927:
    PID    SPID %CPU %MEM   RSS COMMAND
Receptor Network Connections for PID 263927:
COMMAND      PID   USER   FD   TYPE DEVICE SIZE/OFF NODE NAME
chronyd      789 chrony    5u  IPv4  13239      0t0  UDP localhost:323 
chronyd      789 chrony    6u  IPv6  13240      0t0  UDP localhost:323 
NetworkMa    792   root   26u  IPv4  22360      0t0  UDP aap24-control:bootpc->pi.hole:bootps 
sshd         859   root    3u  IPv4  22990      0t0  TCP *:ssh (LISTEN)
sshd         859   root    4u  IPv6  22992      0t0  TCP *:ssh (LISTEN)
receptor  192070    awx    8u  IPv6 587141      0t0  TCP *:27199 (LISTEN)
receptor  192070    awx    9u  IPv6 586439      0t0  TCP aap24-control:27199->aap24-execution:40392 (ESTABLISHED)
nginx     196761   root    8u  IPv4 602782      0t0  TCP *:https (LISTEN)
nginx     196761   root    9u  IPv4 602783      0t0  TCP *:http (LISTEN)
nginx     196761   root   10u  IPv6 602784      0t0  TCP *:https (LISTEN)
nginx     196761   root   11u  IPv6 602785      0t0  TCP *:http (LISTEN)
nginx     196762  nginx    8u  IPv4 602782      0t0  TCP *:https (LISTEN)
nginx     196762  nginx    9u  IPv4 602783      0t0  TCP *:http (LISTEN)
nginx     196762  nginx   10u  IPv6 602784      0t0  TCP *:https (LISTEN)
nginx     196762  nginx   11u  IPv6 602785      0t0  TCP *:http (LISTEN)
nginx     196763  nginx    8u  IPv4 602782      0t0  TCP *:https (LISTEN)
nginx     196763  nginx    9u  IPv4 602783      0t0  TCP *:http (LISTEN)
nginx     196763  nginx   10u  IPv6 602784      0t0  TCP *:https (LISTEN)
nginx     196763  nginx   11u  IPv6 602785      0t0  TCP *:http (LISTEN)
nginx     196763  nginx   19u  IPv4 790424      0t0  TCP aap24-control:https->192.168.1.49:49410 (ESTABLISHED)
nginx     196763  nginx   24u  IPv4 792276      0t0  TCP aap24-control:https->192.168.1.49:49422 (ESTABLISHED)
nginx     196764  nginx    8u  IPv4 602782      0t0  TCP *:https (LISTEN)
nginx     196764  nginx    9u  IPv4 602783      0t0  TCP *:http (LISTEN)
nginx     196764  nginx   10u  IPv6 602784      0t0  TCP *:https (LISTEN)
nginx     196764  nginx   11u  IPv6 602785      0t0  TCP *:http (LISTEN)
nginx     196765  nginx    8u  IPv4 602782      0t0  TCP *:https (LISTEN)
nginx     196765  nginx    9u  IPv4 602783      0t0  TCP *:http (LISTEN)
nginx     196765  nginx   10u  IPv6 602784      0t0  TCP *:https (LISTEN)
nginx     196765  nginx   11u  IPv6 602785      0t0  TCP *:http (LISTEN)
awx-manag 197339    awx   38u  IPv4 606638      0t0  TCP aap24-control:45280->aap24-database:postgres (ESTABLISHED)
awx-manag 197340    awx   29u  IPv4 626226      0t0  TCP aap24-control:47354->aap24-database:postgres (ESTABLISHED)
daphne    197342    awx   13u  IPv4 605767      0t0  TCP aap24-control:45240->aap24-database:postgres (ESTABLISHED)
awx-manag 197343    awx   17u  IPv4 607603      0t0  TCP aap24-control:45338->aap24-database:postgres (ESTABLISHED)
awx-manag 197345   root    8u  IPv4 605873      0t0  TCP aap24-control:45304->aap24-database:postgres (ESTABLISHED)
awx-manag 197345   root   14u  IPv4 605878      0t0  TCP aap24-control:45316->aap24-database:postgres (ESTABLISHED)
awx-manag 197346    awx    8u  IPv4 606592      0t0  TCP aap24-control:45256->aap24-database:postgres (ESTABLISHED)
awx-manag 197346    awx   14u  IPv4 605097      0t0  TCP aap24-control:45262->aap24-database:postgres (ESTABLISHED)
awx-manag 197541    awx   16u  IPv4 835099      0t0  TCP aap24-control:50390->aap24-database:postgres (ESTABLISHED)
sshd      252955   root    4u  IPv4 794664      0t0  TCP aap24-control:ssh->192.168.1.49:51510 (ESTABLISHED)
sshd      252958   root    4u  IPv4 794664      0t0  TCP aap24-control:ssh->192.168.1.49:51510 (ESTABLISHED)
awx-manag 260737    awx   38u  IPv4 606638      0t0  TCP aap24-control:45280->aap24-database:postgres (ESTABLISHED)
slirp4net 260788    awx    3u  IPv4 824660      0t0  TCP aap24-control:49576->aap25-execution.lan:ssh (ESTABLISHED)
awx-manag 262433    awx   38u  IPv4 606638      0t0  TCP aap24-control:45280->aap24-database:postgres (ESTABLISHED)
awx-manag 262433    awx   46u  IPv4 836059      0t0  TCP aap24-control:50414->aap24-database:postgres (ESTABLISHED)
awx-manag 262435    awx   38u  IPv4 606638      0t0  TCP aap24-control:45280->aap24-database:postgres (ESTABLISHED)
awx-manag 262435    awx   55u  IPv4 836635      0t0  TCP aap24-control:50400->aap24-database:postgres (ESTABLISHED)
awx-manag 262437    awx   38u  IPv4 606638      0t0  TCP aap24-control:45280->aap24-database:postgres (ESTABLISHED)
awx-manag 262437    awx   67u  IPv4 835103      0t0  TCP aap24-control:50426->aap24-database:postgres (ESTABLISHED)
awx-manag 263829    awx   33u  IPv4 836052      0t0  TCP aap24-control:50406->aap24-database:postgres (ESTABLISHED)
awx-manag 263829    awx   38u  IPv4 606638      0t0  TCP aap24-control:45280->aap24-database:postgres (ESTABLISHED)
awx-manag 263831    awx   34u  IPv4 835106      0t0  TCP aap24-control:50436->aap24-database:postgres (ESTABLISHED)
awx-manag 263831    awx   38u  IPv4 606638      0t0  TCP aap24-control:45280->aap24-database:postgres (ESTABLISHED)
awx-manag 263833    awx   38u  IPv4 606638      0t0  TCP aap24-control:45280->aap24-database:postgres (ESTABLISHED)
  No network connections found

=== RECEPTOR MEMORY SUMMARY ===
Total Receptor RSS Memory: 155460 KB (151 MB)
Total Receptor VSZ Memory: 4303388 KB (4202 MB)
Number of Receptor Processes: 4

AAP-related Processes and Children:
=== AAP Service Processes ===
Process: redis-server (PID: 135959)
    PID    PPID CMD                           RSS
 135959       1 /usr/bin/redis-server unixs 13156

Process: receptor (PID: 192070)
    PID    PPID CMD                           RSS
 192070       1 /usr/bin/receptor -c /etc/r 46856
  Children of PID 192070:
    PID    PPID CMD                           RSS
 260747  192070 /usr/bin/receptor --node id 38208

Process: nginx (PID: 196761)
    PID    PPID CMD                           RSS
 196761       1 nginx: master process /usr/  2124
  Children of PID 196761:
    PID    PPID CMD                           RSS
 196762  196761 nginx: worker process        4044
    PID    PPID CMD                           RSS
 196763  196761 nginx: worker process        8524
    PID    PPID CMD                           RSS
 196764  196761 nginx: worker process        8140
    PID    PPID CMD                           RSS
 196765  196761 nginx: worker process        8524

Process: nginx (PID: 196762)
    PID    PPID CMD                           RSS
 196762  196761 nginx: worker process        4044

Process: nginx (PID: 196763)
    PID    PPID CMD                           RSS
 196763  196761 nginx: worker process        8524

Process: nginx (PID: 196764)
    PID    PPID CMD                           RSS
 196764  196761 nginx: worker process        8140

Process: nginx (PID: 196765)
    PID    PPID CMD                           RSS
 196765  196761 nginx: worker process        8524

Process: uwsgi (PID: 197341)
    PID    PPID CMD                           RSS
 197341  197177 /var/lib/awx/venv/awx/bin/u 103452
  Children of PID 197341:
    PID    PPID CMD                           RSS
 253044  197341 /var/lib/awx/venv/awx/bin/u 118136
    PID    PPID CMD                           RSS
 253045  197341 /var/lib/awx/venv/awx/bin/u 124536
    PID    PPID CMD                           RSS
 253046  197341 /var/lib/awx/venv/awx/bin/u 118648
    PID    PPID CMD                           RSS
 253047  197341 /var/lib/awx/venv/awx/bin/u 121464

Process: uwsgi (PID: 253044)
    PID    PPID CMD                           RSS
 253044  197341 /var/lib/awx/venv/awx/bin/u 118136

Process: uwsgi (PID: 253045)
    PID    PPID CMD                           RSS
 253045  197341 /var/lib/awx/venv/awx/bin/u 124536

Process: uwsgi (PID: 253046)
    PID    PPID CMD                           RSS
 253046  197341 /var/lib/awx/venv/awx/bin/u 118648

Process: uwsgi (PID: 253047)
    PID    PPID CMD                           RSS
 253047  197341 /var/lib/awx/venv/awx/bin/u 121464

Process: bash (PID: 253089)
    PID    PPID CMD                           RSS
 253089       1 bash -c  log_file="/tmp/mem  3584
  Children of PID 253089:
    PID    PPID CMD                           RSS
 264048  253089 bash -c  log_file="/tmp/mem  2400

Process: receptor (PID: 260747)
    PID    PPID CMD                           RSS
 260747  192070 /usr/bin/receptor --node id 38208
  Children of PID 260747:
    PID    PPID CMD                           RSS
 260755  260747 /var/lib/awx/venv/awx/bin/p 28604

Process: bash (PID: 264048)
    PID    PPID CMD                           RSS
 264048  253089 bash -c  log_file="/tmp/mem  2400
  Children of PID 264048:
    PID    PPID CMD                           RSS


Process Tree for AAP Services:
=== automation-controller Process Tree ===
bash(253089)---pstree(264108)
=== receptor Process Tree ===
receptor(192070)-+-receptor(260747)-+-ansible-runner(260755)---podman(260766)-+-exe(260774)-+-slirp4netns(260788)
                 |                  |                                         |             |-{exe}(260776)
                 |                  |                                         |             |-{exe}(260777)
                 |                  |                                         |             |-{exe}(260778)
                 |                  |                                         |             |-{exe}(260779)
                 |                  |                                         |             |-{exe}(260780)
                 |                  |                                         |             |-{exe}(260781)
                 |                  |                                         |             |-{exe}(260783)
                 |                  |                                         |             |-{exe}(260784)
                 |                  |                                         |             |-{exe}(260785)
                 |                  |                                         |             `-{exe}(260790)
                 |                  |                                         |-{podman}(260767)
                 |                  |                                         |-{podman}(260768)
                 |                  |                                         |-{podman}(260769)
                 |                  |                                         |-{podman}(260770)
                 |                  |                                         |-{podman}(260771)
                 |                  |                                         |-{podman}(260772)
                 |                  |                                         |-{podman}(260773)
                 |                  |                                         `-{podman}(260775)
                 |                  |-{receptor}(260748)
                 |                  |-{receptor}(260749)
                 |                  |-{receptor}(260750)
                 |                  |-{receptor}(260751)
                 |                  |-{receptor}(260752)
                 |                  |-{receptor}(260753)
                 |                  |-{receptor}(260754)
                 |                  |-{receptor}(262052)
                 |                  `-{receptor}(262053)
                 |-{receptor}(192072)
                 |-{receptor}(192073)
                 |-{receptor}(192074)
                 |-{receptor}(192075)
                 |-{receptor}(192076)
                 |-{receptor}(192077)
                 |-{receptor}(201640)
                 `-{receptor}(202660)
bash(253089)---pstree(264113)
receptor(260747)-+-ansible-runner(260755)---podman(260766)-+-exe(260774)-+-slirp4netns(260788)
                 |                                         |             |-{exe}(260776)
                 |                                         |             |-{exe}(260777)
                 |                                         |             |-{exe}(260778)
                 |                                         |             |-{exe}(260779)
                 |                                         |             |-{exe}(260780)
                 |                                         |             |-{exe}(260781)
                 |                                         |             |-{exe}(260783)
                 |                                         |             |-{exe}(260784)
                 |                                         |             |-{exe}(260785)
                 |                                         |             `-{exe}(260790)
                 |                                         |-{podman}(260767)
                 |                                         |-{podman}(260768)
                 |                                         |-{podman}(260769)
                 |                                         |-{podman}(260770)
                 |                                         |-{podman}(260771)
                 |                                         |-{podman}(260772)
                 |                                         |-{podman}(260773)
                 |                                         `-{podman}(260775)
                 |-{receptor}(260748)
                 |-{receptor}(260749)
                 |-{receptor}(260750)
                 |-{receptor}(260751)
                 |-{receptor}(260752)
                 |-{receptor}(260753)
                 |-{receptor}(260754)
                 |-{receptor}(262052)
                 `-{receptor}(262053)
=== nginx Process Tree ===
nginx(196761)-+-nginx(196762)
              |-nginx(196763)
              |-nginx(196764)
              `-nginx(196765)
nginx(196762)
nginx(196763)
nginx(196764)
nginx(196765)
bash(253089)---pstree(264123)
=== postgresql Process Tree ===
bash(253089)---pstree(264127)
=== redis Process Tree ===
redis-server(135959)-+-{redis-server}(135960)
                     |-{redis-server}(135961)
                     |-{redis-server}(135962)
                     `-{redis-server}(135963)
bash(253089)---pstree(264132)
=== uwsgi Process Tree ===
uwsgi(197341)-+-uwsgi(253044)
              |-uwsgi(253045)
              |-uwsgi(253046)
              `-uwsgi(253047)
uwsgi(253044)
uwsgi(253045)
uwsgi(253046)
uwsgi(253047)
bash(253089)---pstree(264141)
=== automation-hub Process Tree ===
bash(253089)---pstree(264145)
=== automation-eda Process Tree ===
bash(253089)---pstree(264149)

=================================================================================
2025-07-07 15:57:55
Memory Usage Report:
               total        used        free      shared  buff/cache   available
Mem:            7681        2350        1326          20        4322        5330
Swap:           8067           0        8067

Top 10 Processes by RSS Memory:
    PID    PPID CMD                           RSS
 197339  197177 /var/lib/awx/venv/awx/bin/p 133580
 197340  197177 /var/lib/awx/venv/awx/bin/p 131572
 197345  197177 /var/lib/awx/venv/awx/bin/p 130276
 260737  197339 /var/lib/awx/venv/awx/bin/p 128088
 262437  197339 /var/lib/awx/venv/awx/bin/p 126304
 197343  197177 /var/lib/awx/venv/awx/bin/p 125912
 197532  197340 /var/lib/awx/venv/awx/bin/p 125636
 263831  197339 /var/lib/awx/venv/awx/bin/p 125408
 197536  197340 /var/lib/awx/venv/awx/bin/p 125404
 197535  197340 /var/lib/awx/venv/awx/bin/p 125396

=== RECEPTOR PROCESS ANALYSIS ===
Receptor Main Processes:
    PID    PPID CMD                           RSS    VSZ %CPU %MEM     ELAPSED
 192070       1 /usr/bin/receptor -c /etc/r 46856 1347904 0.1  0.5    01:07:33
Receptor Child Processes for PID 192070:
      PID    PPID CMD                           RSS    VSZ %CPU %MEM     ELAPSED
 260747  192070 /usr/bin/receptor --node id 38336 1420804 0.0  0.4       02:38
Receptor Threads for PID 192070:
    PID    SPID %CPU %MEM   RSS COMMAND
 192070  192070  0.0  0.5 46856 receptor
 192070  192072  0.0  0.5 46856 receptor
 192070  192073  0.0  0.5 46856 receptor
 192070  192074  0.0  0.5 46856 receptor
 192070  192075  0.0  0.5 46856 receptor
 192070  192076  0.0  0.5 46856 receptor
 192070  192077  0.0  0.5 46856 receptor
 192070  201640  0.0  0.5 46856 receptor
 192070  202660  0.0  0.5 46856 receptor
Receptor Network Connections for PID 192070:
COMMAND      PID   USER   FD      TYPE             DEVICE SIZE/OFF      NODE NAME
chronyd      789 chrony    5u     IPv4              13239      0t0       UDP localhost:323 
chronyd      789 chrony    6u     IPv6              13240      0t0       UDP localhost:323 
NetworkMa    792   root   26u     IPv4              22360      0t0       UDP aap24-control:bootpc->pi.hole:bootps 
sshd         859   root    3u     IPv4              22990      0t0       TCP *:ssh (LISTEN)
sshd         859   root    4u     IPv6              22992      0t0       TCP *:ssh (LISTEN)
receptor  192070    awx  cwd       DIR              253,0      235       128 /
receptor  192070    awx  rtd       DIR              253,0      235       128 /
receptor  192070    awx  txt       REG              253,0 54652712 100691309 /usr/bin/receptor
receptor  192070    awx  mem       REG              253,0  5436640     28515 /usr/lib64/libcrypto.so.3.2.2
receptor  192070    awx  mem       REG              253,0  2544344      3530 /usr/lib64/libc.so.6
receptor  192070    awx  mem       REG              253,0   102552      3550 /usr/lib64/libz.so.1.2.11
receptor  192070    awx  mem       REG              253,0   897856      3526 /usr/lib64/ld-linux-x86-64.so.2
receptor  192070    awx    0r      CHR                1,3      0t0         4 /dev/null
receptor  192070    awx    1w      REG              253,0     8771  34641330 /var/log/receptor/receptor.log
receptor  192070    awx    2w      REG              253,0     8771  34641330 /var/log/receptor/receptor.log
receptor  192070    awx    3rW     REG               0,23        0      2816 /run/awx-receptor/receptor.sock.lock
receptor  192070    awx    4u  a_inode               0,14        0        62 [eventpoll:5,7,8,9,10,11]
receptor  192070    awx    5r     FIFO               0,13      0t0    584296 pipe
receptor  192070    awx    6w     FIFO               0,13      0t0    584296 pipe
receptor  192070    awx    7u     unix 0xffff9bf94dcae400      0t0    585091 /var/run/awx-receptor/receptor.sock type=STREAM (LISTEN)
receptor  192070    awx    8u     IPv6             587141      0t0       TCP *:27199 (LISTEN)
receptor  192070    awx    9u     IPv6             586439      0t0       TCP aap24-control:27199->aap24-execution:40392 (ESTABLISHED)
receptor  192070    awx   10r  a_inode               0,14        0        62 inotify
receptor  192070    awx   11u     unix 0xffff9bf984151400      0t0    822242 /var/run/awx-receptor/receptor.sock type=STREAM (CONNECTED)
receptor  192070    awx   12r      REG              253,0    34120   1921302 /tmp/receptor/192.168.1.252/KSjKtIU8/stdout
nginx     196761   root    8u     IPv4             602782      0t0       TCP *:https (LISTEN)
nginx     196761   root    9u     IPv4             602783      0t0       TCP *:http (LISTEN)
nginx     196761   root   10u     IPv6             602784      0t0       TCP *:https (LISTEN)
nginx     196761   root   11u     IPv6             602785      0t0       TCP *:http (LISTEN)
nginx     196762  nginx    8u     IPv4             602782      0t0       TCP *:https (LISTEN)
nginx     196762  nginx    9u     IPv4             602783      0t0       TCP *:http (LISTEN)
nginx     196762  nginx   10u     IPv6             602784      0t0       TCP *:https (LISTEN)
nginx     196762  nginx   11u     IPv6             602785      0t0       TCP *:http (LISTEN)
nginx     196763  nginx    8u     IPv4             602782      0t0       TCP *:https (LISTEN)
nginx     196763  nginx    9u     IPv4             602783      0t0       TCP *:http (LISTEN)
nginx     196763  nginx   10u     IPv6             602784      0t0       TCP *:https (LISTEN)
nginx     196763  nginx   11u     IPv6             602785      0t0       TCP *:http (LISTEN)
nginx     196763  nginx   19u     IPv4             790424      0t0       TCP aap24-control:https->192.168.1.49:49410 (ESTABLISHED)
nginx     196763  nginx   24u     IPv4             792276      0t0       TCP aap24-control:https->192.168.1.49:49422 (ESTABLISHED)
nginx     196764  nginx    8u     IPv4             602782      0t0       TCP *:https (LISTEN)
nginx     196764  nginx    9u     IPv4             602783      0t0       TCP *:http (LISTEN)
nginx     196764  nginx   10u     IPv6             602784      0t0       TCP *:https (LISTEN)
nginx     196764  nginx   11u     IPv6             602785      0t0       TCP *:http (LISTEN)
nginx     196765  nginx    8u     IPv4             602782      0t0       TCP *:https (LISTEN)
nginx     196765  nginx    9u     IPv4             602783      0t0       TCP *:http (LISTEN)
nginx     196765  nginx   10u     IPv6             602784      0t0       TCP *:https (LISTEN)
nginx     196765  nginx   11u     IPv6             602785      0t0       TCP *:http (LISTEN)
awx-manag 197339    awx   38u     IPv4             606638      0t0       TCP aap24-control:45280->aap24-database:postgres (ESTABLISHED)
awx-manag 197340    awx   29u     IPv4             626226      0t0       TCP aap24-control:47354->aap24-database:postgres (ESTABLISHED)
daphne    197342    awx   13u     IPv4             605767      0t0       TCP aap24-control:45240->aap24-database:postgres (ESTABLISHED)
awx-manag 197343    awx   17u     IPv4             607603      0t0       TCP aap24-control:45338->aap24-database:postgres (ESTABLISHED)
awx-manag 197345   root    8u     IPv4             605873      0t0       TCP aap24-control:45304->aap24-database:postgres (ESTABLISHED)
awx-manag 197345   root   14u     IPv4             605878      0t0       TCP aap24-control:45316->aap24-database:postgres (ESTABLISHED)
awx-manag 197346    awx    8u     IPv4             606592      0t0       TCP aap24-control:45256->aap24-database:postgres (ESTABLISHED)
awx-manag 197346    awx   14u     IPv4             605097      0t0       TCP aap24-control:45262->aap24-database:postgres (ESTABLISHED)
awx-manag 197541    awx   16u     IPv4             838784      0t0       TCP aap24-control:50050->aap24-database:postgres (ESTABLISHED)
sshd      252955   root    4u     IPv4             794664      0t0       TCP aap24-control:ssh->192.168.1.49:51510 (ESTABLISHED)
sshd      252958   root    4u     IPv4             794664      0t0       TCP aap24-control:ssh->192.168.1.49:51510 (ESTABLISHED)
awx-manag 260737    awx   38u     IPv4             606638      0t0       TCP aap24-control:45280->aap24-database:postgres (ESTABLISHED)
slirp4net 260788    awx    3u     IPv4             824660      0t0       TCP aap24-control:49576->aap25-execution.lan:ssh (ESTABLISHED)
awx-manag 262433    awx   38u     IPv4             606638      0t0       TCP aap24-control:45280->aap24-database:postgres (ESTABLISHED)
awx-manag 262433    awx   46u     IPv4             836059      0t0       TCP aap24-control:50414->aap24-database:postgres (ESTABLISHED)
awx-manag 262435    awx   38u     IPv4             606638      0t0       TCP aap24-control:45280->aap24-database:postgres (ESTABLISHED)
awx-manag 262435    awx   55u     IPv4             837089      0t0       TCP aap24-control:50054->aap24-database:postgres (ESTABLISHED)
awx-manag 262437    awx   38u     IPv4             606638      0t0       TCP aap24-control:45280->aap24-database:postgres (ESTABLISHED)
awx-manag 262437    awx   67u     IPv4             835103      0t0       TCP aap24-control:50426->aap24-database:postgres (ESTABLISHED)
awx-manag 263829    awx   33u     IPv4             838567      0t0       TCP aap24-control:45636->aap24-database:postgres (ESTABLISHED)
awx-manag 263829    awx   38u     IPv4             606638      0t0       TCP aap24-control:45280->aap24-database:postgres (ESTABLISHED)
awx-manag 263831    awx   34u     IPv4             838703      0t0       TCP aap24-control:45620->aap24-database:postgres (ESTABLISHED)
awx-manag 263831    awx   38u     IPv4             606638      0t0       TCP aap24-control:45280->aap24-database:postgres (ESTABLISHED)
awx-manag 263833    awx   38u     IPv4             606638      0t0       TCP aap24-control:45280->aap24-database:postgres (ESTABLISHED)

    PID    PPID CMD                           RSS    VSZ %CPU %MEM     ELAPSED
 253089       1 bash -c  log_file="/tmp/mem  3584   7344  0.0  0.0       06:40
Receptor Child Processes for PID 253089:
      PID    PPID CMD                           RSS    VSZ %CPU %MEM     ELAPSED
Receptor Threads for PID 253089:
    PID    SPID %CPU %MEM   RSS COMMAND
 253089  253089  0.0  0.0  3584 bash
Receptor Network Connections for PID 253089:
COMMAND      PID   USER   FD   TYPE DEVICE SIZE/OFF      NODE NAME
chronyd      789 chrony    5u  IPv4  13239      0t0       UDP localhost:323 
chronyd      789 chrony    6u  IPv6  13240      0t0       UDP localhost:323 
NetworkMa    792   root   26u  IPv4  22360      0t0       UDP aap24-control:bootpc->pi.hole:bootps 
sshd         859   root    3u  IPv4  22990      0t0       TCP *:ssh (LISTEN)
sshd         859   root    4u  IPv6  22992      0t0       TCP *:ssh (LISTEN)
receptor  192070    awx    8u  IPv6 587141      0t0       TCP *:27199 (LISTEN)
receptor  192070    awx    9u  IPv6 586439      0t0       TCP aap24-control:27199->aap24-execution:40392 (ESTABLISHED)
nginx     196761   root    8u  IPv4 602782      0t0       TCP *:https (LISTEN)
nginx     196761   root    9u  IPv4 602783      0t0       TCP *:http (LISTEN)
nginx     196761   root   10u  IPv6 602784      0t0       TCP *:https (LISTEN)
nginx     196761   root   11u  IPv6 602785      0t0       TCP *:http (LISTEN)
nginx     196762  nginx    8u  IPv4 602782      0t0       TCP *:https (LISTEN)
nginx     196762  nginx    9u  IPv4 602783      0t0       TCP *:http (LISTEN)
nginx     196762  nginx   10u  IPv6 602784      0t0       TCP *:https (LISTEN)
nginx     196762  nginx   11u  IPv6 602785      0t0       TCP *:http (LISTEN)
nginx     196763  nginx    8u  IPv4 602782      0t0       TCP *:https (LISTEN)
nginx     196763  nginx    9u  IPv4 602783      0t0       TCP *:http (LISTEN)
nginx     196763  nginx   10u  IPv6 602784      0t0       TCP *:https (LISTEN)
nginx     196763  nginx   11u  IPv6 602785      0t0       TCP *:http (LISTEN)
nginx     196763  nginx   19u  IPv4 790424      0t0       TCP aap24-control:https->192.168.1.49:49410 (ESTABLISHED)
nginx     196763  nginx   24u  IPv4 792276      0t0       TCP aap24-control:https->192.168.1.49:49422 (ESTABLISHED)
nginx     196764  nginx    8u  IPv4 602782      0t0       TCP *:https (LISTEN)
nginx     196764  nginx    9u  IPv4 602783      0t0       TCP *:http (LISTEN)
nginx     196764  nginx   10u  IPv6 602784      0t0       TCP *:https (LISTEN)
nginx     196764  nginx   11u  IPv6 602785      0t0       TCP *:http (LISTEN)
nginx     196765  nginx    8u  IPv4 602782      0t0       TCP *:https (LISTEN)
nginx     196765  nginx    9u  IPv4 602783      0t0       TCP *:http (LISTEN)
nginx     196765  nginx   10u  IPv6 602784      0t0       TCP *:https (LISTEN)
nginx     196765  nginx   11u  IPv6 602785      0t0       TCP *:http (LISTEN)
awx-manag 197339    awx   38u  IPv4 606638      0t0       TCP aap24-control:45280->aap24-database:postgres (ESTABLISHED)
awx-manag 197340    awx   29u  IPv4 626226      0t0       TCP aap24-control:47354->aap24-database:postgres (ESTABLISHED)
daphne    197342    awx   13u  IPv4 605767      0t0       TCP aap24-control:45240->aap24-database:postgres (ESTABLISHED)
awx-manag 197343    awx   17u  IPv4 607603      0t0       TCP aap24-control:45338->aap24-database:postgres (ESTABLISHED)
awx-manag 197345   root    8u  IPv4 605873      0t0       TCP aap24-control:45304->aap24-database:postgres (ESTABLISHED)
awx-manag 197345   root   14u  IPv4 605878      0t0       TCP aap24-control:45316->aap24-database:postgres (ESTABLISHED)
awx-manag 197346    awx    8u  IPv4 606592      0t0       TCP aap24-control:45256->aap24-database:postgres (ESTABLISHED)
awx-manag 197346    awx   14u  IPv4 605097      0t0       TCP aap24-control:45262->aap24-database:postgres (ESTABLISHED)
awx-manag 197541    awx   16u  IPv4 838784      0t0       TCP aap24-control:50050->aap24-database:postgres (ESTABLISHED)
sshd      252955   root    4u  IPv4 794664      0t0       TCP aap24-control:ssh->192.168.1.49:51510 (ESTABLISHED)
sshd      252958   root    4u  IPv4 794664      0t0       TCP aap24-control:ssh->192.168.1.49:51510 (ESTABLISHED)
bash      253089   root  cwd    DIR  253,0      142 100663430 /root
bash      253089   root  rtd    DIR  253,0      235       128 /
bash      253089   root  txt    REG  253,0  1389072 100699101 /usr/bin/bash
bash      253089   root  mem    REG  253,0  2586930 100699387 /usr/lib/locale/en_US.utf8/LC_COLLATE
bash      253089   root  mem    REG  253,0  2544344      3530 /usr/lib64/libc.so.6
bash      253089   root  mem    REG  253,0   346132  67253521 /usr/lib/locale/C.utf8/LC_CTYPE
bash      253089   root  mem    REG  253,0       54 100699390 /usr/lib/locale/en_US.utf8/LC_NUMERIC
bash      253089   root  mem    REG  253,0     3284      3433 /usr/lib/locale/en_US.utf8/LC_TIME
bash      253089   root  mem    REG  253,0      286      3431 /usr/lib/locale/en_US.utf8/LC_MONETARY
bash      253089   root  mem    REG  253,0       57      3445 /usr/lib/locale/en_US.utf8/LC_MESSAGES/SYS_LC_MESSAGES
bash      253089   root  mem    REG  253,0    26988  33558225 /usr/lib64/gconv/gconv-modules.cache
bash      253089   root  mem    REG  253,0   195080      3141 /usr/lib64/libtinfo.so.6.2
bash      253089   root  mem    REG  253,0       34  67253758 /usr/lib/locale/en_US.utf8/LC_PAPER
bash      253089   root  mem    REG  253,0       77 100699389 /usr/lib/locale/en_US.utf8/LC_NAME
bash      253089   root  mem    REG  253,0      167      3427 /usr/lib/locale/en_US.utf8/LC_ADDRESS
bash      253089   root  mem    REG  253,0       59      3432 /usr/lib/locale/en_US.utf8/LC_TELEPHONE
bash      253089   root  mem    REG  253,0       23      3430 /usr/lib/locale/en_US.utf8/LC_MEASUREMENT
bash      253089   root  mem    REG  253,0      369      3429 /usr/lib/locale/en_US.utf8/LC_IDENTIFICATION
bash      253089   root  mem    REG  253,0   897856      3526 /usr/lib64/ld-linux-x86-64.so.2
bash      253089   root    0r   CHR    1,3      0t0         4 /dev/null
bash      253089   root    1w   REG  253,0        0  67894671 /tmp/memory_monitor.log
bash      253089   root    2w   REG  253,0        0  67894671 /tmp/memory_monitor.log
bash      253089   root    3r  FIFO   0,13      0t0    839795 pipe
awx-manag 260737    awx   38u  IPv4 606638      0t0       TCP aap24-control:45280->aap24-database:postgres (ESTABLISHED)
slirp4net 260788    awx    3u  IPv4 824660      0t0       TCP aap24-control:49576->aap25-execution.lan:ssh (ESTABLISHED)
awx-manag 262433    awx   38u  IPv4 606638      0t0       TCP aap24-control:45280->aap24-database:postgres (ESTABLISHED)
awx-manag 262433    awx   46u  IPv4 836059      0t0       TCP aap24-control:50414->aap24-database:postgres (ESTABLISHED)
awx-manag 262435    awx   38u  IPv4 606638      0t0       TCP aap24-control:45280->aap24-database:postgres (ESTABLISHED)
awx-manag 262435    awx   55u  IPv4 837089      0t0       TCP aap24-control:50054->aap24-database:postgres (ESTABLISHED)
awx-manag 262437    awx   38u  IPv4 606638      0t0       TCP aap24-control:45280->aap24-database:postgres (ESTABLISHED)
awx-manag 262437    awx   67u  IPv4 835103      0t0       TCP aap24-control:50426->aap24-database:postgres (ESTABLISHED)
awx-manag 263829    awx   33u  IPv4 838567      0t0       TCP aap24-control:45636->aap24-database:postgres (ESTABLISHED)
awx-manag 263829    awx   38u  IPv4 606638      0t0       TCP aap24-control:45280->aap24-database:postgres (ESTABLISHED)
awx-manag 263831    awx   34u  IPv4 838703      0t0       TCP aap24-control:45620->aap24-database:postgres (ESTABLISHED)
awx-manag 263831    awx   38u  IPv4 606638      0t0       TCP aap24-control:45280->aap24-database:postgres (ESTABLISHED)
awx-manag 263833    awx   38u  IPv4 606638      0t0       TCP aap24-control:45280->aap24-database:postgres (ESTABLISHED)

    PID    PPID CMD                           RSS    VSZ %CPU %MEM     ELAPSED
 260747  192070 /usr/bin/receptor --node id 38336 1420804 0.0  0.4       02:38
Receptor Child Processes for PID 260747:
      PID    PPID CMD                           RSS    VSZ %CPU %MEM     ELAPSED
 260755  260747 /var/lib/awx/venv/awx/bin/p 28604 106532  0.0  0.3       02:38
Receptor Threads for PID 260747:
    PID    SPID %CPU %MEM   RSS COMMAND
 260747  260747  0.0  0.4 38336 receptor
 260747  260748  0.0  0.4 38336 receptor
 260747  260749  0.0  0.4 38336 receptor
 260747  260750  0.0  0.4 38336 receptor
 260747  260751  0.0  0.4 38336 receptor
 260747  260752  0.0  0.4 38336 receptor
 260747  260753  0.0  0.4 38336 receptor
 260747  260754  0.0  0.4 38336 receptor
 260747  262052  0.0  0.4 38336 receptor
 260747  262053  0.0  0.4 38336 receptor
Receptor Network Connections for PID 260747:
COMMAND      PID   USER   FD      TYPE DEVICE SIZE/OFF      NODE NAME
chronyd      789 chrony    5u     IPv4  13239      0t0       UDP localhost:323 
chronyd      789 chrony    6u     IPv6  13240      0t0       UDP localhost:323 
NetworkMa    792   root   26u     IPv4  22360      0t0       UDP aap24-control:bootpc->pi.hole:bootps 
sshd         859   root    3u     IPv4  22990      0t0       TCP *:ssh (LISTEN)
sshd         859   root    4u     IPv6  22992      0t0       TCP *:ssh (LISTEN)
receptor  192070    awx    8u     IPv6 587141      0t0       TCP *:27199 (LISTEN)
receptor  192070    awx    9u     IPv6 586439      0t0       TCP aap24-control:27199->aap24-execution:40392 (ESTABLISHED)
nginx     196761   root    8u     IPv4 602782      0t0       TCP *:https (LISTEN)
nginx     196761   root    9u     IPv4 602783      0t0       TCP *:http (LISTEN)
nginx     196761   root   10u     IPv6 602784      0t0       TCP *:https (LISTEN)
nginx     196761   root   11u     IPv6 602785      0t0       TCP *:http (LISTEN)
nginx     196762  nginx    8u     IPv4 602782      0t0       TCP *:https (LISTEN)
nginx     196762  nginx    9u     IPv4 602783      0t0       TCP *:http (LISTEN)
nginx     196762  nginx   10u     IPv6 602784      0t0       TCP *:https (LISTEN)
nginx     196762  nginx   11u     IPv6 602785      0t0       TCP *:http (LISTEN)
nginx     196763  nginx    8u     IPv4 602782      0t0       TCP *:https (LISTEN)
nginx     196763  nginx    9u     IPv4 602783      0t0       TCP *:http (LISTEN)
nginx     196763  nginx   10u     IPv6 602784      0t0       TCP *:https (LISTEN)
nginx     196763  nginx   11u     IPv6 602785      0t0       TCP *:http (LISTEN)
nginx     196763  nginx   19u     IPv4 790424      0t0       TCP aap24-control:https->192.168.1.49:49410 (ESTABLISHED)
nginx     196763  nginx   24u     IPv4 792276      0t0       TCP aap24-control:https->192.168.1.49:49422 (ESTABLISHED)
nginx     196764  nginx    8u     IPv4 602782      0t0       TCP *:https (LISTEN)
nginx     196764  nginx    9u     IPv4 602783      0t0       TCP *:http (LISTEN)
nginx     196764  nginx   10u     IPv6 602784      0t0       TCP *:https (LISTEN)
nginx     196764  nginx   11u     IPv6 602785      0t0       TCP *:http (LISTEN)
nginx     196765  nginx    8u     IPv4 602782      0t0       TCP *:https (LISTEN)
nginx     196765  nginx    9u     IPv4 602783      0t0       TCP *:http (LISTEN)
nginx     196765  nginx   10u     IPv6 602784      0t0       TCP *:https (LISTEN)
nginx     196765  nginx   11u     IPv6 602785      0t0       TCP *:http (LISTEN)
awx-manag 197339    awx   38u     IPv4 606638      0t0       TCP aap24-control:45280->aap24-database:postgres (ESTABLISHED)
awx-manag 197340    awx   29u     IPv4 626226      0t0       TCP aap24-control:47354->aap24-database:postgres (ESTABLISHED)
daphne    197342    awx   13u     IPv4 605767      0t0       TCP aap24-control:45240->aap24-database:postgres (ESTABLISHED)
awx-manag 197343    awx   17u     IPv4 607603      0t0       TCP aap24-control:45338->aap24-database:postgres (ESTABLISHED)
awx-manag 197345   root    8u     IPv4 605873      0t0       TCP aap24-control:45304->aap24-database:postgres (ESTABLISHED)
awx-manag 197345   root   14u     IPv4 605878      0t0       TCP aap24-control:45316->aap24-database:postgres (ESTABLISHED)
awx-manag 197346    awx    8u     IPv4 606592      0t0       TCP aap24-control:45256->aap24-database:postgres (ESTABLISHED)
awx-manag 197346    awx   14u     IPv4 605097      0t0       TCP aap24-control:45262->aap24-database:postgres (ESTABLISHED)
awx-manag 197541    awx   16u     IPv4 838784      0t0       TCP aap24-control:50050->aap24-database:postgres (ESTABLISHED)
sshd      252955   root    4u     IPv4 794664      0t0       TCP aap24-control:ssh->192.168.1.49:51510 (ESTABLISHED)
sshd      252958   root    4u     IPv4 794664      0t0       TCP aap24-control:ssh->192.168.1.49:51510 (ESTABLISHED)
awx-manag 260737    awx   38u     IPv4 606638      0t0       TCP aap24-control:45280->aap24-database:postgres (ESTABLISHED)
receptor  260747    awx  cwd       DIR  253,0      235       128 /
receptor  260747    awx  rtd       DIR  253,0      235       128 /
receptor  260747    awx  txt       REG  253,0 54652712 100691309 /usr/bin/receptor
receptor  260747    awx  mem       REG  253,0  5436640     28515 /usr/lib64/libcrypto.so.3.2.2
receptor  260747    awx  mem       REG  253,0  2544344      3530 /usr/lib64/libc.so.6
receptor  260747    awx  mem       REG  253,0   102552      3550 /usr/lib64/libz.so.1.2.11
receptor  260747    awx  mem       REG  253,0   897856      3526 /usr/lib64/ld-linux-x86-64.so.2
receptor  260747    awx    0r      CHR    1,3      0t0         4 /dev/null
receptor  260747    awx    1w      REG  253,0     8771  34641330 /var/log/receptor/receptor.log
receptor  260747    awx    2w      REG  253,0     8771  34641330 /var/log/receptor/receptor.log
receptor  260747    awx    3r      REG  253,0     2192   1921301 /tmp/receptor/192.168.1.252/KSjKtIU8/stdin
receptor  260747    awx    4u  a_inode   0,14        0        62 [eventpoll:5]
receptor  260747    awx    5r     FIFO   0,13      0t0    822712 pipe
receptor  260747    awx    6w     FIFO   0,13      0t0    822712 pipe
receptor  260747    awx    7w      REG  253,0    34120   1921302 /tmp/receptor/192.168.1.252/KSjKtIU8/stdout
slirp4net 260788    awx    3u     IPv4 824660      0t0       TCP aap24-control:49576->aap25-execution.lan:ssh (ESTABLISHED)
awx-manag 262433    awx   38u     IPv4 606638      0t0       TCP aap24-control:45280->aap24-database:postgres (ESTABLISHED)
awx-manag 262433    awx   46u     IPv4 836059      0t0       TCP aap24-control:50414->aap24-database:postgres (ESTABLISHED)
awx-manag 262435    awx   38u     IPv4 606638      0t0       TCP aap24-control:45280->aap24-database:postgres (ESTABLISHED)
awx-manag 262435    awx   55u     IPv4 837089      0t0       TCP aap24-control:50054->aap24-database:postgres (ESTABLISHED)
awx-manag 262437    awx   38u     IPv4 606638      0t0       TCP aap24-control:45280->aap24-database:postgres (ESTABLISHED)
awx-manag 262437    awx   67u     IPv4 835103      0t0       TCP aap24-control:50426->aap24-database:postgres (ESTABLISHED)
awx-manag 263829    awx   33u     IPv4 838567      0t0       TCP aap24-control:45636->aap24-database:postgres (ESTABLISHED)
awx-manag 263829    awx   38u     IPv4 606638      0t0       TCP aap24-control:45280->aap24-database:postgres (ESTABLISHED)
awx-manag 263831    awx   34u     IPv4 838703      0t0       TCP aap24-control:45620->aap24-database:postgres (ESTABLISHED)
awx-manag 263831    awx   38u     IPv4 606638      0t0       TCP aap24-control:45280->aap24-database:postgres (ESTABLISHED)
awx-manag 263833    awx   38u     IPv4 606638      0t0       TCP aap24-control:45280->aap24-database:postgres (ESTABLISHED)

    PID    PPID CMD                           RSS    VSZ %CPU %MEM     ELAPSED
Receptor Child Processes for PID 264661:
  No child processes found
Receptor Threads for PID 264661:
    PID    SPID %CPU %MEM   RSS COMMAND
Receptor Network Connections for PID 264661:
COMMAND      PID   USER   FD   TYPE DEVICE SIZE/OFF NODE NAME
chronyd      789 chrony    5u  IPv4  13239      0t0  UDP localhost:323 
chronyd      789 chrony    6u  IPv6  13240      0t0  UDP localhost:323 
NetworkMa    792   root   26u  IPv4  22360      0t0  UDP aap24-control:bootpc->pi.hole:bootps 
sshd         859   root    3u  IPv4  22990      0t0  TCP *:ssh (LISTEN)
sshd         859   root    4u  IPv6  22992      0t0  TCP *:ssh (LISTEN)
receptor  192070    awx    8u  IPv6 587141      0t0  TCP *:27199 (LISTEN)
receptor  192070    awx    9u  IPv6 586439      0t0  TCP aap24-control:27199->aap24-execution:40392 (ESTABLISHED)
nginx     196761   root    8u  IPv4 602782      0t0  TCP *:https (LISTEN)
nginx     196761   root    9u  IPv4 602783      0t0  TCP *:http (LISTEN)
nginx     196761   root   10u  IPv6 602784      0t0  TCP *:https (LISTEN)
nginx     196761   root   11u  IPv6 602785      0t0  TCP *:http (LISTEN)
nginx     196762  nginx    8u  IPv4 602782      0t0  TCP *:https (LISTEN)
nginx     196762  nginx    9u  IPv4 602783      0t0  TCP *:http (LISTEN)
nginx     196762  nginx   10u  IPv6 602784      0t0  TCP *:https (LISTEN)
nginx     196762  nginx   11u  IPv6 602785      0t0  TCP *:http (LISTEN)
nginx     196763  nginx    8u  IPv4 602782      0t0  TCP *:https (LISTEN)
nginx     196763  nginx    9u  IPv4 602783      0t0  TCP *:http (LISTEN)
nginx     196763  nginx   10u  IPv6 602784      0t0  TCP *:https (LISTEN)
nginx     196763  nginx   11u  IPv6 602785      0t0  TCP *:http (LISTEN)
nginx     196763  nginx   19u  IPv4 790424      0t0  TCP aap24-control:https->192.168.1.49:49410 (ESTABLISHED)
nginx     196763  nginx   24u  IPv4 792276      0t0  TCP aap24-control:https->192.168.1.49:49422 (ESTABLISHED)
nginx     196764  nginx    8u  IPv4 602782      0t0  TCP *:https (LISTEN)
nginx     196764  nginx    9u  IPv4 602783      0t0  TCP *:http (LISTEN)
nginx     196764  nginx   10u  IPv6 602784      0t0  TCP *:https (LISTEN)
nginx     196764  nginx   11u  IPv6 602785      0t0  TCP *:http (LISTEN)
nginx     196765  nginx    8u  IPv4 602782      0t0  TCP *:https (LISTEN)
nginx     196765  nginx    9u  IPv4 602783      0t0  TCP *:http (LISTEN)
nginx     196765  nginx   10u  IPv6 602784      0t0  TCP *:https (LISTEN)
nginx     196765  nginx   11u  IPv6 602785      0t0  TCP *:http (LISTEN)
awx-manag 197339    awx   38u  IPv4 606638      0t0  TCP aap24-control:45280->aap24-database:postgres (ESTABLISHED)
awx-manag 197340    awx   29u  IPv4 626226      0t0  TCP aap24-control:47354->aap24-database:postgres (ESTABLISHED)
daphne    197342    awx   13u  IPv4 605767      0t0  TCP aap24-control:45240->aap24-database:postgres (ESTABLISHED)
awx-manag 197343    awx   17u  IPv4 607603      0t0  TCP aap24-control:45338->aap24-database:postgres (ESTABLISHED)
awx-manag 197345   root    8u  IPv4 605873      0t0  TCP aap24-control:45304->aap24-database:postgres (ESTABLISHED)
awx-manag 197345   root   14u  IPv4 605878      0t0  TCP aap24-control:45316->aap24-database:postgres (ESTABLISHED)
awx-manag 197346    awx    8u  IPv4 606592      0t0  TCP aap24-control:45256->aap24-database:postgres (ESTABLISHED)
awx-manag 197346    awx   14u  IPv4 605097      0t0  TCP aap24-control:45262->aap24-database:postgres (ESTABLISHED)
awx-manag 197541    awx   16u  IPv4 838784      0t0  TCP aap24-control:50050->aap24-database:postgres (ESTABLISHED)
sshd      252955   root    4u  IPv4 794664      0t0  TCP aap24-control:ssh->192.168.1.49:51510 (ESTABLISHED)
sshd      252958   root    4u  IPv4 794664      0t0  TCP aap24-control:ssh->192.168.1.49:51510 (ESTABLISHED)
awx-manag 260737    awx   38u  IPv4 606638      0t0  TCP aap24-control:45280->aap24-database:postgres (ESTABLISHED)
slirp4net 260788    awx    3u  IPv4 824660      0t0  TCP aap24-control:49576->aap25-execution.lan:ssh (ESTABLISHED)
awx-manag 262433    awx   38u  IPv4 606638      0t0  TCP aap24-control:45280->aap24-database:postgres (ESTABLISHED)
awx-manag 262433    awx   46u  IPv4 836059      0t0  TCP aap24-control:50414->aap24-database:postgres (ESTABLISHED)
awx-manag 262435    awx   38u  IPv4 606638      0t0  TCP aap24-control:45280->aap24-database:postgres (ESTABLISHED)
awx-manag 262435    awx   55u  IPv4 837089      0t0  TCP aap24-control:50054->aap24-database:postgres (ESTABLISHED)
awx-manag 262437    awx   38u  IPv4 606638      0t0  TCP aap24-control:45280->aap24-database:postgres (ESTABLISHED)
awx-manag 262437    awx   67u  IPv4 835103      0t0  TCP aap24-control:50426->aap24-database:postgres (ESTABLISHED)
awx-manag 263829    awx   33u  IPv4 838567      0t0  TCP aap24-control:45636->aap24-database:postgres (ESTABLISHED)
awx-manag 263829    awx   38u  IPv4 606638      0t0  TCP aap24-control:45280->aap24-database:postgres (ESTABLISHED)
awx-manag 263831    awx   34u  IPv4 838703      0t0  TCP aap24-control:45620->aap24-database:postgres (ESTABLISHED)
awx-manag 263831    awx   38u  IPv4 606638      0t0  TCP aap24-control:45280->aap24-database:postgres (ESTABLISHED)
awx-manag 263833    awx   38u  IPv4 606638      0t0  TCP aap24-control:45280->aap24-database:postgres (ESTABLISHED)
  No network connections found

=== RECEPTOR MEMORY SUMMARY ===
Total Receptor RSS Memory: 155716 KB (152 MB)
Total Receptor VSZ Memory: 4303388 KB (4202 MB)
Number of Receptor Processes: 4

AAP-related Processes and Children:
=== AAP Service Processes ===
Process: redis-server (PID: 135959)
    PID    PPID CMD                           RSS
 135959       1 /usr/bin/redis-server unixs 13284

Process: receptor (PID: 192070)
    PID    PPID CMD                           RSS
 192070       1 /usr/bin/receptor -c /etc/r 46856
  Children of PID 192070:
    PID    PPID CMD                           RSS
 260747  192070 /usr/bin/receptor --node id 38336

Process: nginx (PID: 196761)
    PID    PPID CMD                           RSS
 196761       1 nginx: master process /usr/  2124
  Children of PID 196761:
    PID    PPID CMD                           RSS
 196762  196761 nginx: worker process        4044
    PID    PPID CMD                           RSS
 196763  196761 nginx: worker process        8524
    PID    PPID CMD                           RSS
 196764  196761 nginx: worker process        8140
    PID    PPID CMD                           RSS
 196765  196761 nginx: worker process        8524

Process: nginx (PID: 196762)
    PID    PPID CMD                           RSS
 196762  196761 nginx: worker process        4044

Process: nginx (PID: 196763)
    PID    PPID CMD                           RSS
 196763  196761 nginx: worker process        8524

Process: nginx (PID: 196764)
    PID    PPID CMD                           RSS
 196764  196761 nginx: worker process        8140

Process: nginx (PID: 196765)
    PID    PPID CMD                           RSS
 196765  196761 nginx: worker process        8524

Process: uwsgi (PID: 197341)
    PID    PPID CMD                           RSS
 197341  197177 /var/lib/awx/venv/awx/bin/u 103452
  Children of PID 197341:
    PID    PPID CMD                           RSS
 253044  197341 /var/lib/awx/venv/awx/bin/u 118136
    PID    PPID CMD                           RSS
 253045  197341 /var/lib/awx/venv/awx/bin/u 124536
    PID    PPID CMD                           RSS
 253046  197341 /var/lib/awx/venv/awx/bin/u 118648
    PID    PPID CMD                           RSS
 253047  197341 /var/lib/awx/venv/awx/bin/u 121848

Process: uwsgi (PID: 253044)
    PID    PPID CMD                           RSS
 253044  197341 /var/lib/awx/venv/awx/bin/u 118136

Process: uwsgi (PID: 253045)
    PID    PPID CMD                           RSS
 253045  197341 /var/lib/awx/venv/awx/bin/u 124536

Process: uwsgi (PID: 253046)
    PID    PPID CMD                           RSS
 253046  197341 /var/lib/awx/venv/awx/bin/u 118648

Process: uwsgi (PID: 253047)
    PID    PPID CMD                           RSS
 253047  197341 /var/lib/awx/venv/awx/bin/u 121848

Process: bash (PID: 253089)
    PID    PPID CMD                           RSS
 253089       1 bash -c  log_file="/tmp/mem  3584
  Children of PID 253089:
    PID    PPID CMD                           RSS
 264782  253089 bash -c  log_file="/tmp/mem  2400

Process: receptor (PID: 260747)
    PID    PPID CMD                           RSS
 260747  192070 /usr/bin/receptor --node id 38336
  Children of PID 260747:
    PID    PPID CMD                           RSS
 260755  260747 /var/lib/awx/venv/awx/bin/p 28604

Process: bash (PID: 264782)
    PID    PPID CMD                           RSS
 264782  253089 bash -c  log_file="/tmp/mem  2400
  Children of PID 264782:
    PID    PPID CMD                           RSS


Process Tree for AAP Services:
=== automation-controller Process Tree ===
bash(253089)---pstree(264842)
=== receptor Process Tree ===
receptor(192070)-+-receptor(260747)-+-ansible-runner(260755)---podman(260766)-+-exe(260774)-+-slirp4netns(260788)
                 |                  |                                         |             |-{exe}(260776)
                 |                  |                                         |             |-{exe}(260777)
                 |                  |                                         |             |-{exe}(260778)
                 |                  |                                         |             |-{exe}(260779)
                 |                  |                                         |             |-{exe}(260780)
                 |                  |                                         |             |-{exe}(260781)
                 |                  |                                         |             |-{exe}(260783)
                 |                  |                                         |             |-{exe}(260784)
                 |                  |                                         |             |-{exe}(260785)
                 |                  |                                         |             `-{exe}(260790)
                 |                  |                                         |-{podman}(260767)
                 |                  |                                         |-{podman}(260768)
                 |                  |                                         |-{podman}(260769)
                 |                  |                                         |-{podman}(260770)
                 |                  |                                         |-{podman}(260771)
                 |                  |                                         |-{podman}(260772)
                 |                  |                                         |-{podman}(260773)
                 |                  |                                         `-{podman}(260775)
                 |                  |-{receptor}(260748)
                 |                  |-{receptor}(260749)
                 |                  |-{receptor}(260750)
                 |                  |-{receptor}(260751)
                 |                  |-{receptor}(260752)
                 |                  |-{receptor}(260753)
                 |                  |-{receptor}(260754)
                 |                  |-{receptor}(262052)
                 |                  `-{receptor}(262053)
                 |-{receptor}(192072)
                 |-{receptor}(192073)
                 |-{receptor}(192074)
                 |-{receptor}(192075)
                 |-{receptor}(192076)
                 |-{receptor}(192077)
                 |-{receptor}(201640)
                 `-{receptor}(202660)
bash(253089)---pstree(264847)
receptor(260747)-+-ansible-runner(260755)---podman(260766)-+-exe(260774)-+-slirp4netns(260788)
                 |                                         |             |-{exe}(260776)
                 |                                         |             |-{exe}(260777)
                 |                                         |             |-{exe}(260778)
                 |                                         |             |-{exe}(260779)
                 |                                         |             |-{exe}(260780)
                 |                                         |             |-{exe}(260781)
                 |                                         |             |-{exe}(260783)
                 |                                         |             |-{exe}(260784)
                 |                                         |             |-{exe}(260785)
                 |                                         |             `-{exe}(260790)
                 |                                         |-{podman}(260767)
                 |                                         |-{podman}(260768)
                 |                                         |-{podman}(260769)
                 |                                         |-{podman}(260770)
                 |                                         |-{podman}(260771)
                 |                                         |-{podman}(260772)
                 |                                         |-{podman}(260773)
                 |                                         `-{podman}(260775)
                 |-{receptor}(260748)
                 |-{receptor}(260749)
                 |-{receptor}(260750)
                 |-{receptor}(260751)
                 |-{receptor}(260752)
                 |-{receptor}(260753)
                 |-{receptor}(260754)
                 |-{receptor}(262052)
                 `-{receptor}(262053)
=== nginx Process Tree ===
nginx(196761)-+-nginx(196762)
              |-nginx(196763)
              |-nginx(196764)
              `-nginx(196765)
nginx(196762)
nginx(196763)
nginx(196764)
nginx(196765)
bash(253089)---pstree(264857)
=== postgresql Process Tree ===
bash(253089)---pstree(264861)
=== redis Process Tree ===
redis-server(135959)-+-{redis-server}(135960)
                     |-{redis-server}(135961)
                     |-{redis-server}(135962)
                     `-{redis-server}(135963)
bash(253089)---pstree(264866)
=== uwsgi Process Tree ===
uwsgi(197341)-+-uwsgi(253044)
              |-uwsgi(253045)
              |-uwsgi(253046)
              `-uwsgi(253047)
uwsgi(253044)
uwsgi(253045)
uwsgi(253046)
uwsgi(253047)
bash(253089)---pstree(264875)
=== automation-hub Process Tree ===
bash(253089)---pstree(264879)
=== automation-eda Process Tree ===
bash(253089)---pstree(264883)

=================================================================================
2025-07-07 15:58:26
Memory Usage Report:
               total        used        free      shared  buff/cache   available
Mem:            7681        2197        1483          20        4318        5483
Swap:           8067           0        8067

Top 10 Processes by RSS Memory:
    PID    PPID CMD                           RSS
 197339  197177 /var/lib/awx/venv/awx/bin/p 133708
 197340  197177 /var/lib/awx/venv/awx/bin/p 131572
 197345  197177 /var/lib/awx/venv/awx/bin/p 130276
 260737  197339 /var/lib/awx/venv/awx/bin/p 128344
 263833  197339 /var/lib/awx/venv/awx/bin/p 126944
 263829  197339 /var/lib/awx/venv/awx/bin/p 126560
 197343  197177 /var/lib/awx/venv/awx/bin/p 125912
 263831  197339 /var/lib/awx/venv/awx/bin/p 125664
 197532  197340 /var/lib/awx/venv/awx/bin/p 125636
 197536  197340 /var/lib/awx/venv/awx/bin/p 125404

=== RECEPTOR PROCESS ANALYSIS ===
Receptor Main Processes:
    PID    PPID CMD                           RSS    VSZ %CPU %MEM     ELAPSED
 192070       1 /usr/bin/receptor -c /etc/r 46856 1347904 0.1  0.5    01:08:03
Receptor Child Processes for PID 192070:
  No child processes found
Receptor Threads for PID 192070:
    PID    SPID %CPU %MEM   RSS COMMAND
 192070  192070  0.0  0.5 46856 receptor
 192070  192072  0.0  0.5 46856 receptor
 192070  192073  0.0  0.5 46856 receptor
 192070  192074  0.0  0.5 46856 receptor
 192070  192075  0.0  0.5 46856 receptor
 192070  192076  0.0  0.5 46856 receptor
 192070  192077  0.0  0.5 46856 receptor
 192070  201640  0.0  0.5 46856 receptor
 192070  202660  0.0  0.5 46856 receptor
Receptor Network Connections for PID 192070:
COMMAND      PID   USER   FD      TYPE             DEVICE SIZE/OFF      NODE NAME
chronyd      789 chrony    5u     IPv4              13239      0t0       UDP localhost:323 
chronyd      789 chrony    6u     IPv6              13240      0t0       UDP localhost:323 
NetworkMa    792   root   26u     IPv4              22360      0t0       UDP aap24-control:bootpc->pi.hole:bootps 
sshd         859   root    3u     IPv4              22990      0t0       TCP *:ssh (LISTEN)
sshd         859   root    4u     IPv6              22992      0t0       TCP *:ssh (LISTEN)
receptor  192070    awx  cwd       DIR              253,0      235       128 /
receptor  192070    awx  rtd       DIR              253,0      235       128 /
receptor  192070    awx  txt       REG              253,0 54652712 100691309 /usr/bin/receptor
receptor  192070    awx  mem       REG              253,0  5436640     28515 /usr/lib64/libcrypto.so.3.2.2
receptor  192070    awx  mem       REG              253,0  2544344      3530 /usr/lib64/libc.so.6
receptor  192070    awx  mem       REG              253,0   102552      3550 /usr/lib64/libz.so.1.2.11
receptor  192070    awx  mem       REG              253,0   897856      3526 /usr/lib64/ld-linux-x86-64.so.2
receptor  192070    awx    0r      CHR                1,3      0t0         4 /dev/null
receptor  192070    awx    1w      REG              253,0     9057  34641330 /var/log/receptor/receptor.log
receptor  192070    awx    2w      REG              253,0     9057  34641330 /var/log/receptor/receptor.log
receptor  192070    awx    3rW     REG               0,23        0      2816 /run/awx-receptor/receptor.sock.lock
receptor  192070    awx    4u  a_inode               0,14        0        62 [eventpoll:5,7,8,9]
receptor  192070    awx    5r     FIFO               0,13      0t0    584296 pipe
receptor  192070    awx    6w     FIFO               0,13      0t0    584296 pipe
receptor  192070    awx    7u     unix 0xffff9bf94dcae400      0t0    585091 /var/run/awx-receptor/receptor.sock type=STREAM (LISTEN)
receptor  192070    awx    8u     IPv6             587141      0t0       TCP *:27199 (LISTEN)
receptor  192070    awx    9u     IPv6             586439      0t0       TCP aap24-control:27199->aap24-execution:40392 (ESTABLISHED)
nginx     196761   root    8u     IPv4             602782      0t0       TCP *:https (LISTEN)
nginx     196761   root    9u     IPv4             602783      0t0       TCP *:http (LISTEN)
nginx     196761   root   10u     IPv6             602784      0t0       TCP *:https (LISTEN)
nginx     196761   root   11u     IPv6             602785      0t0       TCP *:http (LISTEN)
nginx     196762  nginx    8u     IPv4             602782      0t0       TCP *:https (LISTEN)
nginx     196762  nginx    9u     IPv4             602783      0t0       TCP *:http (LISTEN)
nginx     196762  nginx   10u     IPv6             602784      0t0       TCP *:https (LISTEN)
nginx     196762  nginx   11u     IPv6             602785      0t0       TCP *:http (LISTEN)
nginx     196763  nginx    8u     IPv4             602782      0t0       TCP *:https (LISTEN)
nginx     196763  nginx    9u     IPv4             602783      0t0       TCP *:http (LISTEN)
nginx     196763  nginx   10u     IPv6             602784      0t0       TCP *:https (LISTEN)
nginx     196763  nginx   11u     IPv6             602785      0t0       TCP *:http (LISTEN)
nginx     196763  nginx   19u     IPv4             790424      0t0       TCP aap24-control:https->192.168.1.49:49410 (ESTABLISHED)
nginx     196763  nginx   24u     IPv4             792276      0t0       TCP aap24-control:https->192.168.1.49:49422 (ESTABLISHED)
nginx     196764  nginx    8u     IPv4             602782      0t0       TCP *:https (LISTEN)
nginx     196764  nginx    9u     IPv4             602783      0t0       TCP *:http (LISTEN)
nginx     196764  nginx   10u     IPv6             602784      0t0       TCP *:https (LISTEN)
nginx     196764  nginx   11u     IPv6             602785      0t0       TCP *:http (LISTEN)
nginx     196765  nginx    8u     IPv4             602782      0t0       TCP *:https (LISTEN)
nginx     196765  nginx    9u     IPv4             602783      0t0       TCP *:http (LISTEN)
nginx     196765  nginx   10u     IPv6             602784      0t0       TCP *:https (LISTEN)
nginx     196765  nginx   11u     IPv6             602785      0t0       TCP *:http (LISTEN)
awx-manag 197339    awx   38u     IPv4             606638      0t0       TCP aap24-control:45280->aap24-database:postgres (ESTABLISHED)
awx-manag 197340    awx   29u     IPv4             626226      0t0       TCP aap24-control:47354->aap24-database:postgres (ESTABLISHED)
daphne    197342    awx   13u     IPv4             605767      0t0       TCP aap24-control:45240->aap24-database:postgres (ESTABLISHED)
awx-manag 197343    awx   17u     IPv4             607603      0t0       TCP aap24-control:45338->aap24-database:postgres (ESTABLISHED)
awx-manag 197345   root    8u     IPv4             605873      0t0       TCP aap24-control:45304->aap24-database:postgres (ESTABLISHED)
awx-manag 197345   root   14u     IPv4             605878      0t0       TCP aap24-control:45316->aap24-database:postgres (ESTABLISHED)
awx-manag 197346    awx    8u     IPv4             606592      0t0       TCP aap24-control:45256->aap24-database:postgres (ESTABLISHED)
awx-manag 197346    awx   14u     IPv4             605097      0t0       TCP aap24-control:45262->aap24-database:postgres (ESTABLISHED)
awx-manag 197541    awx   16u     IPv4             839434      0t0       TCP aap24-control:51520->aap24-database:postgres (ESTABLISHED)
sshd      252955   root    4u     IPv4             794664      0t0       TCP aap24-control:ssh->192.168.1.49:51510 (ESTABLISHED)
sshd      252958   root    4u     IPv4             794664      0t0       TCP aap24-control:ssh->192.168.1.49:51510 (ESTABLISHED)
awx-manag 260737    awx   38u     IPv4             606638      0t0       TCP aap24-control:45280->aap24-database:postgres (ESTABLISHED)
awx-manag 260737    awx   51u     IPv4             837509      0t0       TCP aap24-control:51608->aap24-database:postgres (ESTABLISHED)
awx-manag 263829    awx   38u     IPv4             606638      0t0       TCP aap24-control:45280->aap24-database:postgres (ESTABLISHED)
awx-manag 263829    awx   66u     IPv4             839446      0t0       TCP aap24-control:51556->aap24-database:postgres (ESTABLISHED)
awx-manag 263831    awx   34u     IPv4             839437      0t0       TCP aap24-control:51530->aap24-database:postgres (ESTABLISHED)
awx-manag 263831    awx   38u     IPv4             606638      0t0       TCP aap24-control:45280->aap24-database:postgres (ESTABLISHED)
awx-manag 263833    awx   38u     IPv4             606638      0t0       TCP aap24-control:45280->aap24-database:postgres (ESTABLISHED)
awx-manag 265223    awx   38u     IPv4             606638      0t0       TCP aap24-control:45280->aap24-database:postgres (ESTABLISHED)
awx-manag 265223    awx   52u     IPv4             840466      0t0       TCP aap24-control:51624->aap24-database:postgres (ESTABLISHED)
awx-manag 265225    awx   38u     IPv4             606638      0t0       TCP aap24-control:45280->aap24-database:postgres (ESTABLISHED)
awx-manag 265225    awx   50u     IPv4             840403      0t0       TCP aap24-control:51560->aap24-database:postgres (ESTABLISHED)
awx-manag 265227    awx   38u     IPv4             606638      0t0       TCP aap24-control:45280->aap24-database:postgres (ESTABLISHED)
awx-manag 265227    awx   57u     IPv4             839447      0t0       TCP aap24-control:51574->aap24-database:postgres (ESTABLISHED)

    PID    PPID CMD                           RSS    VSZ %CPU %MEM     ELAPSED
 253089       1 bash -c  log_file="/tmp/mem  3584   7344  0.0  0.0       07:11
Receptor Child Processes for PID 253089:
      PID    PPID CMD                           RSS    VSZ %CPU %MEM     ELAPSED
Receptor Threads for PID 253089:
    PID    SPID %CPU %MEM   RSS COMMAND
 253089  253089  0.0  0.0  3584 bash
Receptor Network Connections for PID 253089:
COMMAND      PID   USER   FD   TYPE DEVICE SIZE/OFF      NODE NAME
chronyd      789 chrony    5u  IPv4  13239      0t0       UDP localhost:323 
chronyd      789 chrony    6u  IPv6  13240      0t0       UDP localhost:323 
NetworkMa    792   root   26u  IPv4  22360      0t0       UDP aap24-control:bootpc->pi.hole:bootps 
sshd         859   root    3u  IPv4  22990      0t0       TCP *:ssh (LISTEN)
sshd         859   root    4u  IPv6  22992      0t0       TCP *:ssh (LISTEN)
receptor  192070    awx    8u  IPv6 587141      0t0       TCP *:27199 (LISTEN)
receptor  192070    awx    9u  IPv6 586439      0t0       TCP aap24-control:27199->aap24-execution:40392 (ESTABLISHED)
nginx     196761   root    8u  IPv4 602782      0t0       TCP *:https (LISTEN)
nginx     196761   root    9u  IPv4 602783      0t0       TCP *:http (LISTEN)
nginx     196761   root   10u  IPv6 602784      0t0       TCP *:https (LISTEN)
nginx     196761   root   11u  IPv6 602785      0t0       TCP *:http (LISTEN)
nginx     196762  nginx    8u  IPv4 602782      0t0       TCP *:https (LISTEN)
nginx     196762  nginx    9u  IPv4 602783      0t0       TCP *:http (LISTEN)
nginx     196762  nginx   10u  IPv6 602784      0t0       TCP *:https (LISTEN)
nginx     196762  nginx   11u  IPv6 602785      0t0       TCP *:http (LISTEN)
nginx     196763  nginx    8u  IPv4 602782      0t0       TCP *:https (LISTEN)
nginx     196763  nginx    9u  IPv4 602783      0t0       TCP *:http (LISTEN)
nginx     196763  nginx   10u  IPv6 602784      0t0       TCP *:https (LISTEN)
nginx     196763  nginx   11u  IPv6 602785      0t0       TCP *:http (LISTEN)
nginx     196763  nginx   19u  IPv4 790424      0t0       TCP aap24-control:https->192.168.1.49:49410 (ESTABLISHED)
nginx     196763  nginx   24u  IPv4 792276      0t0       TCP aap24-control:https->192.168.1.49:49422 (ESTABLISHED)
nginx     196764  nginx    8u  IPv4 602782      0t0       TCP *:https (LISTEN)
nginx     196764  nginx    9u  IPv4 602783      0t0       TCP *:http (LISTEN)
nginx     196764  nginx   10u  IPv6 602784      0t0       TCP *:https (LISTEN)
nginx     196764  nginx   11u  IPv6 602785      0t0       TCP *:http (LISTEN)
nginx     196765  nginx    8u  IPv4 602782      0t0       TCP *:https (LISTEN)
nginx     196765  nginx    9u  IPv4 602783      0t0       TCP *:http (LISTEN)
nginx     196765  nginx   10u  IPv6 602784      0t0       TCP *:https (LISTEN)
nginx     196765  nginx   11u  IPv6 602785      0t0       TCP *:http (LISTEN)
awx-manag 197339    awx   38u  IPv4 606638      0t0       TCP aap24-control:45280->aap24-database:postgres (ESTABLISHED)
awx-manag 197340    awx   29u  IPv4 626226      0t0       TCP aap24-control:47354->aap24-database:postgres (ESTABLISHED)
daphne    197342    awx   13u  IPv4 605767      0t0       TCP aap24-control:45240->aap24-database:postgres (ESTABLISHED)
awx-manag 197343    awx   17u  IPv4 607603      0t0       TCP aap24-control:45338->aap24-database:postgres (ESTABLISHED)
awx-manag 197345   root    8u  IPv4 605873      0t0       TCP aap24-control:45304->aap24-database:postgres (ESTABLISHED)
awx-manag 197345   root   14u  IPv4 605878      0t0       TCP aap24-control:45316->aap24-database:postgres (ESTABLISHED)
awx-manag 197346    awx    8u  IPv4 606592      0t0       TCP aap24-control:45256->aap24-database:postgres (ESTABLISHED)
awx-manag 197346    awx   14u  IPv4 605097      0t0       TCP aap24-control:45262->aap24-database:postgres (ESTABLISHED)
awx-manag 197541    awx   16u  IPv4 839434      0t0       TCP aap24-control:51520->aap24-database:postgres (ESTABLISHED)
sshd      252955   root    4u  IPv4 794664      0t0       TCP aap24-control:ssh->192.168.1.49:51510 (ESTABLISHED)
sshd      252958   root    4u  IPv4 794664      0t0       TCP aap24-control:ssh->192.168.1.49:51510 (ESTABLISHED)
bash      253089   root  cwd    DIR  253,0      142 100663430 /root
bash      253089   root  rtd    DIR  253,0      235       128 /
bash      253089   root  txt    REG  253,0  1389072 100699101 /usr/bin/bash
bash      253089   root  mem    REG  253,0  2586930 100699387 /usr/lib/locale/en_US.utf8/LC_COLLATE
bash      253089   root  mem    REG  253,0  2544344      3530 /usr/lib64/libc.so.6
bash      253089   root  mem    REG  253,0   346132  67253521 /usr/lib/locale/C.utf8/LC_CTYPE
bash      253089   root  mem    REG  253,0       54 100699390 /usr/lib/locale/en_US.utf8/LC_NUMERIC
bash      253089   root  mem    REG  253,0     3284      3433 /usr/lib/locale/en_US.utf8/LC_TIME
bash      253089   root  mem    REG  253,0      286      3431 /usr/lib/locale/en_US.utf8/LC_MONETARY
bash      253089   root  mem    REG  253,0       57      3445 /usr/lib/locale/en_US.utf8/LC_MESSAGES/SYS_LC_MESSAGES
bash      253089   root  mem    REG  253,0    26988  33558225 /usr/lib64/gconv/gconv-modules.cache
bash      253089   root  mem    REG  253,0   195080      3141 /usr/lib64/libtinfo.so.6.2
bash      253089   root  mem    REG  253,0       34  67253758 /usr/lib/locale/en_US.utf8/LC_PAPER
bash      253089   root  mem    REG  253,0       77 100699389 /usr/lib/locale/en_US.utf8/LC_NAME
bash      253089   root  mem    REG  253,0      167      3427 /usr/lib/locale/en_US.utf8/LC_ADDRESS
bash      253089   root  mem    REG  253,0       59      3432 /usr/lib/locale/en_US.utf8/LC_TELEPHONE
bash      253089   root  mem    REG  253,0       23      3430 /usr/lib/locale/en_US.utf8/LC_MEASUREMENT
bash      253089   root  mem    REG  253,0      369      3429 /usr/lib/locale/en_US.utf8/LC_IDENTIFICATION
bash      253089   root  mem    REG  253,0   897856      3526 /usr/lib64/ld-linux-x86-64.so.2
bash      253089   root    0r   CHR    1,3      0t0         4 /dev/null
bash      253089   root    1w   REG  253,0        0  67894671 /tmp/memory_monitor.log
bash      253089   root    2w   REG  253,0        0  67894671 /tmp/memory_monitor.log
bash      253089   root    3r  FIFO   0,13      0t0    840640 pipe
awx-manag 260737    awx   38u  IPv4 606638      0t0       TCP aap24-control:45280->aap24-database:postgres (ESTABLISHED)
awx-manag 260737    awx   51u  IPv4 837509      0t0       TCP aap24-control:51608->aap24-database:postgres (ESTABLISHED)
awx-manag 263829    awx   38u  IPv4 606638      0t0       TCP aap24-control:45280->aap24-database:postgres (ESTABLISHED)
awx-manag 263829    awx   66u  IPv4 839446      0t0       TCP aap24-control:51556->aap24-database:postgres (ESTABLISHED)
awx-manag 263831    awx   34u  IPv4 839437      0t0       TCP aap24-control:51530->aap24-database:postgres (ESTABLISHED)
awx-manag 263831    awx   38u  IPv4 606638      0t0       TCP aap24-control:45280->aap24-database:postgres (ESTABLISHED)
awx-manag 263833    awx   38u  IPv4 606638      0t0       TCP aap24-control:45280->aap24-database:postgres (ESTABLISHED)
awx-manag 265223    awx   38u  IPv4 606638      0t0       TCP aap24-control:45280->aap24-database:postgres (ESTABLISHED)
awx-manag 265223    awx   52u  IPv4 840466      0t0       TCP aap24-control:51624->aap24-database:postgres (ESTABLISHED)
awx-manag 265225    awx   38u  IPv4 606638      0t0       TCP aap24-control:45280->aap24-database:postgres (ESTABLISHED)
awx-manag 265225    awx   50u  IPv4 840403      0t0       TCP aap24-control:51560->aap24-database:postgres (ESTABLISHED)
awx-manag 265227    awx   38u  IPv4 606638      0t0       TCP aap24-control:45280->aap24-database:postgres (ESTABLISHED)
awx-manag 265227    awx   57u  IPv4 839447      0t0       TCP aap24-control:51574->aap24-database:postgres (ESTABLISHED)

    PID    PPID CMD                           RSS    VSZ %CPU %MEM     ELAPSED
Receptor Child Processes for PID 265514:
  No child processes found
Receptor Threads for PID 265514:
    PID    SPID %CPU %MEM   RSS COMMAND
Receptor Network Connections for PID 265514:
COMMAND      PID   USER   FD   TYPE DEVICE SIZE/OFF NODE NAME
chronyd      789 chrony    5u  IPv4  13239      0t0  UDP localhost:323 
chronyd      789 chrony    6u  IPv6  13240      0t0  UDP localhost:323 
NetworkMa    792   root   26u  IPv4  22360      0t0  UDP aap24-control:bootpc->pi.hole:bootps 
sshd         859   root    3u  IPv4  22990      0t0  TCP *:ssh (LISTEN)
sshd         859   root    4u  IPv6  22992      0t0  TCP *:ssh (LISTEN)
receptor  192070    awx    8u  IPv6 587141      0t0  TCP *:27199 (LISTEN)
receptor  192070    awx    9u  IPv6 586439      0t0  TCP aap24-control:27199->aap24-execution:40392 (ESTABLISHED)
nginx     196761   root    8u  IPv4 602782      0t0  TCP *:https (LISTEN)
nginx     196761   root    9u  IPv4 602783      0t0  TCP *:http (LISTEN)
nginx     196761   root   10u  IPv6 602784      0t0  TCP *:https (LISTEN)
nginx     196761   root   11u  IPv6 602785      0t0  TCP *:http (LISTEN)
nginx     196762  nginx    8u  IPv4 602782      0t0  TCP *:https (LISTEN)
nginx     196762  nginx    9u  IPv4 602783      0t0  TCP *:http (LISTEN)
nginx     196762  nginx   10u  IPv6 602784      0t0  TCP *:https (LISTEN)
nginx     196762  nginx   11u  IPv6 602785      0t0  TCP *:http (LISTEN)
nginx     196763  nginx    8u  IPv4 602782      0t0  TCP *:https (LISTEN)
nginx     196763  nginx    9u  IPv4 602783      0t0  TCP *:http (LISTEN)
nginx     196763  nginx   10u  IPv6 602784      0t0  TCP *:https (LISTEN)
nginx     196763  nginx   11u  IPv6 602785      0t0  TCP *:http (LISTEN)
nginx     196763  nginx   19u  IPv4 790424      0t0  TCP aap24-control:https->192.168.1.49:49410 (ESTABLISHED)
nginx     196763  nginx   24u  IPv4 792276      0t0  TCP aap24-control:https->192.168.1.49:49422 (ESTABLISHED)
nginx     196764  nginx    8u  IPv4 602782      0t0  TCP *:https (LISTEN)
nginx     196764  nginx    9u  IPv4 602783      0t0  TCP *:http (LISTEN)
nginx     196764  nginx   10u  IPv6 602784      0t0  TCP *:https (LISTEN)
nginx     196764  nginx   11u  IPv6 602785      0t0  TCP *:http (LISTEN)
nginx     196765  nginx    8u  IPv4 602782      0t0  TCP *:https (LISTEN)
nginx     196765  nginx    9u  IPv4 602783      0t0  TCP *:http (LISTEN)
nginx     196765  nginx   10u  IPv6 602784      0t0  TCP *:https (LISTEN)
nginx     196765  nginx   11u  IPv6 602785      0t0  TCP *:http (LISTEN)
awx-manag 197339    awx   38u  IPv4 606638      0t0  TCP aap24-control:45280->aap24-database:postgres (ESTABLISHED)
awx-manag 197340    awx   29u  IPv4 626226      0t0  TCP aap24-control:47354->aap24-database:postgres (ESTABLISHED)
daphne    197342    awx   13u  IPv4 605767      0t0  TCP aap24-control:45240->aap24-database:postgres (ESTABLISHED)
awx-manag 197343    awx   17u  IPv4 607603      0t0  TCP aap24-control:45338->aap24-database:postgres (ESTABLISHED)
awx-manag 197345   root    8u  IPv4 605873      0t0  TCP aap24-control:45304->aap24-database:postgres (ESTABLISHED)
awx-manag 197345   root   14u  IPv4 605878      0t0  TCP aap24-control:45316->aap24-database:postgres (ESTABLISHED)
awx-manag 197346    awx    8u  IPv4 606592      0t0  TCP aap24-control:45256->aap24-database:postgres (ESTABLISHED)
awx-manag 197346    awx   14u  IPv4 605097      0t0  TCP aap24-control:45262->aap24-database:postgres (ESTABLISHED)
awx-manag 197541    awx   16u  IPv4 839434      0t0  TCP aap24-control:51520->aap24-database:postgres (ESTABLISHED)
sshd      252955   root    4u  IPv4 794664      0t0  TCP aap24-control:ssh->192.168.1.49:51510 (ESTABLISHED)
sshd      252958   root    4u  IPv4 794664      0t0  TCP aap24-control:ssh->192.168.1.49:51510 (ESTABLISHED)
awx-manag 260737    awx   38u  IPv4 606638      0t0  TCP aap24-control:45280->aap24-database:postgres (ESTABLISHED)
awx-manag 260737    awx   51u  IPv4 837509      0t0  TCP aap24-control:51608->aap24-database:postgres (ESTABLISHED)
awx-manag 263829    awx   38u  IPv4 606638      0t0  TCP aap24-control:45280->aap24-database:postgres (ESTABLISHED)
awx-manag 263829    awx   66u  IPv4 839446      0t0  TCP aap24-control:51556->aap24-database:postgres (ESTABLISHED)
awx-manag 263831    awx   34u  IPv4 839437      0t0  TCP aap24-control:51530->aap24-database:postgres (ESTABLISHED)
awx-manag 263831    awx   38u  IPv4 606638      0t0  TCP aap24-control:45280->aap24-database:postgres (ESTABLISHED)
awx-manag 263833    awx   38u  IPv4 606638      0t0  TCP aap24-control:45280->aap24-database:postgres (ESTABLISHED)
awx-manag 265223    awx   38u  IPv4 606638      0t0  TCP aap24-control:45280->aap24-database:postgres (ESTABLISHED)
awx-manag 265223    awx   52u  IPv4 840466      0t0  TCP aap24-control:51624->aap24-database:postgres (ESTABLISHED)
awx-manag 265225    awx   38u  IPv4 606638      0t0  TCP aap24-control:45280->aap24-database:postgres (ESTABLISHED)
awx-manag 265225    awx   50u  IPv4 840403      0t0  TCP aap24-control:51560->aap24-database:postgres (ESTABLISHED)
awx-manag 265227    awx   38u  IPv4 606638      0t0  TCP aap24-control:45280->aap24-database:postgres (ESTABLISHED)
awx-manag 265227    awx   57u  IPv4 839447      0t0  TCP aap24-control:51574->aap24-database:postgres (ESTABLISHED)
  No network connections found

=== RECEPTOR MEMORY SUMMARY ===
Total Receptor RSS Memory: 50440 KB (49 MB)
Total Receptor VSZ Memory: 1355248 KB (1323 MB)
Number of Receptor Processes: 3

AAP-related Processes and Children:
=== AAP Service Processes ===
Process: redis-server (PID: 135959)
    PID    PPID CMD                           RSS
 135959       1 /usr/bin/redis-server unixs 13284

Process: receptor (PID: 192070)
    PID    PPID CMD                           RSS
 192070       1 /usr/bin/receptor -c /etc/r 46856

Process: nginx (PID: 196761)
    PID    PPID CMD                           RSS
 196761       1 nginx: master process /usr/  2124
  Children of PID 196761:
    PID    PPID CMD                           RSS
 196762  196761 nginx: worker process        4044
    PID    PPID CMD                           RSS
 196763  196761 nginx: worker process        8524
    PID    PPID CMD                           RSS
 196764  196761 nginx: worker process        8140
    PID    PPID CMD                           RSS
 196765  196761 nginx: worker process        8524

Process: nginx (PID: 196762)
    PID    PPID CMD                           RSS
 196762  196761 nginx: worker process        4044

Process: nginx (PID: 196763)
    PID    PPID CMD                           RSS
 196763  196761 nginx: worker process        8524

Process: nginx (PID: 196764)
    PID    PPID CMD                           RSS
 196764  196761 nginx: worker process        8140

Process: nginx (PID: 196765)
    PID    PPID CMD                           RSS
 196765  196761 nginx: worker process        8524

Process: uwsgi (PID: 197341)
    PID    PPID CMD                           RSS
 197341  197177 /var/lib/awx/venv/awx/bin/u 103452
  Children of PID 197341:
    PID    PPID CMD                           RSS
 253044  197341 /var/lib/awx/venv/awx/bin/u 118136
    PID    PPID CMD                           RSS
 253045  197341 /var/lib/awx/venv/awx/bin/u 124536
    PID    PPID CMD                           RSS
 253046  197341 /var/lib/awx/venv/awx/bin/u 118648
    PID    PPID CMD                           RSS
 253047  197341 /var/lib/awx/venv/awx/bin/u 122616

Process: uwsgi (PID: 253044)
    PID    PPID CMD                           RSS
 253044  197341 /var/lib/awx/venv/awx/bin/u 118136

Process: uwsgi (PID: 253045)
    PID    PPID CMD                           RSS
 253045  197341 /var/lib/awx/venv/awx/bin/u 124536

Process: uwsgi (PID: 253046)
    PID    PPID CMD                           RSS
 253046  197341 /var/lib/awx/venv/awx/bin/u 118648

Process: uwsgi (PID: 253047)
    PID    PPID CMD                           RSS
 253047  197341 /var/lib/awx/venv/awx/bin/u 122616

Process: bash (PID: 253089)
    PID    PPID CMD                           RSS
 253089       1 bash -c  log_file="/tmp/mem  3584
  Children of PID 253089:
    PID    PPID CMD                           RSS
 265594  253089 bash -c  log_file="/tmp/mem  2400

Process: bash (PID: 265594)
    PID    PPID CMD                           RSS
 265594  253089 bash -c  log_file="/tmp/mem  2400
  Children of PID 265594:
    PID    PPID CMD                           RSS


Process Tree for AAP Services:
=== automation-controller Process Tree ===
bash(253089)---pstree(265649)
=== receptor Process Tree ===
receptor(192070)-+-{receptor}(192072)
                 |-{receptor}(192073)
                 |-{receptor}(192074)
                 |-{receptor}(192075)
                 |-{receptor}(192076)
                 |-{receptor}(192077)
                 |-{receptor}(201640)
                 `-{receptor}(202660)
bash(253089)---pstree(265654)
=== nginx Process Tree ===
nginx(196761)-+-nginx(196762)
              |-nginx(196763)
              |-nginx(196764)
              `-nginx(196765)
nginx(196762)
nginx(196763)
nginx(196764)
nginx(196765)
bash(253089)---pstree(265663)
=== postgresql Process Tree ===
bash(253089)---pstree(265667)
=== redis Process Tree ===
redis-server(135959)-+-{redis-server}(135960)
                     |-{redis-server}(135961)
                     |-{redis-server}(135962)
                     `-{redis-server}(135963)
bash(253089)---pstree(265672)
=== uwsgi Process Tree ===
uwsgi(197341)-+-uwsgi(253044)
              |-uwsgi(253045)
              |-uwsgi(253046)
              `-uwsgi(253047)
uwsgi(253044)
uwsgi(253045)
uwsgi(253046)
uwsgi(253047)
bash(253089)---pstree(265681)
=== automation-hub Process Tree ===
bash(253089)---pstree(265685)
=== automation-eda Process Tree ===
bash(253089)---pstree(265689)

=================================================================================
2025-07-07 15:58:56
Memory Usage Report:
               total        used        free      shared  buff/cache   available
Mem:            7681        2377        1299          20        4322        5303
Swap:           8067           0        8067

Top 10 Processes by RSS Memory:
    PID    PPID CMD                           RSS
 197339  197177 /var/lib/awx/venv/awx/bin/p 133708
 197340  197177 /var/lib/awx/venv/awx/bin/p 131572
 197345  197177 /var/lib/awx/venv/awx/bin/p 130276
 260737  197339 /var/lib/awx/venv/awx/bin/p 128344
 265227  197339 /var/lib/awx/venv/awx/bin/p 127852
 265225  197339 /var/lib/awx/venv/awx/bin/p 127084
 263833  197339 /var/lib/awx/venv/awx/bin/p 126944
 263829  197339 /var/lib/awx/venv/awx/bin/p 126560
 197343  197177 /var/lib/awx/venv/awx/bin/p 125912
 263831  197339 /var/lib/awx/venv/awx/bin/p 125664

=== RECEPTOR PROCESS ANALYSIS ===
Receptor Main Processes:
    PID    PPID CMD                           RSS    VSZ %CPU %MEM     ELAPSED
 192070       1 /usr/bin/receptor -c /etc/r 46532 1347904 0.1  0.5    01:08:34
Receptor Child Processes for PID 192070:
      PID    PPID CMD                           RSS    VSZ %CPU %MEM     ELAPSED
 265863  192070 /usr/bin/receptor --node id 37164 1272508 0.0  0.4       00:18
Receptor Threads for PID 192070:
    PID    SPID %CPU %MEM   RSS COMMAND
 192070  192070  0.0  0.5 46532 receptor
 192070  192072  0.0  0.5 46532 receptor
 192070  192073  0.0  0.5 46532 receptor
 192070  192074  0.0  0.5 46532 receptor
 192070  192075  0.0  0.5 46532 receptor
 192070  192076  0.0  0.5 46532 receptor
 192070  192077  0.0  0.5 46532 receptor
 192070  201640  0.0  0.5 46532 receptor
 192070  202660  0.0  0.5 46532 receptor
Receptor Network Connections for PID 192070:
COMMAND      PID   USER   FD      TYPE             DEVICE SIZE/OFF      NODE NAME
chronyd      789 chrony    5u     IPv4              13239      0t0       UDP localhost:323 
chronyd      789 chrony    6u     IPv6              13240      0t0       UDP localhost:323 
NetworkMa    792   root   26u     IPv4              22360      0t0       UDP aap24-control:bootpc->pi.hole:bootps 
sshd         859   root    3u     IPv4              22990      0t0       TCP *:ssh (LISTEN)
sshd         859   root    4u     IPv6              22992      0t0       TCP *:ssh (LISTEN)
receptor  192070    awx  cwd       DIR              253,0      235       128 /
receptor  192070    awx  rtd       DIR              253,0      235       128 /
receptor  192070    awx  txt       REG              253,0 54652712 100691309 /usr/bin/receptor
receptor  192070    awx  mem       REG              253,0  5436640     28515 /usr/lib64/libcrypto.so.3.2.2
receptor  192070    awx  mem       REG              253,0  2544344      3530 /usr/lib64/libc.so.6
receptor  192070    awx  mem       REG              253,0   102552      3550 /usr/lib64/libz.so.1.2.11
receptor  192070    awx  mem       REG              253,0   897856      3526 /usr/lib64/ld-linux-x86-64.so.2
receptor  192070    awx    0r      CHR                1,3      0t0         4 /dev/null
receptor  192070    awx    1w      REG              253,0     9057  34641330 /var/log/receptor/receptor.log
receptor  192070    awx    2w      REG              253,0     9057  34641330 /var/log/receptor/receptor.log
receptor  192070    awx    3rW     REG               0,23        0      2816 /run/awx-receptor/receptor.sock.lock
receptor  192070    awx    4u  a_inode               0,14        0        62 [eventpoll:5,7,8,9,10,11]
receptor  192070    awx    5r     FIFO               0,13      0t0    584296 pipe
receptor  192070    awx    6w     FIFO               0,13      0t0    584296 pipe
receptor  192070    awx    7u     unix 0xffff9bf94dcae400      0t0    585091 /var/run/awx-receptor/receptor.sock type=STREAM (LISTEN)
receptor  192070    awx    8u     IPv6             587141      0t0       TCP *:27199 (LISTEN)
receptor  192070    awx    9u     IPv6             586439      0t0       TCP aap24-control:27199->aap24-execution:40392 (ESTABLISHED)
receptor  192070    awx   10r  a_inode               0,14        0        62 inotify
receptor  192070    awx   11u     unix 0xffff9bf945375f00      0t0    844243 /var/run/awx-receptor/receptor.sock type=STREAM (CONNECTED)
receptor  192070    awx   12r      REG              253,0    34118 102715180 /tmp/receptor/192.168.1.252/Y5RaQUm5/stdout
nginx     196761   root    8u     IPv4             602782      0t0       TCP *:https (LISTEN)
nginx     196761   root    9u     IPv4             602783      0t0       TCP *:http (LISTEN)
nginx     196761   root   10u     IPv6             602784      0t0       TCP *:https (LISTEN)
nginx     196761   root   11u     IPv6             602785      0t0       TCP *:http (LISTEN)
nginx     196762  nginx    8u     IPv4             602782      0t0       TCP *:https (LISTEN)
nginx     196762  nginx    9u     IPv4             602783      0t0       TCP *:http (LISTEN)
nginx     196762  nginx   10u     IPv6             602784      0t0       TCP *:https (LISTEN)
nginx     196762  nginx   11u     IPv6             602785      0t0       TCP *:http (LISTEN)
nginx     196763  nginx    8u     IPv4             602782      0t0       TCP *:https (LISTEN)
nginx     196763  nginx    9u     IPv4             602783      0t0       TCP *:http (LISTEN)
nginx     196763  nginx   10u     IPv6             602784      0t0       TCP *:https (LISTEN)
nginx     196763  nginx   11u     IPv6             602785      0t0       TCP *:http (LISTEN)
nginx     196763  nginx   19u     IPv4             790424      0t0       TCP aap24-control:https->192.168.1.49:49410 (ESTABLISHED)
nginx     196763  nginx   24u     IPv4             792276      0t0       TCP aap24-control:https->192.168.1.49:49422 (ESTABLISHED)
nginx     196764  nginx    8u     IPv4             602782      0t0       TCP *:https (LISTEN)
nginx     196764  nginx    9u     IPv4             602783      0t0       TCP *:http (LISTEN)
nginx     196764  nginx   10u     IPv6             602784      0t0       TCP *:https (LISTEN)
nginx     196764  nginx   11u     IPv6             602785      0t0       TCP *:http (LISTEN)
nginx     196765  nginx    8u     IPv4             602782      0t0       TCP *:https (LISTEN)
nginx     196765  nginx    9u     IPv4             602783      0t0       TCP *:http (LISTEN)
nginx     196765  nginx   10u     IPv6             602784      0t0       TCP *:https (LISTEN)
nginx     196765  nginx   11u     IPv6             602785      0t0       TCP *:http (LISTEN)
awx-manag 197339    awx   38u     IPv4             606638      0t0       TCP aap24-control:45280->aap24-database:postgres (ESTABLISHED)
awx-manag 197340    awx   29u     IPv4             626226      0t0       TCP aap24-control:47354->aap24-database:postgres (ESTABLISHED)
daphne    197342    awx   13u     IPv4             605767      0t0       TCP aap24-control:45240->aap24-database:postgres (ESTABLISHED)
awx-manag 197343    awx   17u     IPv4             607603      0t0       TCP aap24-control:45338->aap24-database:postgres (ESTABLISHED)
awx-manag 197345   root    8u     IPv4             605873      0t0       TCP aap24-control:45304->aap24-database:postgres (ESTABLISHED)
awx-manag 197345   root   14u     IPv4             605878      0t0       TCP aap24-control:45316->aap24-database:postgres (ESTABLISHED)
awx-manag 197346    awx    8u     IPv4             606592      0t0       TCP aap24-control:45256->aap24-database:postgres (ESTABLISHED)
awx-manag 197346    awx   14u     IPv4             605097      0t0       TCP aap24-control:45262->aap24-database:postgres (ESTABLISHED)
awx-manag 197541    awx   16u     IPv4             844699      0t0       TCP aap24-control:52474->aap24-database:postgres (ESTABLISHED)
sshd      252955   root    4u     IPv4             794664      0t0       TCP aap24-control:ssh->192.168.1.49:51510 (ESTABLISHED)
sshd      252958   root    4u     IPv4             794664      0t0       TCP aap24-control:ssh->192.168.1.49:51510 (ESTABLISHED)
awx-manag 260737    awx   38u     IPv4             606638      0t0       TCP aap24-control:45280->aap24-database:postgres (ESTABLISHED)
awx-manag 263829    awx   38u     IPv4             606638      0t0       TCP aap24-control:45280->aap24-database:postgres (ESTABLISHED)
awx-manag 263829    awx   66u     IPv4             839446      0t0       TCP aap24-control:51556->aap24-database:postgres (ESTABLISHED)
awx-manag 263831    awx   34u     IPv4             844702      0t0       TCP aap24-control:52478->aap24-database:postgres (ESTABLISHED)
awx-manag 263831    awx   38u     IPv4             606638      0t0       TCP aap24-control:45280->aap24-database:postgres (ESTABLISHED)
awx-manag 263833    awx   38u     IPv4             606638      0t0       TCP aap24-control:45280->aap24-database:postgres (ESTABLISHED)
awx-manag 265223    awx   38u     IPv4             606638      0t0       TCP aap24-control:45280->aap24-database:postgres (ESTABLISHED)
awx-manag 265223    awx   52u     IPv4             840466      0t0       TCP aap24-control:51624->aap24-database:postgres (ESTABLISHED)
awx-manag 265225    awx   38u     IPv4             606638      0t0       TCP aap24-control:45280->aap24-database:postgres (ESTABLISHED)
awx-manag 265225    awx   50u     IPv4             842327      0t0       TCP aap24-control:36064->aap24-database:postgres (ESTABLISHED)
awx-manag 265227    awx   38u     IPv4             606638      0t0       TCP aap24-control:45280->aap24-database:postgres (ESTABLISHED)
slirp4net 265903    awx    3u     IPv4             844900      0t0       TCP aap24-control:52828->aap25-execution.lan:ssh (ESTABLISHED)

    PID    PPID CMD                           RSS    VSZ %CPU %MEM     ELAPSED
 253089       1 bash -c  log_file="/tmp/mem  3584   7344  0.0  0.0       07:41
Receptor Child Processes for PID 253089:
      PID    PPID CMD                           RSS    VSZ %CPU %MEM     ELAPSED
Receptor Threads for PID 253089:
    PID    SPID %CPU %MEM   RSS COMMAND
 253089  253089  0.0  0.0  3584 bash
Receptor Network Connections for PID 253089:
COMMAND      PID   USER   FD   TYPE DEVICE SIZE/OFF      NODE NAME
chronyd      789 chrony    5u  IPv4  13239      0t0       UDP localhost:323 
chronyd      789 chrony    6u  IPv6  13240      0t0       UDP localhost:323 
NetworkMa    792   root   26u  IPv4  22360      0t0       UDP aap24-control:bootpc->pi.hole:bootps 
sshd         859   root    3u  IPv4  22990      0t0       TCP *:ssh (LISTEN)
sshd         859   root    4u  IPv6  22992      0t0       TCP *:ssh (LISTEN)
receptor  192070    awx    8u  IPv6 587141      0t0       TCP *:27199 (LISTEN)
receptor  192070    awx    9u  IPv6 586439      0t0       TCP aap24-control:27199->aap24-execution:40392 (ESTABLISHED)
nginx     196761   root    8u  IPv4 602782      0t0       TCP *:https (LISTEN)
nginx     196761   root    9u  IPv4 602783      0t0       TCP *:http (LISTEN)
nginx     196761   root   10u  IPv6 602784      0t0       TCP *:https (LISTEN)
nginx     196761   root   11u  IPv6 602785      0t0       TCP *:http (LISTEN)
nginx     196762  nginx    8u  IPv4 602782      0t0       TCP *:https (LISTEN)
nginx     196762  nginx    9u  IPv4 602783      0t0       TCP *:http (LISTEN)
nginx     196762  nginx   10u  IPv6 602784      0t0       TCP *:https (LISTEN)
nginx     196762  nginx   11u  IPv6 602785      0t0       TCP *:http (LISTEN)
nginx     196763  nginx    8u  IPv4 602782      0t0       TCP *:https (LISTEN)
nginx     196763  nginx    9u  IPv4 602783      0t0       TCP *:http (LISTEN)
nginx     196763  nginx   10u  IPv6 602784      0t0       TCP *:https (LISTEN)
nginx     196763  nginx   11u  IPv6 602785      0t0       TCP *:http (LISTEN)
nginx     196763  nginx   19u  IPv4 790424      0t0       TCP aap24-control:https->192.168.1.49:49410 (ESTABLISHED)
nginx     196763  nginx   24u  IPv4 792276      0t0       TCP aap24-control:https->192.168.1.49:49422 (ESTABLISHED)
nginx     196764  nginx    8u  IPv4 602782      0t0       TCP *:https (LISTEN)
nginx     196764  nginx    9u  IPv4 602783      0t0       TCP *:http (LISTEN)
nginx     196764  nginx   10u  IPv6 602784      0t0       TCP *:https (LISTEN)
nginx     196764  nginx   11u  IPv6 602785      0t0       TCP *:http (LISTEN)
nginx     196765  nginx    8u  IPv4 602782      0t0       TCP *:https (LISTEN)
nginx     196765  nginx    9u  IPv4 602783      0t0       TCP *:http (LISTEN)
nginx     196765  nginx   10u  IPv6 602784      0t0       TCP *:https (LISTEN)
nginx     196765  nginx   11u  IPv6 602785      0t0       TCP *:http (LISTEN)
awx-manag 197339    awx   38u  IPv4 606638      0t0       TCP aap24-control:45280->aap24-database:postgres (ESTABLISHED)
awx-manag 197340    awx   29u  IPv4 626226      0t0       TCP aap24-control:47354->aap24-database:postgres (ESTABLISHED)
daphne    197342    awx   13u  IPv4 605767      0t0       TCP aap24-control:45240->aap24-database:postgres (ESTABLISHED)
awx-manag 197343    awx   17u  IPv4 607603      0t0       TCP aap24-control:45338->aap24-database:postgres (ESTABLISHED)
awx-manag 197345   root    8u  IPv4 605873      0t0       TCP aap24-control:45304->aap24-database:postgres (ESTABLISHED)
awx-manag 197345   root   14u  IPv4 605878      0t0       TCP aap24-control:45316->aap24-database:postgres (ESTABLISHED)
awx-manag 197346    awx    8u  IPv4 606592      0t0       TCP aap24-control:45256->aap24-database:postgres (ESTABLISHED)
awx-manag 197346    awx   14u  IPv4 605097      0t0       TCP aap24-control:45262->aap24-database:postgres (ESTABLISHED)
awx-manag 197541    awx   16u  IPv4 844699      0t0       TCP aap24-control:52474->aap24-database:postgres (ESTABLISHED)
sshd      252955   root    4u  IPv4 794664      0t0       TCP aap24-control:ssh->192.168.1.49:51510 (ESTABLISHED)
sshd      252958   root    4u  IPv4 794664      0t0       TCP aap24-control:ssh->192.168.1.49:51510 (ESTABLISHED)
bash      253089   root  cwd    DIR  253,0      142 100663430 /root
bash      253089   root  rtd    DIR  253,0      235       128 /
bash      253089   root  txt    REG  253,0  1389072 100699101 /usr/bin/bash
bash      253089   root  mem    REG  253,0  2586930 100699387 /usr/lib/locale/en_US.utf8/LC_COLLATE
bash      253089   root  mem    REG  253,0  2544344      3530 /usr/lib64/libc.so.6
bash      253089   root  mem    REG  253,0   346132  67253521 /usr/lib/locale/C.utf8/LC_CTYPE
bash      253089   root  mem    REG  253,0       54 100699390 /usr/lib/locale/en_US.utf8/LC_NUMERIC
bash      253089   root  mem    REG  253,0     3284      3433 /usr/lib/locale/en_US.utf8/LC_TIME
bash      253089   root  mem    REG  253,0      286      3431 /usr/lib/locale/en_US.utf8/LC_MONETARY
bash      253089   root  mem    REG  253,0       57      3445 /usr/lib/locale/en_US.utf8/LC_MESSAGES/SYS_LC_MESSAGES
bash      253089   root  mem    REG  253,0    26988  33558225 /usr/lib64/gconv/gconv-modules.cache
bash      253089   root  mem    REG  253,0   195080      3141 /usr/lib64/libtinfo.so.6.2
bash      253089   root  mem    REG  253,0       34  67253758 /usr/lib/locale/en_US.utf8/LC_PAPER
bash      253089   root  mem    REG  253,0       77 100699389 /usr/lib/locale/en_US.utf8/LC_NAME
bash      253089   root  mem    REG  253,0      167      3427 /usr/lib/locale/en_US.utf8/LC_ADDRESS
bash      253089   root  mem    REG  253,0       59      3432 /usr/lib/locale/en_US.utf8/LC_TELEPHONE
bash      253089   root  mem    REG  253,0       23      3430 /usr/lib/locale/en_US.utf8/LC_MEASUREMENT
bash      253089   root  mem    REG  253,0      369      3429 /usr/lib/locale/en_US.utf8/LC_IDENTIFICATION
bash      253089   root  mem    REG  253,0   897856      3526 /usr/lib64/ld-linux-x86-64.so.2
bash      253089   root    0r   CHR    1,3      0t0         4 /dev/null
bash      253089   root    1w   REG  253,0        0  67894671 /tmp/memory_monitor.log
bash      253089   root    2w   REG  253,0        0  67894671 /tmp/memory_monitor.log
bash      253089   root    3r  FIFO   0,13      0t0    846085 pipe
awx-manag 260737    awx   38u  IPv4 606638      0t0       TCP aap24-control:45280->aap24-database:postgres (ESTABLISHED)
awx-manag 263829    awx   38u  IPv4 606638      0t0       TCP aap24-control:45280->aap24-database:postgres (ESTABLISHED)
awx-manag 263829    awx   66u  IPv4 839446      0t0       TCP aap24-control:51556->aap24-database:postgres (ESTABLISHED)
awx-manag 263831    awx   34u  IPv4 844702      0t0       TCP aap24-control:52478->aap24-database:postgres (ESTABLISHED)
awx-manag 263831    awx   38u  IPv4 606638      0t0       TCP aap24-control:45280->aap24-database:postgres (ESTABLISHED)
awx-manag 263833    awx   38u  IPv4 606638      0t0       TCP aap24-control:45280->aap24-database:postgres (ESTABLISHED)
awx-manag 265223    awx   38u  IPv4 606638      0t0       TCP aap24-control:45280->aap24-database:postgres (ESTABLISHED)
awx-manag 265223    awx   52u  IPv4 840466      0t0       TCP aap24-control:51624->aap24-database:postgres (ESTABLISHED)
awx-manag 265225    awx   38u  IPv4 606638      0t0       TCP aap24-control:45280->aap24-database:postgres (ESTABLISHED)
awx-manag 265225    awx   50u  IPv4 842327      0t0       TCP aap24-control:36064->aap24-database:postgres (ESTABLISHED)
awx-manag 265227    awx   38u  IPv4 606638      0t0       TCP aap24-control:45280->aap24-database:postgres (ESTABLISHED)
slirp4net 265903    awx    3u  IPv4 844900      0t0       TCP aap24-control:52828->aap25-execution.lan:ssh (ESTABLISHED)

    PID    PPID CMD                           RSS    VSZ %CPU %MEM     ELAPSED
 265863  192070 /usr/bin/receptor --node id 37164 1272508 0.0  0.4       00:18
Receptor Child Processes for PID 265863:
      PID    PPID CMD                           RSS    VSZ %CPU %MEM     ELAPSED
 265871  265863 /var/lib/awx/venv/awx/bin/p 28508 106532  0.7  0.3       00:18
Receptor Threads for PID 265863:
    PID    SPID %CPU %MEM   RSS COMMAND
 265863  265863  0.0  0.4 37164 receptor
 265863  265864  0.0  0.4 37164 receptor
 265863  265865  0.0  0.4 37164 receptor
 265863  265866  0.0  0.4 37164 receptor
 265863  265867  0.0  0.4 37164 receptor
 265863  265868  0.0  0.4 37164 receptor
 265863  265869  0.0  0.4 37164 receptor
 265863  265870  0.0  0.4 37164 receptor
Receptor Network Connections for PID 265863:
COMMAND      PID   USER   FD      TYPE DEVICE SIZE/OFF      NODE NAME
chronyd      789 chrony    5u     IPv4  13239      0t0       UDP localhost:323 
chronyd      789 chrony    6u     IPv6  13240      0t0       UDP localhost:323 
NetworkMa    792   root   26u     IPv4  22360      0t0       UDP aap24-control:bootpc->pi.hole:bootps 
sshd         859   root    3u     IPv4  22990      0t0       TCP *:ssh (LISTEN)
sshd         859   root    4u     IPv6  22992      0t0       TCP *:ssh (LISTEN)
receptor  192070    awx    8u     IPv6 587141      0t0       TCP *:27199 (LISTEN)
receptor  192070    awx    9u     IPv6 586439      0t0       TCP aap24-control:27199->aap24-execution:40392 (ESTABLISHED)
nginx     196761   root    8u     IPv4 602782      0t0       TCP *:https (LISTEN)
nginx     196761   root    9u     IPv4 602783      0t0       TCP *:http (LISTEN)
nginx     196761   root   10u     IPv6 602784      0t0       TCP *:https (LISTEN)
nginx     196761   root   11u     IPv6 602785      0t0       TCP *:http (LISTEN)
nginx     196762  nginx    8u     IPv4 602782      0t0       TCP *:https (LISTEN)
nginx     196762  nginx    9u     IPv4 602783      0t0       TCP *:http (LISTEN)
nginx     196762  nginx   10u     IPv6 602784      0t0       TCP *:https (LISTEN)
nginx     196762  nginx   11u     IPv6 602785      0t0       TCP *:http (LISTEN)
nginx     196763  nginx    8u     IPv4 602782      0t0       TCP *:https (LISTEN)
nginx     196763  nginx    9u     IPv4 602783      0t0       TCP *:http (LISTEN)
nginx     196763  nginx   10u     IPv6 602784      0t0       TCP *:https (LISTEN)
nginx     196763  nginx   11u     IPv6 602785      0t0       TCP *:http (LISTEN)
nginx     196763  nginx   19u     IPv4 790424      0t0       TCP aap24-control:https->192.168.1.49:49410 (ESTABLISHED)
nginx     196763  nginx   24u     IPv4 792276      0t0       TCP aap24-control:https->192.168.1.49:49422 (ESTABLISHED)
nginx     196764  nginx    8u     IPv4 602782      0t0       TCP *:https (LISTEN)
nginx     196764  nginx    9u     IPv4 602783      0t0       TCP *:http (LISTEN)
nginx     196764  nginx   10u     IPv6 602784      0t0       TCP *:https (LISTEN)
nginx     196764  nginx   11u     IPv6 602785      0t0       TCP *:http (LISTEN)
nginx     196765  nginx    8u     IPv4 602782      0t0       TCP *:https (LISTEN)
nginx     196765  nginx    9u     IPv4 602783      0t0       TCP *:http (LISTEN)
nginx     196765  nginx   10u     IPv6 602784      0t0       TCP *:https (LISTEN)
nginx     196765  nginx   11u     IPv6 602785      0t0       TCP *:http (LISTEN)
awx-manag 197339    awx   38u     IPv4 606638      0t0       TCP aap24-control:45280->aap24-database:postgres (ESTABLISHED)
awx-manag 197340    awx   29u     IPv4 626226      0t0       TCP aap24-control:47354->aap24-database:postgres (ESTABLISHED)
daphne    197342    awx   13u     IPv4 605767      0t0       TCP aap24-control:45240->aap24-database:postgres (ESTABLISHED)
awx-manag 197343    awx   17u     IPv4 607603      0t0       TCP aap24-control:45338->aap24-database:postgres (ESTABLISHED)
awx-manag 197345   root    8u     IPv4 605873      0t0       TCP aap24-control:45304->aap24-database:postgres (ESTABLISHED)
awx-manag 197345   root   14u     IPv4 605878      0t0       TCP aap24-control:45316->aap24-database:postgres (ESTABLISHED)
awx-manag 197346    awx    8u     IPv4 606592      0t0       TCP aap24-control:45256->aap24-database:postgres (ESTABLISHED)
awx-manag 197346    awx   14u     IPv4 605097      0t0       TCP aap24-control:45262->aap24-database:postgres (ESTABLISHED)
awx-manag 197541    awx   16u     IPv4 844699      0t0       TCP aap24-control:52474->aap24-database:postgres (ESTABLISHED)
sshd      252955   root    4u     IPv4 794664      0t0       TCP aap24-control:ssh->192.168.1.49:51510 (ESTABLISHED)
sshd      252958   root    4u     IPv4 794664      0t0       TCP aap24-control:ssh->192.168.1.49:51510 (ESTABLISHED)
awx-manag 260737    awx   38u     IPv4 606638      0t0       TCP aap24-control:45280->aap24-database:postgres (ESTABLISHED)
awx-manag 263829    awx   38u     IPv4 606638      0t0       TCP aap24-control:45280->aap24-database:postgres (ESTABLISHED)
awx-manag 263829    awx   66u     IPv4 839446      0t0       TCP aap24-control:51556->aap24-database:postgres (ESTABLISHED)
awx-manag 263831    awx   34u     IPv4 844702      0t0       TCP aap24-control:52478->aap24-database:postgres (ESTABLISHED)
awx-manag 263831    awx   38u     IPv4 606638      0t0       TCP aap24-control:45280->aap24-database:postgres (ESTABLISHED)
awx-manag 263833    awx   38u     IPv4 606638      0t0       TCP aap24-control:45280->aap24-database:postgres (ESTABLISHED)
awx-manag 265223    awx   38u     IPv4 606638      0t0       TCP aap24-control:45280->aap24-database:postgres (ESTABLISHED)
awx-manag 265223    awx   52u     IPv4 840466      0t0       TCP aap24-control:51624->aap24-database:postgres (ESTABLISHED)
awx-manag 265225    awx   38u     IPv4 606638      0t0       TCP aap24-control:45280->aap24-database:postgres (ESTABLISHED)
awx-manag 265225    awx   50u     IPv4 842327      0t0       TCP aap24-control:36064->aap24-database:postgres (ESTABLISHED)
awx-manag 265227    awx   38u     IPv4 606638      0t0       TCP aap24-control:45280->aap24-database:postgres (ESTABLISHED)
receptor  265863    awx  cwd       DIR  253,0      235       128 /
receptor  265863    awx  rtd       DIR  253,0      235       128 /
receptor  265863    awx  txt       REG  253,0 54652712 100691309 /usr/bin/receptor
receptor  265863    awx  mem       REG  253,0  5436640     28515 /usr/lib64/libcrypto.so.3.2.2
receptor  265863    awx  mem       REG  253,0  2544344      3530 /usr/lib64/libc.so.6
receptor  265863    awx  mem       REG  253,0   102552      3550 /usr/lib64/libz.so.1.2.11
receptor  265863    awx  mem       REG  253,0   897856      3526 /usr/lib64/ld-linux-x86-64.so.2
receptor  265863    awx    0r      CHR    1,3      0t0         4 /dev/null
receptor  265863    awx    1w      REG  253,0     9057  34641330 /var/log/receptor/receptor.log
receptor  265863    awx    2w      REG  253,0     9057  34641330 /var/log/receptor/receptor.log
receptor  265863    awx    3r      REG  253,0     2192 102715179 /tmp/receptor/192.168.1.252/Y5RaQUm5/stdin
receptor  265863    awx    4u  a_inode   0,14        0        62 [eventpoll:5]
receptor  265863    awx    5r     FIFO   0,13      0t0    844834 pipe
receptor  265863    awx    6w     FIFO   0,13      0t0    844834 pipe
receptor  265863    awx    7w      REG  253,0    34118 102715180 /tmp/receptor/192.168.1.252/Y5RaQUm5/stdout
slirp4net 265903    awx    3u     IPv4 844900      0t0       TCP aap24-control:52828->aap25-execution.lan:ssh (ESTABLISHED)

    PID    PPID CMD                           RSS    VSZ %CPU %MEM     ELAPSED
Receptor Child Processes for PID 266332:
  No child processes found
Receptor Threads for PID 266332:
    PID    SPID %CPU %MEM   RSS COMMAND
Receptor Network Connections for PID 266332:
COMMAND      PID   USER   FD   TYPE DEVICE SIZE/OFF NODE NAME
chronyd      789 chrony    5u  IPv4  13239      0t0  UDP localhost:323 
chronyd      789 chrony    6u  IPv6  13240      0t0  UDP localhost:323 
NetworkMa    792   root   26u  IPv4  22360      0t0  UDP aap24-control:bootpc->pi.hole:bootps 
sshd         859   root    3u  IPv4  22990      0t0  TCP *:ssh (LISTEN)
sshd         859   root    4u  IPv6  22992      0t0  TCP *:ssh (LISTEN)
receptor  192070    awx    8u  IPv6 587141      0t0  TCP *:27199 (LISTEN)
receptor  192070    awx    9u  IPv6 586439      0t0  TCP aap24-control:27199->aap24-execution:40392 (ESTABLISHED)
nginx     196761   root    8u  IPv4 602782      0t0  TCP *:https (LISTEN)
nginx     196761   root    9u  IPv4 602783      0t0  TCP *:http (LISTEN)
nginx     196761   root   10u  IPv6 602784      0t0  TCP *:https (LISTEN)
nginx     196761   root   11u  IPv6 602785      0t0  TCP *:http (LISTEN)
nginx     196762  nginx    8u  IPv4 602782      0t0  TCP *:https (LISTEN)
nginx     196762  nginx    9u  IPv4 602783      0t0  TCP *:http (LISTEN)
nginx     196762  nginx   10u  IPv6 602784      0t0  TCP *:https (LISTEN)
nginx     196762  nginx   11u  IPv6 602785      0t0  TCP *:http (LISTEN)
nginx     196763  nginx    8u  IPv4 602782      0t0  TCP *:https (LISTEN)
nginx     196763  nginx    9u  IPv4 602783      0t0  TCP *:http (LISTEN)
nginx     196763  nginx   10u  IPv6 602784      0t0  TCP *:https (LISTEN)
nginx     196763  nginx   11u  IPv6 602785      0t0  TCP *:http (LISTEN)
nginx     196763  nginx   19u  IPv4 790424      0t0  TCP aap24-control:https->192.168.1.49:49410 (ESTABLISHED)
nginx     196763  nginx   24u  IPv4 792276      0t0  TCP aap24-control:https->192.168.1.49:49422 (ESTABLISHED)
nginx     196764  nginx    8u  IPv4 602782      0t0  TCP *:https (LISTEN)
nginx     196764  nginx    9u  IPv4 602783      0t0  TCP *:http (LISTEN)
nginx     196764  nginx   10u  IPv6 602784      0t0  TCP *:https (LISTEN)
nginx     196764  nginx   11u  IPv6 602785      0t0  TCP *:http (LISTEN)
nginx     196765  nginx    8u  IPv4 602782      0t0  TCP *:https (LISTEN)
nginx     196765  nginx    9u  IPv4 602783      0t0  TCP *:http (LISTEN)
nginx     196765  nginx   10u  IPv6 602784      0t0  TCP *:https (LISTEN)
nginx     196765  nginx   11u  IPv6 602785      0t0  TCP *:http (LISTEN)
awx-manag 197339    awx   38u  IPv4 606638      0t0  TCP aap24-control:45280->aap24-database:postgres (ESTABLISHED)
awx-manag 197340    awx   29u  IPv4 626226      0t0  TCP aap24-control:47354->aap24-database:postgres (ESTABLISHED)
daphne    197342    awx   13u  IPv4 605767      0t0  TCP aap24-control:45240->aap24-database:postgres (ESTABLISHED)
awx-manag 197343    awx   17u  IPv4 607603      0t0  TCP aap24-control:45338->aap24-database:postgres (ESTABLISHED)
awx-manag 197345   root    8u  IPv4 605873      0t0  TCP aap24-control:45304->aap24-database:postgres (ESTABLISHED)
awx-manag 197345   root   14u  IPv4 605878      0t0  TCP aap24-control:45316->aap24-database:postgres (ESTABLISHED)
awx-manag 197346    awx    8u  IPv4 606592      0t0  TCP aap24-control:45256->aap24-database:postgres (ESTABLISHED)
awx-manag 197346    awx   14u  IPv4 605097      0t0  TCP aap24-control:45262->aap24-database:postgres (ESTABLISHED)
awx-manag 197541    awx   16u  IPv4 844699      0t0  TCP aap24-control:52474->aap24-database:postgres (ESTABLISHED)
sshd      252955   root    4u  IPv4 794664      0t0  TCP aap24-control:ssh->192.168.1.49:51510 (ESTABLISHED)
sshd      252958   root    4u  IPv4 794664      0t0  TCP aap24-control:ssh->192.168.1.49:51510 (ESTABLISHED)
awx-manag 260737    awx   38u  IPv4 606638      0t0  TCP aap24-control:45280->aap24-database:postgres (ESTABLISHED)
awx-manag 263829    awx   38u  IPv4 606638      0t0  TCP aap24-control:45280->aap24-database:postgres (ESTABLISHED)
awx-manag 263829    awx   66u  IPv4 839446      0t0  TCP aap24-control:51556->aap24-database:postgres (ESTABLISHED)
awx-manag 263831    awx   34u  IPv4 844702      0t0  TCP aap24-control:52478->aap24-database:postgres (ESTABLISHED)
awx-manag 263831    awx   38u  IPv4 606638      0t0  TCP aap24-control:45280->aap24-database:postgres (ESTABLISHED)
awx-manag 263833    awx   38u  IPv4 606638      0t0  TCP aap24-control:45280->aap24-database:postgres (ESTABLISHED)
awx-manag 265223    awx   38u  IPv4 606638      0t0  TCP aap24-control:45280->aap24-database:postgres (ESTABLISHED)
awx-manag 265223    awx   52u  IPv4 840466      0t0  TCP aap24-control:51624->aap24-database:postgres (ESTABLISHED)
awx-manag 265225    awx   38u  IPv4 606638      0t0  TCP aap24-control:45280->aap24-database:postgres (ESTABLISHED)
awx-manag 265225    awx   50u  IPv4 842327      0t0  TCP aap24-control:36064->aap24-database:postgres (ESTABLISHED)
awx-manag 265227    awx   38u  IPv4 606638      0t0  TCP aap24-control:45280->aap24-database:postgres (ESTABLISHED)
slirp4net 265903    awx    3u  IPv4 844900      0t0  TCP aap24-control:52828->aap25-execution.lan:ssh (ESTABLISHED)
  No network connections found

=== RECEPTOR MEMORY SUMMARY ===
Total Receptor RSS Memory: 152952 KB (149 MB)
Total Receptor VSZ Memory: 4006796 KB (3912 MB)
Number of Receptor Processes: 4

AAP-related Processes and Children:
=== AAP Service Processes ===
Process: redis-server (PID: 135959)
    PID    PPID CMD                           RSS
 135959       1 /usr/bin/redis-server unixs 13412

Process: receptor (PID: 192070)
    PID    PPID CMD                           RSS
 192070       1 /usr/bin/receptor -c /etc/r 46532
  Children of PID 192070:
    PID    PPID CMD                           RSS
 265863  192070 /usr/bin/receptor --node id 37164

Process: nginx (PID: 196761)
    PID    PPID CMD                           RSS
 196761       1 nginx: master process /usr/  2124
  Children of PID 196761:
    PID    PPID CMD                           RSS
 196762  196761 nginx: worker process        4044
    PID    PPID CMD                           RSS
 196763  196761 nginx: worker process        8524
    PID    PPID CMD                           RSS
 196764  196761 nginx: worker process        8140
    PID    PPID CMD                           RSS
 196765  196761 nginx: worker process        8524

Process: nginx (PID: 196762)
    PID    PPID CMD                           RSS
 196762  196761 nginx: worker process        4044

Process: nginx (PID: 196763)
    PID    PPID CMD                           RSS
 196763  196761 nginx: worker process        8524

Process: nginx (PID: 196764)
    PID    PPID CMD                           RSS
 196764  196761 nginx: worker process        8140

Process: nginx (PID: 196765)
    PID    PPID CMD                           RSS
 196765  196761 nginx: worker process        8524

Process: uwsgi (PID: 197341)
    PID    PPID CMD                           RSS
 197341  197177 /var/lib/awx/venv/awx/bin/u 103452
  Children of PID 197341:
    PID    PPID CMD                           RSS
 253044  197341 /var/lib/awx/venv/awx/bin/u 118136
    PID    PPID CMD                           RSS
 253045  197341 /var/lib/awx/venv/awx/bin/u 124536
    PID    PPID CMD                           RSS
 253046  197341 /var/lib/awx/venv/awx/bin/u 118648
    PID    PPID CMD                           RSS
 253047  197341 /var/lib/awx/venv/awx/bin/u 123000

Process: uwsgi (PID: 253044)
    PID    PPID CMD                           RSS
 253044  197341 /var/lib/awx/venv/awx/bin/u 118136

Process: uwsgi (PID: 253045)
    PID    PPID CMD                           RSS
 253045  197341 /var/lib/awx/venv/awx/bin/u 124536

Process: uwsgi (PID: 253046)
    PID    PPID CMD                           RSS
 253046  197341 /var/lib/awx/venv/awx/bin/u 118648

Process: uwsgi (PID: 253047)
    PID    PPID CMD                           RSS
 253047  197341 /var/lib/awx/venv/awx/bin/u 123000

Process: bash (PID: 253089)
    PID    PPID CMD                           RSS
 253089       1 bash -c  log_file="/tmp/mem  3584
  Children of PID 253089:
    PID    PPID CMD                           RSS
 266453  253089 bash -c  log_file="/tmp/mem  2400

Process: receptor (PID: 265863)
    PID    PPID CMD                           RSS
 265863  192070 /usr/bin/receptor --node id 37164
  Children of PID 265863:
    PID    PPID CMD                           RSS
 265871  265863 /var/lib/awx/venv/awx/bin/p 28508

Process: bash (PID: 266453)
    PID    PPID CMD                           RSS
 266453  253089 bash -c  log_file="/tmp/mem  2400
  Children of PID 266453:
    PID    PPID CMD                           RSS


Process Tree for AAP Services:
=== automation-controller Process Tree ===
bash(253089)---pstree(266513)
=== receptor Process Tree ===
receptor(192070)-+-receptor(265863)-+-ansible-runner(265871)---podman(265882)-+-exe(265890)-+-slirp4netns(265903)
                 |                  |                                         |             |-{exe}(265891)
                 |                  |                                         |             |-{exe}(265892)
                 |                  |                                         |             |-{exe}(265893)
                 |                  |                                         |             |-{exe}(265895)
                 |                  |                                         |             |-{exe}(265896)
                 |                  |                                         |             |-{exe}(265897)
                 |                  |                                         |             |-{exe}(265898)
                 |                  |                                         |             |-{exe}(265899)
                 |                  |                                         |             |-{exe}(265902)
                 |                  |                                         |             `-{exe}(265905)
                 |                  |                                         |-{podman}(265883)
                 |                  |                                         |-{podman}(265884)
                 |                  |                                         |-{podman}(265885)
                 |                  |                                         |-{podman}(265886)
                 |                  |                                         |-{podman}(265887)
                 |                  |                                         |-{podman}(265888)
                 |                  |                                         `-{podman}(265889)
                 |                  |-{receptor}(265864)
                 |                  |-{receptor}(265865)
                 |                  |-{receptor}(265866)
                 |                  |-{receptor}(265867)
                 |                  |-{receptor}(265868)
                 |                  |-{receptor}(265869)
                 |                  `-{receptor}(265870)
                 |-{receptor}(192072)
                 |-{receptor}(192073)
                 |-{receptor}(192074)
                 |-{receptor}(192075)
                 |-{receptor}(192076)
                 |-{receptor}(192077)
                 |-{receptor}(201640)
                 `-{receptor}(202660)
bash(253089)---pstree(266518)
receptor(265863)-+-ansible-runner(265871)---podman(265882)-+-exe(265890)-+-slirp4netns(265903)
                 |                                         |             |-{exe}(265891)
                 |                                         |             |-{exe}(265892)
                 |                                         |             |-{exe}(265893)
                 |                                         |             |-{exe}(265895)
                 |                                         |             |-{exe}(265896)
                 |                                         |             |-{exe}(265897)
                 |                                         |             |-{exe}(265898)
                 |                                         |             |-{exe}(265899)
                 |                                         |             |-{exe}(265902)
                 |                                         |             `-{exe}(265905)
                 |                                         |-{podman}(265883)
                 |                                         |-{podman}(265884)
                 |                                         |-{podman}(265885)
                 |                                         |-{podman}(265886)
                 |                                         |-{podman}(265887)
                 |                                         |-{podman}(265888)
                 |                                         `-{podman}(265889)
                 |-{receptor}(265864)
                 |-{receptor}(265865)
                 |-{receptor}(265866)
                 |-{receptor}(265867)
                 |-{receptor}(265868)
                 |-{receptor}(265869)
                 `-{receptor}(265870)
=== nginx Process Tree ===
nginx(196761)-+-nginx(196762)
              |-nginx(196763)
              |-nginx(196764)
              `-nginx(196765)
nginx(196762)
nginx(196763)
nginx(196764)
nginx(196765)
bash(253089)---pstree(266528)
=== postgresql Process Tree ===
bash(253089)---pstree(266532)
=== redis Process Tree ===
redis-server(135959)-+-{redis-server}(135960)
                     |-{redis-server}(135961)
                     |-{redis-server}(135962)
                     `-{redis-server}(135963)
bash(253089)---pstree(266537)
=== uwsgi Process Tree ===
uwsgi(197341)-+-uwsgi(253044)
              |-uwsgi(253045)
              |-uwsgi(253046)
              `-uwsgi(253047)
uwsgi(253044)
uwsgi(253045)
uwsgi(253046)
uwsgi(253047)
bash(253089)---pstree(266546)
=== automation-hub Process Tree ===
bash(253089)---pstree(266550)
=== automation-eda Process Tree ===
bash(253089)---pstree(266554)

Memory monitoring completed for aap24 heavy test at Mon Jul  7 03:59:27 PM PDT 2025
