Starting memory monitoring for aap24 light test at Mon Jun 30 11:33:57 AM PDT 2025
=================================================================================
2025-06-30 11:33:57
Memory Usage Report:
               total        used        free      shared  buff/cache   available
Mem:            7681         722        6303         121        1030        6958
Swap:           4095           0        4095

Top 10 Processes by RSS Memory:
    PID    PPID CMD                           RSS
    809       1 /usr/bin/postmaster -D /var 61824
    745       1 /usr/bin/python3 -s /usr/sb 43308
   1578     809 postgres: automationhub aut 40308
   1579     809 postgres: automationhub aut 40308
   1630     809 postgres: automationhub aut 39540
   1629     809 postgres: automationhub aut 39412
   1631     809 postgres: automationhub aut 39412
   1632     809 postgres: automationhub aut 39412
   1633     809 postgres: automationhub aut 39412
   1626     809 postgres: automationhub aut 39284

=== RECEPTOR PROCESS ANALYSIS ===
Receptor Main Processes:
    PID    PPID CMD                           RSS    VSZ %CPU %MEM     ELAPSED
 622633       1 bash -c  log_file="/tmp/mem  3328   7260  0.0  0.0       00:00
Receptor Child Processes for PID 622633:
      PID    PPID CMD                           RSS    VSZ %CPU %MEM     ELAPSED
Receptor Threads for PID 622633:
    PID    SPID %CPU %MEM   RSS COMMAND
 622633  622633  0.0  0.0  3328 bash
Receptor Network Connections for PID 622633:
COMMAND      PID          USER   FD   TYPE  DEVICE SIZE/OFF      NODE NAME
chronyd      753        chrony    5u  IPv4   22727      0t0       UDP localhost:323 
chronyd      753        chrony    6u  IPv6   22728      0t0       UDP localhost:323 
NetworkMa    756          root   26u  IPv4   24004      0t0       UDP aap24-database.aap-test.local:bootpc->pi.hole:bootps 
sshd         782          root    3u  IPv4   23820      0t0       TCP *:ssh (LISTEN)
sshd         782          root    4u  IPv6   23827      0t0       TCP *:ssh (LISTEN)
postmaste    809      postgres    6u  IPv4   23167      0t0       TCP *:postgres (LISTEN)
postmaste    809      postgres    7u  IPv6   23168      0t0       TCP *:postgres (LISTEN)
postmaste    809      postgres   10u  IPv6   23866      0t0       UDP localhost:38652->localhost:38652 
postmaste    850      postgres   10u  IPv6   23866      0t0       UDP localhost:38652->localhost:38652 
postmaste    851      postgres   10u  IPv6   23866      0t0       UDP localhost:38652->localhost:38652 
postmaste    852      postgres   10u  IPv6   23866      0t0       UDP localhost:38652->localhost:38652 
postmaste    853      postgres   10u  IPv6   23866      0t0       UDP localhost:38652->localhost:38652 
postmaste    854      postgres   10u  IPv6   23866      0t0       UDP localhost:38652->localhost:38652 
postmaste    855      postgres   10u  IPv6   23866      0t0       UDP localhost:38652->localhost:38652 
node_expo   1085 node_exporter    3u  IPv6   24891      0t0       TCP *:jetdirect (LISTEN)
node_expo   1085 node_exporter    7u  IPv6   25024      0t0       TCP aap24-database.aap-test.local:jetdirect->monitoring-node.aap-test.local:54058 (ESTABLISHED)
postmaste   1578      postgres   10u  IPv6   23866      0t0       UDP localhost:38652->localhost:38652 
postmaste   1578      postgres   11u  IPv4   25983      0t0       TCP aap24-database.aap-test.local:postgres->aap24-control.aap-test.local:59112 (ESTABLISHED)
postmaste   1579      postgres   10u  IPv6   23866      0t0       UDP localhost:38652->localhost:38652 
postmaste   1579      postgres   11u  IPv4   25985      0t0       TCP aap24-database.aap-test.local:postgres->aap24-control.aap-test.local:59126 (ESTABLISHED)
postmaste   1597      postgres   10u  IPv6   23866      0t0       UDP localhost:38652->localhost:38652 
postmaste   1597      postgres   11u  IPv4   26024      0t0       TCP aap24-database.aap-test.local:postgres->aap24-control.aap-test.local:34042 (ESTABLISHED)
postmaste   1598      postgres   10u  IPv6   23866      0t0       UDP localhost:38652->localhost:38652 
postmaste   1598      postgres   11u  IPv4   26025      0t0       TCP aap24-database.aap-test.local:postgres->aap24-control.aap-test.local:34048 (ESTABLISHED)
postmaste   1606      postgres   10u  IPv6   23866      0t0       UDP localhost:38652->localhost:38652 
postmaste   1606      postgres   11u  IPv4   26033      0t0       TCP aap24-database.aap-test.local:postgres->aap24-control.aap-test.local:34132 (ESTABLISHED)
postmaste   1607      postgres   10u  IPv6   23866      0t0       UDP localhost:38652->localhost:38652 
postmaste   1607      postgres   11u  IPv4   26034      0t0       TCP aap24-database.aap-test.local:postgres->aap24-control.aap-test.local:34142 (ESTABLISHED)
postmaste   1609      postgres   10u  IPv6   23866      0t0       UDP localhost:38652->localhost:38652 
postmaste   1609      postgres   11u  IPv4   26036      0t0       TCP aap24-database.aap-test.local:postgres->aap24-control.aap-test.local:34166 (ESTABLISHED)
postmaste   1610      postgres   10u  IPv6   23866      0t0       UDP localhost:38652->localhost:38652 
postmaste   1610      postgres   11u  IPv4   26037      0t0       TCP aap24-database.aap-test.local:postgres->aap24-control.aap-test.local:34172 (ESTABLISHED)
postmaste   1618      postgres   10u  IPv6   23866      0t0       UDP localhost:38652->localhost:38652 
postmaste   1618      postgres   11u  IPv4   23538      0t0       TCP aap24-database.aap-test.local:postgres->aap24-control.aap-test.local:34190 (ESTABLISHED)
postmaste   1626      postgres   10u  IPv6   23866      0t0       UDP localhost:38652->localhost:38652 
postmaste   1626      postgres   11u  IPv4   26053      0t0       TCP aap24-database.aap-test.local:postgres->aap24-control.aap-test.local:34206 (ESTABLISHED)
postmaste   1627      postgres   10u  IPv6   23866      0t0       UDP localhost:38652->localhost:38652 
postmaste   1627      postgres   11u  IPv4   26054      0t0       TCP aap24-database.aap-test.local:postgres->aap24-control.aap-test.local:34214 (ESTABLISHED)
postmaste   1628      postgres   10u  IPv6   23866      0t0       UDP localhost:38652->localhost:38652 
postmaste   1628      postgres   11u  IPv4   26055      0t0       TCP aap24-database.aap-test.local:postgres->aap24-control.aap-test.local:34222 (ESTABLISHED)
postmaste   1629      postgres   10u  IPv6   23866      0t0       UDP localhost:38652->localhost:38652 
postmaste   1629      postgres   11u  IPv4   26056      0t0       TCP aap24-database.aap-test.local:postgres->aap24-control.aap-test.local:34234 (ESTABLISHED)
postmaste   1630      postgres   10u  IPv6   23866      0t0       UDP localhost:38652->localhost:38652 
postmaste   1630      postgres   11u  IPv4   26057      0t0       TCP aap24-database.aap-test.local:postgres->aap24-control.aap-test.local:34248 (ESTABLISHED)
postmaste   1631      postgres   10u  IPv6   23866      0t0       UDP localhost:38652->localhost:38652 
postmaste   1631      postgres   11u  IPv4   26058      0t0       TCP aap24-database.aap-test.local:postgres->aap24-control.aap-test.local:34256 (ESTABLISHED)
postmaste   1632      postgres   10u  IPv6   23866      0t0       UDP localhost:38652->localhost:38652 
postmaste   1632      postgres   11u  IPv4   26059      0t0       TCP aap24-database.aap-test.local:postgres->aap24-control.aap-test.local:34266 (ESTABLISHED)
postmaste   1633      postgres   10u  IPv6   23866      0t0       UDP localhost:38652->localhost:38652 
postmaste   1633      postgres   11u  IPv4   26060      0t0       TCP aap24-database.aap-test.local:postgres->aap24-control.aap-test.local:34280 (ESTABLISHED)
postmaste   2369      postgres   10u  IPv6   23866      0t0       UDP localhost:38652->localhost:38652 
postmaste   2369      postgres   11u  IPv4   29424      0t0       TCP aap24-database.aap-test.local:postgres->aap24-control.aap-test.local:46132 (ESTABLISHED)
postmaste 622385      postgres   10u  IPv6   23866      0t0       UDP localhost:38652->localhost:38652 
postmaste 622385      postgres   11u  IPv4 3032988      0t0       TCP aap24-database.aap-test.local:postgres->aap24-control.aap-test.local:36794 (ESTABLISHED)
postmaste 622387      postgres   10u  IPv6   23866      0t0       UDP localhost:38652->localhost:38652 
postmaste 622387      postgres   11u  IPv4 3032989      0t0       TCP aap24-database.aap-test.local:postgres->aap24-control.aap-test.local:36812 (ESTABLISHED)
postmaste 622388      postgres   10u  IPv6   23866      0t0       UDP localhost:38652->localhost:38652 
postmaste 622388      postgres   11u  IPv4 3032990      0t0       TCP aap24-database.aap-test.local:postgres->aap24-control.aap-test.local:36828 (ESTABLISHED)
postmaste 622389      postgres   10u  IPv6   23866      0t0       UDP localhost:38652->localhost:38652 
postmaste 622389      postgres   11u  IPv4 3032991      0t0       TCP aap24-database.aap-test.local:postgres->aap24-control.aap-test.local:36842 (ESTABLISHED)
postmaste 622437      postgres   10u  IPv6   23866      0t0       UDP localhost:38652->localhost:38652 
postmaste 622437      postgres   11u  IPv4 3035204      0t0       TCP aap24-database.aap-test.local:postgres->aap24-control.aap-test.local:40376 (ESTABLISHED)
postmaste 622462      postgres   10u  IPv6   23866      0t0       UDP localhost:38652->localhost:38652 
postmaste 622462      postgres   11u  IPv4 3035223      0t0       TCP aap24-database.aap-test.local:postgres->aap24-control.aap-test.local:43590 (ESTABLISHED)
postmaste 622463      postgres   10u  IPv6   23866      0t0       UDP localhost:38652->localhost:38652 
postmaste 622463      postgres   11u  IPv4 3035224      0t0       TCP aap24-database.aap-test.local:postgres->aap24-control.aap-test.local:43594 (ESTABLISHED)
sshd      622476          root    4u  IPv4 3033836      0t0       TCP aap24-database.aap-test.local:ssh->192.168.1.49:34400 (ESTABLISHED)
sshd      622495          root    4u  IPv4 3033836      0t0       TCP aap24-database.aap-test.local:ssh->192.168.1.49:34400 (ESTABLISHED)
bash      622633          root  cwd    DIR   253,0      142  67240070 /root
bash      622633          root  rtd    DIR   253,0      235       128 /
bash      622633          root  txt    REG   253,0  1389072  67333814 /usr/bin/bash
bash      622633          root  mem    REG   253,0  2586930     36580 /usr/lib/locale/en_US.utf8/LC_COLLATE
bash      622633          root  mem    REG   253,0  2544344 100688096 /usr/lib64/libc.so.6
bash      622633          root  mem    REG   253,0   346132 100687773 /usr/lib/locale/C.utf8/LC_CTYPE
bash      622633          root  mem    REG   253,0       54     36583 /usr/lib/locale/en_US.utf8/LC_NUMERIC
bash      622633          root  mem    REG   253,0     3284  33639493 /usr/lib/locale/en_US.utf8/LC_TIME
bash      622633          root  mem    REG   253,0      286  33639491 /usr/lib/locale/en_US.utf8/LC_MONETARY
bash      622633          root  mem    REG   253,0       57  33639504 /usr/lib/locale/en_US.utf8/LC_MESSAGES/SYS_LC_MESSAGES
bash      622633          root  mem    REG   253,0    26988  67334001 /usr/lib64/gconv/gconv-modules.cache
bash      622633          root  mem    REG   253,0   195080 100687757 /usr/lib64/libtinfo.so.6.2
bash      622633          root  mem    REG   253,0       34 100688074 /usr/lib/locale/en_US.utf8/LC_PAPER
bash      622633          root  mem    REG   253,0       77     36582 /usr/lib/locale/en_US.utf8/LC_NAME
bash      622633          root  mem    REG   253,0      167  33639487 /usr/lib/locale/en_US.utf8/LC_ADDRESS
bash      622633          root  mem    REG   253,0       59  33639492 /usr/lib/locale/en_US.utf8/LC_TELEPHONE
bash      622633          root  mem    REG   253,0       23  33639490 /usr/lib/locale/en_US.utf8/LC_MEASUREMENT
bash      622633          root  mem    REG   253,0      369  33639489 /usr/lib/locale/en_US.utf8/LC_IDENTIFICATION
bash      622633          root  mem    REG   253,0   897856 100688092 /usr/lib64/ld-linux-x86-64.so.2
bash      622633          root    0r   CHR     1,3      0t0         4 /dev/null
bash      622633          root    1w   REG   253,0        0  34096961 /tmp/memory_monitor.log
bash      622633          root    2w   REG   253,0        0  34096961 /tmp/memory_monitor.log
bash      622633          root    3r  FIFO    0,13      0t0   3034730 pipe

    PID    PPID CMD                           RSS    VSZ %CPU %MEM     ELAPSED
Receptor Child Processes for PID 622641:
  No child processes found
Receptor Threads for PID 622641:
    PID    SPID %CPU %MEM   RSS COMMAND
Receptor Network Connections for PID 622641:
COMMAND      PID          USER   FD   TYPE  DEVICE SIZE/OFF NODE NAME
chronyd      753        chrony    5u  IPv4   22727      0t0  UDP localhost:323 
chronyd      753        chrony    6u  IPv6   22728      0t0  UDP localhost:323 
NetworkMa    756          root   26u  IPv4   24004      0t0  UDP aap24-database.aap-test.local:bootpc->pi.hole:bootps 
sshd         782          root    3u  IPv4   23820      0t0  TCP *:ssh (LISTEN)
sshd         782          root    4u  IPv6   23827      0t0  TCP *:ssh (LISTEN)
postmaste    809      postgres    6u  IPv4   23167      0t0  TCP *:postgres (LISTEN)
postmaste    809      postgres    7u  IPv6   23168      0t0  TCP *:postgres (LISTEN)
postmaste    809      postgres   10u  IPv6   23866      0t0  UDP localhost:38652->localhost:38652 
postmaste    850      postgres   10u  IPv6   23866      0t0  UDP localhost:38652->localhost:38652 
postmaste    851      postgres   10u  IPv6   23866      0t0  UDP localhost:38652->localhost:38652 
postmaste    852      postgres   10u  IPv6   23866      0t0  UDP localhost:38652->localhost:38652 
postmaste    853      postgres   10u  IPv6   23866      0t0  UDP localhost:38652->localhost:38652 
postmaste    854      postgres   10u  IPv6   23866      0t0  UDP localhost:38652->localhost:38652 
postmaste    855      postgres   10u  IPv6   23866      0t0  UDP localhost:38652->localhost:38652 
node_expo   1085 node_exporter    3u  IPv6   24891      0t0  TCP *:jetdirect (LISTEN)
node_expo   1085 node_exporter    7u  IPv6   25024      0t0  TCP aap24-database.aap-test.local:jetdirect->monitoring-node.aap-test.local:54058 (ESTABLISHED)
postmaste   1578      postgres   10u  IPv6   23866      0t0  UDP localhost:38652->localhost:38652 
postmaste   1578      postgres   11u  IPv4   25983      0t0  TCP aap24-database.aap-test.local:postgres->aap24-control.aap-test.local:59112 (ESTABLISHED)
postmaste   1579      postgres   10u  IPv6   23866      0t0  UDP localhost:38652->localhost:38652 
postmaste   1579      postgres   11u  IPv4   25985      0t0  TCP aap24-database.aap-test.local:postgres->aap24-control.aap-test.local:59126 (ESTABLISHED)
postmaste   1597      postgres   10u  IPv6   23866      0t0  UDP localhost:38652->localhost:38652 
postmaste   1597      postgres   11u  IPv4   26024      0t0  TCP aap24-database.aap-test.local:postgres->aap24-control.aap-test.local:34042 (ESTABLISHED)
postmaste   1598      postgres   10u  IPv6   23866      0t0  UDP localhost:38652->localhost:38652 
postmaste   1598      postgres   11u  IPv4   26025      0t0  TCP aap24-database.aap-test.local:postgres->aap24-control.aap-test.local:34048 (ESTABLISHED)
postmaste   1606      postgres   10u  IPv6   23866      0t0  UDP localhost:38652->localhost:38652 
postmaste   1606      postgres   11u  IPv4   26033      0t0  TCP aap24-database.aap-test.local:postgres->aap24-control.aap-test.local:34132 (ESTABLISHED)
postmaste   1607      postgres   10u  IPv6   23866      0t0  UDP localhost:38652->localhost:38652 
postmaste   1607      postgres   11u  IPv4   26034      0t0  TCP aap24-database.aap-test.local:postgres->aap24-control.aap-test.local:34142 (ESTABLISHED)
postmaste   1609      postgres   10u  IPv6   23866      0t0  UDP localhost:38652->localhost:38652 
postmaste   1609      postgres   11u  IPv4   26036      0t0  TCP aap24-database.aap-test.local:postgres->aap24-control.aap-test.local:34166 (ESTABLISHED)
postmaste   1610      postgres   10u  IPv6   23866      0t0  UDP localhost:38652->localhost:38652 
postmaste   1610      postgres   11u  IPv4   26037      0t0  TCP aap24-database.aap-test.local:postgres->aap24-control.aap-test.local:34172 (ESTABLISHED)
postmaste   1618      postgres   10u  IPv6   23866      0t0  UDP localhost:38652->localhost:38652 
postmaste   1618      postgres   11u  IPv4   23538      0t0  TCP aap24-database.aap-test.local:postgres->aap24-control.aap-test.local:34190 (ESTABLISHED)
postmaste   1626      postgres   10u  IPv6   23866      0t0  UDP localhost:38652->localhost:38652 
postmaste   1626      postgres   11u  IPv4   26053      0t0  TCP aap24-database.aap-test.local:postgres->aap24-control.aap-test.local:34206 (ESTABLISHED)
postmaste   1627      postgres   10u  IPv6   23866      0t0  UDP localhost:38652->localhost:38652 
postmaste   1627      postgres   11u  IPv4   26054      0t0  TCP aap24-database.aap-test.local:postgres->aap24-control.aap-test.local:34214 (ESTABLISHED)
postmaste   1628      postgres   10u  IPv6   23866      0t0  UDP localhost:38652->localhost:38652 
postmaste   1628      postgres   11u  IPv4   26055      0t0  TCP aap24-database.aap-test.local:postgres->aap24-control.aap-test.local:34222 (ESTABLISHED)
postmaste   1629      postgres   10u  IPv6   23866      0t0  UDP localhost:38652->localhost:38652 
postmaste   1629      postgres   11u  IPv4   26056      0t0  TCP aap24-database.aap-test.local:postgres->aap24-control.aap-test.local:34234 (ESTABLISHED)
postmaste   1630      postgres   10u  IPv6   23866      0t0  UDP localhost:38652->localhost:38652 
postmaste   1630      postgres   11u  IPv4   26057      0t0  TCP aap24-database.aap-test.local:postgres->aap24-control.aap-test.local:34248 (ESTABLISHED)
postmaste   1631      postgres   10u  IPv6   23866      0t0  UDP localhost:38652->localhost:38652 
postmaste   1631      postgres   11u  IPv4   26058      0t0  TCP aap24-database.aap-test.local:postgres->aap24-control.aap-test.local:34256 (ESTABLISHED)
postmaste   1632      postgres   10u  IPv6   23866      0t0  UDP localhost:38652->localhost:38652 
postmaste   1632      postgres   11u  IPv4   26059      0t0  TCP aap24-database.aap-test.local:postgres->aap24-control.aap-test.local:34266 (ESTABLISHED)
postmaste   1633      postgres   10u  IPv6   23866      0t0  UDP localhost:38652->localhost:38652 
postmaste   1633      postgres   11u  IPv4   26060      0t0  TCP aap24-database.aap-test.local:postgres->aap24-control.aap-test.local:34280 (ESTABLISHED)
postmaste   2369      postgres   10u  IPv6   23866      0t0  UDP localhost:38652->localhost:38652 
postmaste   2369      postgres   11u  IPv4   29424      0t0  TCP aap24-database.aap-test.local:postgres->aap24-control.aap-test.local:46132 (ESTABLISHED)
postmaste 622385      postgres   10u  IPv6   23866      0t0  UDP localhost:38652->localhost:38652 
postmaste 622385      postgres   11u  IPv4 3032988      0t0  TCP aap24-database.aap-test.local:postgres->aap24-control.aap-test.local:36794 (ESTABLISHED)
postmaste 622387      postgres   10u  IPv6   23866      0t0  UDP localhost:38652->localhost:38652 
postmaste 622387      postgres   11u  IPv4 3032989      0t0  TCP aap24-database.aap-test.local:postgres->aap24-control.aap-test.local:36812 (ESTABLISHED)
postmaste 622388      postgres   10u  IPv6   23866      0t0  UDP localhost:38652->localhost:38652 
postmaste 622388      postgres   11u  IPv4 3032990      0t0  TCP aap24-database.aap-test.local:postgres->aap24-control.aap-test.local:36828 (ESTABLISHED)
postmaste 622389      postgres   10u  IPv6   23866      0t0  UDP localhost:38652->localhost:38652 
postmaste 622389      postgres   11u  IPv4 3032991      0t0  TCP aap24-database.aap-test.local:postgres->aap24-control.aap-test.local:36842 (ESTABLISHED)
postmaste 622437      postgres   10u  IPv6   23866      0t0  UDP localhost:38652->localhost:38652 
postmaste 622437      postgres   11u  IPv4 3035204      0t0  TCP aap24-database.aap-test.local:postgres->aap24-control.aap-test.local:40376 (ESTABLISHED)
postmaste 622462      postgres   10u  IPv6   23866      0t0  UDP localhost:38652->localhost:38652 
postmaste 622462      postgres   11u  IPv4 3035223      0t0  TCP aap24-database.aap-test.local:postgres->aap24-control.aap-test.local:43590 (ESTABLISHED)
postmaste 622463      postgres   10u  IPv6   23866      0t0  UDP localhost:38652->localhost:38652 
postmaste 622463      postgres   11u  IPv4 3035224      0t0  TCP aap24-database.aap-test.local:postgres->aap24-control.aap-test.local:43594 (ESTABLISHED)
sshd      622476          root    4u  IPv4 3033836      0t0  TCP aap24-database.aap-test.local:ssh->192.168.1.49:34400 (ESTABLISHED)
sshd      622495          root    4u  IPv4 3033836      0t0  TCP aap24-database.aap-test.local:ssh->192.168.1.49:34400 (ESTABLISHED)
  No network connections found

=== RECEPTOR MEMORY SUMMARY ===
Total Receptor RSS Memory: 3456 KB (3 MB)
Total Receptor VSZ Memory: 7260 KB (7 MB)
Number of Receptor Processes: 2

AAP-related Processes and Children:
=== AAP Service Processes ===
Process: bash (PID: 622633)
    PID    PPID CMD                           RSS
 622633       1 bash -c  log_file="/tmp/mem  3456
  Children of PID 622633:
    PID    PPID CMD                           RSS
 622700  622633 bash -c  log_file="/tmp/mem  2088

Process: bash (PID: 622700)
    PID    PPID CMD                           RSS
 622700  622633 bash -c  log_file="/tmp/mem  2088
  Children of PID 622700:
    PID    PPID CMD                           RSS


Process Tree for AAP Services:
=== automation-controller Process Tree ===
bash(622633)---pstree(622711)
=== receptor Process Tree ===
bash(622633)---pstree(622715)
=== nginx Process Tree ===
bash(622633)---pstree(622719)
=== postgresql Process Tree ===
bash(622633)---pstree(622723)
=== redis Process Tree ===
bash(622633)---pstree(622727)
=== uwsgi Process Tree ===
bash(622633)---pstree(622731)
=== automation-hub Process Tree ===
bash(622633)---pstree(622735)
=== automation-eda Process Tree ===
bash(622633)---pstree(622739)

=================================================================================
2025-06-30 11:34:28
Memory Usage Report:
               total        used        free      shared  buff/cache   available
Mem:            7681         675        6350         121        1030        7005
Swap:           4095           0        4095

Top 10 Processes by RSS Memory:
    PID    PPID CMD                           RSS
    809       1 /usr/bin/postmaster -D /var 61824
    745       1 /usr/bin/python3 -s /usr/sb 43308
   1578     809 postgres: automationhub aut 40308
   1579     809 postgres: automationhub aut 40308
   1630     809 postgres: automationhub aut 39540
   1629     809 postgres: automationhub aut 39412
   1631     809 postgres: automationhub aut 39412
   1632     809 postgres: automationhub aut 39412
   1633     809 postgres: automationhub aut 39412
   1626     809 postgres: automationhub aut 39284

=== RECEPTOR PROCESS ANALYSIS ===
Receptor Main Processes:
    PID    PPID CMD                           RSS    VSZ %CPU %MEM     ELAPSED
 622633       1 bash -c  log_file="/tmp/mem  3456   7260  0.0  0.0       00:31
Receptor Child Processes for PID 622633:
      PID    PPID CMD                           RSS    VSZ %CPU %MEM     ELAPSED
Receptor Threads for PID 622633:
    PID    SPID %CPU %MEM   RSS COMMAND
 622633  622633  0.0  0.0  3456 bash
Receptor Network Connections for PID 622633:
COMMAND      PID          USER   FD   TYPE  DEVICE SIZE/OFF      NODE NAME
chronyd      753        chrony    5u  IPv4   22727      0t0       UDP localhost:323 
chronyd      753        chrony    6u  IPv6   22728      0t0       UDP localhost:323 
NetworkMa    756          root   26u  IPv4   24004      0t0       UDP aap24-database.aap-test.local:bootpc->pi.hole:bootps 
sshd         782          root    3u  IPv4   23820      0t0       TCP *:ssh (LISTEN)
sshd         782          root    4u  IPv6   23827      0t0       TCP *:ssh (LISTEN)
postmaste    809      postgres    6u  IPv4   23167      0t0       TCP *:postgres (LISTEN)
postmaste    809      postgres    7u  IPv6   23168      0t0       TCP *:postgres (LISTEN)
postmaste    809      postgres   10u  IPv6   23866      0t0       UDP localhost:38652->localhost:38652 
postmaste    850      postgres   10u  IPv6   23866      0t0       UDP localhost:38652->localhost:38652 
postmaste    851      postgres   10u  IPv6   23866      0t0       UDP localhost:38652->localhost:38652 
postmaste    852      postgres   10u  IPv6   23866      0t0       UDP localhost:38652->localhost:38652 
postmaste    853      postgres   10u  IPv6   23866      0t0       UDP localhost:38652->localhost:38652 
postmaste    854      postgres   10u  IPv6   23866      0t0       UDP localhost:38652->localhost:38652 
postmaste    855      postgres   10u  IPv6   23866      0t0       UDP localhost:38652->localhost:38652 
node_expo   1085 node_exporter    3u  IPv6   24891      0t0       TCP *:jetdirect (LISTEN)
node_expo   1085 node_exporter    7u  IPv6   25024      0t0       TCP aap24-database.aap-test.local:jetdirect->monitoring-node.aap-test.local:54058 (ESTABLISHED)
postmaste   1578      postgres   10u  IPv6   23866      0t0       UDP localhost:38652->localhost:38652 
postmaste   1578      postgres   11u  IPv4   25983      0t0       TCP aap24-database.aap-test.local:postgres->aap24-control.aap-test.local:59112 (ESTABLISHED)
postmaste   1579      postgres   10u  IPv6   23866      0t0       UDP localhost:38652->localhost:38652 
postmaste   1579      postgres   11u  IPv4   25985      0t0       TCP aap24-database.aap-test.local:postgres->aap24-control.aap-test.local:59126 (ESTABLISHED)
postmaste   1597      postgres   10u  IPv6   23866      0t0       UDP localhost:38652->localhost:38652 
postmaste   1597      postgres   11u  IPv4   26024      0t0       TCP aap24-database.aap-test.local:postgres->aap24-control.aap-test.local:34042 (ESTABLISHED)
postmaste   1598      postgres   10u  IPv6   23866      0t0       UDP localhost:38652->localhost:38652 
postmaste   1598      postgres   11u  IPv4   26025      0t0       TCP aap24-database.aap-test.local:postgres->aap24-control.aap-test.local:34048 (ESTABLISHED)
postmaste   1606      postgres   10u  IPv6   23866      0t0       UDP localhost:38652->localhost:38652 
postmaste   1606      postgres   11u  IPv4   26033      0t0       TCP aap24-database.aap-test.local:postgres->aap24-control.aap-test.local:34132 (ESTABLISHED)
postmaste   1607      postgres   10u  IPv6   23866      0t0       UDP localhost:38652->localhost:38652 
postmaste   1607      postgres   11u  IPv4   26034      0t0       TCP aap24-database.aap-test.local:postgres->aap24-control.aap-test.local:34142 (ESTABLISHED)
postmaste   1609      postgres   10u  IPv6   23866      0t0       UDP localhost:38652->localhost:38652 
postmaste   1609      postgres   11u  IPv4   26036      0t0       TCP aap24-database.aap-test.local:postgres->aap24-control.aap-test.local:34166 (ESTABLISHED)
postmaste   1610      postgres   10u  IPv6   23866      0t0       UDP localhost:38652->localhost:38652 
postmaste   1610      postgres   11u  IPv4   26037      0t0       TCP aap24-database.aap-test.local:postgres->aap24-control.aap-test.local:34172 (ESTABLISHED)
postmaste   1618      postgres   10u  IPv6   23866      0t0       UDP localhost:38652->localhost:38652 
postmaste   1618      postgres   11u  IPv4   23538      0t0       TCP aap24-database.aap-test.local:postgres->aap24-control.aap-test.local:34190 (ESTABLISHED)
postmaste   1626      postgres   10u  IPv6   23866      0t0       UDP localhost:38652->localhost:38652 
postmaste   1626      postgres   11u  IPv4   26053      0t0       TCP aap24-database.aap-test.local:postgres->aap24-control.aap-test.local:34206 (ESTABLISHED)
postmaste   1627      postgres   10u  IPv6   23866      0t0       UDP localhost:38652->localhost:38652 
postmaste   1627      postgres   11u  IPv4   26054      0t0       TCP aap24-database.aap-test.local:postgres->aap24-control.aap-test.local:34214 (ESTABLISHED)
postmaste   1628      postgres   10u  IPv6   23866      0t0       UDP localhost:38652->localhost:38652 
postmaste   1628      postgres   11u  IPv4   26055      0t0       TCP aap24-database.aap-test.local:postgres->aap24-control.aap-test.local:34222 (ESTABLISHED)
postmaste   1629      postgres   10u  IPv6   23866      0t0       UDP localhost:38652->localhost:38652 
postmaste   1629      postgres   11u  IPv4   26056      0t0       TCP aap24-database.aap-test.local:postgres->aap24-control.aap-test.local:34234 (ESTABLISHED)
postmaste   1630      postgres   10u  IPv6   23866      0t0       UDP localhost:38652->localhost:38652 
postmaste   1630      postgres   11u  IPv4   26057      0t0       TCP aap24-database.aap-test.local:postgres->aap24-control.aap-test.local:34248 (ESTABLISHED)
postmaste   1631      postgres   10u  IPv6   23866      0t0       UDP localhost:38652->localhost:38652 
postmaste   1631      postgres   11u  IPv4   26058      0t0       TCP aap24-database.aap-test.local:postgres->aap24-control.aap-test.local:34256 (ESTABLISHED)
postmaste   1632      postgres   10u  IPv6   23866      0t0       UDP localhost:38652->localhost:38652 
postmaste   1632      postgres   11u  IPv4   26059      0t0       TCP aap24-database.aap-test.local:postgres->aap24-control.aap-test.local:34266 (ESTABLISHED)
postmaste   1633      postgres   10u  IPv6   23866      0t0       UDP localhost:38652->localhost:38652 
postmaste   1633      postgres   11u  IPv4   26060      0t0       TCP aap24-database.aap-test.local:postgres->aap24-control.aap-test.local:34280 (ESTABLISHED)
postmaste   2369      postgres   10u  IPv6   23866      0t0       UDP localhost:38652->localhost:38652 
postmaste   2369      postgres   11u  IPv4   29424      0t0       TCP aap24-database.aap-test.local:postgres->aap24-control.aap-test.local:46132 (ESTABLISHED)
sshd      622476          root    4u  IPv4 3033836      0t0       TCP aap24-database.aap-test.local:ssh->192.168.1.49:34400 (ESTABLISHED)
sshd      622495          root    4u  IPv4 3033836      0t0       TCP aap24-database.aap-test.local:ssh->192.168.1.49:34400 (ESTABLISHED)
bash      622633          root  cwd    DIR   253,0      142  67240070 /root
bash      622633          root  rtd    DIR   253,0      235       128 /
bash      622633          root  txt    REG   253,0  1389072  67333814 /usr/bin/bash
bash      622633          root  mem    REG   253,0  2586930     36580 /usr/lib/locale/en_US.utf8/LC_COLLATE
bash      622633          root  mem    REG   253,0  2544344 100688096 /usr/lib64/libc.so.6
bash      622633          root  mem    REG   253,0   346132 100687773 /usr/lib/locale/C.utf8/LC_CTYPE
bash      622633          root  mem    REG   253,0       54     36583 /usr/lib/locale/en_US.utf8/LC_NUMERIC
bash      622633          root  mem    REG   253,0     3284  33639493 /usr/lib/locale/en_US.utf8/LC_TIME
bash      622633          root  mem    REG   253,0      286  33639491 /usr/lib/locale/en_US.utf8/LC_MONETARY
bash      622633          root  mem    REG   253,0       57  33639504 /usr/lib/locale/en_US.utf8/LC_MESSAGES/SYS_LC_MESSAGES
bash      622633          root  mem    REG   253,0    26988  67334001 /usr/lib64/gconv/gconv-modules.cache
bash      622633          root  mem    REG   253,0   195080 100687757 /usr/lib64/libtinfo.so.6.2
bash      622633          root  mem    REG   253,0       34 100688074 /usr/lib/locale/en_US.utf8/LC_PAPER
bash      622633          root  mem    REG   253,0       77     36582 /usr/lib/locale/en_US.utf8/LC_NAME
bash      622633          root  mem    REG   253,0      167  33639487 /usr/lib/locale/en_US.utf8/LC_ADDRESS
bash      622633          root  mem    REG   253,0       59  33639492 /usr/lib/locale/en_US.utf8/LC_TELEPHONE
bash      622633          root  mem    REG   253,0       23  33639490 /usr/lib/locale/en_US.utf8/LC_MEASUREMENT
bash      622633          root  mem    REG   253,0      369  33639489 /usr/lib/locale/en_US.utf8/LC_IDENTIFICATION
bash      622633          root  mem    REG   253,0   897856 100688092 /usr/lib64/ld-linux-x86-64.so.2
bash      622633          root    0r   CHR     1,3      0t0         4 /dev/null
bash      622633          root    1w   REG   253,0        0  34096961 /tmp/memory_monitor.log
bash      622633          root    2w   REG   253,0        0  34096961 /tmp/memory_monitor.log
bash      622633          root    3r  FIFO    0,13      0t0   3035690 pipe
postmaste 622792      postgres   10u  IPv6   23866      0t0       UDP localhost:38652->localhost:38652 
postmaste 622792      postgres   11u  IPv4 3036726      0t0       TCP aap24-database.aap-test.local:postgres->aap24-control.aap-test.local:50098 (ESTABLISHED)
postmaste 622793      postgres   10u  IPv6   23866      0t0       UDP localhost:38652->localhost:38652 
postmaste 622793      postgres   11u  IPv4 3035624      0t0       TCP aap24-database.aap-test.local:postgres->aap24-control.aap-test.local:50108 (ESTABLISHED)
postmaste 622794      postgres   10u  IPv6   23866      0t0       UDP localhost:38652->localhost:38652 
postmaste 622794      postgres   11u  IPv4 3036727      0t0       TCP aap24-database.aap-test.local:postgres->aap24-control.aap-test.local:50122 (ESTABLISHED)
postmaste 622795      postgres   10u  IPv6   23866      0t0       UDP localhost:38652->localhost:38652 
postmaste 622795      postgres   11u  IPv4 3036728      0t0       TCP aap24-database.aap-test.local:postgres->aap24-control.aap-test.local:50138 (ESTABLISHED)
postmaste 622796      postgres   10u  IPv6   23866      0t0       UDP localhost:38652->localhost:38652 
postmaste 622796      postgres   11u  IPv4 3035628      0t0       TCP aap24-database.aap-test.local:postgres->aap24-control.aap-test.local:50146 (ESTABLISHED)
postmaste 622797      postgres   10u  IPv6   23866      0t0       UDP localhost:38652->localhost:38652 
postmaste 622797      postgres   11u  IPv4 3035629      0t0       TCP aap24-database.aap-test.local:postgres->aap24-control.aap-test.local:50154 (ESTABLISHED)

    PID    PPID CMD                           RSS    VSZ %CPU %MEM     ELAPSED
Receptor Child Processes for PID 622826:
  No child processes found
Receptor Threads for PID 622826:
    PID    SPID %CPU %MEM   RSS COMMAND
Receptor Network Connections for PID 622826:
COMMAND      PID          USER   FD   TYPE  DEVICE SIZE/OFF NODE NAME
chronyd      753        chrony    5u  IPv4   22727      0t0  UDP localhost:323 
chronyd      753        chrony    6u  IPv6   22728      0t0  UDP localhost:323 
NetworkMa    756          root   26u  IPv4   24004      0t0  UDP aap24-database.aap-test.local:bootpc->pi.hole:bootps 
sshd         782          root    3u  IPv4   23820      0t0  TCP *:ssh (LISTEN)
sshd         782          root    4u  IPv6   23827      0t0  TCP *:ssh (LISTEN)
postmaste    809      postgres    6u  IPv4   23167      0t0  TCP *:postgres (LISTEN)
postmaste    809      postgres    7u  IPv6   23168      0t0  TCP *:postgres (LISTEN)
postmaste    809      postgres   10u  IPv6   23866      0t0  UDP localhost:38652->localhost:38652 
postmaste    850      postgres   10u  IPv6   23866      0t0  UDP localhost:38652->localhost:38652 
postmaste    851      postgres   10u  IPv6   23866      0t0  UDP localhost:38652->localhost:38652 
postmaste    852      postgres   10u  IPv6   23866      0t0  UDP localhost:38652->localhost:38652 
postmaste    853      postgres   10u  IPv6   23866      0t0  UDP localhost:38652->localhost:38652 
postmaste    854      postgres   10u  IPv6   23866      0t0  UDP localhost:38652->localhost:38652 
postmaste    855      postgres   10u  IPv6   23866      0t0  UDP localhost:38652->localhost:38652 
node_expo   1085 node_exporter    3u  IPv6   24891      0t0  TCP *:jetdirect (LISTEN)
node_expo   1085 node_exporter    7u  IPv6   25024      0t0  TCP aap24-database.aap-test.local:jetdirect->monitoring-node.aap-test.local:54058 (ESTABLISHED)
postmaste   1578      postgres   10u  IPv6   23866      0t0  UDP localhost:38652->localhost:38652 
postmaste   1578      postgres   11u  IPv4   25983      0t0  TCP aap24-database.aap-test.local:postgres->aap24-control.aap-test.local:59112 (ESTABLISHED)
postmaste   1579      postgres   10u  IPv6   23866      0t0  UDP localhost:38652->localhost:38652 
postmaste   1579      postgres   11u  IPv4   25985      0t0  TCP aap24-database.aap-test.local:postgres->aap24-control.aap-test.local:59126 (ESTABLISHED)
postmaste   1597      postgres   10u  IPv6   23866      0t0  UDP localhost:38652->localhost:38652 
postmaste   1597      postgres   11u  IPv4   26024      0t0  TCP aap24-database.aap-test.local:postgres->aap24-control.aap-test.local:34042 (ESTABLISHED)
postmaste   1598      postgres   10u  IPv6   23866      0t0  UDP localhost:38652->localhost:38652 
postmaste   1598      postgres   11u  IPv4   26025      0t0  TCP aap24-database.aap-test.local:postgres->aap24-control.aap-test.local:34048 (ESTABLISHED)
postmaste   1606      postgres   10u  IPv6   23866      0t0  UDP localhost:38652->localhost:38652 
postmaste   1606      postgres   11u  IPv4   26033      0t0  TCP aap24-database.aap-test.local:postgres->aap24-control.aap-test.local:34132 (ESTABLISHED)
postmaste   1607      postgres   10u  IPv6   23866      0t0  UDP localhost:38652->localhost:38652 
postmaste   1607      postgres   11u  IPv4   26034      0t0  TCP aap24-database.aap-test.local:postgres->aap24-control.aap-test.local:34142 (ESTABLISHED)
postmaste   1609      postgres   10u  IPv6   23866      0t0  UDP localhost:38652->localhost:38652 
postmaste   1609      postgres   11u  IPv4   26036      0t0  TCP aap24-database.aap-test.local:postgres->aap24-control.aap-test.local:34166 (ESTABLISHED)
postmaste   1610      postgres   10u  IPv6   23866      0t0  UDP localhost:38652->localhost:38652 
postmaste   1610      postgres   11u  IPv4   26037      0t0  TCP aap24-database.aap-test.local:postgres->aap24-control.aap-test.local:34172 (ESTABLISHED)
postmaste   1618      postgres   10u  IPv6   23866      0t0  UDP localhost:38652->localhost:38652 
postmaste   1618      postgres   11u  IPv4   23538      0t0  TCP aap24-database.aap-test.local:postgres->aap24-control.aap-test.local:34190 (ESTABLISHED)
postmaste   1626      postgres   10u  IPv6   23866      0t0  UDP localhost:38652->localhost:38652 
postmaste   1626      postgres   11u  IPv4   26053      0t0  TCP aap24-database.aap-test.local:postgres->aap24-control.aap-test.local:34206 (ESTABLISHED)
postmaste   1627      postgres   10u  IPv6   23866      0t0  UDP localhost:38652->localhost:38652 
postmaste   1627      postgres   11u  IPv4   26054      0t0  TCP aap24-database.aap-test.local:postgres->aap24-control.aap-test.local:34214 (ESTABLISHED)
postmaste   1628      postgres   10u  IPv6   23866      0t0  UDP localhost:38652->localhost:38652 
postmaste   1628      postgres   11u  IPv4   26055      0t0  TCP aap24-database.aap-test.local:postgres->aap24-control.aap-test.local:34222 (ESTABLISHED)
postmaste   1629      postgres   10u  IPv6   23866      0t0  UDP localhost:38652->localhost:38652 
postmaste   1629      postgres   11u  IPv4   26056      0t0  TCP aap24-database.aap-test.local:postgres->aap24-control.aap-test.local:34234 (ESTABLISHED)
postmaste   1630      postgres   10u  IPv6   23866      0t0  UDP localhost:38652->localhost:38652 
postmaste   1630      postgres   11u  IPv4   26057      0t0  TCP aap24-database.aap-test.local:postgres->aap24-control.aap-test.local:34248 (ESTABLISHED)
postmaste   1631      postgres   10u  IPv6   23866      0t0  UDP localhost:38652->localhost:38652 
postmaste   1631      postgres   11u  IPv4   26058      0t0  TCP aap24-database.aap-test.local:postgres->aap24-control.aap-test.local:34256 (ESTABLISHED)
postmaste   1632      postgres   10u  IPv6   23866      0t0  UDP localhost:38652->localhost:38652 
postmaste   1632      postgres   11u  IPv4   26059      0t0  TCP aap24-database.aap-test.local:postgres->aap24-control.aap-test.local:34266 (ESTABLISHED)
postmaste   1633      postgres   10u  IPv6   23866      0t0  UDP localhost:38652->localhost:38652 
postmaste   1633      postgres   11u  IPv4   26060      0t0  TCP aap24-database.aap-test.local:postgres->aap24-control.aap-test.local:34280 (ESTABLISHED)
postmaste   2369      postgres   10u  IPv6   23866      0t0  UDP localhost:38652->localhost:38652 
postmaste   2369      postgres   11u  IPv4   29424      0t0  TCP aap24-database.aap-test.local:postgres->aap24-control.aap-test.local:46132 (ESTABLISHED)
sshd      622476          root    4u  IPv4 3033836      0t0  TCP aap24-database.aap-test.local:ssh->192.168.1.49:34400 (ESTABLISHED)
sshd      622495          root    4u  IPv4 3033836      0t0  TCP aap24-database.aap-test.local:ssh->192.168.1.49:34400 (ESTABLISHED)
postmaste 622792      postgres   10u  IPv6   23866      0t0  UDP localhost:38652->localhost:38652 
postmaste 622792      postgres   11u  IPv4 3036726      0t0  TCP aap24-database.aap-test.local:postgres->aap24-control.aap-test.local:50098 (ESTABLISHED)
postmaste 622793      postgres   10u  IPv6   23866      0t0  UDP localhost:38652->localhost:38652 
postmaste 622793      postgres   11u  IPv4 3035624      0t0  TCP aap24-database.aap-test.local:postgres->aap24-control.aap-test.local:50108 (ESTABLISHED)
postmaste 622794      postgres   10u  IPv6   23866      0t0  UDP localhost:38652->localhost:38652 
postmaste 622794      postgres   11u  IPv4 3036727      0t0  TCP aap24-database.aap-test.local:postgres->aap24-control.aap-test.local:50122 (ESTABLISHED)
postmaste 622795      postgres   10u  IPv6   23866      0t0  UDP localhost:38652->localhost:38652 
postmaste 622795      postgres   11u  IPv4 3036728      0t0  TCP aap24-database.aap-test.local:postgres->aap24-control.aap-test.local:50138 (ESTABLISHED)
postmaste 622796      postgres   10u  IPv6   23866      0t0  UDP localhost:38652->localhost:38652 
postmaste 622796      postgres   11u  IPv4 3035628      0t0  TCP aap24-database.aap-test.local:postgres->aap24-control.aap-test.local:50146 (ESTABLISHED)
postmaste 622797      postgres   10u  IPv6   23866      0t0  UDP localhost:38652->localhost:38652 
postmaste 622797      postgres   11u  IPv4 3035629      0t0  TCP aap24-database.aap-test.local:postgres->aap24-control.aap-test.local:50154 (ESTABLISHED)
  No network connections found

=== RECEPTOR MEMORY SUMMARY ===
Total Receptor RSS Memory: 3456 KB (3 MB)
Total Receptor VSZ Memory: 7260 KB (7 MB)
Number of Receptor Processes: 2

AAP-related Processes and Children:
=== AAP Service Processes ===
Process: bash (PID: 622633)
    PID    PPID CMD                           RSS
 622633       1 bash -c  log_file="/tmp/mem  3456
  Children of PID 622633:
    PID    PPID CMD                           RSS
 622885  622633 bash -c  log_file="/tmp/mem  2092

Process: bash (PID: 622885)
    PID    PPID CMD                           RSS
 622885  622633 bash -c  log_file="/tmp/mem  2092
  Children of PID 622885:
    PID    PPID CMD                           RSS


Process Tree for AAP Services:
=== automation-controller Process Tree ===
bash(622633)---pstree(622896)
=== receptor Process Tree ===
bash(622633)---pstree(622900)
=== nginx Process Tree ===
bash(622633)---pstree(622904)
=== postgresql Process Tree ===
bash(622633)---pstree(622908)
=== redis Process Tree ===
bash(622633)---pstree(622912)
=== uwsgi Process Tree ===
bash(622633)---pstree(622916)
=== automation-hub Process Tree ===
bash(622633)---pstree(622920)
=== automation-eda Process Tree ===
bash(622633)---pstree(622924)

=================================================================================
2025-06-30 11:34:58
Memory Usage Report:
               total        used        free      shared  buff/cache   available
Mem:            7681         676        6349         121        1030        7005
Swap:           4095           0        4095

Top 10 Processes by RSS Memory:
    PID    PPID CMD                           RSS
    809       1 /usr/bin/postmaster -D /var 61824
    745       1 /usr/bin/python3 -s /usr/sb 43308
   1578     809 postgres: automationhub aut 40308
   1579     809 postgres: automationhub aut 40308
   1630     809 postgres: automationhub aut 39540
   1629     809 postgres: automationhub aut 39412
   1631     809 postgres: automationhub aut 39412
   1632     809 postgres: automationhub aut 39412
   1633     809 postgres: automationhub aut 39412
   1626     809 postgres: automationhub aut 39284

=== RECEPTOR PROCESS ANALYSIS ===
Receptor Main Processes:
    PID    PPID CMD                           RSS    VSZ %CPU %MEM     ELAPSED
 622633       1 bash -c  log_file="/tmp/mem  3456   7260  0.0  0.0       01:01
Receptor Child Processes for PID 622633:
      PID    PPID CMD                           RSS    VSZ %CPU %MEM     ELAPSED
Receptor Threads for PID 622633:
    PID    SPID %CPU %MEM   RSS COMMAND
 622633  622633  0.0  0.0  3456 bash
Receptor Network Connections for PID 622633:
COMMAND      PID          USER   FD   TYPE  DEVICE SIZE/OFF      NODE NAME
chronyd      753        chrony    5u  IPv4   22727      0t0       UDP localhost:323 
chronyd      753        chrony    6u  IPv6   22728      0t0       UDP localhost:323 
NetworkMa    756          root   26u  IPv4   24004      0t0       UDP aap24-database.aap-test.local:bootpc->pi.hole:bootps 
sshd         782          root    3u  IPv4   23820      0t0       TCP *:ssh (LISTEN)
sshd         782          root    4u  IPv6   23827      0t0       TCP *:ssh (LISTEN)
postmaste    809      postgres    6u  IPv4   23167      0t0       TCP *:postgres (LISTEN)
postmaste    809      postgres    7u  IPv6   23168      0t0       TCP *:postgres (LISTEN)
postmaste    809      postgres   10u  IPv6   23866      0t0       UDP localhost:38652->localhost:38652 
postmaste    850      postgres   10u  IPv6   23866      0t0       UDP localhost:38652->localhost:38652 
postmaste    851      postgres   10u  IPv6   23866      0t0       UDP localhost:38652->localhost:38652 
postmaste    852      postgres   10u  IPv6   23866      0t0       UDP localhost:38652->localhost:38652 
postmaste    853      postgres   10u  IPv6   23866      0t0       UDP localhost:38652->localhost:38652 
postmaste    854      postgres   10u  IPv6   23866      0t0       UDP localhost:38652->localhost:38652 
postmaste    855      postgres   10u  IPv6   23866      0t0       UDP localhost:38652->localhost:38652 
node_expo   1085 node_exporter    3u  IPv6   24891      0t0       TCP *:jetdirect (LISTEN)
node_expo   1085 node_exporter    7u  IPv6   25024      0t0       TCP aap24-database.aap-test.local:jetdirect->monitoring-node.aap-test.local:54058 (ESTABLISHED)
postmaste   1578      postgres   10u  IPv6   23866      0t0       UDP localhost:38652->localhost:38652 
postmaste   1578      postgres   11u  IPv4   25983      0t0       TCP aap24-database.aap-test.local:postgres->aap24-control.aap-test.local:59112 (ESTABLISHED)
postmaste   1579      postgres   10u  IPv6   23866      0t0       UDP localhost:38652->localhost:38652 
postmaste   1579      postgres   11u  IPv4   25985      0t0       TCP aap24-database.aap-test.local:postgres->aap24-control.aap-test.local:59126 (ESTABLISHED)
postmaste   1597      postgres   10u  IPv6   23866      0t0       UDP localhost:38652->localhost:38652 
postmaste   1597      postgres   11u  IPv4   26024      0t0       TCP aap24-database.aap-test.local:postgres->aap24-control.aap-test.local:34042 (ESTABLISHED)
postmaste   1598      postgres   10u  IPv6   23866      0t0       UDP localhost:38652->localhost:38652 
postmaste   1598      postgres   11u  IPv4   26025      0t0       TCP aap24-database.aap-test.local:postgres->aap24-control.aap-test.local:34048 (ESTABLISHED)
postmaste   1606      postgres   10u  IPv6   23866      0t0       UDP localhost:38652->localhost:38652 
postmaste   1606      postgres   11u  IPv4   26033      0t0       TCP aap24-database.aap-test.local:postgres->aap24-control.aap-test.local:34132 (ESTABLISHED)
postmaste   1607      postgres   10u  IPv6   23866      0t0       UDP localhost:38652->localhost:38652 
postmaste   1607      postgres   11u  IPv4   26034      0t0       TCP aap24-database.aap-test.local:postgres->aap24-control.aap-test.local:34142 (ESTABLISHED)
postmaste   1609      postgres   10u  IPv6   23866      0t0       UDP localhost:38652->localhost:38652 
postmaste   1609      postgres   11u  IPv4   26036      0t0       TCP aap24-database.aap-test.local:postgres->aap24-control.aap-test.local:34166 (ESTABLISHED)
postmaste   1610      postgres   10u  IPv6   23866      0t0       UDP localhost:38652->localhost:38652 
postmaste   1610      postgres   11u  IPv4   26037      0t0       TCP aap24-database.aap-test.local:postgres->aap24-control.aap-test.local:34172 (ESTABLISHED)
postmaste   1618      postgres   10u  IPv6   23866      0t0       UDP localhost:38652->localhost:38652 
postmaste   1618      postgres   11u  IPv4   23538      0t0       TCP aap24-database.aap-test.local:postgres->aap24-control.aap-test.local:34190 (ESTABLISHED)
postmaste   1626      postgres   10u  IPv6   23866      0t0       UDP localhost:38652->localhost:38652 
postmaste   1626      postgres   11u  IPv4   26053      0t0       TCP aap24-database.aap-test.local:postgres->aap24-control.aap-test.local:34206 (ESTABLISHED)
postmaste   1627      postgres   10u  IPv6   23866      0t0       UDP localhost:38652->localhost:38652 
postmaste   1627      postgres   11u  IPv4   26054      0t0       TCP aap24-database.aap-test.local:postgres->aap24-control.aap-test.local:34214 (ESTABLISHED)
postmaste   1628      postgres   10u  IPv6   23866      0t0       UDP localhost:38652->localhost:38652 
postmaste   1628      postgres   11u  IPv4   26055      0t0       TCP aap24-database.aap-test.local:postgres->aap24-control.aap-test.local:34222 (ESTABLISHED)
postmaste   1629      postgres   10u  IPv6   23866      0t0       UDP localhost:38652->localhost:38652 
postmaste   1629      postgres   11u  IPv4   26056      0t0       TCP aap24-database.aap-test.local:postgres->aap24-control.aap-test.local:34234 (ESTABLISHED)
postmaste   1630      postgres   10u  IPv6   23866      0t0       UDP localhost:38652->localhost:38652 
postmaste   1630      postgres   11u  IPv4   26057      0t0       TCP aap24-database.aap-test.local:postgres->aap24-control.aap-test.local:34248 (ESTABLISHED)
postmaste   1631      postgres   10u  IPv6   23866      0t0       UDP localhost:38652->localhost:38652 
postmaste   1631      postgres   11u  IPv4   26058      0t0       TCP aap24-database.aap-test.local:postgres->aap24-control.aap-test.local:34256 (ESTABLISHED)
postmaste   1632      postgres   10u  IPv6   23866      0t0       UDP localhost:38652->localhost:38652 
postmaste   1632      postgres   11u  IPv4   26059      0t0       TCP aap24-database.aap-test.local:postgres->aap24-control.aap-test.local:34266 (ESTABLISHED)
postmaste   1633      postgres   10u  IPv6   23866      0t0       UDP localhost:38652->localhost:38652 
postmaste   1633      postgres   11u  IPv4   26060      0t0       TCP aap24-database.aap-test.local:postgres->aap24-control.aap-test.local:34280 (ESTABLISHED)
postmaste   2369      postgres   10u  IPv6   23866      0t0       UDP localhost:38652->localhost:38652 
postmaste   2369      postgres   11u  IPv4   29424      0t0       TCP aap24-database.aap-test.local:postgres->aap24-control.aap-test.local:46132 (ESTABLISHED)
sshd      622476          root    4u  IPv4 3033836      0t0       TCP aap24-database.aap-test.local:ssh->192.168.1.49:34400 (ESTABLISHED)
sshd      622495          root    4u  IPv4 3033836      0t0       TCP aap24-database.aap-test.local:ssh->192.168.1.49:34400 (ESTABLISHED)
bash      622633          root  cwd    DIR   253,0      142  67240070 /root
bash      622633          root  rtd    DIR   253,0      235       128 /
bash      622633          root  txt    REG   253,0  1389072  67333814 /usr/bin/bash
bash      622633          root  mem    REG   253,0  2586930     36580 /usr/lib/locale/en_US.utf8/LC_COLLATE
bash      622633          root  mem    REG   253,0  2544344 100688096 /usr/lib64/libc.so.6
bash      622633          root  mem    REG   253,0   346132 100687773 /usr/lib/locale/C.utf8/LC_CTYPE
bash      622633          root  mem    REG   253,0       54     36583 /usr/lib/locale/en_US.utf8/LC_NUMERIC
bash      622633          root  mem    REG   253,0     3284  33639493 /usr/lib/locale/en_US.utf8/LC_TIME
bash      622633          root  mem    REG   253,0      286  33639491 /usr/lib/locale/en_US.utf8/LC_MONETARY
bash      622633          root  mem    REG   253,0       57  33639504 /usr/lib/locale/en_US.utf8/LC_MESSAGES/SYS_LC_MESSAGES
bash      622633          root  mem    REG   253,0    26988  67334001 /usr/lib64/gconv/gconv-modules.cache
bash      622633          root  mem    REG   253,0   195080 100687757 /usr/lib64/libtinfo.so.6.2
bash      622633          root  mem    REG   253,0       34 100688074 /usr/lib/locale/en_US.utf8/LC_PAPER
bash      622633          root  mem    REG   253,0       77     36582 /usr/lib/locale/en_US.utf8/LC_NAME
bash      622633          root  mem    REG   253,0      167  33639487 /usr/lib/locale/en_US.utf8/LC_ADDRESS
bash      622633          root  mem    REG   253,0       59  33639492 /usr/lib/locale/en_US.utf8/LC_TELEPHONE
bash      622633          root  mem    REG   253,0       23  33639490 /usr/lib/locale/en_US.utf8/LC_MEASUREMENT
bash      622633          root  mem    REG   253,0      369  33639489 /usr/lib/locale/en_US.utf8/LC_IDENTIFICATION
bash      622633          root  mem    REG   253,0   897856 100688092 /usr/lib64/ld-linux-x86-64.so.2
bash      622633          root    0r   CHR     1,3      0t0         4 /dev/null
bash      622633          root    1w   REG   253,0        0  34096961 /tmp/memory_monitor.log
bash      622633          root    2w   REG   253,0        0  34096961 /tmp/memory_monitor.log
bash      622633          root    3r  FIFO    0,13      0t0   3037079 pipe
postmaste 622796      postgres   10u  IPv6   23866      0t0       UDP localhost:38652->localhost:38652 
postmaste 622796      postgres   11u  IPv4 3035628      0t0       TCP aap24-database.aap-test.local:postgres->aap24-control.aap-test.local:50146 (ESTABLISHED)
postmaste 622978      postgres   10u  IPv6   23866      0t0       UDP localhost:38652->localhost:38652 
postmaste 622978      postgres   11u  IPv4 3038586      0t0       TCP aap24-database.aap-test.local:postgres->aap24-control.aap-test.local:47612 (ESTABLISHED)
postmaste 623026      postgres   10u  IPv6   23866      0t0       UDP localhost:38652->localhost:38652 
postmaste 623026      postgres   11u  IPv4 3038640      0t0       TCP aap24-database.aap-test.local:postgres->aap24-control.aap-test.local:57436 (ESTABLISHED)
postmaste 623027      postgres   10u  IPv6   23866      0t0       UDP localhost:38652->localhost:38652 
postmaste 623027      postgres   11u  IPv4 3037061      0t0       TCP aap24-database.aap-test.local:postgres->aap24-control.aap-test.local:57450 (ESTABLISHED)
postmaste 623028      postgres   10u  IPv6   23866      0t0       UDP localhost:38652->localhost:38652 
postmaste 623028      postgres   11u  IPv4 3037062      0t0       TCP aap24-database.aap-test.local:postgres->aap24-control.aap-test.local:57456 (ESTABLISHED)
postmaste 623029      postgres   10u  IPv6   23866      0t0       UDP localhost:38652->localhost:38652 
postmaste 623029      postgres   11u  IPv4 3037063      0t0       TCP aap24-database.aap-test.local:postgres->aap24-control.aap-test.local:57468 (ESTABLISHED)

    PID    PPID CMD                           RSS    VSZ %CPU %MEM     ELAPSED
Receptor Child Processes for PID 623035:
  No child processes found
Receptor Threads for PID 623035:
    PID    SPID %CPU %MEM   RSS COMMAND
Receptor Network Connections for PID 623035:
COMMAND      PID          USER   FD   TYPE  DEVICE SIZE/OFF NODE NAME
chronyd      753        chrony    5u  IPv4   22727      0t0  UDP localhost:323 
chronyd      753        chrony    6u  IPv6   22728      0t0  UDP localhost:323 
NetworkMa    756          root   26u  IPv4   24004      0t0  UDP aap24-database.aap-test.local:bootpc->pi.hole:bootps 
sshd         782          root    3u  IPv4   23820      0t0  TCP *:ssh (LISTEN)
sshd         782          root    4u  IPv6   23827      0t0  TCP *:ssh (LISTEN)
postmaste    809      postgres    6u  IPv4   23167      0t0  TCP *:postgres (LISTEN)
postmaste    809      postgres    7u  IPv6   23168      0t0  TCP *:postgres (LISTEN)
postmaste    809      postgres   10u  IPv6   23866      0t0  UDP localhost:38652->localhost:38652 
postmaste    850      postgres   10u  IPv6   23866      0t0  UDP localhost:38652->localhost:38652 
postmaste    851      postgres   10u  IPv6   23866      0t0  UDP localhost:38652->localhost:38652 
postmaste    852      postgres   10u  IPv6   23866      0t0  UDP localhost:38652->localhost:38652 
postmaste    853      postgres   10u  IPv6   23866      0t0  UDP localhost:38652->localhost:38652 
postmaste    854      postgres   10u  IPv6   23866      0t0  UDP localhost:38652->localhost:38652 
postmaste    855      postgres   10u  IPv6   23866      0t0  UDP localhost:38652->localhost:38652 
node_expo   1085 node_exporter    3u  IPv6   24891      0t0  TCP *:jetdirect (LISTEN)
node_expo   1085 node_exporter    7u  IPv6   25024      0t0  TCP aap24-database.aap-test.local:jetdirect->monitoring-node.aap-test.local:54058 (ESTABLISHED)
postmaste   1578      postgres   10u  IPv6   23866      0t0  UDP localhost:38652->localhost:38652 
postmaste   1578      postgres   11u  IPv4   25983      0t0  TCP aap24-database.aap-test.local:postgres->aap24-control.aap-test.local:59112 (ESTABLISHED)
postmaste   1579      postgres   10u  IPv6   23866      0t0  UDP localhost:38652->localhost:38652 
postmaste   1579      postgres   11u  IPv4   25985      0t0  TCP aap24-database.aap-test.local:postgres->aap24-control.aap-test.local:59126 (ESTABLISHED)
postmaste   1597      postgres   10u  IPv6   23866      0t0  UDP localhost:38652->localhost:38652 
postmaste   1597      postgres   11u  IPv4   26024      0t0  TCP aap24-database.aap-test.local:postgres->aap24-control.aap-test.local:34042 (ESTABLISHED)
postmaste   1598      postgres   10u  IPv6   23866      0t0  UDP localhost:38652->localhost:38652 
postmaste   1598      postgres   11u  IPv4   26025      0t0  TCP aap24-database.aap-test.local:postgres->aap24-control.aap-test.local:34048 (ESTABLISHED)
postmaste   1606      postgres   10u  IPv6   23866      0t0  UDP localhost:38652->localhost:38652 
postmaste   1606      postgres   11u  IPv4   26033      0t0  TCP aap24-database.aap-test.local:postgres->aap24-control.aap-test.local:34132 (ESTABLISHED)
postmaste   1607      postgres   10u  IPv6   23866      0t0  UDP localhost:38652->localhost:38652 
postmaste   1607      postgres   11u  IPv4   26034      0t0  TCP aap24-database.aap-test.local:postgres->aap24-control.aap-test.local:34142 (ESTABLISHED)
postmaste   1609      postgres   10u  IPv6   23866      0t0  UDP localhost:38652->localhost:38652 
postmaste   1609      postgres   11u  IPv4   26036      0t0  TCP aap24-database.aap-test.local:postgres->aap24-control.aap-test.local:34166 (ESTABLISHED)
postmaste   1610      postgres   10u  IPv6   23866      0t0  UDP localhost:38652->localhost:38652 
postmaste   1610      postgres   11u  IPv4   26037      0t0  TCP aap24-database.aap-test.local:postgres->aap24-control.aap-test.local:34172 (ESTABLISHED)
postmaste   1618      postgres   10u  IPv6   23866      0t0  UDP localhost:38652->localhost:38652 
postmaste   1618      postgres   11u  IPv4   23538      0t0  TCP aap24-database.aap-test.local:postgres->aap24-control.aap-test.local:34190 (ESTABLISHED)
postmaste   1626      postgres   10u  IPv6   23866      0t0  UDP localhost:38652->localhost:38652 
postmaste   1626      postgres   11u  IPv4   26053      0t0  TCP aap24-database.aap-test.local:postgres->aap24-control.aap-test.local:34206 (ESTABLISHED)
postmaste   1627      postgres   10u  IPv6   23866      0t0  UDP localhost:38652->localhost:38652 
postmaste   1627      postgres   11u  IPv4   26054      0t0  TCP aap24-database.aap-test.local:postgres->aap24-control.aap-test.local:34214 (ESTABLISHED)
postmaste   1628      postgres   10u  IPv6   23866      0t0  UDP localhost:38652->localhost:38652 
postmaste   1628      postgres   11u  IPv4   26055      0t0  TCP aap24-database.aap-test.local:postgres->aap24-control.aap-test.local:34222 (ESTABLISHED)
postmaste   1629      postgres   10u  IPv6   23866      0t0  UDP localhost:38652->localhost:38652 
postmaste   1629      postgres   11u  IPv4   26056      0t0  TCP aap24-database.aap-test.local:postgres->aap24-control.aap-test.local:34234 (ESTABLISHED)
postmaste   1630      postgres   10u  IPv6   23866      0t0  UDP localhost:38652->localhost:38652 
postmaste   1630      postgres   11u  IPv4   26057      0t0  TCP aap24-database.aap-test.local:postgres->aap24-control.aap-test.local:34248 (ESTABLISHED)
postmaste   1631      postgres   10u  IPv6   23866      0t0  UDP localhost:38652->localhost:38652 
postmaste   1631      postgres   11u  IPv4   26058      0t0  TCP aap24-database.aap-test.local:postgres->aap24-control.aap-test.local:34256 (ESTABLISHED)
postmaste   1632      postgres   10u  IPv6   23866      0t0  UDP localhost:38652->localhost:38652 
postmaste   1632      postgres   11u  IPv4   26059      0t0  TCP aap24-database.aap-test.local:postgres->aap24-control.aap-test.local:34266 (ESTABLISHED)
postmaste   1633      postgres   10u  IPv6   23866      0t0  UDP localhost:38652->localhost:38652 
postmaste   1633      postgres   11u  IPv4   26060      0t0  TCP aap24-database.aap-test.local:postgres->aap24-control.aap-test.local:34280 (ESTABLISHED)
postmaste   2369      postgres   10u  IPv6   23866      0t0  UDP localhost:38652->localhost:38652 
postmaste   2369      postgres   11u  IPv4   29424      0t0  TCP aap24-database.aap-test.local:postgres->aap24-control.aap-test.local:46132 (ESTABLISHED)
sshd      622476          root    4u  IPv4 3033836      0t0  TCP aap24-database.aap-test.local:ssh->192.168.1.49:34400 (ESTABLISHED)
sshd      622495          root    4u  IPv4 3033836      0t0  TCP aap24-database.aap-test.local:ssh->192.168.1.49:34400 (ESTABLISHED)
postmaste 622796      postgres   10u  IPv6   23866      0t0  UDP localhost:38652->localhost:38652 
postmaste 622796      postgres   11u  IPv4 3035628      0t0  TCP aap24-database.aap-test.local:postgres->aap24-control.aap-test.local:50146 (ESTABLISHED)
postmaste 622978      postgres   10u  IPv6   23866      0t0  UDP localhost:38652->localhost:38652 
postmaste 622978      postgres   11u  IPv4 3038586      0t0  TCP aap24-database.aap-test.local:postgres->aap24-control.aap-test.local:47612 (ESTABLISHED)
postmaste 623026      postgres   10u  IPv6   23866      0t0  UDP localhost:38652->localhost:38652 
postmaste 623026      postgres   11u  IPv4 3038640      0t0  TCP aap24-database.aap-test.local:postgres->aap24-control.aap-test.local:57436 (ESTABLISHED)
postmaste 623027      postgres   10u  IPv6   23866      0t0  UDP localhost:38652->localhost:38652 
postmaste 623027      postgres   11u  IPv4 3037061      0t0  TCP aap24-database.aap-test.local:postgres->aap24-control.aap-test.local:57450 (ESTABLISHED)
postmaste 623028      postgres   10u  IPv6   23866      0t0  UDP localhost:38652->localhost:38652 
postmaste 623028      postgres   11u  IPv4 3037062      0t0  TCP aap24-database.aap-test.local:postgres->aap24-control.aap-test.local:57456 (ESTABLISHED)
postmaste 623029      postgres   10u  IPv6   23866      0t0  UDP localhost:38652->localhost:38652 
postmaste 623029      postgres   11u  IPv4 3037063      0t0  TCP aap24-database.aap-test.local:postgres->aap24-control.aap-test.local:57468 (ESTABLISHED)
  No network connections found

=== RECEPTOR MEMORY SUMMARY ===
Total Receptor RSS Memory: 3456 KB (3 MB)
Total Receptor VSZ Memory: 7260 KB (7 MB)
Number of Receptor Processes: 2

AAP-related Processes and Children:
=== AAP Service Processes ===
Process: bash (PID: 622633)
    PID    PPID CMD                           RSS
 622633       1 bash -c  log_file="/tmp/mem  3456
  Children of PID 622633:
    PID    PPID CMD                           RSS
 623094  622633 bash -c  log_file="/tmp/mem  2112

Process: bash (PID: 623094)
    PID    PPID CMD                           RSS
 623094  622633 bash -c  log_file="/tmp/mem  2112
  Children of PID 623094:
    PID    PPID CMD                           RSS


Process Tree for AAP Services:
=== automation-controller Process Tree ===
bash(622633)---pstree(623105)
=== receptor Process Tree ===
bash(622633)---pstree(623109)
=== nginx Process Tree ===
bash(622633)---pstree(623113)
=== postgresql Process Tree ===
bash(622633)---pstree(623117)
=== redis Process Tree ===
bash(622633)---pstree(623121)
=== uwsgi Process Tree ===
bash(622633)---pstree(623125)
=== automation-hub Process Tree ===
bash(622633)---pstree(623129)
=== automation-eda Process Tree ===
bash(622633)---pstree(623133)

=================================================================================
2025-06-30 11:35:29
Memory Usage Report:
               total        used        free      shared  buff/cache   available
Mem:            7681         664        6361         121        1030        7016
Swap:           4095           0        4095

Top 10 Processes by RSS Memory:
    PID    PPID CMD                           RSS
    809       1 /usr/bin/postmaster -D /var 61824
    745       1 /usr/bin/python3 -s /usr/sb 43308
   1578     809 postgres: automationhub aut 40308
   1579     809 postgres: automationhub aut 40308
   1630     809 postgres: automationhub aut 39540
   1629     809 postgres: automationhub aut 39412
   1631     809 postgres: automationhub aut 39412
   1632     809 postgres: automationhub aut 39412
   1633     809 postgres: automationhub aut 39412
   1626     809 postgres: automationhub aut 39284

=== RECEPTOR PROCESS ANALYSIS ===
Receptor Main Processes:
    PID    PPID CMD                           RSS    VSZ %CPU %MEM     ELAPSED
 622633       1 bash -c  log_file="/tmp/mem  3456   7260  0.0  0.0       01:32
Receptor Child Processes for PID 622633:
      PID    PPID CMD                           RSS    VSZ %CPU %MEM     ELAPSED
Receptor Threads for PID 622633:
    PID    SPID %CPU %MEM   RSS COMMAND
 622633  622633  0.0  0.0  3456 bash
Receptor Network Connections for PID 622633:
COMMAND      PID          USER   FD   TYPE  DEVICE SIZE/OFF      NODE NAME
chronyd      753        chrony    5u  IPv4   22727      0t0       UDP localhost:323 
chronyd      753        chrony    6u  IPv6   22728      0t0       UDP localhost:323 
NetworkMa    756          root   26u  IPv4   24004      0t0       UDP aap24-database.aap-test.local:bootpc->pi.hole:bootps 
sshd         782          root    3u  IPv4   23820      0t0       TCP *:ssh (LISTEN)
sshd         782          root    4u  IPv6   23827      0t0       TCP *:ssh (LISTEN)
postmaste    809      postgres    6u  IPv4   23167      0t0       TCP *:postgres (LISTEN)
postmaste    809      postgres    7u  IPv6   23168      0t0       TCP *:postgres (LISTEN)
postmaste    809      postgres   10u  IPv6   23866      0t0       UDP localhost:38652->localhost:38652 
postmaste    850      postgres   10u  IPv6   23866      0t0       UDP localhost:38652->localhost:38652 
postmaste    851      postgres   10u  IPv6   23866      0t0       UDP localhost:38652->localhost:38652 
postmaste    852      postgres   10u  IPv6   23866      0t0       UDP localhost:38652->localhost:38652 
postmaste    853      postgres   10u  IPv6   23866      0t0       UDP localhost:38652->localhost:38652 
postmaste    854      postgres   10u  IPv6   23866      0t0       UDP localhost:38652->localhost:38652 
postmaste    855      postgres   10u  IPv6   23866      0t0       UDP localhost:38652->localhost:38652 
node_expo   1085 node_exporter    3u  IPv6   24891      0t0       TCP *:jetdirect (LISTEN)
node_expo   1085 node_exporter    7u  IPv6   25024      0t0       TCP aap24-database.aap-test.local:jetdirect->monitoring-node.aap-test.local:54058 (ESTABLISHED)
postmaste   1578      postgres   10u  IPv6   23866      0t0       UDP localhost:38652->localhost:38652 
postmaste   1578      postgres   11u  IPv4   25983      0t0       TCP aap24-database.aap-test.local:postgres->aap24-control.aap-test.local:59112 (ESTABLISHED)
postmaste   1579      postgres   10u  IPv6   23866      0t0       UDP localhost:38652->localhost:38652 
postmaste   1579      postgres   11u  IPv4   25985      0t0       TCP aap24-database.aap-test.local:postgres->aap24-control.aap-test.local:59126 (ESTABLISHED)
postmaste   1597      postgres   10u  IPv6   23866      0t0       UDP localhost:38652->localhost:38652 
postmaste   1597      postgres   11u  IPv4   26024      0t0       TCP aap24-database.aap-test.local:postgres->aap24-control.aap-test.local:34042 (ESTABLISHED)
postmaste   1598      postgres   10u  IPv6   23866      0t0       UDP localhost:38652->localhost:38652 
postmaste   1598      postgres   11u  IPv4   26025      0t0       TCP aap24-database.aap-test.local:postgres->aap24-control.aap-test.local:34048 (ESTABLISHED)
postmaste   1606      postgres   10u  IPv6   23866      0t0       UDP localhost:38652->localhost:38652 
postmaste   1606      postgres   11u  IPv4   26033      0t0       TCP aap24-database.aap-test.local:postgres->aap24-control.aap-test.local:34132 (ESTABLISHED)
postmaste   1607      postgres   10u  IPv6   23866      0t0       UDP localhost:38652->localhost:38652 
postmaste   1607      postgres   11u  IPv4   26034      0t0       TCP aap24-database.aap-test.local:postgres->aap24-control.aap-test.local:34142 (ESTABLISHED)
postmaste   1609      postgres   10u  IPv6   23866      0t0       UDP localhost:38652->localhost:38652 
postmaste   1609      postgres   11u  IPv4   26036      0t0       TCP aap24-database.aap-test.local:postgres->aap24-control.aap-test.local:34166 (ESTABLISHED)
postmaste   1610      postgres   10u  IPv6   23866      0t0       UDP localhost:38652->localhost:38652 
postmaste   1610      postgres   11u  IPv4   26037      0t0       TCP aap24-database.aap-test.local:postgres->aap24-control.aap-test.local:34172 (ESTABLISHED)
postmaste   1618      postgres   10u  IPv6   23866      0t0       UDP localhost:38652->localhost:38652 
postmaste   1618      postgres   11u  IPv4   23538      0t0       TCP aap24-database.aap-test.local:postgres->aap24-control.aap-test.local:34190 (ESTABLISHED)
postmaste   1626      postgres   10u  IPv6   23866      0t0       UDP localhost:38652->localhost:38652 
postmaste   1626      postgres   11u  IPv4   26053      0t0       TCP aap24-database.aap-test.local:postgres->aap24-control.aap-test.local:34206 (ESTABLISHED)
postmaste   1627      postgres   10u  IPv6   23866      0t0       UDP localhost:38652->localhost:38652 
postmaste   1627      postgres   11u  IPv4   26054      0t0       TCP aap24-database.aap-test.local:postgres->aap24-control.aap-test.local:34214 (ESTABLISHED)
postmaste   1628      postgres   10u  IPv6   23866      0t0       UDP localhost:38652->localhost:38652 
postmaste   1628      postgres   11u  IPv4   26055      0t0       TCP aap24-database.aap-test.local:postgres->aap24-control.aap-test.local:34222 (ESTABLISHED)
postmaste   1629      postgres   10u  IPv6   23866      0t0       UDP localhost:38652->localhost:38652 
postmaste   1629      postgres   11u  IPv4   26056      0t0       TCP aap24-database.aap-test.local:postgres->aap24-control.aap-test.local:34234 (ESTABLISHED)
postmaste   1630      postgres   10u  IPv6   23866      0t0       UDP localhost:38652->localhost:38652 
postmaste   1630      postgres   11u  IPv4   26057      0t0       TCP aap24-database.aap-test.local:postgres->aap24-control.aap-test.local:34248 (ESTABLISHED)
postmaste   1631      postgres   10u  IPv6   23866      0t0       UDP localhost:38652->localhost:38652 
postmaste   1631      postgres   11u  IPv4   26058      0t0       TCP aap24-database.aap-test.local:postgres->aap24-control.aap-test.local:34256 (ESTABLISHED)
postmaste   1632      postgres   10u  IPv6   23866      0t0       UDP localhost:38652->localhost:38652 
postmaste   1632      postgres   11u  IPv4   26059      0t0       TCP aap24-database.aap-test.local:postgres->aap24-control.aap-test.local:34266 (ESTABLISHED)
postmaste   1633      postgres   10u  IPv6   23866      0t0       UDP localhost:38652->localhost:38652 
postmaste   1633      postgres   11u  IPv4   26060      0t0       TCP aap24-database.aap-test.local:postgres->aap24-control.aap-test.local:34280 (ESTABLISHED)
postmaste   2369      postgres   10u  IPv6   23866      0t0       UDP localhost:38652->localhost:38652 
postmaste   2369      postgres   11u  IPv4   29424      0t0       TCP aap24-database.aap-test.local:postgres->aap24-control.aap-test.local:46132 (ESTABLISHED)
sshd      622476          root    4u  IPv4 3033836      0t0       TCP aap24-database.aap-test.local:ssh->192.168.1.49:34400 (ESTABLISHED)
sshd      622495          root    4u  IPv4 3033836      0t0       TCP aap24-database.aap-test.local:ssh->192.168.1.49:34400 (ESTABLISHED)
bash      622633          root  cwd    DIR   253,0      142  67240070 /root
bash      622633          root  rtd    DIR   253,0      235       128 /
bash      622633          root  txt    REG   253,0  1389072  67333814 /usr/bin/bash
bash      622633          root  mem    REG   253,0  2586930     36580 /usr/lib/locale/en_US.utf8/LC_COLLATE
bash      622633          root  mem    REG   253,0  2544344 100688096 /usr/lib64/libc.so.6
bash      622633          root  mem    REG   253,0   346132 100687773 /usr/lib/locale/C.utf8/LC_CTYPE
bash      622633          root  mem    REG   253,0       54     36583 /usr/lib/locale/en_US.utf8/LC_NUMERIC
bash      622633          root  mem    REG   253,0     3284  33639493 /usr/lib/locale/en_US.utf8/LC_TIME
bash      622633          root  mem    REG   253,0      286  33639491 /usr/lib/locale/en_US.utf8/LC_MONETARY
bash      622633          root  mem    REG   253,0       57  33639504 /usr/lib/locale/en_US.utf8/LC_MESSAGES/SYS_LC_MESSAGES
bash      622633          root  mem    REG   253,0    26988  67334001 /usr/lib64/gconv/gconv-modules.cache
bash      622633          root  mem    REG   253,0   195080 100687757 /usr/lib64/libtinfo.so.6.2
bash      622633          root  mem    REG   253,0       34 100688074 /usr/lib/locale/en_US.utf8/LC_PAPER
bash      622633          root  mem    REG   253,0       77     36582 /usr/lib/locale/en_US.utf8/LC_NAME
bash      622633          root  mem    REG   253,0      167  33639487 /usr/lib/locale/en_US.utf8/LC_ADDRESS
bash      622633          root  mem    REG   253,0       59  33639492 /usr/lib/locale/en_US.utf8/LC_TELEPHONE
bash      622633          root  mem    REG   253,0       23  33639490 /usr/lib/locale/en_US.utf8/LC_MEASUREMENT
bash      622633          root  mem    REG   253,0      369  33639489 /usr/lib/locale/en_US.utf8/LC_IDENTIFICATION
bash      622633          root  mem    REG   253,0   897856 100688092 /usr/lib64/ld-linux-x86-64.so.2
bash      622633          root    0r   CHR     1,3      0t0         4 /dev/null
bash      622633          root    1w   REG   253,0        0  34096961 /tmp/memory_monitor.log
bash      622633          root    2w   REG   253,0        0  34096961 /tmp/memory_monitor.log
bash      622633          root    3r  FIFO    0,13      0t0   3039446 pipe
postmaste 623182      postgres   10u  IPv6   23866      0t0       UDP localhost:38652->localhost:38652 
postmaste 623182      postgres   11u  IPv4 3038935      0t0       TCP aap24-database.aap-test.local:postgres->aap24-control.aap-test.local:36412 (ESTABLISHED)
postmaste 623183      postgres   10u  IPv6   23866      0t0       UDP localhost:38652->localhost:38652 
postmaste 623183      postgres   11u  IPv4 3038936      0t0       TCP aap24-database.aap-test.local:postgres->aap24-control.aap-test.local:36414 (ESTABLISHED)
postmaste 623184      postgres   10u  IPv6   23866      0t0       UDP localhost:38652->localhost:38652 
postmaste 623184      postgres   11u  IPv4 3038937      0t0       TCP aap24-database.aap-test.local:postgres->aap24-control.aap-test.local:36418 (ESTABLISHED)
postmaste 623185      postgres   10u  IPv6   23866      0t0       UDP localhost:38652->localhost:38652 
postmaste 623185      postgres   11u  IPv4 3038938      0t0       TCP aap24-database.aap-test.local:postgres->aap24-control.aap-test.local:36420 (ESTABLISHED)
postmaste 623186      postgres   10u  IPv6   23866      0t0       UDP localhost:38652->localhost:38652 
postmaste 623186      postgres   11u  IPv4 3038939      0t0       TCP aap24-database.aap-test.local:postgres->aap24-control.aap-test.local:36424 (ESTABLISHED)

    PID    PPID CMD                           RSS    VSZ %CPU %MEM     ELAPSED
Receptor Child Processes for PID 623215:
  No child processes found
Receptor Threads for PID 623215:
    PID    SPID %CPU %MEM   RSS COMMAND
Receptor Network Connections for PID 623215:
COMMAND      PID          USER   FD   TYPE  DEVICE SIZE/OFF NODE NAME
chronyd      753        chrony    5u  IPv4   22727      0t0  UDP localhost:323 
chronyd      753        chrony    6u  IPv6   22728      0t0  UDP localhost:323 
NetworkMa    756          root   26u  IPv4   24004      0t0  UDP aap24-database.aap-test.local:bootpc->pi.hole:bootps 
sshd         782          root    3u  IPv4   23820      0t0  TCP *:ssh (LISTEN)
sshd         782          root    4u  IPv6   23827      0t0  TCP *:ssh (LISTEN)
postmaste    809      postgres    6u  IPv4   23167      0t0  TCP *:postgres (LISTEN)
postmaste    809      postgres    7u  IPv6   23168      0t0  TCP *:postgres (LISTEN)
postmaste    809      postgres   10u  IPv6   23866      0t0  UDP localhost:38652->localhost:38652 
postmaste    850      postgres   10u  IPv6   23866      0t0  UDP localhost:38652->localhost:38652 
postmaste    851      postgres   10u  IPv6   23866      0t0  UDP localhost:38652->localhost:38652 
postmaste    852      postgres   10u  IPv6   23866      0t0  UDP localhost:38652->localhost:38652 
postmaste    853      postgres   10u  IPv6   23866      0t0  UDP localhost:38652->localhost:38652 
postmaste    854      postgres   10u  IPv6   23866      0t0  UDP localhost:38652->localhost:38652 
postmaste    855      postgres   10u  IPv6   23866      0t0  UDP localhost:38652->localhost:38652 
node_expo   1085 node_exporter    3u  IPv6   24891      0t0  TCP *:jetdirect (LISTEN)
node_expo   1085 node_exporter    7u  IPv6   25024      0t0  TCP aap24-database.aap-test.local:jetdirect->monitoring-node.aap-test.local:54058 (ESTABLISHED)
postmaste   1578      postgres   10u  IPv6   23866      0t0  UDP localhost:38652->localhost:38652 
postmaste   1578      postgres   11u  IPv4   25983      0t0  TCP aap24-database.aap-test.local:postgres->aap24-control.aap-test.local:59112 (ESTABLISHED)
postmaste   1579      postgres   10u  IPv6   23866      0t0  UDP localhost:38652->localhost:38652 
postmaste   1579      postgres   11u  IPv4   25985      0t0  TCP aap24-database.aap-test.local:postgres->aap24-control.aap-test.local:59126 (ESTABLISHED)
postmaste   1597      postgres   10u  IPv6   23866      0t0  UDP localhost:38652->localhost:38652 
postmaste   1597      postgres   11u  IPv4   26024      0t0  TCP aap24-database.aap-test.local:postgres->aap24-control.aap-test.local:34042 (ESTABLISHED)
postmaste   1598      postgres   10u  IPv6   23866      0t0  UDP localhost:38652->localhost:38652 
postmaste   1598      postgres   11u  IPv4   26025      0t0  TCP aap24-database.aap-test.local:postgres->aap24-control.aap-test.local:34048 (ESTABLISHED)
postmaste   1606      postgres   10u  IPv6   23866      0t0  UDP localhost:38652->localhost:38652 
postmaste   1606      postgres   11u  IPv4   26033      0t0  TCP aap24-database.aap-test.local:postgres->aap24-control.aap-test.local:34132 (ESTABLISHED)
postmaste   1607      postgres   10u  IPv6   23866      0t0  UDP localhost:38652->localhost:38652 
postmaste   1607      postgres   11u  IPv4   26034      0t0  TCP aap24-database.aap-test.local:postgres->aap24-control.aap-test.local:34142 (ESTABLISHED)
postmaste   1609      postgres   10u  IPv6   23866      0t0  UDP localhost:38652->localhost:38652 
postmaste   1609      postgres   11u  IPv4   26036      0t0  TCP aap24-database.aap-test.local:postgres->aap24-control.aap-test.local:34166 (ESTABLISHED)
postmaste   1610      postgres   10u  IPv6   23866      0t0  UDP localhost:38652->localhost:38652 
postmaste   1610      postgres   11u  IPv4   26037      0t0  TCP aap24-database.aap-test.local:postgres->aap24-control.aap-test.local:34172 (ESTABLISHED)
postmaste   1618      postgres   10u  IPv6   23866      0t0  UDP localhost:38652->localhost:38652 
postmaste   1618      postgres   11u  IPv4   23538      0t0  TCP aap24-database.aap-test.local:postgres->aap24-control.aap-test.local:34190 (ESTABLISHED)
postmaste   1626      postgres   10u  IPv6   23866      0t0  UDP localhost:38652->localhost:38652 
postmaste   1626      postgres   11u  IPv4   26053      0t0  TCP aap24-database.aap-test.local:postgres->aap24-control.aap-test.local:34206 (ESTABLISHED)
postmaste   1627      postgres   10u  IPv6   23866      0t0  UDP localhost:38652->localhost:38652 
postmaste   1627      postgres   11u  IPv4   26054      0t0  TCP aap24-database.aap-test.local:postgres->aap24-control.aap-test.local:34214 (ESTABLISHED)
postmaste   1628      postgres   10u  IPv6   23866      0t0  UDP localhost:38652->localhost:38652 
postmaste   1628      postgres   11u  IPv4   26055      0t0  TCP aap24-database.aap-test.local:postgres->aap24-control.aap-test.local:34222 (ESTABLISHED)
postmaste   1629      postgres   10u  IPv6   23866      0t0  UDP localhost:38652->localhost:38652 
postmaste   1629      postgres   11u  IPv4   26056      0t0  TCP aap24-database.aap-test.local:postgres->aap24-control.aap-test.local:34234 (ESTABLISHED)
postmaste   1630      postgres   10u  IPv6   23866      0t0  UDP localhost:38652->localhost:38652 
postmaste   1630      postgres   11u  IPv4   26057      0t0  TCP aap24-database.aap-test.local:postgres->aap24-control.aap-test.local:34248 (ESTABLISHED)
postmaste   1631      postgres   10u  IPv6   23866      0t0  UDP localhost:38652->localhost:38652 
postmaste   1631      postgres   11u  IPv4   26058      0t0  TCP aap24-database.aap-test.local:postgres->aap24-control.aap-test.local:34256 (ESTABLISHED)
postmaste   1632      postgres   10u  IPv6   23866      0t0  UDP localhost:38652->localhost:38652 
postmaste   1632      postgres   11u  IPv4   26059      0t0  TCP aap24-database.aap-test.local:postgres->aap24-control.aap-test.local:34266 (ESTABLISHED)
postmaste   1633      postgres   10u  IPv6   23866      0t0  UDP localhost:38652->localhost:38652 
postmaste   1633      postgres   11u  IPv4   26060      0t0  TCP aap24-database.aap-test.local:postgres->aap24-control.aap-test.local:34280 (ESTABLISHED)
postmaste   2369      postgres   10u  IPv6   23866      0t0  UDP localhost:38652->localhost:38652 
postmaste   2369      postgres   11u  IPv4   29424      0t0  TCP aap24-database.aap-test.local:postgres->aap24-control.aap-test.local:46132 (ESTABLISHED)
sshd      622476          root    4u  IPv4 3033836      0t0  TCP aap24-database.aap-test.local:ssh->192.168.1.49:34400 (ESTABLISHED)
sshd      622495          root    4u  IPv4 3033836      0t0  TCP aap24-database.aap-test.local:ssh->192.168.1.49:34400 (ESTABLISHED)
postmaste 623182      postgres   10u  IPv6   23866      0t0  UDP localhost:38652->localhost:38652 
postmaste 623182      postgres   11u  IPv4 3038935      0t0  TCP aap24-database.aap-test.local:postgres->aap24-control.aap-test.local:36412 (ESTABLISHED)
postmaste 623183      postgres   10u  IPv6   23866      0t0  UDP localhost:38652->localhost:38652 
postmaste 623183      postgres   11u  IPv4 3038936      0t0  TCP aap24-database.aap-test.local:postgres->aap24-control.aap-test.local:36414 (ESTABLISHED)
postmaste 623184      postgres   10u  IPv6   23866      0t0  UDP localhost:38652->localhost:38652 
postmaste 623184      postgres   11u  IPv4 3038937      0t0  TCP aap24-database.aap-test.local:postgres->aap24-control.aap-test.local:36418 (ESTABLISHED)
postmaste 623185      postgres   10u  IPv6   23866      0t0  UDP localhost:38652->localhost:38652 
postmaste 623185      postgres   11u  IPv4 3038938      0t0  TCP aap24-database.aap-test.local:postgres->aap24-control.aap-test.local:36420 (ESTABLISHED)
postmaste 623186      postgres   10u  IPv6   23866      0t0  UDP localhost:38652->localhost:38652 
postmaste 623186      postgres   11u  IPv4 3038939      0t0  TCP aap24-database.aap-test.local:postgres->aap24-control.aap-test.local:36424 (ESTABLISHED)
  No network connections found

=== RECEPTOR MEMORY SUMMARY ===
Total Receptor RSS Memory: 3456 KB (3 MB)
Total Receptor VSZ Memory: 7260 KB (7 MB)
Number of Receptor Processes: 2

AAP-related Processes and Children:
=== AAP Service Processes ===
Process: bash (PID: 622633)
    PID    PPID CMD                           RSS
 622633       1 bash -c  log_file="/tmp/mem  3456
  Children of PID 622633:
    PID    PPID CMD                           RSS
 623274  622633 bash -c  log_file="/tmp/mem  2116

Process: bash (PID: 623274)
    PID    PPID CMD                           RSS
 623274  622633 bash -c  log_file="/tmp/mem  2116
  Children of PID 623274:
    PID    PPID CMD                           RSS


Process Tree for AAP Services:
=== automation-controller Process Tree ===
bash(622633)---pstree(623285)
=== receptor Process Tree ===
bash(622633)---pstree(623289)
=== nginx Process Tree ===
bash(622633)---pstree(623293)
=== postgresql Process Tree ===
bash(622633)---pstree(623297)
=== redis Process Tree ===
bash(622633)---pstree(623301)
=== uwsgi Process Tree ===
bash(622633)---pstree(623305)
=== automation-hub Process Tree ===
bash(622633)---pstree(623309)
=== automation-eda Process Tree ===
bash(622633)---pstree(623313)

=================================================================================
2025-06-30 11:36:00
Memory Usage Report:
               total        used        free      shared  buff/cache   available
Mem:            7681         662        6363         121        1031        7019
Swap:           4095           0        4095

Top 10 Processes by RSS Memory:
    PID    PPID CMD                           RSS
    809       1 /usr/bin/postmaster -D /var 61824
    745       1 /usr/bin/python3 -s /usr/sb 43308
   1578     809 postgres: automationhub aut 40308
   1579     809 postgres: automationhub aut 40308
   1630     809 postgres: automationhub aut 39540
   1629     809 postgres: automationhub aut 39412
   1631     809 postgres: automationhub aut 39412
   1632     809 postgres: automationhub aut 39412
   1633     809 postgres: automationhub aut 39412
   1626     809 postgres: automationhub aut 39284

=== RECEPTOR PROCESS ANALYSIS ===
Receptor Main Processes:
    PID    PPID CMD                           RSS    VSZ %CPU %MEM     ELAPSED
 622633       1 bash -c  log_file="/tmp/mem  3456   7260  0.0  0.0       02:02
Receptor Child Processes for PID 622633:
      PID    PPID CMD                           RSS    VSZ %CPU %MEM     ELAPSED
Receptor Threads for PID 622633:
    PID    SPID %CPU %MEM   RSS COMMAND
 622633  622633  0.0  0.0  3456 bash
Receptor Network Connections for PID 622633:
COMMAND      PID          USER   FD   TYPE  DEVICE SIZE/OFF      NODE NAME
chronyd      753        chrony    5u  IPv4   22727      0t0       UDP localhost:323 
chronyd      753        chrony    6u  IPv6   22728      0t0       UDP localhost:323 
NetworkMa    756          root   26u  IPv4   24004      0t0       UDP aap24-database.aap-test.local:bootpc->pi.hole:bootps 
sshd         782          root    3u  IPv4   23820      0t0       TCP *:ssh (LISTEN)
sshd         782          root    4u  IPv6   23827      0t0       TCP *:ssh (LISTEN)
postmaste    809      postgres    6u  IPv4   23167      0t0       TCP *:postgres (LISTEN)
postmaste    809      postgres    7u  IPv6   23168      0t0       TCP *:postgres (LISTEN)
postmaste    809      postgres   10u  IPv6   23866      0t0       UDP localhost:38652->localhost:38652 
postmaste    850      postgres   10u  IPv6   23866      0t0       UDP localhost:38652->localhost:38652 
postmaste    851      postgres   10u  IPv6   23866      0t0       UDP localhost:38652->localhost:38652 
postmaste    852      postgres   10u  IPv6   23866      0t0       UDP localhost:38652->localhost:38652 
postmaste    853      postgres   10u  IPv6   23866      0t0       UDP localhost:38652->localhost:38652 
postmaste    854      postgres   10u  IPv6   23866      0t0       UDP localhost:38652->localhost:38652 
postmaste    855      postgres   10u  IPv6   23866      0t0       UDP localhost:38652->localhost:38652 
node_expo   1085 node_exporter    3u  IPv6   24891      0t0       TCP *:jetdirect (LISTEN)
node_expo   1085 node_exporter    7u  IPv6   25024      0t0       TCP aap24-database.aap-test.local:jetdirect->monitoring-node.aap-test.local:54058 (ESTABLISHED)
postmaste   1578      postgres   10u  IPv6   23866      0t0       UDP localhost:38652->localhost:38652 
postmaste   1578      postgres   11u  IPv4   25983      0t0       TCP aap24-database.aap-test.local:postgres->aap24-control.aap-test.local:59112 (ESTABLISHED)
postmaste   1579      postgres   10u  IPv6   23866      0t0       UDP localhost:38652->localhost:38652 
postmaste   1579      postgres   11u  IPv4   25985      0t0       TCP aap24-database.aap-test.local:postgres->aap24-control.aap-test.local:59126 (ESTABLISHED)
postmaste   1597      postgres   10u  IPv6   23866      0t0       UDP localhost:38652->localhost:38652 
postmaste   1597      postgres   11u  IPv4   26024      0t0       TCP aap24-database.aap-test.local:postgres->aap24-control.aap-test.local:34042 (ESTABLISHED)
postmaste   1598      postgres   10u  IPv6   23866      0t0       UDP localhost:38652->localhost:38652 
postmaste   1598      postgres   11u  IPv4   26025      0t0       TCP aap24-database.aap-test.local:postgres->aap24-control.aap-test.local:34048 (ESTABLISHED)
postmaste   1606      postgres   10u  IPv6   23866      0t0       UDP localhost:38652->localhost:38652 
postmaste   1606      postgres   11u  IPv4   26033      0t0       TCP aap24-database.aap-test.local:postgres->aap24-control.aap-test.local:34132 (ESTABLISHED)
postmaste   1607      postgres   10u  IPv6   23866      0t0       UDP localhost:38652->localhost:38652 
postmaste   1607      postgres   11u  IPv4   26034      0t0       TCP aap24-database.aap-test.local:postgres->aap24-control.aap-test.local:34142 (ESTABLISHED)
postmaste   1609      postgres   10u  IPv6   23866      0t0       UDP localhost:38652->localhost:38652 
postmaste   1609      postgres   11u  IPv4   26036      0t0       TCP aap24-database.aap-test.local:postgres->aap24-control.aap-test.local:34166 (ESTABLISHED)
postmaste   1610      postgres   10u  IPv6   23866      0t0       UDP localhost:38652->localhost:38652 
postmaste   1610      postgres   11u  IPv4   26037      0t0       TCP aap24-database.aap-test.local:postgres->aap24-control.aap-test.local:34172 (ESTABLISHED)
postmaste   1618      postgres   10u  IPv6   23866      0t0       UDP localhost:38652->localhost:38652 
postmaste   1618      postgres   11u  IPv4   23538      0t0       TCP aap24-database.aap-test.local:postgres->aap24-control.aap-test.local:34190 (ESTABLISHED)
postmaste   1626      postgres   10u  IPv6   23866      0t0       UDP localhost:38652->localhost:38652 
postmaste   1626      postgres   11u  IPv4   26053      0t0       TCP aap24-database.aap-test.local:postgres->aap24-control.aap-test.local:34206 (ESTABLISHED)
postmaste   1627      postgres   10u  IPv6   23866      0t0       UDP localhost:38652->localhost:38652 
postmaste   1627      postgres   11u  IPv4   26054      0t0       TCP aap24-database.aap-test.local:postgres->aap24-control.aap-test.local:34214 (ESTABLISHED)
postmaste   1628      postgres   10u  IPv6   23866      0t0       UDP localhost:38652->localhost:38652 
postmaste   1628      postgres   11u  IPv4   26055      0t0       TCP aap24-database.aap-test.local:postgres->aap24-control.aap-test.local:34222 (ESTABLISHED)
postmaste   1629      postgres   10u  IPv6   23866      0t0       UDP localhost:38652->localhost:38652 
postmaste   1629      postgres   11u  IPv4   26056      0t0       TCP aap24-database.aap-test.local:postgres->aap24-control.aap-test.local:34234 (ESTABLISHED)
postmaste   1630      postgres   10u  IPv6   23866      0t0       UDP localhost:38652->localhost:38652 
postmaste   1630      postgres   11u  IPv4   26057      0t0       TCP aap24-database.aap-test.local:postgres->aap24-control.aap-test.local:34248 (ESTABLISHED)
postmaste   1631      postgres   10u  IPv6   23866      0t0       UDP localhost:38652->localhost:38652 
postmaste   1631      postgres   11u  IPv4   26058      0t0       TCP aap24-database.aap-test.local:postgres->aap24-control.aap-test.local:34256 (ESTABLISHED)
postmaste   1632      postgres   10u  IPv6   23866      0t0       UDP localhost:38652->localhost:38652 
postmaste   1632      postgres   11u  IPv4   26059      0t0       TCP aap24-database.aap-test.local:postgres->aap24-control.aap-test.local:34266 (ESTABLISHED)
postmaste   1633      postgres   10u  IPv6   23866      0t0       UDP localhost:38652->localhost:38652 
postmaste   1633      postgres   11u  IPv4   26060      0t0       TCP aap24-database.aap-test.local:postgres->aap24-control.aap-test.local:34280 (ESTABLISHED)
postmaste   2369      postgres   10u  IPv6   23866      0t0       UDP localhost:38652->localhost:38652 
postmaste   2369      postgres   11u  IPv4   29424      0t0       TCP aap24-database.aap-test.local:postgres->aap24-control.aap-test.local:46132 (ESTABLISHED)
bash      622633          root  cwd    DIR   253,0      142  67240070 /root
bash      622633          root  rtd    DIR   253,0      235       128 /
bash      622633          root  txt    REG   253,0  1389072  67333814 /usr/bin/bash
bash      622633          root  mem    REG   253,0  2586930     36580 /usr/lib/locale/en_US.utf8/LC_COLLATE
bash      622633          root  mem    REG   253,0  2544344 100688096 /usr/lib64/libc.so.6
bash      622633          root  mem    REG   253,0   346132 100687773 /usr/lib/locale/C.utf8/LC_CTYPE
bash      622633          root  mem    REG   253,0       54     36583 /usr/lib/locale/en_US.utf8/LC_NUMERIC
bash      622633          root  mem    REG   253,0     3284  33639493 /usr/lib/locale/en_US.utf8/LC_TIME
bash      622633          root  mem    REG   253,0      286  33639491 /usr/lib/locale/en_US.utf8/LC_MONETARY
bash      622633          root  mem    REG   253,0       57  33639504 /usr/lib/locale/en_US.utf8/LC_MESSAGES/SYS_LC_MESSAGES
bash      622633          root  mem    REG   253,0    26988  67334001 /usr/lib64/gconv/gconv-modules.cache
bash      622633          root  mem    REG   253,0   195080 100687757 /usr/lib64/libtinfo.so.6.2
bash      622633          root  mem    REG   253,0       34 100688074 /usr/lib/locale/en_US.utf8/LC_PAPER
bash      622633          root  mem    REG   253,0       77     36582 /usr/lib/locale/en_US.utf8/LC_NAME
bash      622633          root  mem    REG   253,0      167  33639487 /usr/lib/locale/en_US.utf8/LC_ADDRESS
bash      622633          root  mem    REG   253,0       59  33639492 /usr/lib/locale/en_US.utf8/LC_TELEPHONE
bash      622633          root  mem    REG   253,0       23  33639490 /usr/lib/locale/en_US.utf8/LC_MEASUREMENT
bash      622633          root  mem    REG   253,0      369  33639489 /usr/lib/locale/en_US.utf8/LC_IDENTIFICATION
bash      622633          root  mem    REG   253,0   897856 100688092 /usr/lib64/ld-linux-x86-64.so.2
bash      622633          root    0r   CHR     1,3      0t0         4 /dev/null
bash      622633          root    1w   REG   253,0        0  34096961 /tmp/memory_monitor.log
bash      622633          root    2w   REG   253,0        0  34096961 /tmp/memory_monitor.log
bash      622633          root    3r  FIFO    0,13      0t0   3039859 pipe
postmaste 623185      postgres   10u  IPv6   23866      0t0       UDP localhost:38652->localhost:38652 
postmaste 623185      postgres   11u  IPv4 3038938      0t0       TCP aap24-database.aap-test.local:postgres->aap24-control.aap-test.local:36420 (ESTABLISHED)
postmaste 623186      postgres   10u  IPv6   23866      0t0       UDP localhost:38652->localhost:38652 
postmaste 623186      postgres   11u  IPv4 3038939      0t0       TCP aap24-database.aap-test.local:postgres->aap24-control.aap-test.local:36424 (ESTABLISHED)
postmaste 623366      postgres   10u  IPv6   23866      0t0       UDP localhost:38652->localhost:38652 
postmaste 623366      postgres   11u  IPv4 3042351      0t0       TCP aap24-database.aap-test.local:postgres->aap24-control.aap-test.local:43980 (ESTABLISHED)
postmaste 623390      postgres   10u  IPv6   23866      0t0       UDP localhost:38652->localhost:38652 
postmaste 623390      postgres   11u  IPv4 3041468      0t0       TCP aap24-database.aap-test.local:postgres->aap24-control.aap-test.local:34162 (ESTABLISHED)
postmaste 623391      postgres   10u  IPv6   23866      0t0       UDP localhost:38652->localhost:38652 
postmaste 623391      postgres   11u  IPv4 3041469      0t0       TCP aap24-database.aap-test.local:postgres->aap24-control.aap-test.local:34174 (ESTABLISHED)
postmaste 623392      postgres   10u  IPv6   23866      0t0       UDP localhost:38652->localhost:38652 
postmaste 623392      postgres   11u  IPv4 3041470      0t0       TCP aap24-database.aap-test.local:postgres->aap24-control.aap-test.local:34180 (ESTABLISHED)
postmaste 623393      postgres   10u  IPv6   23866      0t0       UDP localhost:38652->localhost:38652 
postmaste 623393      postgres   11u  IPv4 3041471      0t0       TCP aap24-database.aap-test.local:postgres->aap24-control.aap-test.local:34182 (ESTABLISHED)

    PID    PPID CMD                           RSS    VSZ %CPU %MEM     ELAPSED
Receptor Child Processes for PID 623399:
  No child processes found
Receptor Threads for PID 623399:
    PID    SPID %CPU %MEM   RSS COMMAND
Receptor Network Connections for PID 623399:
COMMAND      PID          USER   FD   TYPE  DEVICE SIZE/OFF NODE NAME
chronyd      753        chrony    5u  IPv4   22727      0t0  UDP localhost:323 
chronyd      753        chrony    6u  IPv6   22728      0t0  UDP localhost:323 
NetworkMa    756          root   26u  IPv4   24004      0t0  UDP aap24-database.aap-test.local:bootpc->pi.hole:bootps 
sshd         782          root    3u  IPv4   23820      0t0  TCP *:ssh (LISTEN)
sshd         782          root    4u  IPv6   23827      0t0  TCP *:ssh (LISTEN)
postmaste    809      postgres    6u  IPv4   23167      0t0  TCP *:postgres (LISTEN)
postmaste    809      postgres    7u  IPv6   23168      0t0  TCP *:postgres (LISTEN)
postmaste    809      postgres   10u  IPv6   23866      0t0  UDP localhost:38652->localhost:38652 
postmaste    850      postgres   10u  IPv6   23866      0t0  UDP localhost:38652->localhost:38652 
postmaste    851      postgres   10u  IPv6   23866      0t0  UDP localhost:38652->localhost:38652 
postmaste    852      postgres   10u  IPv6   23866      0t0  UDP localhost:38652->localhost:38652 
postmaste    853      postgres   10u  IPv6   23866      0t0  UDP localhost:38652->localhost:38652 
postmaste    854      postgres   10u  IPv6   23866      0t0  UDP localhost:38652->localhost:38652 
postmaste    855      postgres   10u  IPv6   23866      0t0  UDP localhost:38652->localhost:38652 
node_expo   1085 node_exporter    3u  IPv6   24891      0t0  TCP *:jetdirect (LISTEN)
node_expo   1085 node_exporter    7u  IPv6   25024      0t0  TCP aap24-database.aap-test.local:jetdirect->monitoring-node.aap-test.local:54058 (ESTABLISHED)
postmaste   1578      postgres   10u  IPv6   23866      0t0  UDP localhost:38652->localhost:38652 
postmaste   1578      postgres   11u  IPv4   25983      0t0  TCP aap24-database.aap-test.local:postgres->aap24-control.aap-test.local:59112 (ESTABLISHED)
postmaste   1579      postgres   10u  IPv6   23866      0t0  UDP localhost:38652->localhost:38652 
postmaste   1579      postgres   11u  IPv4   25985      0t0  TCP aap24-database.aap-test.local:postgres->aap24-control.aap-test.local:59126 (ESTABLISHED)
postmaste   1597      postgres   10u  IPv6   23866      0t0  UDP localhost:38652->localhost:38652 
postmaste   1597      postgres   11u  IPv4   26024      0t0  TCP aap24-database.aap-test.local:postgres->aap24-control.aap-test.local:34042 (ESTABLISHED)
postmaste   1598      postgres   10u  IPv6   23866      0t0  UDP localhost:38652->localhost:38652 
postmaste   1598      postgres   11u  IPv4   26025      0t0  TCP aap24-database.aap-test.local:postgres->aap24-control.aap-test.local:34048 (ESTABLISHED)
postmaste   1606      postgres   10u  IPv6   23866      0t0  UDP localhost:38652->localhost:38652 
postmaste   1606      postgres   11u  IPv4   26033      0t0  TCP aap24-database.aap-test.local:postgres->aap24-control.aap-test.local:34132 (ESTABLISHED)
postmaste   1607      postgres   10u  IPv6   23866      0t0  UDP localhost:38652->localhost:38652 
postmaste   1607      postgres   11u  IPv4   26034      0t0  TCP aap24-database.aap-test.local:postgres->aap24-control.aap-test.local:34142 (ESTABLISHED)
postmaste   1609      postgres   10u  IPv6   23866      0t0  UDP localhost:38652->localhost:38652 
postmaste   1609      postgres   11u  IPv4   26036      0t0  TCP aap24-database.aap-test.local:postgres->aap24-control.aap-test.local:34166 (ESTABLISHED)
postmaste   1610      postgres   10u  IPv6   23866      0t0  UDP localhost:38652->localhost:38652 
postmaste   1610      postgres   11u  IPv4   26037      0t0  TCP aap24-database.aap-test.local:postgres->aap24-control.aap-test.local:34172 (ESTABLISHED)
postmaste   1618      postgres   10u  IPv6   23866      0t0  UDP localhost:38652->localhost:38652 
postmaste   1618      postgres   11u  IPv4   23538      0t0  TCP aap24-database.aap-test.local:postgres->aap24-control.aap-test.local:34190 (ESTABLISHED)
postmaste   1626      postgres   10u  IPv6   23866      0t0  UDP localhost:38652->localhost:38652 
postmaste   1626      postgres   11u  IPv4   26053      0t0  TCP aap24-database.aap-test.local:postgres->aap24-control.aap-test.local:34206 (ESTABLISHED)
postmaste   1627      postgres   10u  IPv6   23866      0t0  UDP localhost:38652->localhost:38652 
postmaste   1627      postgres   11u  IPv4   26054      0t0  TCP aap24-database.aap-test.local:postgres->aap24-control.aap-test.local:34214 (ESTABLISHED)
postmaste   1628      postgres   10u  IPv6   23866      0t0  UDP localhost:38652->localhost:38652 
postmaste   1628      postgres   11u  IPv4   26055      0t0  TCP aap24-database.aap-test.local:postgres->aap24-control.aap-test.local:34222 (ESTABLISHED)
postmaste   1629      postgres   10u  IPv6   23866      0t0  UDP localhost:38652->localhost:38652 
postmaste   1629      postgres   11u  IPv4   26056      0t0  TCP aap24-database.aap-test.local:postgres->aap24-control.aap-test.local:34234 (ESTABLISHED)
postmaste   1630      postgres   10u  IPv6   23866      0t0  UDP localhost:38652->localhost:38652 
postmaste   1630      postgres   11u  IPv4   26057      0t0  TCP aap24-database.aap-test.local:postgres->aap24-control.aap-test.local:34248 (ESTABLISHED)
postmaste   1631      postgres   10u  IPv6   23866      0t0  UDP localhost:38652->localhost:38652 
postmaste   1631      postgres   11u  IPv4   26058      0t0  TCP aap24-database.aap-test.local:postgres->aap24-control.aap-test.local:34256 (ESTABLISHED)
postmaste   1632      postgres   10u  IPv6   23866      0t0  UDP localhost:38652->localhost:38652 
postmaste   1632      postgres   11u  IPv4   26059      0t0  TCP aap24-database.aap-test.local:postgres->aap24-control.aap-test.local:34266 (ESTABLISHED)
postmaste   1633      postgres   10u  IPv6   23866      0t0  UDP localhost:38652->localhost:38652 
postmaste   1633      postgres   11u  IPv4   26060      0t0  TCP aap24-database.aap-test.local:postgres->aap24-control.aap-test.local:34280 (ESTABLISHED)
postmaste   2369      postgres   10u  IPv6   23866      0t0  UDP localhost:38652->localhost:38652 
postmaste   2369      postgres   11u  IPv4   29424      0t0  TCP aap24-database.aap-test.local:postgres->aap24-control.aap-test.local:46132 (ESTABLISHED)
postmaste 623185      postgres   10u  IPv6   23866      0t0  UDP localhost:38652->localhost:38652 
postmaste 623185      postgres   11u  IPv4 3038938      0t0  TCP aap24-database.aap-test.local:postgres->aap24-control.aap-test.local:36420 (ESTABLISHED)
postmaste 623186      postgres   10u  IPv6   23866      0t0  UDP localhost:38652->localhost:38652 
postmaste 623186      postgres   11u  IPv4 3038939      0t0  TCP aap24-database.aap-test.local:postgres->aap24-control.aap-test.local:36424 (ESTABLISHED)
postmaste 623366      postgres   10u  IPv6   23866      0t0  UDP localhost:38652->localhost:38652 
postmaste 623366      postgres   11u  IPv4 3042351      0t0  TCP aap24-database.aap-test.local:postgres->aap24-control.aap-test.local:43980 (ESTABLISHED)
postmaste 623390      postgres   10u  IPv6   23866      0t0  UDP localhost:38652->localhost:38652 
postmaste 623390      postgres   11u  IPv4 3041468      0t0  TCP aap24-database.aap-test.local:postgres->aap24-control.aap-test.local:34162 (ESTABLISHED)
postmaste 623391      postgres   10u  IPv6   23866      0t0  UDP localhost:38652->localhost:38652 
postmaste 623391      postgres   11u  IPv4 3041469      0t0  TCP aap24-database.aap-test.local:postgres->aap24-control.aap-test.local:34174 (ESTABLISHED)
postmaste 623392      postgres   10u  IPv6   23866      0t0  UDP localhost:38652->localhost:38652 
postmaste 623392      postgres   11u  IPv4 3041470      0t0  TCP aap24-database.aap-test.local:postgres->aap24-control.aap-test.local:34180 (ESTABLISHED)
postmaste 623393      postgres   10u  IPv6   23866      0t0  UDP localhost:38652->localhost:38652 
postmaste 623393      postgres   11u  IPv4 3041471      0t0  TCP aap24-database.aap-test.local:postgres->aap24-control.aap-test.local:34182 (ESTABLISHED)
  No network connections found

=== RECEPTOR MEMORY SUMMARY ===
Total Receptor RSS Memory: 3456 KB (3 MB)
Total Receptor VSZ Memory: 7260 KB (7 MB)
Number of Receptor Processes: 2

AAP-related Processes and Children:
=== AAP Service Processes ===
Process: bash (PID: 622633)
    PID    PPID CMD                           RSS
 622633       1 bash -c  log_file="/tmp/mem  3456
  Children of PID 622633:
    PID    PPID CMD                           RSS
 623458  622633 bash -c  log_file="/tmp/mem  2124

Process: bash (PID: 623458)
    PID    PPID CMD                           RSS
 623458  622633 bash -c  log_file="/tmp/mem  2124
  Children of PID 623458:
    PID    PPID CMD                           RSS


Process Tree for AAP Services:
=== automation-controller Process Tree ===
bash(622633)---pstree(623479)
=== receptor Process Tree ===
bash(622633)---pstree(623484)
=== nginx Process Tree ===
bash(622633)---pstree(623488)
=== postgresql Process Tree ===
bash(622633)---pstree(623492)
=== redis Process Tree ===
bash(622633)---pstree(623496)
=== uwsgi Process Tree ===
bash(622633)---pstree(623500)
=== automation-hub Process Tree ===
bash(622633)---pstree(623504)
=== automation-eda Process Tree ===
bash(622633)---pstree(623508)

=================================================================================
2025-06-30 11:36:30
Memory Usage Report:
               total        used        free      shared  buff/cache   available
Mem:            7681         663        6361         121        1030        7017
Swap:           4095           0        4095

Top 10 Processes by RSS Memory:
    PID    PPID CMD                           RSS
    809       1 /usr/bin/postmaster -D /var 61824
    745       1 /usr/bin/python3 -s /usr/sb 43308
   1578     809 postgres: automationhub aut 40308
   1579     809 postgres: automationhub aut 40308
   1630     809 postgres: automationhub aut 39540
   1629     809 postgres: automationhub aut 39412
   1631     809 postgres: automationhub aut 39412
   1632     809 postgres: automationhub aut 39412
   1633     809 postgres: automationhub aut 39412
   1626     809 postgres: automationhub aut 39284

=== RECEPTOR PROCESS ANALYSIS ===
Receptor Main Processes:
    PID    PPID CMD                           RSS    VSZ %CPU %MEM     ELAPSED
 622633       1 bash -c  log_file="/tmp/mem  3456   7260  0.0  0.0       02:33
Receptor Child Processes for PID 622633:
      PID    PPID CMD                           RSS    VSZ %CPU %MEM     ELAPSED
Receptor Threads for PID 622633:
    PID    SPID %CPU %MEM   RSS COMMAND
 622633  622633  0.0  0.0  3456 bash
Receptor Network Connections for PID 622633:
COMMAND      PID          USER   FD   TYPE  DEVICE SIZE/OFF      NODE NAME
chronyd      753        chrony    5u  IPv4   22727      0t0       UDP localhost:323 
chronyd      753        chrony    6u  IPv6   22728      0t0       UDP localhost:323 
NetworkMa    756          root   26u  IPv4   24004      0t0       UDP aap24-database.aap-test.local:bootpc->pi.hole:bootps 
sshd         782          root    3u  IPv4   23820      0t0       TCP *:ssh (LISTEN)
sshd         782          root    4u  IPv6   23827      0t0       TCP *:ssh (LISTEN)
postmaste    809      postgres    6u  IPv4   23167      0t0       TCP *:postgres (LISTEN)
postmaste    809      postgres    7u  IPv6   23168      0t0       TCP *:postgres (LISTEN)
postmaste    809      postgres   10u  IPv6   23866      0t0       UDP localhost:38652->localhost:38652 
postmaste    850      postgres   10u  IPv6   23866      0t0       UDP localhost:38652->localhost:38652 
postmaste    851      postgres   10u  IPv6   23866      0t0       UDP localhost:38652->localhost:38652 
postmaste    852      postgres   10u  IPv6   23866      0t0       UDP localhost:38652->localhost:38652 
postmaste    853      postgres   10u  IPv6   23866      0t0       UDP localhost:38652->localhost:38652 
postmaste    854      postgres   10u  IPv6   23866      0t0       UDP localhost:38652->localhost:38652 
postmaste    855      postgres   10u  IPv6   23866      0t0       UDP localhost:38652->localhost:38652 
node_expo   1085 node_exporter    3u  IPv6   24891      0t0       TCP *:jetdirect (LISTEN)
node_expo   1085 node_exporter    7u  IPv6   25024      0t0       TCP aap24-database.aap-test.local:jetdirect->monitoring-node.aap-test.local:54058 (ESTABLISHED)
postmaste   1578      postgres   10u  IPv6   23866      0t0       UDP localhost:38652->localhost:38652 
postmaste   1578      postgres   11u  IPv4   25983      0t0       TCP aap24-database.aap-test.local:postgres->aap24-control.aap-test.local:59112 (ESTABLISHED)
postmaste   1579      postgres   10u  IPv6   23866      0t0       UDP localhost:38652->localhost:38652 
postmaste   1579      postgres   11u  IPv4   25985      0t0       TCP aap24-database.aap-test.local:postgres->aap24-control.aap-test.local:59126 (ESTABLISHED)
postmaste   1597      postgres   10u  IPv6   23866      0t0       UDP localhost:38652->localhost:38652 
postmaste   1597      postgres   11u  IPv4   26024      0t0       TCP aap24-database.aap-test.local:postgres->aap24-control.aap-test.local:34042 (ESTABLISHED)
postmaste   1598      postgres   10u  IPv6   23866      0t0       UDP localhost:38652->localhost:38652 
postmaste   1598      postgres   11u  IPv4   26025      0t0       TCP aap24-database.aap-test.local:postgres->aap24-control.aap-test.local:34048 (ESTABLISHED)
postmaste   1606      postgres   10u  IPv6   23866      0t0       UDP localhost:38652->localhost:38652 
postmaste   1606      postgres   11u  IPv4   26033      0t0       TCP aap24-database.aap-test.local:postgres->aap24-control.aap-test.local:34132 (ESTABLISHED)
postmaste   1607      postgres   10u  IPv6   23866      0t0       UDP localhost:38652->localhost:38652 
postmaste   1607      postgres   11u  IPv4   26034      0t0       TCP aap24-database.aap-test.local:postgres->aap24-control.aap-test.local:34142 (ESTABLISHED)
postmaste   1609      postgres   10u  IPv6   23866      0t0       UDP localhost:38652->localhost:38652 
postmaste   1609      postgres   11u  IPv4   26036      0t0       TCP aap24-database.aap-test.local:postgres->aap24-control.aap-test.local:34166 (ESTABLISHED)
postmaste   1610      postgres   10u  IPv6   23866      0t0       UDP localhost:38652->localhost:38652 
postmaste   1610      postgres   11u  IPv4   26037      0t0       TCP aap24-database.aap-test.local:postgres->aap24-control.aap-test.local:34172 (ESTABLISHED)
postmaste   1618      postgres   10u  IPv6   23866      0t0       UDP localhost:38652->localhost:38652 
postmaste   1618      postgres   11u  IPv4   23538      0t0       TCP aap24-database.aap-test.local:postgres->aap24-control.aap-test.local:34190 (ESTABLISHED)
postmaste   1626      postgres   10u  IPv6   23866      0t0       UDP localhost:38652->localhost:38652 
postmaste   1626      postgres   11u  IPv4   26053      0t0       TCP aap24-database.aap-test.local:postgres->aap24-control.aap-test.local:34206 (ESTABLISHED)
postmaste   1627      postgres   10u  IPv6   23866      0t0       UDP localhost:38652->localhost:38652 
postmaste   1627      postgres   11u  IPv4   26054      0t0       TCP aap24-database.aap-test.local:postgres->aap24-control.aap-test.local:34214 (ESTABLISHED)
postmaste   1628      postgres   10u  IPv6   23866      0t0       UDP localhost:38652->localhost:38652 
postmaste   1628      postgres   11u  IPv4   26055      0t0       TCP aap24-database.aap-test.local:postgres->aap24-control.aap-test.local:34222 (ESTABLISHED)
postmaste   1629      postgres   10u  IPv6   23866      0t0       UDP localhost:38652->localhost:38652 
postmaste   1629      postgres   11u  IPv4   26056      0t0       TCP aap24-database.aap-test.local:postgres->aap24-control.aap-test.local:34234 (ESTABLISHED)
postmaste   1630      postgres   10u  IPv6   23866      0t0       UDP localhost:38652->localhost:38652 
postmaste   1630      postgres   11u  IPv4   26057      0t0       TCP aap24-database.aap-test.local:postgres->aap24-control.aap-test.local:34248 (ESTABLISHED)
postmaste   1631      postgres   10u  IPv6   23866      0t0       UDP localhost:38652->localhost:38652 
postmaste   1631      postgres   11u  IPv4   26058      0t0       TCP aap24-database.aap-test.local:postgres->aap24-control.aap-test.local:34256 (ESTABLISHED)
postmaste   1632      postgres   10u  IPv6   23866      0t0       UDP localhost:38652->localhost:38652 
postmaste   1632      postgres   11u  IPv4   26059      0t0       TCP aap24-database.aap-test.local:postgres->aap24-control.aap-test.local:34266 (ESTABLISHED)
postmaste   1633      postgres   10u  IPv6   23866      0t0       UDP localhost:38652->localhost:38652 
postmaste   1633      postgres   11u  IPv4   26060      0t0       TCP aap24-database.aap-test.local:postgres->aap24-control.aap-test.local:34280 (ESTABLISHED)
postmaste   2369      postgres   10u  IPv6   23866      0t0       UDP localhost:38652->localhost:38652 
postmaste   2369      postgres   11u  IPv4   29424      0t0       TCP aap24-database.aap-test.local:postgres->aap24-control.aap-test.local:46132 (ESTABLISHED)
bash      622633          root  cwd    DIR   253,0      142  67240070 /root
bash      622633          root  rtd    DIR   253,0      235       128 /
bash      622633          root  txt    REG   253,0  1389072  67333814 /usr/bin/bash
bash      622633          root  mem    REG   253,0  2586930     36580 /usr/lib/locale/en_US.utf8/LC_COLLATE
bash      622633          root  mem    REG   253,0  2544344 100688096 /usr/lib64/libc.so.6
bash      622633          root  mem    REG   253,0   346132 100687773 /usr/lib/locale/C.utf8/LC_CTYPE
bash      622633          root  mem    REG   253,0       54     36583 /usr/lib/locale/en_US.utf8/LC_NUMERIC
bash      622633          root  mem    REG   253,0     3284  33639493 /usr/lib/locale/en_US.utf8/LC_TIME
bash      622633          root  mem    REG   253,0      286  33639491 /usr/lib/locale/en_US.utf8/LC_MONETARY
bash      622633          root  mem    REG   253,0       57  33639504 /usr/lib/locale/en_US.utf8/LC_MESSAGES/SYS_LC_MESSAGES
bash      622633          root  mem    REG   253,0    26988  67334001 /usr/lib64/gconv/gconv-modules.cache
bash      622633          root  mem    REG   253,0   195080 100687757 /usr/lib64/libtinfo.so.6.2
bash      622633          root  mem    REG   253,0       34 100688074 /usr/lib/locale/en_US.utf8/LC_PAPER
bash      622633          root  mem    REG   253,0       77     36582 /usr/lib/locale/en_US.utf8/LC_NAME
bash      622633          root  mem    REG   253,0      167  33639487 /usr/lib/locale/en_US.utf8/LC_ADDRESS
bash      622633          root  mem    REG   253,0       59  33639492 /usr/lib/locale/en_US.utf8/LC_TELEPHONE
bash      622633          root  mem    REG   253,0       23  33639490 /usr/lib/locale/en_US.utf8/LC_MEASUREMENT
bash      622633          root  mem    REG   253,0      369  33639489 /usr/lib/locale/en_US.utf8/LC_IDENTIFICATION
bash      622633          root  mem    REG   253,0   897856 100688092 /usr/lib64/ld-linux-x86-64.so.2
bash      622633          root    0r   CHR     1,3      0t0         4 /dev/null
bash      622633          root    1w   REG   253,0        0  34096961 /tmp/memory_monitor.log
bash      622633          root    2w   REG   253,0        0  34096961 /tmp/memory_monitor.log
bash      622633          root    3r  FIFO    0,13      0t0   3041781 pipe
postmaste 623547      postgres   10u  IPv6   23866      0t0       UDP localhost:38652->localhost:38652 
postmaste 623547      postgres   11u  IPv4 3041699      0t0       TCP aap24-database.aap-test.local:postgres->aap24-control.aap-test.local:53014 (ESTABLISHED)
postmaste 623548      postgres   10u  IPv6   23866      0t0       UDP localhost:38652->localhost:38652 
postmaste 623548      postgres   11u  IPv4 3040225      0t0       TCP aap24-database.aap-test.local:postgres->aap24-control.aap-test.local:53028 (ESTABLISHED)
postmaste 623549      postgres   10u  IPv6   23866      0t0       UDP localhost:38652->localhost:38652 
postmaste 623549      postgres   11u  IPv4 3040226      0t0       TCP aap24-database.aap-test.local:postgres->aap24-control.aap-test.local:53036 (ESTABLISHED)
postmaste 623550      postgres   10u  IPv6   23866      0t0       UDP localhost:38652->localhost:38652 
postmaste 623550      postgres   11u  IPv4 3040227      0t0       TCP aap24-database.aap-test.local:postgres->aap24-control.aap-test.local:53048 (ESTABLISHED)
postmaste 623551      postgres   10u  IPv6   23866      0t0       UDP localhost:38652->localhost:38652 
postmaste 623551      postgres   11u  IPv4 3040228      0t0       TCP aap24-database.aap-test.local:postgres->aap24-control.aap-test.local:53054 (ESTABLISHED)

    PID    PPID CMD                           RSS    VSZ %CPU %MEM     ELAPSED
Receptor Child Processes for PID 623591:
  No child processes found
Receptor Threads for PID 623591:
    PID    SPID %CPU %MEM   RSS COMMAND
Receptor Network Connections for PID 623591:
COMMAND      PID          USER   FD   TYPE  DEVICE SIZE/OFF NODE NAME
chronyd      753        chrony    5u  IPv4   22727      0t0  UDP localhost:323 
chronyd      753        chrony    6u  IPv6   22728      0t0  UDP localhost:323 
NetworkMa    756          root   26u  IPv4   24004      0t0  UDP aap24-database.aap-test.local:bootpc->pi.hole:bootps 
sshd         782          root    3u  IPv4   23820      0t0  TCP *:ssh (LISTEN)
sshd         782          root    4u  IPv6   23827      0t0  TCP *:ssh (LISTEN)
postmaste    809      postgres    6u  IPv4   23167      0t0  TCP *:postgres (LISTEN)
postmaste    809      postgres    7u  IPv6   23168      0t0  TCP *:postgres (LISTEN)
postmaste    809      postgres   10u  IPv6   23866      0t0  UDP localhost:38652->localhost:38652 
postmaste    850      postgres   10u  IPv6   23866      0t0  UDP localhost:38652->localhost:38652 
postmaste    851      postgres   10u  IPv6   23866      0t0  UDP localhost:38652->localhost:38652 
postmaste    852      postgres   10u  IPv6   23866      0t0  UDP localhost:38652->localhost:38652 
postmaste    853      postgres   10u  IPv6   23866      0t0  UDP localhost:38652->localhost:38652 
postmaste    854      postgres   10u  IPv6   23866      0t0  UDP localhost:38652->localhost:38652 
postmaste    855      postgres   10u  IPv6   23866      0t0  UDP localhost:38652->localhost:38652 
node_expo   1085 node_exporter    3u  IPv6   24891      0t0  TCP *:jetdirect (LISTEN)
node_expo   1085 node_exporter    7u  IPv6   25024      0t0  TCP aap24-database.aap-test.local:jetdirect->monitoring-node.aap-test.local:54058 (ESTABLISHED)
postmaste   1578      postgres   10u  IPv6   23866      0t0  UDP localhost:38652->localhost:38652 
postmaste   1578      postgres   11u  IPv4   25983      0t0  TCP aap24-database.aap-test.local:postgres->aap24-control.aap-test.local:59112 (ESTABLISHED)
postmaste   1579      postgres   10u  IPv6   23866      0t0  UDP localhost:38652->localhost:38652 
postmaste   1579      postgres   11u  IPv4   25985      0t0  TCP aap24-database.aap-test.local:postgres->aap24-control.aap-test.local:59126 (ESTABLISHED)
postmaste   1597      postgres   10u  IPv6   23866      0t0  UDP localhost:38652->localhost:38652 
postmaste   1597      postgres   11u  IPv4   26024      0t0  TCP aap24-database.aap-test.local:postgres->aap24-control.aap-test.local:34042 (ESTABLISHED)
postmaste   1598      postgres   10u  IPv6   23866      0t0  UDP localhost:38652->localhost:38652 
postmaste   1598      postgres   11u  IPv4   26025      0t0  TCP aap24-database.aap-test.local:postgres->aap24-control.aap-test.local:34048 (ESTABLISHED)
postmaste   1606      postgres   10u  IPv6   23866      0t0  UDP localhost:38652->localhost:38652 
postmaste   1606      postgres   11u  IPv4   26033      0t0  TCP aap24-database.aap-test.local:postgres->aap24-control.aap-test.local:34132 (ESTABLISHED)
postmaste   1607      postgres   10u  IPv6   23866      0t0  UDP localhost:38652->localhost:38652 
postmaste   1607      postgres   11u  IPv4   26034      0t0  TCP aap24-database.aap-test.local:postgres->aap24-control.aap-test.local:34142 (ESTABLISHED)
postmaste   1609      postgres   10u  IPv6   23866      0t0  UDP localhost:38652->localhost:38652 
postmaste   1609      postgres   11u  IPv4   26036      0t0  TCP aap24-database.aap-test.local:postgres->aap24-control.aap-test.local:34166 (ESTABLISHED)
postmaste   1610      postgres   10u  IPv6   23866      0t0  UDP localhost:38652->localhost:38652 
postmaste   1610      postgres   11u  IPv4   26037      0t0  TCP aap24-database.aap-test.local:postgres->aap24-control.aap-test.local:34172 (ESTABLISHED)
postmaste   1618      postgres   10u  IPv6   23866      0t0  UDP localhost:38652->localhost:38652 
postmaste   1618      postgres   11u  IPv4   23538      0t0  TCP aap24-database.aap-test.local:postgres->aap24-control.aap-test.local:34190 (ESTABLISHED)
postmaste   1626      postgres   10u  IPv6   23866      0t0  UDP localhost:38652->localhost:38652 
postmaste   1626      postgres   11u  IPv4   26053      0t0  TCP aap24-database.aap-test.local:postgres->aap24-control.aap-test.local:34206 (ESTABLISHED)
postmaste   1627      postgres   10u  IPv6   23866      0t0  UDP localhost:38652->localhost:38652 
postmaste   1627      postgres   11u  IPv4   26054      0t0  TCP aap24-database.aap-test.local:postgres->aap24-control.aap-test.local:34214 (ESTABLISHED)
postmaste   1628      postgres   10u  IPv6   23866      0t0  UDP localhost:38652->localhost:38652 
postmaste   1628      postgres   11u  IPv4   26055      0t0  TCP aap24-database.aap-test.local:postgres->aap24-control.aap-test.local:34222 (ESTABLISHED)
postmaste   1629      postgres   10u  IPv6   23866      0t0  UDP localhost:38652->localhost:38652 
postmaste   1629      postgres   11u  IPv4   26056      0t0  TCP aap24-database.aap-test.local:postgres->aap24-control.aap-test.local:34234 (ESTABLISHED)
postmaste   1630      postgres   10u  IPv6   23866      0t0  UDP localhost:38652->localhost:38652 
postmaste   1630      postgres   11u  IPv4   26057      0t0  TCP aap24-database.aap-test.local:postgres->aap24-control.aap-test.local:34248 (ESTABLISHED)
postmaste   1631      postgres   10u  IPv6   23866      0t0  UDP localhost:38652->localhost:38652 
postmaste   1631      postgres   11u  IPv4   26058      0t0  TCP aap24-database.aap-test.local:postgres->aap24-control.aap-test.local:34256 (ESTABLISHED)
postmaste   1632      postgres   10u  IPv6   23866      0t0  UDP localhost:38652->localhost:38652 
postmaste   1632      postgres   11u  IPv4   26059      0t0  TCP aap24-database.aap-test.local:postgres->aap24-control.aap-test.local:34266 (ESTABLISHED)
postmaste   1633      postgres   10u  IPv6   23866      0t0  UDP localhost:38652->localhost:38652 
postmaste   1633      postgres   11u  IPv4   26060      0t0  TCP aap24-database.aap-test.local:postgres->aap24-control.aap-test.local:34280 (ESTABLISHED)
postmaste   2369      postgres   10u  IPv6   23866      0t0  UDP localhost:38652->localhost:38652 
postmaste   2369      postgres   11u  IPv4   29424      0t0  TCP aap24-database.aap-test.local:postgres->aap24-control.aap-test.local:46132 (ESTABLISHED)
postmaste 623547      postgres   10u  IPv6   23866      0t0  UDP localhost:38652->localhost:38652 
postmaste 623547      postgres   11u  IPv4 3041699      0t0  TCP aap24-database.aap-test.local:postgres->aap24-control.aap-test.local:53014 (ESTABLISHED)
postmaste 623548      postgres   10u  IPv6   23866      0t0  UDP localhost:38652->localhost:38652 
postmaste 623548      postgres   11u  IPv4 3040225      0t0  TCP aap24-database.aap-test.local:postgres->aap24-control.aap-test.local:53028 (ESTABLISHED)
postmaste 623549      postgres   10u  IPv6   23866      0t0  UDP localhost:38652->localhost:38652 
postmaste 623549      postgres   11u  IPv4 3040226      0t0  TCP aap24-database.aap-test.local:postgres->aap24-control.aap-test.local:53036 (ESTABLISHED)
postmaste 623550      postgres   10u  IPv6   23866      0t0  UDP localhost:38652->localhost:38652 
postmaste 623550      postgres   11u  IPv4 3040227      0t0  TCP aap24-database.aap-test.local:postgres->aap24-control.aap-test.local:53048 (ESTABLISHED)
postmaste 623551      postgres   10u  IPv6   23866      0t0  UDP localhost:38652->localhost:38652 
postmaste 623551      postgres   11u  IPv4 3040228      0t0  TCP aap24-database.aap-test.local:postgres->aap24-control.aap-test.local:53054 (ESTABLISHED)
  No network connections found

=== RECEPTOR MEMORY SUMMARY ===
Total Receptor RSS Memory: 3456 KB (3 MB)
Total Receptor VSZ Memory: 7340 KB (7 MB)
Number of Receptor Processes: 2

AAP-related Processes and Children:
=== AAP Service Processes ===
Process: bash (PID: 622633)
    PID    PPID CMD                           RSS
 622633       1 bash -c  log_file="/tmp/mem  3456
  Children of PID 622633:
    PID    PPID CMD                           RSS
 623650  622633 bash -c  log_file="/tmp/mem  2132

Process: bash (PID: 623650)
    PID    PPID CMD                           RSS
 623650  622633 bash -c  log_file="/tmp/mem  2132
  Children of PID 623650:
    PID    PPID CMD                           RSS


Process Tree for AAP Services:
=== automation-controller Process Tree ===
bash(622633)---pstree(623661)
=== receptor Process Tree ===
bash(622633)---pstree(623665)
=== nginx Process Tree ===
bash(622633)---pstree(623669)
=== postgresql Process Tree ===
bash(622633)---pstree(623673)
=== redis Process Tree ===
bash(622633)---pstree(623677)
=== uwsgi Process Tree ===
bash(622633)---pstree(623681)
=== automation-hub Process Tree ===
bash(622633)---pstree(623685)
=== automation-eda Process Tree ===
bash(622633)---pstree(623689)

=================================================================================
2025-06-30 11:37:01
Memory Usage Report:
               total        used        free      shared  buff/cache   available
Mem:            7681         664        6360         121        1031        7016
Swap:           4095           0        4095

Top 10 Processes by RSS Memory:
    PID    PPID CMD                           RSS
    809       1 /usr/bin/postmaster -D /var 61824
    745       1 /usr/bin/python3 -s /usr/sb 43308
   1578     809 postgres: automationhub aut 40308
   1579     809 postgres: automationhub aut 40308
   1630     809 postgres: automationhub aut 39540
   1629     809 postgres: automationhub aut 39412
   1631     809 postgres: automationhub aut 39412
   1632     809 postgres: automationhub aut 39412
   1633     809 postgres: automationhub aut 39412
   1626     809 postgres: automationhub aut 39284

=== RECEPTOR PROCESS ANALYSIS ===
Receptor Main Processes:
    PID    PPID CMD                           RSS    VSZ %CPU %MEM     ELAPSED
 622633       1 bash -c  log_file="/tmp/mem  3456   7340  0.0  0.0       03:03
Receptor Child Processes for PID 622633:
      PID    PPID CMD                           RSS    VSZ %CPU %MEM     ELAPSED
Receptor Threads for PID 622633:
    PID    SPID %CPU %MEM   RSS COMMAND
 622633  622633  0.0  0.0  3456 bash
Receptor Network Connections for PID 622633:
COMMAND      PID          USER   FD   TYPE  DEVICE SIZE/OFF      NODE NAME
chronyd      753        chrony    5u  IPv4   22727      0t0       UDP localhost:323 
chronyd      753        chrony    6u  IPv6   22728      0t0       UDP localhost:323 
NetworkMa    756          root   26u  IPv4   24004      0t0       UDP aap24-database.aap-test.local:bootpc->pi.hole:bootps 
sshd         782          root    3u  IPv4   23820      0t0       TCP *:ssh (LISTEN)
sshd         782          root    4u  IPv6   23827      0t0       TCP *:ssh (LISTEN)
postmaste    809      postgres    6u  IPv4   23167      0t0       TCP *:postgres (LISTEN)
postmaste    809      postgres    7u  IPv6   23168      0t0       TCP *:postgres (LISTEN)
postmaste    809      postgres   10u  IPv6   23866      0t0       UDP localhost:38652->localhost:38652 
postmaste    850      postgres   10u  IPv6   23866      0t0       UDP localhost:38652->localhost:38652 
postmaste    851      postgres   10u  IPv6   23866      0t0       UDP localhost:38652->localhost:38652 
postmaste    852      postgres   10u  IPv6   23866      0t0       UDP localhost:38652->localhost:38652 
postmaste    853      postgres   10u  IPv6   23866      0t0       UDP localhost:38652->localhost:38652 
postmaste    854      postgres   10u  IPv6   23866      0t0       UDP localhost:38652->localhost:38652 
postmaste    855      postgres   10u  IPv6   23866      0t0       UDP localhost:38652->localhost:38652 
node_expo   1085 node_exporter    3u  IPv6   24891      0t0       TCP *:jetdirect (LISTEN)
node_expo   1085 node_exporter    7u  IPv6   25024      0t0       TCP aap24-database.aap-test.local:jetdirect->monitoring-node.aap-test.local:54058 (ESTABLISHED)
postmaste   1578      postgres   10u  IPv6   23866      0t0       UDP localhost:38652->localhost:38652 
postmaste   1578      postgres   11u  IPv4   25983      0t0       TCP aap24-database.aap-test.local:postgres->aap24-control.aap-test.local:59112 (ESTABLISHED)
postmaste   1579      postgres   10u  IPv6   23866      0t0       UDP localhost:38652->localhost:38652 
postmaste   1579      postgres   11u  IPv4   25985      0t0       TCP aap24-database.aap-test.local:postgres->aap24-control.aap-test.local:59126 (ESTABLISHED)
postmaste   1597      postgres   10u  IPv6   23866      0t0       UDP localhost:38652->localhost:38652 
postmaste   1597      postgres   11u  IPv4   26024      0t0       TCP aap24-database.aap-test.local:postgres->aap24-control.aap-test.local:34042 (ESTABLISHED)
postmaste   1598      postgres   10u  IPv6   23866      0t0       UDP localhost:38652->localhost:38652 
postmaste   1598      postgres   11u  IPv4   26025      0t0       TCP aap24-database.aap-test.local:postgres->aap24-control.aap-test.local:34048 (ESTABLISHED)
postmaste   1606      postgres   10u  IPv6   23866      0t0       UDP localhost:38652->localhost:38652 
postmaste   1606      postgres   11u  IPv4   26033      0t0       TCP aap24-database.aap-test.local:postgres->aap24-control.aap-test.local:34132 (ESTABLISHED)
postmaste   1607      postgres   10u  IPv6   23866      0t0       UDP localhost:38652->localhost:38652 
postmaste   1607      postgres   11u  IPv4   26034      0t0       TCP aap24-database.aap-test.local:postgres->aap24-control.aap-test.local:34142 (ESTABLISHED)
postmaste   1609      postgres   10u  IPv6   23866      0t0       UDP localhost:38652->localhost:38652 
postmaste   1609      postgres   11u  IPv4   26036      0t0       TCP aap24-database.aap-test.local:postgres->aap24-control.aap-test.local:34166 (ESTABLISHED)
postmaste   1610      postgres   10u  IPv6   23866      0t0       UDP localhost:38652->localhost:38652 
postmaste   1610      postgres   11u  IPv4   26037      0t0       TCP aap24-database.aap-test.local:postgres->aap24-control.aap-test.local:34172 (ESTABLISHED)
postmaste   1618      postgres   10u  IPv6   23866      0t0       UDP localhost:38652->localhost:38652 
postmaste   1618      postgres   11u  IPv4   23538      0t0       TCP aap24-database.aap-test.local:postgres->aap24-control.aap-test.local:34190 (ESTABLISHED)
postmaste   1626      postgres   10u  IPv6   23866      0t0       UDP localhost:38652->localhost:38652 
postmaste   1626      postgres   11u  IPv4   26053      0t0       TCP aap24-database.aap-test.local:postgres->aap24-control.aap-test.local:34206 (ESTABLISHED)
postmaste   1627      postgres   10u  IPv6   23866      0t0       UDP localhost:38652->localhost:38652 
postmaste   1627      postgres   11u  IPv4   26054      0t0       TCP aap24-database.aap-test.local:postgres->aap24-control.aap-test.local:34214 (ESTABLISHED)
postmaste   1628      postgres   10u  IPv6   23866      0t0       UDP localhost:38652->localhost:38652 
postmaste   1628      postgres   11u  IPv4   26055      0t0       TCP aap24-database.aap-test.local:postgres->aap24-control.aap-test.local:34222 (ESTABLISHED)
postmaste   1629      postgres   10u  IPv6   23866      0t0       UDP localhost:38652->localhost:38652 
postmaste   1629      postgres   11u  IPv4   26056      0t0       TCP aap24-database.aap-test.local:postgres->aap24-control.aap-test.local:34234 (ESTABLISHED)
postmaste   1630      postgres   10u  IPv6   23866      0t0       UDP localhost:38652->localhost:38652 
postmaste   1630      postgres   11u  IPv4   26057      0t0       TCP aap24-database.aap-test.local:postgres->aap24-control.aap-test.local:34248 (ESTABLISHED)
postmaste   1631      postgres   10u  IPv6   23866      0t0       UDP localhost:38652->localhost:38652 
postmaste   1631      postgres   11u  IPv4   26058      0t0       TCP aap24-database.aap-test.local:postgres->aap24-control.aap-test.local:34256 (ESTABLISHED)
postmaste   1632      postgres   10u  IPv6   23866      0t0       UDP localhost:38652->localhost:38652 
postmaste   1632      postgres   11u  IPv4   26059      0t0       TCP aap24-database.aap-test.local:postgres->aap24-control.aap-test.local:34266 (ESTABLISHED)
postmaste   1633      postgres   10u  IPv6   23866      0t0       UDP localhost:38652->localhost:38652 
postmaste   1633      postgres   11u  IPv4   26060      0t0       TCP aap24-database.aap-test.local:postgres->aap24-control.aap-test.local:34280 (ESTABLISHED)
postmaste   2369      postgres   10u  IPv6   23866      0t0       UDP localhost:38652->localhost:38652 
postmaste   2369      postgres   11u  IPv4   29424      0t0       TCP aap24-database.aap-test.local:postgres->aap24-control.aap-test.local:46132 (ESTABLISHED)
bash      622633          root  cwd    DIR   253,0      142  67240070 /root
bash      622633          root  rtd    DIR   253,0      235       128 /
bash      622633          root  txt    REG   253,0  1389072  67333814 /usr/bin/bash
bash      622633          root  mem    REG   253,0  2586930     36580 /usr/lib/locale/en_US.utf8/LC_COLLATE
bash      622633          root  mem    REG   253,0  2544344 100688096 /usr/lib64/libc.so.6
bash      622633          root  mem    REG   253,0   346132 100687773 /usr/lib/locale/C.utf8/LC_CTYPE
bash      622633          root  mem    REG   253,0       54     36583 /usr/lib/locale/en_US.utf8/LC_NUMERIC
bash      622633          root  mem    REG   253,0     3284  33639493 /usr/lib/locale/en_US.utf8/LC_TIME
bash      622633          root  mem    REG   253,0      286  33639491 /usr/lib/locale/en_US.utf8/LC_MONETARY
bash      622633          root  mem    REG   253,0       57  33639504 /usr/lib/locale/en_US.utf8/LC_MESSAGES/SYS_LC_MESSAGES
bash      622633          root  mem    REG   253,0    26988  67334001 /usr/lib64/gconv/gconv-modules.cache
bash      622633          root  mem    REG   253,0   195080 100687757 /usr/lib64/libtinfo.so.6.2
bash      622633          root  mem    REG   253,0       34 100688074 /usr/lib/locale/en_US.utf8/LC_PAPER
bash      622633          root  mem    REG   253,0       77     36582 /usr/lib/locale/en_US.utf8/LC_NAME
bash      622633          root  mem    REG   253,0      167  33639487 /usr/lib/locale/en_US.utf8/LC_ADDRESS
bash      622633          root  mem    REG   253,0       59  33639492 /usr/lib/locale/en_US.utf8/LC_TELEPHONE
bash      622633          root  mem    REG   253,0       23  33639490 /usr/lib/locale/en_US.utf8/LC_MEASUREMENT
bash      622633          root  mem    REG   253,0      369  33639489 /usr/lib/locale/en_US.utf8/LC_IDENTIFICATION
bash      622633          root  mem    REG   253,0   897856 100688092 /usr/lib64/ld-linux-x86-64.so.2
bash      622633          root    0r   CHR     1,3      0t0         4 /dev/null
bash      622633          root    1w   REG   253,0        0  34096961 /tmp/memory_monitor.log
bash      622633          root    2w   REG   253,0        0  34096961 /tmp/memory_monitor.log
bash      622633          root    3r  FIFO    0,13      0t0   3043581 pipe
postmaste 623548      postgres   10u  IPv6   23866      0t0       UDP localhost:38652->localhost:38652 
postmaste 623548      postgres   11u  IPv4 3040225      0t0       TCP aap24-database.aap-test.local:postgres->aap24-control.aap-test.local:53028 (ESTABLISHED)
postmaste 623549      postgres   10u  IPv6   23866      0t0       UDP localhost:38652->localhost:38652 
postmaste 623549      postgres   11u  IPv4 3040226      0t0       TCP aap24-database.aap-test.local:postgres->aap24-control.aap-test.local:53036 (ESTABLISHED)
postmaste 623550      postgres   10u  IPv6   23866      0t0       UDP localhost:38652->localhost:38652 
postmaste 623550      postgres   11u  IPv4 3040227      0t0       TCP aap24-database.aap-test.local:postgres->aap24-control.aap-test.local:53048 (ESTABLISHED)
postmaste 623730      postgres   10u  IPv6   23866      0t0       UDP localhost:38652->localhost:38652 
postmaste 623730      postgres   11u  IPv4 3042209      0t0       TCP aap24-database.aap-test.local:postgres->aap24-control.aap-test.local:37076 (ESTABLISHED)
postmaste 623754      postgres   10u  IPv6   23866      0t0       UDP localhost:38652->localhost:38652 
postmaste 623754      postgres   11u  IPv4 3042220      0t0       TCP aap24-database.aap-test.local:postgres->aap24-control.aap-test.local:40158 (ESTABLISHED)
postmaste 623755      postgres   10u  IPv6   23866      0t0       UDP localhost:38652->localhost:38652 
postmaste 623755      postgres   11u  IPv4 3042221      0t0       TCP aap24-database.aap-test.local:postgres->aap24-control.aap-test.local:40162 (ESTABLISHED)
postmaste 623756      postgres   10u  IPv6   23866      0t0       UDP localhost:38652->localhost:38652 
postmaste 623756      postgres   11u  IPv4 3042222      0t0       TCP aap24-database.aap-test.local:postgres->aap24-control.aap-test.local:40166 (ESTABLISHED)
postmaste 623757      postgres   10u  IPv6   23866      0t0       UDP localhost:38652->localhost:38652 
postmaste 623757      postgres   11u  IPv4 3042223      0t0       TCP aap24-database.aap-test.local:postgres->aap24-control.aap-test.local:40176 (ESTABLISHED)

    PID    PPID CMD                           RSS    VSZ %CPU %MEM     ELAPSED
Receptor Child Processes for PID 623774:
  No child processes found
Receptor Threads for PID 623774:
    PID    SPID %CPU %MEM   RSS COMMAND
Receptor Network Connections for PID 623774:
COMMAND      PID          USER   FD   TYPE  DEVICE SIZE/OFF NODE NAME
chronyd      753        chrony    5u  IPv4   22727      0t0  UDP localhost:323 
chronyd      753        chrony    6u  IPv6   22728      0t0  UDP localhost:323 
NetworkMa    756          root   26u  IPv4   24004      0t0  UDP aap24-database.aap-test.local:bootpc->pi.hole:bootps 
sshd         782          root    3u  IPv4   23820      0t0  TCP *:ssh (LISTEN)
sshd         782          root    4u  IPv6   23827      0t0  TCP *:ssh (LISTEN)
postmaste    809      postgres    6u  IPv4   23167      0t0  TCP *:postgres (LISTEN)
postmaste    809      postgres    7u  IPv6   23168      0t0  TCP *:postgres (LISTEN)
postmaste    809      postgres   10u  IPv6   23866      0t0  UDP localhost:38652->localhost:38652 
postmaste    850      postgres   10u  IPv6   23866      0t0  UDP localhost:38652->localhost:38652 
postmaste    851      postgres   10u  IPv6   23866      0t0  UDP localhost:38652->localhost:38652 
postmaste    852      postgres   10u  IPv6   23866      0t0  UDP localhost:38652->localhost:38652 
postmaste    853      postgres   10u  IPv6   23866      0t0  UDP localhost:38652->localhost:38652 
postmaste    854      postgres   10u  IPv6   23866      0t0  UDP localhost:38652->localhost:38652 
postmaste    855      postgres   10u  IPv6   23866      0t0  UDP localhost:38652->localhost:38652 
node_expo   1085 node_exporter    3u  IPv6   24891      0t0  TCP *:jetdirect (LISTEN)
node_expo   1085 node_exporter    7u  IPv6   25024      0t0  TCP aap24-database.aap-test.local:jetdirect->monitoring-node.aap-test.local:54058 (ESTABLISHED)
postmaste   1578      postgres   10u  IPv6   23866      0t0  UDP localhost:38652->localhost:38652 
postmaste   1578      postgres   11u  IPv4   25983      0t0  TCP aap24-database.aap-test.local:postgres->aap24-control.aap-test.local:59112 (ESTABLISHED)
postmaste   1579      postgres   10u  IPv6   23866      0t0  UDP localhost:38652->localhost:38652 
postmaste   1579      postgres   11u  IPv4   25985      0t0  TCP aap24-database.aap-test.local:postgres->aap24-control.aap-test.local:59126 (ESTABLISHED)
postmaste   1597      postgres   10u  IPv6   23866      0t0  UDP localhost:38652->localhost:38652 
postmaste   1597      postgres   11u  IPv4   26024      0t0  TCP aap24-database.aap-test.local:postgres->aap24-control.aap-test.local:34042 (ESTABLISHED)
postmaste   1598      postgres   10u  IPv6   23866      0t0  UDP localhost:38652->localhost:38652 
postmaste   1598      postgres   11u  IPv4   26025      0t0  TCP aap24-database.aap-test.local:postgres->aap24-control.aap-test.local:34048 (ESTABLISHED)
postmaste   1606      postgres   10u  IPv6   23866      0t0  UDP localhost:38652->localhost:38652 
postmaste   1606      postgres   11u  IPv4   26033      0t0  TCP aap24-database.aap-test.local:postgres->aap24-control.aap-test.local:34132 (ESTABLISHED)
postmaste   1607      postgres   10u  IPv6   23866      0t0  UDP localhost:38652->localhost:38652 
postmaste   1607      postgres   11u  IPv4   26034      0t0  TCP aap24-database.aap-test.local:postgres->aap24-control.aap-test.local:34142 (ESTABLISHED)
postmaste   1609      postgres   10u  IPv6   23866      0t0  UDP localhost:38652->localhost:38652 
postmaste   1609      postgres   11u  IPv4   26036      0t0  TCP aap24-database.aap-test.local:postgres->aap24-control.aap-test.local:34166 (ESTABLISHED)
postmaste   1610      postgres   10u  IPv6   23866      0t0  UDP localhost:38652->localhost:38652 
postmaste   1610      postgres   11u  IPv4   26037      0t0  TCP aap24-database.aap-test.local:postgres->aap24-control.aap-test.local:34172 (ESTABLISHED)
postmaste   1618      postgres   10u  IPv6   23866      0t0  UDP localhost:38652->localhost:38652 
postmaste   1618      postgres   11u  IPv4   23538      0t0  TCP aap24-database.aap-test.local:postgres->aap24-control.aap-test.local:34190 (ESTABLISHED)
postmaste   1626      postgres   10u  IPv6   23866      0t0  UDP localhost:38652->localhost:38652 
postmaste   1626      postgres   11u  IPv4   26053      0t0  TCP aap24-database.aap-test.local:postgres->aap24-control.aap-test.local:34206 (ESTABLISHED)
postmaste   1627      postgres   10u  IPv6   23866      0t0  UDP localhost:38652->localhost:38652 
postmaste   1627      postgres   11u  IPv4   26054      0t0  TCP aap24-database.aap-test.local:postgres->aap24-control.aap-test.local:34214 (ESTABLISHED)
postmaste   1628      postgres   10u  IPv6   23866      0t0  UDP localhost:38652->localhost:38652 
postmaste   1628      postgres   11u  IPv4   26055      0t0  TCP aap24-database.aap-test.local:postgres->aap24-control.aap-test.local:34222 (ESTABLISHED)
postmaste   1629      postgres   10u  IPv6   23866      0t0  UDP localhost:38652->localhost:38652 
postmaste   1629      postgres   11u  IPv4   26056      0t0  TCP aap24-database.aap-test.local:postgres->aap24-control.aap-test.local:34234 (ESTABLISHED)
postmaste   1630      postgres   10u  IPv6   23866      0t0  UDP localhost:38652->localhost:38652 
postmaste   1630      postgres   11u  IPv4   26057      0t0  TCP aap24-database.aap-test.local:postgres->aap24-control.aap-test.local:34248 (ESTABLISHED)
postmaste   1631      postgres   10u  IPv6   23866      0t0  UDP localhost:38652->localhost:38652 
postmaste   1631      postgres   11u  IPv4   26058      0t0  TCP aap24-database.aap-test.local:postgres->aap24-control.aap-test.local:34256 (ESTABLISHED)
postmaste   1632      postgres   10u  IPv6   23866      0t0  UDP localhost:38652->localhost:38652 
postmaste   1632      postgres   11u  IPv4   26059      0t0  TCP aap24-database.aap-test.local:postgres->aap24-control.aap-test.local:34266 (ESTABLISHED)
postmaste   1633      postgres   10u  IPv6   23866      0t0  UDP localhost:38652->localhost:38652 
postmaste   1633      postgres   11u  IPv4   26060      0t0  TCP aap24-database.aap-test.local:postgres->aap24-control.aap-test.local:34280 (ESTABLISHED)
postmaste   2369      postgres   10u  IPv6   23866      0t0  UDP localhost:38652->localhost:38652 
postmaste   2369      postgres   11u  IPv4   29424      0t0  TCP aap24-database.aap-test.local:postgres->aap24-control.aap-test.local:46132 (ESTABLISHED)
postmaste 623548      postgres   10u  IPv6   23866      0t0  UDP localhost:38652->localhost:38652 
postmaste 623548      postgres   11u  IPv4 3040225      0t0  TCP aap24-database.aap-test.local:postgres->aap24-control.aap-test.local:53028 (ESTABLISHED)
postmaste 623549      postgres   10u  IPv6   23866      0t0  UDP localhost:38652->localhost:38652 
postmaste 623549      postgres   11u  IPv4 3040226      0t0  TCP aap24-database.aap-test.local:postgres->aap24-control.aap-test.local:53036 (ESTABLISHED)
postmaste 623550      postgres   10u  IPv6   23866      0t0  UDP localhost:38652->localhost:38652 
postmaste 623550      postgres   11u  IPv4 3040227      0t0  TCP aap24-database.aap-test.local:postgres->aap24-control.aap-test.local:53048 (ESTABLISHED)
postmaste 623730      postgres   10u  IPv6   23866      0t0  UDP localhost:38652->localhost:38652 
postmaste 623730      postgres   11u  IPv4 3042209      0t0  TCP aap24-database.aap-test.local:postgres->aap24-control.aap-test.local:37076 (ESTABLISHED)
postmaste 623754      postgres   10u  IPv6   23866      0t0  UDP localhost:38652->localhost:38652 
postmaste 623754      postgres   11u  IPv4 3042220      0t0  TCP aap24-database.aap-test.local:postgres->aap24-control.aap-test.local:40158 (ESTABLISHED)
postmaste 623755      postgres   10u  IPv6   23866      0t0  UDP localhost:38652->localhost:38652 
postmaste 623755      postgres   11u  IPv4 3042221      0t0  TCP aap24-database.aap-test.local:postgres->aap24-control.aap-test.local:40162 (ESTABLISHED)
postmaste 623756      postgres   10u  IPv6   23866      0t0  UDP localhost:38652->localhost:38652 
postmaste 623756      postgres   11u  IPv4 3042222      0t0  TCP aap24-database.aap-test.local:postgres->aap24-control.aap-test.local:40166 (ESTABLISHED)
postmaste 623757      postgres   10u  IPv6   23866      0t0  UDP localhost:38652->localhost:38652 
postmaste 623757      postgres   11u  IPv4 3042223      0t0  TCP aap24-database.aap-test.local:postgres->aap24-control.aap-test.local:40176 (ESTABLISHED)
  No network connections found

=== RECEPTOR MEMORY SUMMARY ===
Total Receptor RSS Memory: 3456 KB (3 MB)
Total Receptor VSZ Memory: 7340 KB (7 MB)
Number of Receptor Processes: 2

AAP-related Processes and Children:
=== AAP Service Processes ===
Process: bash (PID: 622633)
    PID    PPID CMD                           RSS
 622633       1 bash -c  log_file="/tmp/mem  3456
  Children of PID 622633:
    PID    PPID CMD                           RSS
 623833  622633 bash -c  log_file="/tmp/mem  2132

Process: bash (PID: 623833)
    PID    PPID CMD                           RSS
 623833  622633 bash -c  log_file="/tmp/mem  2132
  Children of PID 623833:
    PID    PPID CMD                           RSS


Process Tree for AAP Services:
=== automation-controller Process Tree ===
bash(622633)---pstree(623844)
=== receptor Process Tree ===
bash(622633)---pstree(623848)
=== nginx Process Tree ===
bash(622633)---pstree(623852)
=== postgresql Process Tree ===
bash(622633)---pstree(623856)
=== redis Process Tree ===
bash(622633)---pstree(623860)
=== uwsgi Process Tree ===
bash(622633)---pstree(623864)
=== automation-hub Process Tree ===
bash(622633)---pstree(623868)
=== automation-eda Process Tree ===
bash(622633)---pstree(623872)

=================================================================================
2025-06-30 11:37:31
Memory Usage Report:
               total        used        free      shared  buff/cache   available
Mem:            7681         662        6362         121        1031        7018
Swap:           4095           0        4095

Top 10 Processes by RSS Memory:
    PID    PPID CMD                           RSS
    809       1 /usr/bin/postmaster -D /var 61824
    745       1 /usr/bin/python3 -s /usr/sb 43308
   1578     809 postgres: automationhub aut 40308
   1579     809 postgres: automationhub aut 40308
   1630     809 postgres: automationhub aut 39540
   1629     809 postgres: automationhub aut 39412
   1631     809 postgres: automationhub aut 39412
   1632     809 postgres: automationhub aut 39412
   1633     809 postgres: automationhub aut 39412
   1626     809 postgres: automationhub aut 39284

=== RECEPTOR PROCESS ANALYSIS ===
Receptor Main Processes:
    PID    PPID CMD                           RSS    VSZ %CPU %MEM     ELAPSED
 622633       1 bash -c  log_file="/tmp/mem  3456   7340  0.0  0.0       03:34
Receptor Child Processes for PID 622633:
      PID    PPID CMD                           RSS    VSZ %CPU %MEM     ELAPSED
Receptor Threads for PID 622633:
    PID    SPID %CPU %MEM   RSS COMMAND
 622633  622633  0.0  0.0  3456 bash
Receptor Network Connections for PID 622633:
COMMAND      PID          USER   FD   TYPE  DEVICE SIZE/OFF      NODE NAME
chronyd      753        chrony    5u  IPv4   22727      0t0       UDP localhost:323 
chronyd      753        chrony    6u  IPv6   22728      0t0       UDP localhost:323 
NetworkMa    756          root   26u  IPv4   24004      0t0       UDP aap24-database.aap-test.local:bootpc->pi.hole:bootps 
sshd         782          root    3u  IPv4   23820      0t0       TCP *:ssh (LISTEN)
sshd         782          root    4u  IPv6   23827      0t0       TCP *:ssh (LISTEN)
postmaste    809      postgres    6u  IPv4   23167      0t0       TCP *:postgres (LISTEN)
postmaste    809      postgres    7u  IPv6   23168      0t0       TCP *:postgres (LISTEN)
postmaste    809      postgres   10u  IPv6   23866      0t0       UDP localhost:38652->localhost:38652 
postmaste    850      postgres   10u  IPv6   23866      0t0       UDP localhost:38652->localhost:38652 
postmaste    851      postgres   10u  IPv6   23866      0t0       UDP localhost:38652->localhost:38652 
postmaste    852      postgres   10u  IPv6   23866      0t0       UDP localhost:38652->localhost:38652 
postmaste    853      postgres   10u  IPv6   23866      0t0       UDP localhost:38652->localhost:38652 
postmaste    854      postgres   10u  IPv6   23866      0t0       UDP localhost:38652->localhost:38652 
postmaste    855      postgres   10u  IPv6   23866      0t0       UDP localhost:38652->localhost:38652 
node_expo   1085 node_exporter    3u  IPv6   24891      0t0       TCP *:jetdirect (LISTEN)
node_expo   1085 node_exporter    7u  IPv6   25024      0t0       TCP aap24-database.aap-test.local:jetdirect->monitoring-node.aap-test.local:54058 (ESTABLISHED)
postmaste   1578      postgres   10u  IPv6   23866      0t0       UDP localhost:38652->localhost:38652 
postmaste   1578      postgres   11u  IPv4   25983      0t0       TCP aap24-database.aap-test.local:postgres->aap24-control.aap-test.local:59112 (ESTABLISHED)
postmaste   1579      postgres   10u  IPv6   23866      0t0       UDP localhost:38652->localhost:38652 
postmaste   1579      postgres   11u  IPv4   25985      0t0       TCP aap24-database.aap-test.local:postgres->aap24-control.aap-test.local:59126 (ESTABLISHED)
postmaste   1597      postgres   10u  IPv6   23866      0t0       UDP localhost:38652->localhost:38652 
postmaste   1597      postgres   11u  IPv4   26024      0t0       TCP aap24-database.aap-test.local:postgres->aap24-control.aap-test.local:34042 (ESTABLISHED)
postmaste   1598      postgres   10u  IPv6   23866      0t0       UDP localhost:38652->localhost:38652 
postmaste   1598      postgres   11u  IPv4   26025      0t0       TCP aap24-database.aap-test.local:postgres->aap24-control.aap-test.local:34048 (ESTABLISHED)
postmaste   1606      postgres   10u  IPv6   23866      0t0       UDP localhost:38652->localhost:38652 
postmaste   1606      postgres   11u  IPv4   26033      0t0       TCP aap24-database.aap-test.local:postgres->aap24-control.aap-test.local:34132 (ESTABLISHED)
postmaste   1607      postgres   10u  IPv6   23866      0t0       UDP localhost:38652->localhost:38652 
postmaste   1607      postgres   11u  IPv4   26034      0t0       TCP aap24-database.aap-test.local:postgres->aap24-control.aap-test.local:34142 (ESTABLISHED)
postmaste   1609      postgres   10u  IPv6   23866      0t0       UDP localhost:38652->localhost:38652 
postmaste   1609      postgres   11u  IPv4   26036      0t0       TCP aap24-database.aap-test.local:postgres->aap24-control.aap-test.local:34166 (ESTABLISHED)
postmaste   1610      postgres   10u  IPv6   23866      0t0       UDP localhost:38652->localhost:38652 
postmaste   1610      postgres   11u  IPv4   26037      0t0       TCP aap24-database.aap-test.local:postgres->aap24-control.aap-test.local:34172 (ESTABLISHED)
postmaste   1618      postgres   10u  IPv6   23866      0t0       UDP localhost:38652->localhost:38652 
postmaste   1618      postgres   11u  IPv4   23538      0t0       TCP aap24-database.aap-test.local:postgres->aap24-control.aap-test.local:34190 (ESTABLISHED)
postmaste   1626      postgres   10u  IPv6   23866      0t0       UDP localhost:38652->localhost:38652 
postmaste   1626      postgres   11u  IPv4   26053      0t0       TCP aap24-database.aap-test.local:postgres->aap24-control.aap-test.local:34206 (ESTABLISHED)
postmaste   1627      postgres   10u  IPv6   23866      0t0       UDP localhost:38652->localhost:38652 
postmaste   1627      postgres   11u  IPv4   26054      0t0       TCP aap24-database.aap-test.local:postgres->aap24-control.aap-test.local:34214 (ESTABLISHED)
postmaste   1628      postgres   10u  IPv6   23866      0t0       UDP localhost:38652->localhost:38652 
postmaste   1628      postgres   11u  IPv4   26055      0t0       TCP aap24-database.aap-test.local:postgres->aap24-control.aap-test.local:34222 (ESTABLISHED)
postmaste   1629      postgres   10u  IPv6   23866      0t0       UDP localhost:38652->localhost:38652 
postmaste   1629      postgres   11u  IPv4   26056      0t0       TCP aap24-database.aap-test.local:postgres->aap24-control.aap-test.local:34234 (ESTABLISHED)
postmaste   1630      postgres   10u  IPv6   23866      0t0       UDP localhost:38652->localhost:38652 
postmaste   1630      postgres   11u  IPv4   26057      0t0       TCP aap24-database.aap-test.local:postgres->aap24-control.aap-test.local:34248 (ESTABLISHED)
postmaste   1631      postgres   10u  IPv6   23866      0t0       UDP localhost:38652->localhost:38652 
postmaste   1631      postgres   11u  IPv4   26058      0t0       TCP aap24-database.aap-test.local:postgres->aap24-control.aap-test.local:34256 (ESTABLISHED)
postmaste   1632      postgres   10u  IPv6   23866      0t0       UDP localhost:38652->localhost:38652 
postmaste   1632      postgres   11u  IPv4   26059      0t0       TCP aap24-database.aap-test.local:postgres->aap24-control.aap-test.local:34266 (ESTABLISHED)
postmaste   1633      postgres   10u  IPv6   23866      0t0       UDP localhost:38652->localhost:38652 
postmaste   1633      postgres   11u  IPv4   26060      0t0       TCP aap24-database.aap-test.local:postgres->aap24-control.aap-test.local:34280 (ESTABLISHED)
postmaste   2369      postgres   10u  IPv6   23866      0t0       UDP localhost:38652->localhost:38652 
postmaste   2369      postgres   11u  IPv4   29424      0t0       TCP aap24-database.aap-test.local:postgres->aap24-control.aap-test.local:46132 (ESTABLISHED)
bash      622633          root  cwd    DIR   253,0      142  67240070 /root
bash      622633          root  rtd    DIR   253,0      235       128 /
bash      622633          root  txt    REG   253,0  1389072  67333814 /usr/bin/bash
bash      622633          root  mem    REG   253,0  2586930     36580 /usr/lib/locale/en_US.utf8/LC_COLLATE
bash      622633          root  mem    REG   253,0  2544344 100688096 /usr/lib64/libc.so.6
bash      622633          root  mem    REG   253,0   346132 100687773 /usr/lib/locale/C.utf8/LC_CTYPE
bash      622633          root  mem    REG   253,0       54     36583 /usr/lib/locale/en_US.utf8/LC_NUMERIC
bash      622633          root  mem    REG   253,0     3284  33639493 /usr/lib/locale/en_US.utf8/LC_TIME
bash      622633          root  mem    REG   253,0      286  33639491 /usr/lib/locale/en_US.utf8/LC_MONETARY
bash      622633          root  mem    REG   253,0       57  33639504 /usr/lib/locale/en_US.utf8/LC_MESSAGES/SYS_LC_MESSAGES
bash      622633          root  mem    REG   253,0    26988  67334001 /usr/lib64/gconv/gconv-modules.cache
bash      622633          root  mem    REG   253,0   195080 100687757 /usr/lib64/libtinfo.so.6.2
bash      622633          root  mem    REG   253,0       34 100688074 /usr/lib/locale/en_US.utf8/LC_PAPER
bash      622633          root  mem    REG   253,0       77     36582 /usr/lib/locale/en_US.utf8/LC_NAME
bash      622633          root  mem    REG   253,0      167  33639487 /usr/lib/locale/en_US.utf8/LC_ADDRESS
bash      622633          root  mem    REG   253,0       59  33639492 /usr/lib/locale/en_US.utf8/LC_TELEPHONE
bash      622633          root  mem    REG   253,0       23  33639490 /usr/lib/locale/en_US.utf8/LC_MEASUREMENT
bash      622633          root  mem    REG   253,0      369  33639489 /usr/lib/locale/en_US.utf8/LC_IDENTIFICATION
bash      622633          root  mem    REG   253,0   897856 100688092 /usr/lib64/ld-linux-x86-64.so.2
bash      622633          root    0r   CHR     1,3      0t0         4 /dev/null
bash      622633          root    1w   REG   253,0        0  34096961 /tmp/memory_monitor.log
bash      622633          root    2w   REG   253,0        0  34096961 /tmp/memory_monitor.log
bash      622633          root    3r  FIFO    0,13      0t0   3045693 pipe
postmaste 623910      postgres   10u  IPv6   23866      0t0       UDP localhost:38652->localhost:38652 
postmaste 623910      postgres   11u  IPv4 3045601      0t0       TCP aap24-database.aap-test.local:postgres->aap24-control.aap-test.local:36512 (ESTABLISHED)
postmaste 623911      postgres   10u  IPv6   23866      0t0       UDP localhost:38652->localhost:38652 
postmaste 623911      postgres   11u  IPv4 3045602      0t0       TCP aap24-database.aap-test.local:postgres->aap24-control.aap-test.local:36528 (ESTABLISHED)
postmaste 623912      postgres   10u  IPv6   23866      0t0       UDP localhost:38652->localhost:38652 
postmaste 623912      postgres   11u  IPv4 3045603      0t0       TCP aap24-database.aap-test.local:postgres->aap24-control.aap-test.local:36540 (ESTABLISHED)
postmaste 623913      postgres   10u  IPv6   23866      0t0       UDP localhost:38652->localhost:38652 
postmaste 623913      postgres   11u  IPv4 3045604      0t0       TCP aap24-database.aap-test.local:postgres->aap24-control.aap-test.local:36552 (ESTABLISHED)
postmaste 623914      postgres   10u  IPv6   23866      0t0       UDP localhost:38652->localhost:38652 
postmaste 623914      postgres   11u  IPv4 3045605      0t0       TCP aap24-database.aap-test.local:postgres->aap24-control.aap-test.local:36564 (ESTABLISHED)

    PID    PPID CMD                           RSS    VSZ %CPU %MEM     ELAPSED
Receptor Child Processes for PID 623954:
  No child processes found
Receptor Threads for PID 623954:
    PID    SPID %CPU %MEM   RSS COMMAND
Receptor Network Connections for PID 623954:
COMMAND      PID          USER   FD   TYPE  DEVICE SIZE/OFF NODE NAME
chronyd      753        chrony    5u  IPv4   22727      0t0  UDP localhost:323 
chronyd      753        chrony    6u  IPv6   22728      0t0  UDP localhost:323 
NetworkMa    756          root   26u  IPv4   24004      0t0  UDP aap24-database.aap-test.local:bootpc->pi.hole:bootps 
sshd         782          root    3u  IPv4   23820      0t0  TCP *:ssh (LISTEN)
sshd         782          root    4u  IPv6   23827      0t0  TCP *:ssh (LISTEN)
postmaste    809      postgres    6u  IPv4   23167      0t0  TCP *:postgres (LISTEN)
postmaste    809      postgres    7u  IPv6   23168      0t0  TCP *:postgres (LISTEN)
postmaste    809      postgres   10u  IPv6   23866      0t0  UDP localhost:38652->localhost:38652 
postmaste    850      postgres   10u  IPv6   23866      0t0  UDP localhost:38652->localhost:38652 
postmaste    851      postgres   10u  IPv6   23866      0t0  UDP localhost:38652->localhost:38652 
postmaste    852      postgres   10u  IPv6   23866      0t0  UDP localhost:38652->localhost:38652 
postmaste    853      postgres   10u  IPv6   23866      0t0  UDP localhost:38652->localhost:38652 
postmaste    854      postgres   10u  IPv6   23866      0t0  UDP localhost:38652->localhost:38652 
postmaste    855      postgres   10u  IPv6   23866      0t0  UDP localhost:38652->localhost:38652 
node_expo   1085 node_exporter    3u  IPv6   24891      0t0  TCP *:jetdirect (LISTEN)
node_expo   1085 node_exporter    7u  IPv6   25024      0t0  TCP aap24-database.aap-test.local:jetdirect->monitoring-node.aap-test.local:54058 (ESTABLISHED)
postmaste   1578      postgres   10u  IPv6   23866      0t0  UDP localhost:38652->localhost:38652 
postmaste   1578      postgres   11u  IPv4   25983      0t0  TCP aap24-database.aap-test.local:postgres->aap24-control.aap-test.local:59112 (ESTABLISHED)
postmaste   1579      postgres   10u  IPv6   23866      0t0  UDP localhost:38652->localhost:38652 
postmaste   1579      postgres   11u  IPv4   25985      0t0  TCP aap24-database.aap-test.local:postgres->aap24-control.aap-test.local:59126 (ESTABLISHED)
postmaste   1597      postgres   10u  IPv6   23866      0t0  UDP localhost:38652->localhost:38652 
postmaste   1597      postgres   11u  IPv4   26024      0t0  TCP aap24-database.aap-test.local:postgres->aap24-control.aap-test.local:34042 (ESTABLISHED)
postmaste   1598      postgres   10u  IPv6   23866      0t0  UDP localhost:38652->localhost:38652 
postmaste   1598      postgres   11u  IPv4   26025      0t0  TCP aap24-database.aap-test.local:postgres->aap24-control.aap-test.local:34048 (ESTABLISHED)
postmaste   1606      postgres   10u  IPv6   23866      0t0  UDP localhost:38652->localhost:38652 
postmaste   1606      postgres   11u  IPv4   26033      0t0  TCP aap24-database.aap-test.local:postgres->aap24-control.aap-test.local:34132 (ESTABLISHED)
postmaste   1607      postgres   10u  IPv6   23866      0t0  UDP localhost:38652->localhost:38652 
postmaste   1607      postgres   11u  IPv4   26034      0t0  TCP aap24-database.aap-test.local:postgres->aap24-control.aap-test.local:34142 (ESTABLISHED)
postmaste   1609      postgres   10u  IPv6   23866      0t0  UDP localhost:38652->localhost:38652 
postmaste   1609      postgres   11u  IPv4   26036      0t0  TCP aap24-database.aap-test.local:postgres->aap24-control.aap-test.local:34166 (ESTABLISHED)
postmaste   1610      postgres   10u  IPv6   23866      0t0  UDP localhost:38652->localhost:38652 
postmaste   1610      postgres   11u  IPv4   26037      0t0  TCP aap24-database.aap-test.local:postgres->aap24-control.aap-test.local:34172 (ESTABLISHED)
postmaste   1618      postgres   10u  IPv6   23866      0t0  UDP localhost:38652->localhost:38652 
postmaste   1618      postgres   11u  IPv4   23538      0t0  TCP aap24-database.aap-test.local:postgres->aap24-control.aap-test.local:34190 (ESTABLISHED)
postmaste   1626      postgres   10u  IPv6   23866      0t0  UDP localhost:38652->localhost:38652 
postmaste   1626      postgres   11u  IPv4   26053      0t0  TCP aap24-database.aap-test.local:postgres->aap24-control.aap-test.local:34206 (ESTABLISHED)
postmaste   1627      postgres   10u  IPv6   23866      0t0  UDP localhost:38652->localhost:38652 
postmaste   1627      postgres   11u  IPv4   26054      0t0  TCP aap24-database.aap-test.local:postgres->aap24-control.aap-test.local:34214 (ESTABLISHED)
postmaste   1628      postgres   10u  IPv6   23866      0t0  UDP localhost:38652->localhost:38652 
postmaste   1628      postgres   11u  IPv4   26055      0t0  TCP aap24-database.aap-test.local:postgres->aap24-control.aap-test.local:34222 (ESTABLISHED)
postmaste   1629      postgres   10u  IPv6   23866      0t0  UDP localhost:38652->localhost:38652 
postmaste   1629      postgres   11u  IPv4   26056      0t0  TCP aap24-database.aap-test.local:postgres->aap24-control.aap-test.local:34234 (ESTABLISHED)
postmaste   1630      postgres   10u  IPv6   23866      0t0  UDP localhost:38652->localhost:38652 
postmaste   1630      postgres   11u  IPv4   26057      0t0  TCP aap24-database.aap-test.local:postgres->aap24-control.aap-test.local:34248 (ESTABLISHED)
postmaste   1631      postgres   10u  IPv6   23866      0t0  UDP localhost:38652->localhost:38652 
postmaste   1631      postgres   11u  IPv4   26058      0t0  TCP aap24-database.aap-test.local:postgres->aap24-control.aap-test.local:34256 (ESTABLISHED)
postmaste   1632      postgres   10u  IPv6   23866      0t0  UDP localhost:38652->localhost:38652 
postmaste   1632      postgres   11u  IPv4   26059      0t0  TCP aap24-database.aap-test.local:postgres->aap24-control.aap-test.local:34266 (ESTABLISHED)
postmaste   1633      postgres   10u  IPv6   23866      0t0  UDP localhost:38652->localhost:38652 
postmaste   1633      postgres   11u  IPv4   26060      0t0  TCP aap24-database.aap-test.local:postgres->aap24-control.aap-test.local:34280 (ESTABLISHED)
postmaste   2369      postgres   10u  IPv6   23866      0t0  UDP localhost:38652->localhost:38652 
postmaste   2369      postgres   11u  IPv4   29424      0t0  TCP aap24-database.aap-test.local:postgres->aap24-control.aap-test.local:46132 (ESTABLISHED)
postmaste 623910      postgres   10u  IPv6   23866      0t0  UDP localhost:38652->localhost:38652 
postmaste 623910      postgres   11u  IPv4 3045601      0t0  TCP aap24-database.aap-test.local:postgres->aap24-control.aap-test.local:36512 (ESTABLISHED)
postmaste 623911      postgres   10u  IPv6   23866      0t0  UDP localhost:38652->localhost:38652 
postmaste 623911      postgres   11u  IPv4 3045602      0t0  TCP aap24-database.aap-test.local:postgres->aap24-control.aap-test.local:36528 (ESTABLISHED)
postmaste 623912      postgres   10u  IPv6   23866      0t0  UDP localhost:38652->localhost:38652 
postmaste 623912      postgres   11u  IPv4 3045603      0t0  TCP aap24-database.aap-test.local:postgres->aap24-control.aap-test.local:36540 (ESTABLISHED)
postmaste 623913      postgres   10u  IPv6   23866      0t0  UDP localhost:38652->localhost:38652 
postmaste 623913      postgres   11u  IPv4 3045604      0t0  TCP aap24-database.aap-test.local:postgres->aap24-control.aap-test.local:36552 (ESTABLISHED)
postmaste 623914      postgres   10u  IPv6   23866      0t0  UDP localhost:38652->localhost:38652 
postmaste 623914      postgres   11u  IPv4 3045605      0t0  TCP aap24-database.aap-test.local:postgres->aap24-control.aap-test.local:36564 (ESTABLISHED)
  No network connections found

=== RECEPTOR MEMORY SUMMARY ===
Total Receptor RSS Memory: 3456 KB (3 MB)
Total Receptor VSZ Memory: 7340 KB (7 MB)
Number of Receptor Processes: 2

AAP-related Processes and Children:
=== AAP Service Processes ===
Process: bash (PID: 622633)
    PID    PPID CMD                           RSS
 622633       1 bash -c  log_file="/tmp/mem  3456
  Children of PID 622633:
    PID    PPID CMD                           RSS
 624013  622633 bash -c  log_file="/tmp/mem  2140

Process: bash (PID: 624013)
    PID    PPID CMD                           RSS
 624013  622633 bash -c  log_file="/tmp/mem  2140
  Children of PID 624013:
    PID    PPID CMD                           RSS


Process Tree for AAP Services:
=== automation-controller Process Tree ===
bash(622633)---pstree(624024)
=== receptor Process Tree ===
bash(622633)---pstree(624028)
=== nginx Process Tree ===
bash(622633)---pstree(624032)
=== postgresql Process Tree ===
bash(622633)---pstree(624036)
=== redis Process Tree ===
bash(622633)---pstree(624040)
=== uwsgi Process Tree ===
bash(622633)---pstree(624044)
=== automation-hub Process Tree ===
bash(622633)---pstree(624048)
=== automation-eda Process Tree ===
bash(622633)---pstree(624052)

=================================================================================
2025-06-30 11:38:02
Memory Usage Report:
               total        used        free      shared  buff/cache   available
Mem:            7681         662        6363         121        1031        7018
Swap:           4095           0        4095

Top 10 Processes by RSS Memory:
    PID    PPID CMD                           RSS
    809       1 /usr/bin/postmaster -D /var 61824
    745       1 /usr/bin/python3 -s /usr/sb 43308
   1578     809 postgres: automationhub aut 40308
   1579     809 postgres: automationhub aut 40308
   1630     809 postgres: automationhub aut 39540
   1629     809 postgres: automationhub aut 39412
   1631     809 postgres: automationhub aut 39412
   1632     809 postgres: automationhub aut 39412
   1633     809 postgres: automationhub aut 39412
   1626     809 postgres: automationhub aut 39284

=== RECEPTOR PROCESS ANALYSIS ===
Receptor Main Processes:
    PID    PPID CMD                           RSS    VSZ %CPU %MEM     ELAPSED
 622633       1 bash -c  log_file="/tmp/mem  3456   7340  0.0  0.0       04:05
Receptor Child Processes for PID 622633:
      PID    PPID CMD                           RSS    VSZ %CPU %MEM     ELAPSED
Receptor Threads for PID 622633:
    PID    SPID %CPU %MEM   RSS COMMAND
 622633  622633  0.0  0.0  3456 bash
Receptor Network Connections for PID 622633:
COMMAND      PID          USER   FD   TYPE  DEVICE SIZE/OFF      NODE NAME
chronyd      753        chrony    5u  IPv4   22727      0t0       UDP localhost:323 
chronyd      753        chrony    6u  IPv6   22728      0t0       UDP localhost:323 
NetworkMa    756          root   26u  IPv4   24004      0t0       UDP aap24-database.aap-test.local:bootpc->pi.hole:bootps 
sshd         782          root    3u  IPv4   23820      0t0       TCP *:ssh (LISTEN)
sshd         782          root    4u  IPv6   23827      0t0       TCP *:ssh (LISTEN)
postmaste    809      postgres    6u  IPv4   23167      0t0       TCP *:postgres (LISTEN)
postmaste    809      postgres    7u  IPv6   23168      0t0       TCP *:postgres (LISTEN)
postmaste    809      postgres   10u  IPv6   23866      0t0       UDP localhost:38652->localhost:38652 
postmaste    850      postgres   10u  IPv6   23866      0t0       UDP localhost:38652->localhost:38652 
postmaste    851      postgres   10u  IPv6   23866      0t0       UDP localhost:38652->localhost:38652 
postmaste    852      postgres   10u  IPv6   23866      0t0       UDP localhost:38652->localhost:38652 
postmaste    853      postgres   10u  IPv6   23866      0t0       UDP localhost:38652->localhost:38652 
postmaste    854      postgres   10u  IPv6   23866      0t0       UDP localhost:38652->localhost:38652 
postmaste    855      postgres   10u  IPv6   23866      0t0       UDP localhost:38652->localhost:38652 
node_expo   1085 node_exporter    3u  IPv6   24891      0t0       TCP *:jetdirect (LISTEN)
node_expo   1085 node_exporter    7u  IPv6   25024      0t0       TCP aap24-database.aap-test.local:jetdirect->monitoring-node.aap-test.local:54058 (ESTABLISHED)
postmaste   1578      postgres   10u  IPv6   23866      0t0       UDP localhost:38652->localhost:38652 
postmaste   1578      postgres   11u  IPv4   25983      0t0       TCP aap24-database.aap-test.local:postgres->aap24-control.aap-test.local:59112 (ESTABLISHED)
postmaste   1579      postgres   10u  IPv6   23866      0t0       UDP localhost:38652->localhost:38652 
postmaste   1579      postgres   11u  IPv4   25985      0t0       TCP aap24-database.aap-test.local:postgres->aap24-control.aap-test.local:59126 (ESTABLISHED)
postmaste   1597      postgres   10u  IPv6   23866      0t0       UDP localhost:38652->localhost:38652 
postmaste   1597      postgres   11u  IPv4   26024      0t0       TCP aap24-database.aap-test.local:postgres->aap24-control.aap-test.local:34042 (ESTABLISHED)
postmaste   1598      postgres   10u  IPv6   23866      0t0       UDP localhost:38652->localhost:38652 
postmaste   1598      postgres   11u  IPv4   26025      0t0       TCP aap24-database.aap-test.local:postgres->aap24-control.aap-test.local:34048 (ESTABLISHED)
postmaste   1606      postgres   10u  IPv6   23866      0t0       UDP localhost:38652->localhost:38652 
postmaste   1606      postgres   11u  IPv4   26033      0t0       TCP aap24-database.aap-test.local:postgres->aap24-control.aap-test.local:34132 (ESTABLISHED)
postmaste   1607      postgres   10u  IPv6   23866      0t0       UDP localhost:38652->localhost:38652 
postmaste   1607      postgres   11u  IPv4   26034      0t0       TCP aap24-database.aap-test.local:postgres->aap24-control.aap-test.local:34142 (ESTABLISHED)
postmaste   1609      postgres   10u  IPv6   23866      0t0       UDP localhost:38652->localhost:38652 
postmaste   1609      postgres   11u  IPv4   26036      0t0       TCP aap24-database.aap-test.local:postgres->aap24-control.aap-test.local:34166 (ESTABLISHED)
postmaste   1610      postgres   10u  IPv6   23866      0t0       UDP localhost:38652->localhost:38652 
postmaste   1610      postgres   11u  IPv4   26037      0t0       TCP aap24-database.aap-test.local:postgres->aap24-control.aap-test.local:34172 (ESTABLISHED)
postmaste   1618      postgres   10u  IPv6   23866      0t0       UDP localhost:38652->localhost:38652 
postmaste   1618      postgres   11u  IPv4   23538      0t0       TCP aap24-database.aap-test.local:postgres->aap24-control.aap-test.local:34190 (ESTABLISHED)
postmaste   1626      postgres   10u  IPv6   23866      0t0       UDP localhost:38652->localhost:38652 
postmaste   1626      postgres   11u  IPv4   26053      0t0       TCP aap24-database.aap-test.local:postgres->aap24-control.aap-test.local:34206 (ESTABLISHED)
postmaste   1627      postgres   10u  IPv6   23866      0t0       UDP localhost:38652->localhost:38652 
postmaste   1627      postgres   11u  IPv4   26054      0t0       TCP aap24-database.aap-test.local:postgres->aap24-control.aap-test.local:34214 (ESTABLISHED)
postmaste   1628      postgres   10u  IPv6   23866      0t0       UDP localhost:38652->localhost:38652 
postmaste   1628      postgres   11u  IPv4   26055      0t0       TCP aap24-database.aap-test.local:postgres->aap24-control.aap-test.local:34222 (ESTABLISHED)
postmaste   1629      postgres   10u  IPv6   23866      0t0       UDP localhost:38652->localhost:38652 
postmaste   1629      postgres   11u  IPv4   26056      0t0       TCP aap24-database.aap-test.local:postgres->aap24-control.aap-test.local:34234 (ESTABLISHED)
postmaste   1630      postgres   10u  IPv6   23866      0t0       UDP localhost:38652->localhost:38652 
postmaste   1630      postgres   11u  IPv4   26057      0t0       TCP aap24-database.aap-test.local:postgres->aap24-control.aap-test.local:34248 (ESTABLISHED)
postmaste   1631      postgres   10u  IPv6   23866      0t0       UDP localhost:38652->localhost:38652 
postmaste   1631      postgres   11u  IPv4   26058      0t0       TCP aap24-database.aap-test.local:postgres->aap24-control.aap-test.local:34256 (ESTABLISHED)
postmaste   1632      postgres   10u  IPv6   23866      0t0       UDP localhost:38652->localhost:38652 
postmaste   1632      postgres   11u  IPv4   26059      0t0       TCP aap24-database.aap-test.local:postgres->aap24-control.aap-test.local:34266 (ESTABLISHED)
postmaste   1633      postgres   10u  IPv6   23866      0t0       UDP localhost:38652->localhost:38652 
postmaste   1633      postgres   11u  IPv4   26060      0t0       TCP aap24-database.aap-test.local:postgres->aap24-control.aap-test.local:34280 (ESTABLISHED)
postmaste   2369      postgres   10u  IPv6   23866      0t0       UDP localhost:38652->localhost:38652 
postmaste   2369      postgres   11u  IPv4   29424      0t0       TCP aap24-database.aap-test.local:postgres->aap24-control.aap-test.local:46132 (ESTABLISHED)
bash      622633          root  cwd    DIR   253,0      142  67240070 /root
bash      622633          root  rtd    DIR   253,0      235       128 /
bash      622633          root  txt    REG   253,0  1389072  67333814 /usr/bin/bash
bash      622633          root  mem    REG   253,0  2586930     36580 /usr/lib/locale/en_US.utf8/LC_COLLATE
bash      622633          root  mem    REG   253,0  2544344 100688096 /usr/lib64/libc.so.6
bash      622633          root  mem    REG   253,0   346132 100687773 /usr/lib/locale/C.utf8/LC_CTYPE
bash      622633          root  mem    REG   253,0       54     36583 /usr/lib/locale/en_US.utf8/LC_NUMERIC
bash      622633          root  mem    REG   253,0     3284  33639493 /usr/lib/locale/en_US.utf8/LC_TIME
bash      622633          root  mem    REG   253,0      286  33639491 /usr/lib/locale/en_US.utf8/LC_MONETARY
bash      622633          root  mem    REG   253,0       57  33639504 /usr/lib/locale/en_US.utf8/LC_MESSAGES/SYS_LC_MESSAGES
bash      622633          root  mem    REG   253,0    26988  67334001 /usr/lib64/gconv/gconv-modules.cache
bash      622633          root  mem    REG   253,0   195080 100687757 /usr/lib64/libtinfo.so.6.2
bash      622633          root  mem    REG   253,0       34 100688074 /usr/lib/locale/en_US.utf8/LC_PAPER
bash      622633          root  mem    REG   253,0       77     36582 /usr/lib/locale/en_US.utf8/LC_NAME
bash      622633          root  mem    REG   253,0      167  33639487 /usr/lib/locale/en_US.utf8/LC_ADDRESS
bash      622633          root  mem    REG   253,0       59  33639492 /usr/lib/locale/en_US.utf8/LC_TELEPHONE
bash      622633          root  mem    REG   253,0       23  33639490 /usr/lib/locale/en_US.utf8/LC_MEASUREMENT
bash      622633          root  mem    REG   253,0      369  33639489 /usr/lib/locale/en_US.utf8/LC_IDENTIFICATION
bash      622633          root  mem    REG   253,0   897856 100688092 /usr/lib64/ld-linux-x86-64.so.2
bash      622633          root    0r   CHR     1,3      0t0         4 /dev/null
bash      622633          root    1w   REG   253,0        0  34096961 /tmp/memory_monitor.log
bash      622633          root    2w   REG   253,0        0  34096961 /tmp/memory_monitor.log
bash      622633          root    3r  FIFO    0,13      0t0   3045940 pipe
postmaste 623914      postgres   10u  IPv6   23866      0t0       UDP localhost:38652->localhost:38652 
postmaste 623914      postgres   11u  IPv4 3045605      0t0       TCP aap24-database.aap-test.local:postgres->aap24-control.aap-test.local:36564 (ESTABLISHED)
postmaste 624068      postgres   10u  IPv6   23866      0t0       UDP localhost:38652->localhost:38652 
postmaste 624068      postgres   11u  IPv4 3045121      0t0       TCP aap24-database.aap-test.local:postgres->aap24-control.aap-test.local:53478 (ESTABLISHED)
postmaste 624117      postgres   10u  IPv6   23866      0t0       UDP localhost:38652->localhost:38652 
postmaste 624117      postgres   11u  IPv4 3045155      0t0       TCP aap24-database.aap-test.local:postgres->aap24-control.aap-test.local:44166 (ESTABLISHED)
postmaste 624118      postgres   10u  IPv6   23866      0t0       UDP localhost:38652->localhost:38652 
postmaste 624118      postgres   11u  IPv4 3045156      0t0       TCP aap24-database.aap-test.local:postgres->aap24-control.aap-test.local:44174 (ESTABLISHED)
postmaste 624119      postgres   10u  IPv6   23866      0t0       UDP localhost:38652->localhost:38652 
postmaste 624119      postgres   11u  IPv4 3045157      0t0       TCP aap24-database.aap-test.local:postgres->aap24-control.aap-test.local:44176 (ESTABLISHED)
postmaste 624120      postgres   10u  IPv6   23866      0t0       UDP localhost:38652->localhost:38652 
postmaste 624120      postgres   11u  IPv4 3045158      0t0       TCP aap24-database.aap-test.local:postgres->aap24-control.aap-test.local:44188 (ESTABLISHED)

    PID    PPID CMD                           RSS    VSZ %CPU %MEM     ELAPSED
Receptor Child Processes for PID 624137:
  No child processes found
Receptor Threads for PID 624137:
    PID    SPID %CPU %MEM   RSS COMMAND
Receptor Network Connections for PID 624137:
COMMAND      PID          USER   FD   TYPE  DEVICE SIZE/OFF NODE NAME
chronyd      753        chrony    5u  IPv4   22727      0t0  UDP localhost:323 
chronyd      753        chrony    6u  IPv6   22728      0t0  UDP localhost:323 
NetworkMa    756          root   26u  IPv4   24004      0t0  UDP aap24-database.aap-test.local:bootpc->pi.hole:bootps 
sshd         782          root    3u  IPv4   23820      0t0  TCP *:ssh (LISTEN)
sshd         782          root    4u  IPv6   23827      0t0  TCP *:ssh (LISTEN)
postmaste    809      postgres    6u  IPv4   23167      0t0  TCP *:postgres (LISTEN)
postmaste    809      postgres    7u  IPv6   23168      0t0  TCP *:postgres (LISTEN)
postmaste    809      postgres   10u  IPv6   23866      0t0  UDP localhost:38652->localhost:38652 
postmaste    850      postgres   10u  IPv6   23866      0t0  UDP localhost:38652->localhost:38652 
postmaste    851      postgres   10u  IPv6   23866      0t0  UDP localhost:38652->localhost:38652 
postmaste    852      postgres   10u  IPv6   23866      0t0  UDP localhost:38652->localhost:38652 
postmaste    853      postgres   10u  IPv6   23866      0t0  UDP localhost:38652->localhost:38652 
postmaste    854      postgres   10u  IPv6   23866      0t0  UDP localhost:38652->localhost:38652 
postmaste    855      postgres   10u  IPv6   23866      0t0  UDP localhost:38652->localhost:38652 
node_expo   1085 node_exporter    3u  IPv6   24891      0t0  TCP *:jetdirect (LISTEN)
node_expo   1085 node_exporter    7u  IPv6   25024      0t0  TCP aap24-database.aap-test.local:jetdirect->monitoring-node.aap-test.local:54058 (ESTABLISHED)
postmaste   1578      postgres   10u  IPv6   23866      0t0  UDP localhost:38652->localhost:38652 
postmaste   1578      postgres   11u  IPv4   25983      0t0  TCP aap24-database.aap-test.local:postgres->aap24-control.aap-test.local:59112 (ESTABLISHED)
postmaste   1579      postgres   10u  IPv6   23866      0t0  UDP localhost:38652->localhost:38652 
postmaste   1579      postgres   11u  IPv4   25985      0t0  TCP aap24-database.aap-test.local:postgres->aap24-control.aap-test.local:59126 (ESTABLISHED)
postmaste   1597      postgres   10u  IPv6   23866      0t0  UDP localhost:38652->localhost:38652 
postmaste   1597      postgres   11u  IPv4   26024      0t0  TCP aap24-database.aap-test.local:postgres->aap24-control.aap-test.local:34042 (ESTABLISHED)
postmaste   1598      postgres   10u  IPv6   23866      0t0  UDP localhost:38652->localhost:38652 
postmaste   1598      postgres   11u  IPv4   26025      0t0  TCP aap24-database.aap-test.local:postgres->aap24-control.aap-test.local:34048 (ESTABLISHED)
postmaste   1606      postgres   10u  IPv6   23866      0t0  UDP localhost:38652->localhost:38652 
postmaste   1606      postgres   11u  IPv4   26033      0t0  TCP aap24-database.aap-test.local:postgres->aap24-control.aap-test.local:34132 (ESTABLISHED)
postmaste   1607      postgres   10u  IPv6   23866      0t0  UDP localhost:38652->localhost:38652 
postmaste   1607      postgres   11u  IPv4   26034      0t0  TCP aap24-database.aap-test.local:postgres->aap24-control.aap-test.local:34142 (ESTABLISHED)
postmaste   1609      postgres   10u  IPv6   23866      0t0  UDP localhost:38652->localhost:38652 
postmaste   1609      postgres   11u  IPv4   26036      0t0  TCP aap24-database.aap-test.local:postgres->aap24-control.aap-test.local:34166 (ESTABLISHED)
postmaste   1610      postgres   10u  IPv6   23866      0t0  UDP localhost:38652->localhost:38652 
postmaste   1610      postgres   11u  IPv4   26037      0t0  TCP aap24-database.aap-test.local:postgres->aap24-control.aap-test.local:34172 (ESTABLISHED)
postmaste   1618      postgres   10u  IPv6   23866      0t0  UDP localhost:38652->localhost:38652 
postmaste   1618      postgres   11u  IPv4   23538      0t0  TCP aap24-database.aap-test.local:postgres->aap24-control.aap-test.local:34190 (ESTABLISHED)
postmaste   1626      postgres   10u  IPv6   23866      0t0  UDP localhost:38652->localhost:38652 
postmaste   1626      postgres   11u  IPv4   26053      0t0  TCP aap24-database.aap-test.local:postgres->aap24-control.aap-test.local:34206 (ESTABLISHED)
postmaste   1627      postgres   10u  IPv6   23866      0t0  UDP localhost:38652->localhost:38652 
postmaste   1627      postgres   11u  IPv4   26054      0t0  TCP aap24-database.aap-test.local:postgres->aap24-control.aap-test.local:34214 (ESTABLISHED)
postmaste   1628      postgres   10u  IPv6   23866      0t0  UDP localhost:38652->localhost:38652 
postmaste   1628      postgres   11u  IPv4   26055      0t0  TCP aap24-database.aap-test.local:postgres->aap24-control.aap-test.local:34222 (ESTABLISHED)
postmaste   1629      postgres   10u  IPv6   23866      0t0  UDP localhost:38652->localhost:38652 
postmaste   1629      postgres   11u  IPv4   26056      0t0  TCP aap24-database.aap-test.local:postgres->aap24-control.aap-test.local:34234 (ESTABLISHED)
postmaste   1630      postgres   10u  IPv6   23866      0t0  UDP localhost:38652->localhost:38652 
postmaste   1630      postgres   11u  IPv4   26057      0t0  TCP aap24-database.aap-test.local:postgres->aap24-control.aap-test.local:34248 (ESTABLISHED)
postmaste   1631      postgres   10u  IPv6   23866      0t0  UDP localhost:38652->localhost:38652 
postmaste   1631      postgres   11u  IPv4   26058      0t0  TCP aap24-database.aap-test.local:postgres->aap24-control.aap-test.local:34256 (ESTABLISHED)
postmaste   1632      postgres   10u  IPv6   23866      0t0  UDP localhost:38652->localhost:38652 
postmaste   1632      postgres   11u  IPv4   26059      0t0  TCP aap24-database.aap-test.local:postgres->aap24-control.aap-test.local:34266 (ESTABLISHED)
postmaste   1633      postgres   10u  IPv6   23866      0t0  UDP localhost:38652->localhost:38652 
postmaste   1633      postgres   11u  IPv4   26060      0t0  TCP aap24-database.aap-test.local:postgres->aap24-control.aap-test.local:34280 (ESTABLISHED)
postmaste   2369      postgres   10u  IPv6   23866      0t0  UDP localhost:38652->localhost:38652 
postmaste   2369      postgres   11u  IPv4   29424      0t0  TCP aap24-database.aap-test.local:postgres->aap24-control.aap-test.local:46132 (ESTABLISHED)
postmaste 623914      postgres   10u  IPv6   23866      0t0  UDP localhost:38652->localhost:38652 
postmaste 623914      postgres   11u  IPv4 3045605      0t0  TCP aap24-database.aap-test.local:postgres->aap24-control.aap-test.local:36564 (ESTABLISHED)
postmaste 624068      postgres   10u  IPv6   23866      0t0  UDP localhost:38652->localhost:38652 
postmaste 624068      postgres   11u  IPv4 3045121      0t0  TCP aap24-database.aap-test.local:postgres->aap24-control.aap-test.local:53478 (ESTABLISHED)
postmaste 624117      postgres   10u  IPv6   23866      0t0  UDP localhost:38652->localhost:38652 
postmaste 624117      postgres   11u  IPv4 3045155      0t0  TCP aap24-database.aap-test.local:postgres->aap24-control.aap-test.local:44166 (ESTABLISHED)
postmaste 624118      postgres   10u  IPv6   23866      0t0  UDP localhost:38652->localhost:38652 
postmaste 624118      postgres   11u  IPv4 3045156      0t0  TCP aap24-database.aap-test.local:postgres->aap24-control.aap-test.local:44174 (ESTABLISHED)
postmaste 624119      postgres   10u  IPv6   23866      0t0  UDP localhost:38652->localhost:38652 
postmaste 624119      postgres   11u  IPv4 3045157      0t0  TCP aap24-database.aap-test.local:postgres->aap24-control.aap-test.local:44176 (ESTABLISHED)
postmaste 624120      postgres   10u  IPv6   23866      0t0  UDP localhost:38652->localhost:38652 
postmaste 624120      postgres   11u  IPv4 3045158      0t0  TCP aap24-database.aap-test.local:postgres->aap24-control.aap-test.local:44188 (ESTABLISHED)
  No network connections found

=== RECEPTOR MEMORY SUMMARY ===
Total Receptor RSS Memory: 3456 KB (3 MB)
Total Receptor VSZ Memory: 7340 KB (7 MB)
Number of Receptor Processes: 2

AAP-related Processes and Children:
=== AAP Service Processes ===
Process: bash (PID: 622633)
    PID    PPID CMD                           RSS
 622633       1 bash -c  log_file="/tmp/mem  3456
  Children of PID 622633:
    PID    PPID CMD                           RSS
 624196  622633 bash -c  log_file="/tmp/mem  2140

Process: bash (PID: 624196)
    PID    PPID CMD                           RSS
 624196  622633 bash -c  log_file="/tmp/mem  2140
  Children of PID 624196:
    PID    PPID CMD                           RSS


Process Tree for AAP Services:
=== automation-controller Process Tree ===
bash(622633)---pstree(624207)
=== receptor Process Tree ===
bash(622633)---pstree(624211)
=== nginx Process Tree ===
bash(622633)---pstree(624215)
=== postgresql Process Tree ===
bash(622633)---pstree(624219)
=== redis Process Tree ===
bash(622633)---pstree(624223)
=== uwsgi Process Tree ===
bash(622633)---pstree(624227)
=== automation-hub Process Tree ===
bash(622633)---pstree(624231)
=== automation-eda Process Tree ===
bash(622633)---pstree(624235)

=================================================================================
2025-06-30 11:38:32
Memory Usage Report:
               total        used        free      shared  buff/cache   available
Mem:            7681         662        6363         121        1031        7018
Swap:           4095           0        4095

Top 10 Processes by RSS Memory:
    PID    PPID CMD                           RSS
    809       1 /usr/bin/postmaster -D /var 61824
    745       1 /usr/bin/python3 -s /usr/sb 43308
   1578     809 postgres: automationhub aut 40308
   1579     809 postgres: automationhub aut 40308
   1630     809 postgres: automationhub aut 39540
   1629     809 postgres: automationhub aut 39412
   1631     809 postgres: automationhub aut 39412
   1632     809 postgres: automationhub aut 39412
   1633     809 postgres: automationhub aut 39412
   1626     809 postgres: automationhub aut 39284

=== RECEPTOR PROCESS ANALYSIS ===
Receptor Main Processes:
    PID    PPID CMD                           RSS    VSZ %CPU %MEM     ELAPSED
 622633       1 bash -c  log_file="/tmp/mem  3456   7340  0.0  0.0       04:35
Receptor Child Processes for PID 622633:
      PID    PPID CMD                           RSS    VSZ %CPU %MEM     ELAPSED
Receptor Threads for PID 622633:
    PID    SPID %CPU %MEM   RSS COMMAND
 622633  622633  0.0  0.0  3456 bash
Receptor Network Connections for PID 622633:
COMMAND      PID          USER   FD   TYPE  DEVICE SIZE/OFF      NODE NAME
chronyd      753        chrony    5u  IPv4   22727      0t0       UDP localhost:323 
chronyd      753        chrony    6u  IPv6   22728      0t0       UDP localhost:323 
NetworkMa    756          root   26u  IPv4   24004      0t0       UDP aap24-database.aap-test.local:bootpc->pi.hole:bootps 
sshd         782          root    3u  IPv4   23820      0t0       TCP *:ssh (LISTEN)
sshd         782          root    4u  IPv6   23827      0t0       TCP *:ssh (LISTEN)
postmaste    809      postgres    6u  IPv4   23167      0t0       TCP *:postgres (LISTEN)
postmaste    809      postgres    7u  IPv6   23168      0t0       TCP *:postgres (LISTEN)
postmaste    809      postgres   10u  IPv6   23866      0t0       UDP localhost:38652->localhost:38652 
postmaste    850      postgres   10u  IPv6   23866      0t0       UDP localhost:38652->localhost:38652 
postmaste    851      postgres   10u  IPv6   23866      0t0       UDP localhost:38652->localhost:38652 
postmaste    852      postgres   10u  IPv6   23866      0t0       UDP localhost:38652->localhost:38652 
postmaste    853      postgres   10u  IPv6   23866      0t0       UDP localhost:38652->localhost:38652 
postmaste    854      postgres   10u  IPv6   23866      0t0       UDP localhost:38652->localhost:38652 
postmaste    855      postgres   10u  IPv6   23866      0t0       UDP localhost:38652->localhost:38652 
node_expo   1085 node_exporter    3u  IPv6   24891      0t0       TCP *:jetdirect (LISTEN)
node_expo   1085 node_exporter    7u  IPv6   25024      0t0       TCP aap24-database.aap-test.local:jetdirect->monitoring-node.aap-test.local:54058 (ESTABLISHED)
postmaste   1578      postgres   10u  IPv6   23866      0t0       UDP localhost:38652->localhost:38652 
postmaste   1578      postgres   11u  IPv4   25983      0t0       TCP aap24-database.aap-test.local:postgres->aap24-control.aap-test.local:59112 (ESTABLISHED)
postmaste   1579      postgres   10u  IPv6   23866      0t0       UDP localhost:38652->localhost:38652 
postmaste   1579      postgres   11u  IPv4   25985      0t0       TCP aap24-database.aap-test.local:postgres->aap24-control.aap-test.local:59126 (ESTABLISHED)
postmaste   1597      postgres   10u  IPv6   23866      0t0       UDP localhost:38652->localhost:38652 
postmaste   1597      postgres   11u  IPv4   26024      0t0       TCP aap24-database.aap-test.local:postgres->aap24-control.aap-test.local:34042 (ESTABLISHED)
postmaste   1598      postgres   10u  IPv6   23866      0t0       UDP localhost:38652->localhost:38652 
postmaste   1598      postgres   11u  IPv4   26025      0t0       TCP aap24-database.aap-test.local:postgres->aap24-control.aap-test.local:34048 (ESTABLISHED)
postmaste   1606      postgres   10u  IPv6   23866      0t0       UDP localhost:38652->localhost:38652 
postmaste   1606      postgres   11u  IPv4   26033      0t0       TCP aap24-database.aap-test.local:postgres->aap24-control.aap-test.local:34132 (ESTABLISHED)
postmaste   1607      postgres   10u  IPv6   23866      0t0       UDP localhost:38652->localhost:38652 
postmaste   1607      postgres   11u  IPv4   26034      0t0       TCP aap24-database.aap-test.local:postgres->aap24-control.aap-test.local:34142 (ESTABLISHED)
postmaste   1609      postgres   10u  IPv6   23866      0t0       UDP localhost:38652->localhost:38652 
postmaste   1609      postgres   11u  IPv4   26036      0t0       TCP aap24-database.aap-test.local:postgres->aap24-control.aap-test.local:34166 (ESTABLISHED)
postmaste   1610      postgres   10u  IPv6   23866      0t0       UDP localhost:38652->localhost:38652 
postmaste   1610      postgres   11u  IPv4   26037      0t0       TCP aap24-database.aap-test.local:postgres->aap24-control.aap-test.local:34172 (ESTABLISHED)
postmaste   1618      postgres   10u  IPv6   23866      0t0       UDP localhost:38652->localhost:38652 
postmaste   1618      postgres   11u  IPv4   23538      0t0       TCP aap24-database.aap-test.local:postgres->aap24-control.aap-test.local:34190 (ESTABLISHED)
postmaste   1626      postgres   10u  IPv6   23866      0t0       UDP localhost:38652->localhost:38652 
postmaste   1626      postgres   11u  IPv4   26053      0t0       TCP aap24-database.aap-test.local:postgres->aap24-control.aap-test.local:34206 (ESTABLISHED)
postmaste   1627      postgres   10u  IPv6   23866      0t0       UDP localhost:38652->localhost:38652 
postmaste   1627      postgres   11u  IPv4   26054      0t0       TCP aap24-database.aap-test.local:postgres->aap24-control.aap-test.local:34214 (ESTABLISHED)
postmaste   1628      postgres   10u  IPv6   23866      0t0       UDP localhost:38652->localhost:38652 
postmaste   1628      postgres   11u  IPv4   26055      0t0       TCP aap24-database.aap-test.local:postgres->aap24-control.aap-test.local:34222 (ESTABLISHED)
postmaste   1629      postgres   10u  IPv6   23866      0t0       UDP localhost:38652->localhost:38652 
postmaste   1629      postgres   11u  IPv4   26056      0t0       TCP aap24-database.aap-test.local:postgres->aap24-control.aap-test.local:34234 (ESTABLISHED)
postmaste   1630      postgres   10u  IPv6   23866      0t0       UDP localhost:38652->localhost:38652 
postmaste   1630      postgres   11u  IPv4   26057      0t0       TCP aap24-database.aap-test.local:postgres->aap24-control.aap-test.local:34248 (ESTABLISHED)
postmaste   1631      postgres   10u  IPv6   23866      0t0       UDP localhost:38652->localhost:38652 
postmaste   1631      postgres   11u  IPv4   26058      0t0       TCP aap24-database.aap-test.local:postgres->aap24-control.aap-test.local:34256 (ESTABLISHED)
postmaste   1632      postgres   10u  IPv6   23866      0t0       UDP localhost:38652->localhost:38652 
postmaste   1632      postgres   11u  IPv4   26059      0t0       TCP aap24-database.aap-test.local:postgres->aap24-control.aap-test.local:34266 (ESTABLISHED)
postmaste   1633      postgres   10u  IPv6   23866      0t0       UDP localhost:38652->localhost:38652 
postmaste   1633      postgres   11u  IPv4   26060      0t0       TCP aap24-database.aap-test.local:postgres->aap24-control.aap-test.local:34280 (ESTABLISHED)
postmaste   2369      postgres   10u  IPv6   23866      0t0       UDP localhost:38652->localhost:38652 
postmaste   2369      postgres   11u  IPv4   29424      0t0       TCP aap24-database.aap-test.local:postgres->aap24-control.aap-test.local:46132 (ESTABLISHED)
bash      622633          root  cwd    DIR   253,0      142  67240070 /root
bash      622633          root  rtd    DIR   253,0      235       128 /
bash      622633          root  txt    REG   253,0  1389072  67333814 /usr/bin/bash
bash      622633          root  mem    REG   253,0  2586930     36580 /usr/lib/locale/en_US.utf8/LC_COLLATE
bash      622633          root  mem    REG   253,0  2544344 100688096 /usr/lib64/libc.so.6
bash      622633          root  mem    REG   253,0   346132 100687773 /usr/lib/locale/C.utf8/LC_CTYPE
bash      622633          root  mem    REG   253,0       54     36583 /usr/lib/locale/en_US.utf8/LC_NUMERIC
bash      622633          root  mem    REG   253,0     3284  33639493 /usr/lib/locale/en_US.utf8/LC_TIME
bash      622633          root  mem    REG   253,0      286  33639491 /usr/lib/locale/en_US.utf8/LC_MONETARY
bash      622633          root  mem    REG   253,0       57  33639504 /usr/lib/locale/en_US.utf8/LC_MESSAGES/SYS_LC_MESSAGES
bash      622633          root  mem    REG   253,0    26988  67334001 /usr/lib64/gconv/gconv-modules.cache
bash      622633          root  mem    REG   253,0   195080 100687757 /usr/lib64/libtinfo.so.6.2
bash      622633          root  mem    REG   253,0       34 100688074 /usr/lib/locale/en_US.utf8/LC_PAPER
bash      622633          root  mem    REG   253,0       77     36582 /usr/lib/locale/en_US.utf8/LC_NAME
bash      622633          root  mem    REG   253,0      167  33639487 /usr/lib/locale/en_US.utf8/LC_ADDRESS
bash      622633          root  mem    REG   253,0       59  33639492 /usr/lib/locale/en_US.utf8/LC_TELEPHONE
bash      622633          root  mem    REG   253,0       23  33639490 /usr/lib/locale/en_US.utf8/LC_MEASUREMENT
bash      622633          root  mem    REG   253,0      369  33639489 /usr/lib/locale/en_US.utf8/LC_IDENTIFICATION
bash      622633          root  mem    REG   253,0   897856 100688092 /usr/lib64/ld-linux-x86-64.so.2
bash      622633          root    0r   CHR     1,3      0t0         4 /dev/null
bash      622633          root    1w   REG   253,0        0  34096961 /tmp/memory_monitor.log
bash      622633          root    2w   REG   253,0        0  34096961 /tmp/memory_monitor.log
bash      622633          root    3r  FIFO    0,13      0t0   3049549 pipe
postmaste 624273      postgres   10u  IPv6   23866      0t0       UDP localhost:38652->localhost:38652 
postmaste 624273      postgres   11u  IPv4 3047483      0t0       TCP aap24-database.aap-test.local:postgres->aap24-control.aap-test.local:57746 (ESTABLISHED)
postmaste 624274      postgres   10u  IPv6   23866      0t0       UDP localhost:38652->localhost:38652 
postmaste 624274      postgres   11u  IPv4 3047036      0t0       TCP aap24-database.aap-test.local:postgres->aap24-control.aap-test.local:57748 (ESTABLISHED)
postmaste 624275      postgres   10u  IPv6   23866      0t0       UDP localhost:38652->localhost:38652 
postmaste 624275      postgres   11u  IPv4 3047037      0t0       TCP aap24-database.aap-test.local:postgres->aap24-control.aap-test.local:57764 (ESTABLISHED)
postmaste 624276      postgres   10u  IPv6   23866      0t0       UDP localhost:38652->localhost:38652 
postmaste 624276      postgres   11u  IPv4 3047038      0t0       TCP aap24-database.aap-test.local:postgres->aap24-control.aap-test.local:57776 (ESTABLISHED)
postmaste 624277      postgres   10u  IPv6   23866      0t0       UDP localhost:38652->localhost:38652 
postmaste 624277      postgres   11u  IPv4 3047039      0t0       TCP aap24-database.aap-test.local:postgres->aap24-control.aap-test.local:57786 (ESTABLISHED)

    PID    PPID CMD                           RSS    VSZ %CPU %MEM     ELAPSED
Receptor Child Processes for PID 624317:
  No child processes found
Receptor Threads for PID 624317:
    PID    SPID %CPU %MEM   RSS COMMAND
Receptor Network Connections for PID 624317:
COMMAND      PID          USER   FD   TYPE  DEVICE SIZE/OFF NODE NAME
chronyd      753        chrony    5u  IPv4   22727      0t0  UDP localhost:323 
chronyd      753        chrony    6u  IPv6   22728      0t0  UDP localhost:323 
NetworkMa    756          root   26u  IPv4   24004      0t0  UDP aap24-database.aap-test.local:bootpc->pi.hole:bootps 
sshd         782          root    3u  IPv4   23820      0t0  TCP *:ssh (LISTEN)
sshd         782          root    4u  IPv6   23827      0t0  TCP *:ssh (LISTEN)
postmaste    809      postgres    6u  IPv4   23167      0t0  TCP *:postgres (LISTEN)
postmaste    809      postgres    7u  IPv6   23168      0t0  TCP *:postgres (LISTEN)
postmaste    809      postgres   10u  IPv6   23866      0t0  UDP localhost:38652->localhost:38652 
postmaste    850      postgres   10u  IPv6   23866      0t0  UDP localhost:38652->localhost:38652 
postmaste    851      postgres   10u  IPv6   23866      0t0  UDP localhost:38652->localhost:38652 
postmaste    852      postgres   10u  IPv6   23866      0t0  UDP localhost:38652->localhost:38652 
postmaste    853      postgres   10u  IPv6   23866      0t0  UDP localhost:38652->localhost:38652 
postmaste    854      postgres   10u  IPv6   23866      0t0  UDP localhost:38652->localhost:38652 
postmaste    855      postgres   10u  IPv6   23866      0t0  UDP localhost:38652->localhost:38652 
node_expo   1085 node_exporter    3u  IPv6   24891      0t0  TCP *:jetdirect (LISTEN)
node_expo   1085 node_exporter    7u  IPv6   25024      0t0  TCP aap24-database.aap-test.local:jetdirect->monitoring-node.aap-test.local:54058 (ESTABLISHED)
postmaste   1578      postgres   10u  IPv6   23866      0t0  UDP localhost:38652->localhost:38652 
postmaste   1578      postgres   11u  IPv4   25983      0t0  TCP aap24-database.aap-test.local:postgres->aap24-control.aap-test.local:59112 (ESTABLISHED)
postmaste   1579      postgres   10u  IPv6   23866      0t0  UDP localhost:38652->localhost:38652 
postmaste   1579      postgres   11u  IPv4   25985      0t0  TCP aap24-database.aap-test.local:postgres->aap24-control.aap-test.local:59126 (ESTABLISHED)
postmaste   1597      postgres   10u  IPv6   23866      0t0  UDP localhost:38652->localhost:38652 
postmaste   1597      postgres   11u  IPv4   26024      0t0  TCP aap24-database.aap-test.local:postgres->aap24-control.aap-test.local:34042 (ESTABLISHED)
postmaste   1598      postgres   10u  IPv6   23866      0t0  UDP localhost:38652->localhost:38652 
postmaste   1598      postgres   11u  IPv4   26025      0t0  TCP aap24-database.aap-test.local:postgres->aap24-control.aap-test.local:34048 (ESTABLISHED)
postmaste   1606      postgres   10u  IPv6   23866      0t0  UDP localhost:38652->localhost:38652 
postmaste   1606      postgres   11u  IPv4   26033      0t0  TCP aap24-database.aap-test.local:postgres->aap24-control.aap-test.local:34132 (ESTABLISHED)
postmaste   1607      postgres   10u  IPv6   23866      0t0  UDP localhost:38652->localhost:38652 
postmaste   1607      postgres   11u  IPv4   26034      0t0  TCP aap24-database.aap-test.local:postgres->aap24-control.aap-test.local:34142 (ESTABLISHED)
postmaste   1609      postgres   10u  IPv6   23866      0t0  UDP localhost:38652->localhost:38652 
postmaste   1609      postgres   11u  IPv4   26036      0t0  TCP aap24-database.aap-test.local:postgres->aap24-control.aap-test.local:34166 (ESTABLISHED)
postmaste   1610      postgres   10u  IPv6   23866      0t0  UDP localhost:38652->localhost:38652 
postmaste   1610      postgres   11u  IPv4   26037      0t0  TCP aap24-database.aap-test.local:postgres->aap24-control.aap-test.local:34172 (ESTABLISHED)
postmaste   1618      postgres   10u  IPv6   23866      0t0  UDP localhost:38652->localhost:38652 
postmaste   1618      postgres   11u  IPv4   23538      0t0  TCP aap24-database.aap-test.local:postgres->aap24-control.aap-test.local:34190 (ESTABLISHED)
postmaste   1626      postgres   10u  IPv6   23866      0t0  UDP localhost:38652->localhost:38652 
postmaste   1626      postgres   11u  IPv4   26053      0t0  TCP aap24-database.aap-test.local:postgres->aap24-control.aap-test.local:34206 (ESTABLISHED)
postmaste   1627      postgres   10u  IPv6   23866      0t0  UDP localhost:38652->localhost:38652 
postmaste   1627      postgres   11u  IPv4   26054      0t0  TCP aap24-database.aap-test.local:postgres->aap24-control.aap-test.local:34214 (ESTABLISHED)
postmaste   1628      postgres   10u  IPv6   23866      0t0  UDP localhost:38652->localhost:38652 
postmaste   1628      postgres   11u  IPv4   26055      0t0  TCP aap24-database.aap-test.local:postgres->aap24-control.aap-test.local:34222 (ESTABLISHED)
postmaste   1629      postgres   10u  IPv6   23866      0t0  UDP localhost:38652->localhost:38652 
postmaste   1629      postgres   11u  IPv4   26056      0t0  TCP aap24-database.aap-test.local:postgres->aap24-control.aap-test.local:34234 (ESTABLISHED)
postmaste   1630      postgres   10u  IPv6   23866      0t0  UDP localhost:38652->localhost:38652 
postmaste   1630      postgres   11u  IPv4   26057      0t0  TCP aap24-database.aap-test.local:postgres->aap24-control.aap-test.local:34248 (ESTABLISHED)
postmaste   1631      postgres   10u  IPv6   23866      0t0  UDP localhost:38652->localhost:38652 
postmaste   1631      postgres   11u  IPv4   26058      0t0  TCP aap24-database.aap-test.local:postgres->aap24-control.aap-test.local:34256 (ESTABLISHED)
postmaste   1632      postgres   10u  IPv6   23866      0t0  UDP localhost:38652->localhost:38652 
postmaste   1632      postgres   11u  IPv4   26059      0t0  TCP aap24-database.aap-test.local:postgres->aap24-control.aap-test.local:34266 (ESTABLISHED)
postmaste   1633      postgres   10u  IPv6   23866      0t0  UDP localhost:38652->localhost:38652 
postmaste   1633      postgres   11u  IPv4   26060      0t0  TCP aap24-database.aap-test.local:postgres->aap24-control.aap-test.local:34280 (ESTABLISHED)
postmaste   2369      postgres   10u  IPv6   23866      0t0  UDP localhost:38652->localhost:38652 
postmaste   2369      postgres   11u  IPv4   29424      0t0  TCP aap24-database.aap-test.local:postgres->aap24-control.aap-test.local:46132 (ESTABLISHED)
postmaste 624273      postgres   10u  IPv6   23866      0t0  UDP localhost:38652->localhost:38652 
postmaste 624273      postgres   11u  IPv4 3047483      0t0  TCP aap24-database.aap-test.local:postgres->aap24-control.aap-test.local:57746 (ESTABLISHED)
postmaste 624274      postgres   10u  IPv6   23866      0t0  UDP localhost:38652->localhost:38652 
postmaste 624274      postgres   11u  IPv4 3047036      0t0  TCP aap24-database.aap-test.local:postgres->aap24-control.aap-test.local:57748 (ESTABLISHED)
postmaste 624275      postgres   10u  IPv6   23866      0t0  UDP localhost:38652->localhost:38652 
postmaste 624275      postgres   11u  IPv4 3047037      0t0  TCP aap24-database.aap-test.local:postgres->aap24-control.aap-test.local:57764 (ESTABLISHED)
postmaste 624276      postgres   10u  IPv6   23866      0t0  UDP localhost:38652->localhost:38652 
postmaste 624276      postgres   11u  IPv4 3047038      0t0  TCP aap24-database.aap-test.local:postgres->aap24-control.aap-test.local:57776 (ESTABLISHED)
postmaste 624277      postgres   10u  IPv6   23866      0t0  UDP localhost:38652->localhost:38652 
postmaste 624277      postgres   11u  IPv4 3047039      0t0  TCP aap24-database.aap-test.local:postgres->aap24-control.aap-test.local:57786 (ESTABLISHED)
  No network connections found

=== RECEPTOR MEMORY SUMMARY ===
Total Receptor RSS Memory: 3456 KB (3 MB)
Total Receptor VSZ Memory: 7340 KB (7 MB)
Number of Receptor Processes: 2

AAP-related Processes and Children:
=== AAP Service Processes ===
Process: bash (PID: 622633)
    PID    PPID CMD                           RSS
 622633       1 bash -c  log_file="/tmp/mem  3456
  Children of PID 622633:
    PID    PPID CMD                           RSS
 624376  622633 bash -c  log_file="/tmp/mem  2140

Process: bash (PID: 624376)
    PID    PPID CMD                           RSS
 624376  622633 bash -c  log_file="/tmp/mem  2140
  Children of PID 624376:
    PID    PPID CMD                           RSS


Process Tree for AAP Services:
=== automation-controller Process Tree ===
bash(622633)---pstree(624387)
=== receptor Process Tree ===
bash(622633)---pstree(624391)
=== nginx Process Tree ===
bash(622633)---pstree(624395)
=== postgresql Process Tree ===
bash(622633)---pstree(624399)
=== redis Process Tree ===
bash(622633)---pstree(624403)
=== uwsgi Process Tree ===
bash(622633)---pstree(624407)
=== automation-hub Process Tree ===
bash(622633)---pstree(624411)
=== automation-eda Process Tree ===
bash(622633)---pstree(624415)

Memory monitoring completed for aap24 light test at Mon Jun 30 11:39:03 AM PDT 2025
