Starting memory monitoring for aap24 medium test at Mon Jul  7 09:05:54 AM PDT 2025
=================================================================================
2025-07-07 09:05:54
Memory Usage Report:
               total        used        free      shared  buff/cache   available
Mem:            7681         762        3082           8        4142        6918
Swap:           8067           0        8067

Top 10 Processes by RSS Memory:
    PID    PPID CMD                           RSS
  24898       1 /usr/bin/receptor -c /etc/r 47080
    766       1 /usr/bin/python3 -s /usr/sb 44292
    824       1 /usr/bin/python3 -Es /usr/s 27020
    999       1 /usr/lib/polkit-1/polkitd - 25712
    799       1 /usr/sbin/NetworkManager -- 21780
      1       0 /usr/lib/systemd/systemd rh 18576
   5005       1 /usr/lib/systemd/systemd -- 13844
    776       1 /usr/lib/systemd/systemd-lo 13768
    635       1 /usr/lib/systemd/systemd-ud 13640
  62122     820 sshd: root [priv]           11904

=== RECEPTOR PROCESS ANALYSIS ===
Receptor Main Processes:
    PID    PPID CMD                           RSS    VSZ %CPU %MEM     ELAPSED
  24898       1 /usr/bin/receptor -c /etc/r 47080 1273916 0.0  0.5       59:33
Receptor Child Processes for PID 24898:
  No child processes found
Receptor Threads for PID 24898:
    PID    SPID %CPU %MEM   RSS COMMAND
  24898   24898  0.0  0.5 47080 receptor
  24898   24900  0.0  0.5 47080 receptor
  24898   24901  0.0  0.5 47080 receptor
  24898   24902  0.0  0.5 47080 receptor
  24898   24903  0.0  0.5 47080 receptor
  24898   24904  0.0  0.5 47080 receptor
  24898   24905  0.0  0.5 47080 receptor
  24898   24906  0.0  0.5 47080 receptor
Receptor Network Connections for PID 24898:
COMMAND     PID   USER   FD      TYPE             DEVICE SIZE/OFF      NODE NAME
chronyd     786 chrony    5u     IPv4              23693      0t0       UDP localhost:323 
chronyd     786 chrony    6u     IPv6              23694      0t0       UDP localhost:323 
NetworkMa   799   root   26u     IPv4              24794      0t0       UDP localhost.localdomain:bootpc->pi.hole:bootps 
sshd        820   root    3u     IPv4              24609      0t0       TCP *:ssh (LISTEN)
sshd        820   root    4u     IPv6              24618      0t0       TCP *:ssh (LISTEN)
receptor  24898    awx  cwd       DIR              253,0      235       128 /
receptor  24898    awx  rtd       DIR              253,0      235       128 /
receptor  24898    awx  txt       REG              253,0 54652712 100668221 /usr/bin/receptor
receptor  24898    awx  mem       REG              253,0  5436640     30371 /usr/lib64/libcrypto.so.3.2.2
receptor  24898    awx  mem       REG              253,0  2544344      3530 /usr/lib64/libc.so.6
receptor  24898    awx  mem       REG              253,0   102552      3550 /usr/lib64/libz.so.1.2.11
receptor  24898    awx  mem       REG              253,0   897856      3526 /usr/lib64/ld-linux-x86-64.so.2
receptor  24898    awx    0r      CHR                1,3      0t0         4 /dev/null
receptor  24898    awx    1w      REG              253,0     2409   1306437 /var/log/receptor/receptor.log
receptor  24898    awx    2w      REG              253,0     2409   1306437 /var/log/receptor/receptor.log
receptor  24898    awx    3rW     REG               0,23        0      1757 /run/awx-receptor/receptor.sock.lock
receptor  24898    awx    4u  a_inode               0,14        0        62 [eventpoll:5,7,8,9]
receptor  24898    awx    5r     FIFO               0,13      0t0     78587 pipe
receptor  24898    awx    6w     FIFO               0,13      0t0     78587 pipe
receptor  24898    awx    7u     unix 0xffff8eb18308c600      0t0     80075 /var/run/awx-receptor/receptor.sock type=STREAM (LISTEN)
receptor  24898    awx    8u     IPv6              78665      0t0       TCP *:27199 (LISTEN)
receptor  24898    awx    9u     IPv4              81269      0t0       TCP localhost.localdomain:60108->192.168.1.104:27199 (ESTABLISHED)
sshd      62122   root    4u     IPv4             160975      0t0       TCP localhost.localdomain:ssh->192.168.1.49:34698 (ESTABLISHED)
sshd      62125   root    4u     IPv4             160975      0t0       TCP localhost.localdomain:ssh->192.168.1.49:34698 (ESTABLISHED)

    PID    PPID CMD                           RSS    VSZ %CPU %MEM     ELAPSED
  62252       1 bash -c  log_file="/tmp/mem  3456   7260  0.0  0.0       00:00
Receptor Child Processes for PID 62252:
      PID    PPID CMD                           RSS    VSZ %CPU %MEM     ELAPSED
Receptor Threads for PID 62252:
    PID    SPID %CPU %MEM   RSS COMMAND
  62252   62252  0.0  0.0  3456 bash
Receptor Network Connections for PID 62252:
COMMAND     PID   USER   FD   TYPE DEVICE SIZE/OFF      NODE NAME
chronyd     786 chrony    5u  IPv4  23693      0t0       UDP localhost:323 
chronyd     786 chrony    6u  IPv6  23694      0t0       UDP localhost:323 
NetworkMa   799   root   26u  IPv4  24794      0t0       UDP localhost.localdomain:bootpc->pi.hole:bootps 
sshd        820   root    3u  IPv4  24609      0t0       TCP *:ssh (LISTEN)
sshd        820   root    4u  IPv6  24618      0t0       TCP *:ssh (LISTEN)
receptor  24898    awx    8u  IPv6  78665      0t0       TCP *:27199 (LISTEN)
receptor  24898    awx    9u  IPv4  81269      0t0       TCP localhost.localdomain:60108->192.168.1.104:27199 (ESTABLISHED)
sshd      62122   root    4u  IPv4 160975      0t0       TCP localhost.localdomain:ssh->192.168.1.49:34698 (ESTABLISHED)
sshd      62125   root    4u  IPv4 160975      0t0       TCP localhost.localdomain:ssh->192.168.1.49:34698 (ESTABLISHED)
bash      62252   root  cwd    DIR  253,0      142 100663430 /root
bash      62252   root  rtd    DIR  253,0      235       128 /
bash      62252   root  txt    REG  253,0  1389072 100699101 /usr/bin/bash
bash      62252   root  mem    REG  253,0  2586930 100699387 /usr/lib/locale/en_US.utf8/LC_COLLATE
bash      62252   root  mem    REG  253,0  2544344      3530 /usr/lib64/libc.so.6
bash      62252   root  mem    REG  253,0   346132  67253521 /usr/lib/locale/C.utf8/LC_CTYPE
bash      62252   root  mem    REG  253,0       54 100699390 /usr/lib/locale/en_US.utf8/LC_NUMERIC
bash      62252   root  mem    REG  253,0     3284      3433 /usr/lib/locale/en_US.utf8/LC_TIME
bash      62252   root  mem    REG  253,0      286      3431 /usr/lib/locale/en_US.utf8/LC_MONETARY
bash      62252   root  mem    REG  253,0       57      3445 /usr/lib/locale/en_US.utf8/LC_MESSAGES/SYS_LC_MESSAGES
bash      62252   root  mem    REG  253,0    26988  33558225 /usr/lib64/gconv/gconv-modules.cache
bash      62252   root  mem    REG  253,0   195080      3141 /usr/lib64/libtinfo.so.6.2
bash      62252   root  mem    REG  253,0       34  67253758 /usr/lib/locale/en_US.utf8/LC_PAPER
bash      62252   root  mem    REG  253,0       77 100699389 /usr/lib/locale/en_US.utf8/LC_NAME
bash      62252   root  mem    REG  253,0      167      3427 /usr/lib/locale/en_US.utf8/LC_ADDRESS
bash      62252   root  mem    REG  253,0       59      3432 /usr/lib/locale/en_US.utf8/LC_TELEPHONE
bash      62252   root  mem    REG  253,0       23      3430 /usr/lib/locale/en_US.utf8/LC_MEASUREMENT
bash      62252   root  mem    REG  253,0      369      3429 /usr/lib/locale/en_US.utf8/LC_IDENTIFICATION
bash      62252   root  mem    REG  253,0   897856      3526 /usr/lib64/ld-linux-x86-64.so.2
bash      62252   root    0r   CHR    1,3      0t0         4 /dev/null
bash      62252   root    1w   REG  253,0        0  67749869 /tmp/memory_monitor.log
bash      62252   root    2w   REG  253,0        0  67749869 /tmp/memory_monitor.log
bash      62252   root    3r  FIFO   0,13      0t0    160177 pipe

    PID    PPID CMD                           RSS    VSZ %CPU %MEM     ELAPSED
Receptor Child Processes for PID 62260:
  No child processes found
Receptor Threads for PID 62260:
    PID    SPID %CPU %MEM   RSS COMMAND
Receptor Network Connections for PID 62260:
COMMAND     PID   USER   FD   TYPE DEVICE SIZE/OFF NODE NAME
chronyd     786 chrony    5u  IPv4  23693      0t0  UDP localhost:323 
chronyd     786 chrony    6u  IPv6  23694      0t0  UDP localhost:323 
NetworkMa   799   root   26u  IPv4  24794      0t0  UDP localhost.localdomain:bootpc->pi.hole:bootps 
sshd        820   root    3u  IPv4  24609      0t0  TCP *:ssh (LISTEN)
sshd        820   root    4u  IPv6  24618      0t0  TCP *:ssh (LISTEN)
receptor  24898    awx    8u  IPv6  78665      0t0  TCP *:27199 (LISTEN)
receptor  24898    awx    9u  IPv4  81269      0t0  TCP localhost.localdomain:60108->192.168.1.104:27199 (ESTABLISHED)
sshd      62122   root    4u  IPv4 160975      0t0  TCP localhost.localdomain:ssh->192.168.1.49:34698 (ESTABLISHED)
sshd      62125   root    4u  IPv4 160975      0t0  TCP localhost.localdomain:ssh->192.168.1.49:34698 (ESTABLISHED)
  No network connections found

=== RECEPTOR MEMORY SUMMARY ===
Total Receptor RSS Memory: 50536 KB (49 MB)
Total Receptor VSZ Memory: 1281176 KB (1251 MB)
Number of Receptor Processes: 3

AAP-related Processes and Children:
=== AAP Service Processes ===
Process: receptor (PID: 24898)
    PID    PPID CMD                           RSS
  24898       1 /usr/bin/receptor -c /etc/r 47080

Process: bash (PID: 62252)
    PID    PPID CMD                           RSS
  62252       1 bash -c  log_file="/tmp/mem  3456
  Children of PID 62252:
    PID    PPID CMD                           RSS
  62340   62252 bash -c  log_file="/tmp/mem  2436

Process: bash (PID: 62340)
    PID    PPID CMD                           RSS
  62340   62252 bash -c  log_file="/tmp/mem  2436
  Children of PID 62340:
    PID    PPID CMD                           RSS


Process Tree for AAP Services:
=== automation-controller Process Tree ===
bash(62252)---pstree(62354)
=== receptor Process Tree ===
receptor(24898)-+-{receptor}(24900)
                |-{receptor}(24901)
                |-{receptor}(24902)
                |-{receptor}(24903)
                |-{receptor}(24904)
                |-{receptor}(24905)
                `-{receptor}(24906)
bash(62252)---pstree(62359)
=== nginx Process Tree ===
bash(62252)---pstree(62363)
=== postgresql Process Tree ===
bash(62252)---pstree(62367)
=== redis Process Tree ===
bash(62252)---pstree(62371)
=== uwsgi Process Tree ===
bash(62252)---pstree(62375)
=== automation-hub Process Tree ===
bash(62252)---pstree(62379)
=== automation-eda Process Tree ===
bash(62252)---pstree(62383)

=================================================================================
2025-07-07 09:06:25
Memory Usage Report:
               total        used        free      shared  buff/cache   available
Mem:            7681         725        3120           8        4142        6956
Swap:           8067           0        8067

Top 10 Processes by RSS Memory:
    PID    PPID CMD                           RSS
  24898       1 /usr/bin/receptor -c /etc/r 47208
    766       1 /usr/bin/python3 -s /usr/sb 44292
    824       1 /usr/bin/python3 -Es /usr/s 27020
    999       1 /usr/lib/polkit-1/polkitd - 25712
    799       1 /usr/sbin/NetworkManager -- 21780
      1       0 /usr/lib/systemd/systemd rh 18576
   5005       1 /usr/lib/systemd/systemd -- 13844
    776       1 /usr/lib/systemd/systemd-lo 13768
    635       1 /usr/lib/systemd/systemd-ud 13640
  62122     820 sshd: root [priv]           11904

=== RECEPTOR PROCESS ANALYSIS ===
Receptor Main Processes:
    PID    PPID CMD                           RSS    VSZ %CPU %MEM     ELAPSED
  24898       1 /usr/bin/receptor -c /etc/r 47208 1273916 0.0  0.6    01:00:03
Receptor Child Processes for PID 24898:
  No child processes found
Receptor Threads for PID 24898:
    PID    SPID %CPU %MEM   RSS COMMAND
  24898   24898  0.0  0.6 47208 receptor
  24898   24900  0.0  0.6 47208 receptor
  24898   24901  0.0  0.6 47208 receptor
  24898   24902  0.0  0.6 47208 receptor
  24898   24903  0.0  0.6 47208 receptor
  24898   24904  0.0  0.6 47208 receptor
  24898   24905  0.0  0.6 47208 receptor
  24898   24906  0.0  0.6 47208 receptor
Receptor Network Connections for PID 24898:
COMMAND     PID   USER   FD      TYPE             DEVICE SIZE/OFF      NODE NAME
chronyd     786 chrony    5u     IPv4              23693      0t0       UDP localhost:323 
chronyd     786 chrony    6u     IPv6              23694      0t0       UDP localhost:323 
NetworkMa   799   root   26u     IPv4              24794      0t0       UDP localhost.localdomain:bootpc->pi.hole:bootps 
sshd        820   root    3u     IPv4              24609      0t0       TCP *:ssh (LISTEN)
sshd        820   root    4u     IPv6              24618      0t0       TCP *:ssh (LISTEN)
receptor  24898    awx  cwd       DIR              253,0      235       128 /
receptor  24898    awx  rtd       DIR              253,0      235       128 /
receptor  24898    awx  txt       REG              253,0 54652712 100668221 /usr/bin/receptor
receptor  24898    awx  mem       REG              253,0  5436640     30371 /usr/lib64/libcrypto.so.3.2.2
receptor  24898    awx  mem       REG              253,0  2544344      3530 /usr/lib64/libc.so.6
receptor  24898    awx  mem       REG              253,0   102552      3550 /usr/lib64/libz.so.1.2.11
receptor  24898    awx  mem       REG              253,0   897856      3526 /usr/lib64/ld-linux-x86-64.so.2
receptor  24898    awx    0r      CHR                1,3      0t0         4 /dev/null
receptor  24898    awx    1w      REG              253,0     2409   1306437 /var/log/receptor/receptor.log
receptor  24898    awx    2w      REG              253,0     2409   1306437 /var/log/receptor/receptor.log
receptor  24898    awx    3rW     REG               0,23        0      1757 /run/awx-receptor/receptor.sock.lock
receptor  24898    awx    4u  a_inode               0,14        0        62 [eventpoll:5,7,8,9]
receptor  24898    awx    5r     FIFO               0,13      0t0     78587 pipe
receptor  24898    awx    6w     FIFO               0,13      0t0     78587 pipe
receptor  24898    awx    7u     unix 0xffff8eb18308c600      0t0     80075 /var/run/awx-receptor/receptor.sock type=STREAM (LISTEN)
receptor  24898    awx    8u     IPv6              78665      0t0       TCP *:27199 (LISTEN)
receptor  24898    awx    9u     IPv4              81269      0t0       TCP localhost.localdomain:60108->192.168.1.104:27199 (ESTABLISHED)
sshd      62122   root    4u     IPv4             160975      0t0       TCP localhost.localdomain:ssh->192.168.1.49:34698 (ESTABLISHED)
sshd      62125   root    4u     IPv4             160975      0t0       TCP localhost.localdomain:ssh->192.168.1.49:34698 (ESTABLISHED)

    PID    PPID CMD                           RSS    VSZ %CPU %MEM     ELAPSED
  62252       1 bash -c  log_file="/tmp/mem  3456   7260  0.0  0.0       00:30
Receptor Child Processes for PID 62252:
      PID    PPID CMD                           RSS    VSZ %CPU %MEM     ELAPSED
Receptor Threads for PID 62252:
    PID    SPID %CPU %MEM   RSS COMMAND
  62252   62252  0.0  0.0  3456 bash
Receptor Network Connections for PID 62252:
COMMAND     PID   USER   FD   TYPE DEVICE SIZE/OFF      NODE NAME
chronyd     786 chrony    5u  IPv4  23693      0t0       UDP localhost:323 
chronyd     786 chrony    6u  IPv6  23694      0t0       UDP localhost:323 
NetworkMa   799   root   26u  IPv4  24794      0t0       UDP localhost.localdomain:bootpc->pi.hole:bootps 
sshd        820   root    3u  IPv4  24609      0t0       TCP *:ssh (LISTEN)
sshd        820   root    4u  IPv6  24618      0t0       TCP *:ssh (LISTEN)
receptor  24898    awx    8u  IPv6  78665      0t0       TCP *:27199 (LISTEN)
receptor  24898    awx    9u  IPv4  81269      0t0       TCP localhost.localdomain:60108->192.168.1.104:27199 (ESTABLISHED)
sshd      62122   root    4u  IPv4 160975      0t0       TCP localhost.localdomain:ssh->192.168.1.49:34698 (ESTABLISHED)
sshd      62125   root    4u  IPv4 160975      0t0       TCP localhost.localdomain:ssh->192.168.1.49:34698 (ESTABLISHED)
bash      62252   root  cwd    DIR  253,0      142 100663430 /root
bash      62252   root  rtd    DIR  253,0      235       128 /
bash      62252   root  txt    REG  253,0  1389072 100699101 /usr/bin/bash
bash      62252   root  mem    REG  253,0  2586930 100699387 /usr/lib/locale/en_US.utf8/LC_COLLATE
bash      62252   root  mem    REG  253,0  2544344      3530 /usr/lib64/libc.so.6
bash      62252   root  mem    REG  253,0   346132  67253521 /usr/lib/locale/C.utf8/LC_CTYPE
bash      62252   root  mem    REG  253,0       54 100699390 /usr/lib/locale/en_US.utf8/LC_NUMERIC
bash      62252   root  mem    REG  253,0     3284      3433 /usr/lib/locale/en_US.utf8/LC_TIME
bash      62252   root  mem    REG  253,0      286      3431 /usr/lib/locale/en_US.utf8/LC_MONETARY
bash      62252   root  mem    REG  253,0       57      3445 /usr/lib/locale/en_US.utf8/LC_MESSAGES/SYS_LC_MESSAGES
bash      62252   root  mem    REG  253,0    26988  33558225 /usr/lib64/gconv/gconv-modules.cache
bash      62252   root  mem    REG  253,0   195080      3141 /usr/lib64/libtinfo.so.6.2
bash      62252   root  mem    REG  253,0       34  67253758 /usr/lib/locale/en_US.utf8/LC_PAPER
bash      62252   root  mem    REG  253,0       77 100699389 /usr/lib/locale/en_US.utf8/LC_NAME
bash      62252   root  mem    REG  253,0      167      3427 /usr/lib/locale/en_US.utf8/LC_ADDRESS
bash      62252   root  mem    REG  253,0       59      3432 /usr/lib/locale/en_US.utf8/LC_TELEPHONE
bash      62252   root  mem    REG  253,0       23      3430 /usr/lib/locale/en_US.utf8/LC_MEASUREMENT
bash      62252   root  mem    REG  253,0      369      3429 /usr/lib/locale/en_US.utf8/LC_IDENTIFICATION
bash      62252   root  mem    REG  253,0   897856      3526 /usr/lib64/ld-linux-x86-64.so.2
bash      62252   root    0r   CHR    1,3      0t0         4 /dev/null
bash      62252   root    1w   REG  253,0        0  67749869 /tmp/memory_monitor.log
bash      62252   root    2w   REG  253,0        0  67749869 /tmp/memory_monitor.log
bash      62252   root    3r  FIFO   0,13      0t0    160612 pipe

    PID    PPID CMD                           RSS    VSZ %CPU %MEM     ELAPSED
Receptor Child Processes for PID 62392:
  No child processes found
Receptor Threads for PID 62392:
    PID    SPID %CPU %MEM   RSS COMMAND
Receptor Network Connections for PID 62392:
COMMAND     PID   USER   FD   TYPE DEVICE SIZE/OFF NODE NAME
chronyd     786 chrony    5u  IPv4  23693      0t0  UDP localhost:323 
chronyd     786 chrony    6u  IPv6  23694      0t0  UDP localhost:323 
NetworkMa   799   root   26u  IPv4  24794      0t0  UDP localhost.localdomain:bootpc->pi.hole:bootps 
sshd        820   root    3u  IPv4  24609      0t0  TCP *:ssh (LISTEN)
sshd        820   root    4u  IPv6  24618      0t0  TCP *:ssh (LISTEN)
receptor  24898    awx    8u  IPv6  78665      0t0  TCP *:27199 (LISTEN)
receptor  24898    awx    9u  IPv4  81269      0t0  TCP localhost.localdomain:60108->192.168.1.104:27199 (ESTABLISHED)
sshd      62122   root    4u  IPv4 160975      0t0  TCP localhost.localdomain:ssh->192.168.1.49:34698 (ESTABLISHED)
sshd      62125   root    4u  IPv4 160975      0t0  TCP localhost.localdomain:ssh->192.168.1.49:34698 (ESTABLISHED)
  No network connections found

=== RECEPTOR MEMORY SUMMARY ===
Total Receptor RSS Memory: 50664 KB (49 MB)
Total Receptor VSZ Memory: 1281176 KB (1251 MB)
Number of Receptor Processes: 3

AAP-related Processes and Children:
=== AAP Service Processes ===
Process: receptor (PID: 24898)
    PID    PPID CMD                           RSS
  24898       1 /usr/bin/receptor -c /etc/r 47208

Process: bash (PID: 62252)
    PID    PPID CMD                           RSS
  62252       1 bash -c  log_file="/tmp/mem  3456
  Children of PID 62252:
    PID    PPID CMD                           RSS
  62472   62252 bash -c  log_file="/tmp/mem  2448

Process: bash (PID: 62472)
    PID    PPID CMD                           RSS
  62472   62252 bash -c  log_file="/tmp/mem  2448
  Children of PID 62472:
    PID    PPID CMD                           RSS


Process Tree for AAP Services:
=== automation-controller Process Tree ===
bash(62252)---pstree(62486)
=== receptor Process Tree ===
receptor(24898)-+-{receptor}(24900)
                |-{receptor}(24901)
                |-{receptor}(24902)
                |-{receptor}(24903)
                |-{receptor}(24904)
                |-{receptor}(24905)
                `-{receptor}(24906)
bash(62252)---pstree(62491)
=== nginx Process Tree ===
bash(62252)---pstree(62495)
=== postgresql Process Tree ===
bash(62252)---pstree(62499)
=== redis Process Tree ===
bash(62252)---pstree(62503)
=== uwsgi Process Tree ===
bash(62252)---pstree(62507)
=== automation-hub Process Tree ===
bash(62252)---pstree(62511)
=== automation-eda Process Tree ===
bash(62252)---pstree(62515)

=================================================================================
2025-07-07 09:06:55
Memory Usage Report:
               total        used        free      shared  buff/cache   available
Mem:            7681         900        2941           8        4146        6780
Swap:           8067           0        8067

Top 10 Processes by RSS Memory:
    PID    PPID CMD                           RSS
  62611   62590 /usr/bin/python3.9 /usr/bin 63208
  62571   62562 /usr/bin/podman run --rm -- 58020
  62659   62611 /usr/bin/python3.9 /usr/bin 56444
  62562   62552 /usr/bin/podman run --rm -- 49024
  24898       1 /usr/bin/receptor -c /etc/r 47284
    766       1 /usr/bin/python3 -s /usr/sb 44292
  62544   24898 /usr/bin/receptor --node id 36816
    824       1 /usr/bin/python3 -Es /usr/s 27020
  62552   62544 /usr/bin/python3 /usr/bin/a 25956
    999       1 /usr/lib/polkit-1/polkitd - 25712

=== RECEPTOR PROCESS ANALYSIS ===
Receptor Main Processes:
    PID    PPID CMD                           RSS    VSZ %CPU %MEM     ELAPSED
  24898       1 /usr/bin/receptor -c /etc/r 47284 1273916 0.0  0.6    01:00:34
Receptor Child Processes for PID 24898:
      PID    PPID CMD                           RSS    VSZ %CPU %MEM     ELAPSED
  62544   24898 /usr/bin/receptor --node id 36816 1272764 0.1  0.4       00:06
Receptor Threads for PID 24898:
    PID    SPID %CPU %MEM   RSS COMMAND
  24898   24898  0.0  0.6 47284 receptor
  24898   24900  0.0  0.6 47284 receptor
  24898   24901  0.0  0.6 47284 receptor
  24898   24902  0.0  0.6 47284 receptor
  24898   24903  0.0  0.6 47284 receptor
  24898   24904  0.0  0.6 47284 receptor
  24898   24905  0.0  0.6 47284 receptor
  24898   24906  0.0  0.6 47284 receptor
Receptor Network Connections for PID 24898:
COMMAND     PID   USER   FD      TYPE             DEVICE SIZE/OFF      NODE NAME
chronyd     786 chrony    5u     IPv4              23693      0t0       UDP localhost:323 
chronyd     786 chrony    6u     IPv6              23694      0t0       UDP localhost:323 
NetworkMa   799   root   26u     IPv4              24794      0t0       UDP localhost.localdomain:bootpc->pi.hole:bootps 
sshd        820   root    3u     IPv4              24609      0t0       TCP *:ssh (LISTEN)
sshd        820   root    4u     IPv6              24618      0t0       TCP *:ssh (LISTEN)
receptor  24898    awx  cwd       DIR              253,0      235       128 /
receptor  24898    awx  rtd       DIR              253,0      235       128 /
receptor  24898    awx  txt       REG              253,0 54652712 100668221 /usr/bin/receptor
receptor  24898    awx  mem       REG              253,0  5436640     30371 /usr/lib64/libcrypto.so.3.2.2
receptor  24898    awx  mem       REG              253,0  2544344      3530 /usr/lib64/libc.so.6
receptor  24898    awx  mem       REG              253,0   102552      3550 /usr/lib64/libz.so.1.2.11
receptor  24898    awx  mem       REG              253,0   897856      3526 /usr/lib64/ld-linux-x86-64.so.2
receptor  24898    awx    0r      CHR                1,3      0t0         4 /dev/null
receptor  24898    awx    1w      REG              253,0     2409   1306437 /var/log/receptor/receptor.log
receptor  24898    awx    2w      REG              253,0     2409   1306437 /var/log/receptor/receptor.log
receptor  24898    awx    3rW     REG               0,23        0      1757 /run/awx-receptor/receptor.sock.lock
receptor  24898    awx    4u  a_inode               0,14        0        62 [eventpoll:5,7,8,9,10]
receptor  24898    awx    5r     FIFO               0,13      0t0     78587 pipe
receptor  24898    awx    6w     FIFO               0,13      0t0     78587 pipe
receptor  24898    awx    7u     unix 0xffff8eb18308c600      0t0     80075 /var/run/awx-receptor/receptor.sock type=STREAM (LISTEN)
receptor  24898    awx    8u     IPv6              78665      0t0       TCP *:27199 (LISTEN)
receptor  24898    awx    9u     IPv4              81269      0t0       TCP localhost.localdomain:60108->192.168.1.104:27199 (ESTABLISHED)
receptor  24898    awx   10r  a_inode               0,14        0        62 inotify
receptor  24898    awx   11r      REG              253,0    34121 101072479 /tmp/receptor/192.168.1.168/VlPjzX5M/stdout
sshd      62122   root    4u     IPv4             160975      0t0       TCP localhost.localdomain:ssh->192.168.1.49:34698 (ESTABLISHED)
sshd      62125   root    4u     IPv4             160975      0t0       TCP localhost.localdomain:ssh->192.168.1.49:34698 (ESTABLISHED)
slirp4net 62585    awx    3u     IPv4             162210      0t0       TCP localhost.localdomain:51740->aap25-execution.lan:ssh (ESTABLISHED)

    PID    PPID CMD                           RSS    VSZ %CPU %MEM     ELAPSED
  62252       1 bash -c  log_file="/tmp/mem  3456   7260  0.0  0.0       01:01
Receptor Child Processes for PID 62252:
      PID    PPID CMD                           RSS    VSZ %CPU %MEM     ELAPSED
Receptor Threads for PID 62252:
    PID    SPID %CPU %MEM   RSS COMMAND
  62252   62252  0.0  0.0  3456 bash
Receptor Network Connections for PID 62252:
COMMAND     PID   USER   FD   TYPE DEVICE SIZE/OFF      NODE NAME
chronyd     786 chrony    5u  IPv4  23693      0t0       UDP localhost:323 
chronyd     786 chrony    6u  IPv6  23694      0t0       UDP localhost:323 
NetworkMa   799   root   26u  IPv4  24794      0t0       UDP localhost.localdomain:bootpc->pi.hole:bootps 
sshd        820   root    3u  IPv4  24609      0t0       TCP *:ssh (LISTEN)
sshd        820   root    4u  IPv6  24618      0t0       TCP *:ssh (LISTEN)
receptor  24898    awx    8u  IPv6  78665      0t0       TCP *:27199 (LISTEN)
receptor  24898    awx    9u  IPv4  81269      0t0       TCP localhost.localdomain:60108->192.168.1.104:27199 (ESTABLISHED)
sshd      62122   root    4u  IPv4 160975      0t0       TCP localhost.localdomain:ssh->192.168.1.49:34698 (ESTABLISHED)
sshd      62125   root    4u  IPv4 160975      0t0       TCP localhost.localdomain:ssh->192.168.1.49:34698 (ESTABLISHED)
bash      62252   root  cwd    DIR  253,0      142 100663430 /root
bash      62252   root  rtd    DIR  253,0      235       128 /
bash      62252   root  txt    REG  253,0  1389072 100699101 /usr/bin/bash
bash      62252   root  mem    REG  253,0  2586930 100699387 /usr/lib/locale/en_US.utf8/LC_COLLATE
bash      62252   root  mem    REG  253,0  2544344      3530 /usr/lib64/libc.so.6
bash      62252   root  mem    REG  253,0   346132  67253521 /usr/lib/locale/C.utf8/LC_CTYPE
bash      62252   root  mem    REG  253,0       54 100699390 /usr/lib/locale/en_US.utf8/LC_NUMERIC
bash      62252   root  mem    REG  253,0     3284      3433 /usr/lib/locale/en_US.utf8/LC_TIME
bash      62252   root  mem    REG  253,0      286      3431 /usr/lib/locale/en_US.utf8/LC_MONETARY
bash      62252   root  mem    REG  253,0       57      3445 /usr/lib/locale/en_US.utf8/LC_MESSAGES/SYS_LC_MESSAGES
bash      62252   root  mem    REG  253,0    26988  33558225 /usr/lib64/gconv/gconv-modules.cache
bash      62252   root  mem    REG  253,0   195080      3141 /usr/lib64/libtinfo.so.6.2
bash      62252   root  mem    REG  253,0       34  67253758 /usr/lib/locale/en_US.utf8/LC_PAPER
bash      62252   root  mem    REG  253,0       77 100699389 /usr/lib/locale/en_US.utf8/LC_NAME
bash      62252   root  mem    REG  253,0      167      3427 /usr/lib/locale/en_US.utf8/LC_ADDRESS
bash      62252   root  mem    REG  253,0       59      3432 /usr/lib/locale/en_US.utf8/LC_TELEPHONE
bash      62252   root  mem    REG  253,0       23      3430 /usr/lib/locale/en_US.utf8/LC_MEASUREMENT
bash      62252   root  mem    REG  253,0      369      3429 /usr/lib/locale/en_US.utf8/LC_IDENTIFICATION
bash      62252   root  mem    REG  253,0   897856      3526 /usr/lib64/ld-linux-x86-64.so.2
bash      62252   root    0r   CHR    1,3      0t0         4 /dev/null
bash      62252   root    1w   REG  253,0        0  67749869 /tmp/memory_monitor.log
bash      62252   root    2w   REG  253,0        0  67749869 /tmp/memory_monitor.log
bash      62252   root    3r  FIFO   0,13      0t0    163156 pipe
slirp4net 62585    awx    3u  IPv4 162210      0t0       TCP localhost.localdomain:51740->aap25-execution.lan:ssh (ESTABLISHED)

    PID    PPID CMD                           RSS    VSZ %CPU %MEM     ELAPSED
  62544   24898 /usr/bin/receptor --node id 36816 1272764 0.1  0.4       00:06
Receptor Child Processes for PID 62544:
      PID    PPID CMD                           RSS    VSZ %CPU %MEM     ELAPSED
  62552   62544 /usr/bin/python3 /usr/bin/a 25956 103616  1.5  0.3       00:06
Receptor Threads for PID 62544:
    PID    SPID %CPU %MEM   RSS COMMAND
  62544   62544  0.0  0.4 36816 receptor
  62544   62545  0.0  0.4 36816 receptor
  62544   62546  0.0  0.4 36816 receptor
  62544   62547  0.0  0.4 36816 receptor
  62544   62548  0.0  0.4 36816 receptor
  62544   62549  0.0  0.4 36816 receptor
  62544   62550  0.0  0.4 36816 receptor
  62544   62551  0.0  0.4 36816 receptor
Receptor Network Connections for PID 62544:
COMMAND     PID   USER   FD      TYPE DEVICE SIZE/OFF      NODE NAME
chronyd     786 chrony    5u     IPv4  23693      0t0       UDP localhost:323 
chronyd     786 chrony    6u     IPv6  23694      0t0       UDP localhost:323 
NetworkMa   799   root   26u     IPv4  24794      0t0       UDP localhost.localdomain:bootpc->pi.hole:bootps 
sshd        820   root    3u     IPv4  24609      0t0       TCP *:ssh (LISTEN)
sshd        820   root    4u     IPv6  24618      0t0       TCP *:ssh (LISTEN)
receptor  24898    awx    8u     IPv6  78665      0t0       TCP *:27199 (LISTEN)
receptor  24898    awx    9u     IPv4  81269      0t0       TCP localhost.localdomain:60108->192.168.1.104:27199 (ESTABLISHED)
sshd      62122   root    4u     IPv4 160975      0t0       TCP localhost.localdomain:ssh->192.168.1.49:34698 (ESTABLISHED)
sshd      62125   root    4u     IPv4 160975      0t0       TCP localhost.localdomain:ssh->192.168.1.49:34698 (ESTABLISHED)
receptor  62544    awx  cwd       DIR  253,0      235       128 /
receptor  62544    awx  rtd       DIR  253,0      235       128 /
receptor  62544    awx  txt       REG  253,0 54652712 100668221 /usr/bin/receptor
receptor  62544    awx  mem       REG  253,0  5436640     30371 /usr/lib64/libcrypto.so.3.2.2
receptor  62544    awx  mem       REG  253,0  2544344      3530 /usr/lib64/libc.so.6
receptor  62544    awx  mem       REG  253,0   102552      3550 /usr/lib64/libz.so.1.2.11
receptor  62544    awx  mem       REG  253,0   897856      3526 /usr/lib64/ld-linux-x86-64.so.2
receptor  62544    awx    0r      CHR    1,3      0t0         4 /dev/null
receptor  62544    awx    1w      REG  253,0     2409   1306437 /var/log/receptor/receptor.log
receptor  62544    awx    2w      REG  253,0     2409   1306437 /var/log/receptor/receptor.log
receptor  62544    awx    3r      REG  253,0    61311 101072478 /tmp/receptor/192.168.1.168/VlPjzX5M/stdin
receptor  62544    awx    4u  a_inode   0,14        0        62 [eventpoll:5]
receptor  62544    awx    5r     FIFO   0,13      0t0    162854 pipe
receptor  62544    awx    6w     FIFO   0,13      0t0    162854 pipe
receptor  62544    awx    7w      REG  253,0    34121 101072479 /tmp/receptor/192.168.1.168/VlPjzX5M/stdout
slirp4net 62585    awx    3u     IPv4 162210      0t0       TCP localhost.localdomain:51740->aap25-execution.lan:ssh (ESTABLISHED)

    PID    PPID CMD                           RSS    VSZ %CPU %MEM     ELAPSED
Receptor Child Processes for PID 62677:
  No child processes found
Receptor Threads for PID 62677:
    PID    SPID %CPU %MEM   RSS COMMAND
Receptor Network Connections for PID 62677:
COMMAND     PID   USER   FD   TYPE DEVICE SIZE/OFF NODE NAME
chronyd     786 chrony    5u  IPv4  23693      0t0  UDP localhost:323 
chronyd     786 chrony    6u  IPv6  23694      0t0  UDP localhost:323 
NetworkMa   799   root   26u  IPv4  24794      0t0  UDP localhost.localdomain:bootpc->pi.hole:bootps 
sshd        820   root    3u  IPv4  24609      0t0  TCP *:ssh (LISTEN)
sshd        820   root    4u  IPv6  24618      0t0  TCP *:ssh (LISTEN)
receptor  24898    awx    8u  IPv6  78665      0t0  TCP *:27199 (LISTEN)
receptor  24898    awx    9u  IPv4  81269      0t0  TCP localhost.localdomain:60108->192.168.1.104:27199 (ESTABLISHED)
sshd      62122   root    4u  IPv4 160975      0t0  TCP localhost.localdomain:ssh->192.168.1.49:34698 (ESTABLISHED)
sshd      62125   root    4u  IPv4 160975      0t0  TCP localhost.localdomain:ssh->192.168.1.49:34698 (ESTABLISHED)
slirp4net 62585    awx    3u  IPv4 162210      0t0  TCP localhost.localdomain:51740->aap25-execution.lan:ssh (ESTABLISHED)
  No network connections found

=== RECEPTOR MEMORY SUMMARY ===
Total Receptor RSS Memory: 150456 KB (146 MB)
Total Receptor VSZ Memory: 3930320 KB (3838 MB)
Number of Receptor Processes: 4

AAP-related Processes and Children:
=== AAP Service Processes ===
Process: receptor (PID: 24898)
    PID    PPID CMD                           RSS
  24898       1 /usr/bin/receptor -c /etc/r 47412
  Children of PID 24898:
    PID    PPID CMD                           RSS
  62544   24898 /usr/bin/receptor --node id 36816

Process: bash (PID: 62252)
    PID    PPID CMD                           RSS
  62252       1 bash -c  log_file="/tmp/mem  3456
  Children of PID 62252:
    PID    PPID CMD                           RSS
  62798   62252 bash -c  log_file="/tmp/mem  2452

Process: receptor (PID: 62544)
    PID    PPID CMD                           RSS
  62544   24898 /usr/bin/receptor --node id 36816
  Children of PID 62544:
    PID    PPID CMD                           RSS
  62552   62544 /usr/bin/python3 /usr/bin/a 25956

Process: bash (PID: 62798)
    PID    PPID CMD                           RSS
  62798   62252 bash -c  log_file="/tmp/mem  2452
  Children of PID 62798:
    PID    PPID CMD                           RSS


Process Tree for AAP Services:
=== automation-controller Process Tree ===
bash(62252)---pstree(62817)
=== receptor Process Tree ===
receptor(24898)-+-receptor(62544)-+-ansible-runner(62552)---podman(62562)-+-exe(62571)-+-slirp4netns(62585)
                |                 |                                       |            |-{exe}(62572)
                |                 |                                       |            |-{exe}(62573)
                |                 |                                       |            |-{exe}(62574)
                |                 |                                       |            |-{exe}(62575)
                |                 |                                       |            |-{exe}(62576)
                |                 |                                       |            |-{exe}(62577)
                |                 |                                       |            |-{exe}(62578)
                |                 |                                       |            |-{exe}(62583)
                |                 |                                       |            `-{exe}(62584)
                |                 |                                       |-{podman}(62563)
                |                 |                                       |-{podman}(62564)
                |                 |                                       |-{podman}(62565)
                |                 |                                       |-{podman}(62566)
                |                 |                                       |-{podman}(62567)
                |                 |                                       |-{podman}(62568)
                |                 |                                       |-{podman}(62569)
                |                 |                                       `-{podman}(62570)
                |                 |-{receptor}(62545)
                |                 |-{receptor}(62546)
                |                 |-{receptor}(62547)
                |                 |-{receptor}(62548)
                |                 |-{receptor}(62549)
                |                 |-{receptor}(62550)
                |                 `-{receptor}(62551)
                |-{receptor}(24900)
                |-{receptor}(24901)
                |-{receptor}(24902)
                |-{receptor}(24903)
                |-{receptor}(24904)
                |-{receptor}(24905)
                `-{receptor}(24906)
bash(62252)---pstree(62822)
receptor(62544)-+-ansible-runner(62552)---podman(62562)-+-exe(62571)-+-slirp4netns(62585)
                |                                       |            |-{exe}(62572)
                |                                       |            |-{exe}(62573)
                |                                       |            |-{exe}(62574)
                |                                       |            |-{exe}(62575)
                |                                       |            |-{exe}(62576)
                |                                       |            |-{exe}(62577)
                |                                       |            |-{exe}(62578)
                |                                       |            |-{exe}(62583)
                |                                       |            `-{exe}(62584)
                |                                       |-{podman}(62563)
                |                                       |-{podman}(62564)
                |                                       |-{podman}(62565)
                |                                       |-{podman}(62566)
                |                                       |-{podman}(62567)
                |                                       |-{podman}(62568)
                |                                       |-{podman}(62569)
                |                                       `-{podman}(62570)
                |-{receptor}(62545)
                |-{receptor}(62546)
                |-{receptor}(62547)
                |-{receptor}(62548)
                |-{receptor}(62549)
                |-{receptor}(62550)
                `-{receptor}(62551)
=== nginx Process Tree ===
bash(62252)---pstree(62827)
=== postgresql Process Tree ===
bash(62252)---pstree(62831)
=== redis Process Tree ===
bash(62252)---pstree(62835)
=== uwsgi Process Tree ===
bash(62252)---pstree(62839)
=== automation-hub Process Tree ===
bash(62252)---pstree(62843)
=== automation-eda Process Tree ===
bash(62252)---pstree(62847)

=================================================================================
2025-07-07 09:07:25
Memory Usage Report:
               total        used        free      shared  buff/cache   available
Mem:            7681         859        2981           8        4147        6822
Swap:           8067           0        8067

Top 10 Processes by RSS Memory:
    PID    PPID CMD                           RSS
  62611   62590 /usr/bin/python3.9 /usr/bin 63848
  62571   62562 /usr/bin/podman run --rm -- 58020
  62659   62611 /usr/bin/python3.9 /usr/bin 56444
  62562   62552 /usr/bin/podman run --rm -- 49024
  24898       1 /usr/bin/receptor -c /etc/r 47492
    766       1 /usr/bin/python3 -s /usr/sb 44292
  62544   24898 /usr/bin/receptor --node id 38224
    824       1 /usr/bin/python3 -Es /usr/s 27020
  62552   62544 /usr/bin/python3 /usr/bin/a 25956
    999       1 /usr/lib/polkit-1/polkitd - 25712

=== RECEPTOR PROCESS ANALYSIS ===
Receptor Main Processes:
    PID    PPID CMD                           RSS    VSZ %CPU %MEM     ELAPSED
  24898       1 /usr/bin/receptor -c /etc/r 47492 1273916 0.0  0.6    01:01:04
Receptor Child Processes for PID 24898:
      PID    PPID CMD                           RSS    VSZ %CPU %MEM     ELAPSED
  62544   24898 /usr/bin/receptor --node id 38224 1421060 0.0  0.4       00:36
Receptor Threads for PID 24898:
    PID    SPID %CPU %MEM   RSS COMMAND
  24898   24898  0.0  0.6 47492 receptor
  24898   24900  0.0  0.6 47492 receptor
  24898   24901  0.0  0.6 47492 receptor
  24898   24902  0.0  0.6 47492 receptor
  24898   24903  0.0  0.6 47492 receptor
  24898   24904  0.0  0.6 47492 receptor
  24898   24905  0.0  0.6 47492 receptor
  24898   24906  0.0  0.6 47492 receptor
Receptor Network Connections for PID 24898:
COMMAND     PID   USER   FD      TYPE             DEVICE SIZE/OFF      NODE NAME
chronyd     786 chrony    5u     IPv4              23693      0t0       UDP localhost:323 
chronyd     786 chrony    6u     IPv6              23694      0t0       UDP localhost:323 
NetworkMa   799   root   26u     IPv4              24794      0t0       UDP localhost.localdomain:bootpc->pi.hole:bootps 
sshd        820   root    3u     IPv4              24609      0t0       TCP *:ssh (LISTEN)
sshd        820   root    4u     IPv6              24618      0t0       TCP *:ssh (LISTEN)
receptor  24898    awx  cwd       DIR              253,0      235       128 /
receptor  24898    awx  rtd       DIR              253,0      235       128 /
receptor  24898    awx  txt       REG              253,0 54652712 100668221 /usr/bin/receptor
receptor  24898    awx  mem       REG              253,0  5436640     30371 /usr/lib64/libcrypto.so.3.2.2
receptor  24898    awx  mem       REG              253,0  2544344      3530 /usr/lib64/libc.so.6
receptor  24898    awx  mem       REG              253,0   102552      3550 /usr/lib64/libz.so.1.2.11
receptor  24898    awx  mem       REG              253,0   897856      3526 /usr/lib64/ld-linux-x86-64.so.2
receptor  24898    awx    0r      CHR                1,3      0t0         4 /dev/null
receptor  24898    awx    1w      REG              253,0     2409   1306437 /var/log/receptor/receptor.log
receptor  24898    awx    2w      REG              253,0     2409   1306437 /var/log/receptor/receptor.log
receptor  24898    awx    3rW     REG               0,23        0      1757 /run/awx-receptor/receptor.sock.lock
receptor  24898    awx    4u  a_inode               0,14        0        62 [eventpoll:5,7,8,9,10]
receptor  24898    awx    5r     FIFO               0,13      0t0     78587 pipe
receptor  24898    awx    6w     FIFO               0,13      0t0     78587 pipe
receptor  24898    awx    7u     unix 0xffff8eb18308c600      0t0     80075 /var/run/awx-receptor/receptor.sock type=STREAM (LISTEN)
receptor  24898    awx    8u     IPv6              78665      0t0       TCP *:27199 (LISTEN)
receptor  24898    awx    9u     IPv4              81269      0t0       TCP localhost.localdomain:60108->192.168.1.104:27199 (ESTABLISHED)
receptor  24898    awx   10r  a_inode               0,14        0        62 inotify
receptor  24898    awx   11r      REG              253,0    34121 101072479 /tmp/receptor/192.168.1.168/VlPjzX5M/stdout
sshd      62122   root    4u     IPv4             160975      0t0       TCP localhost.localdomain:ssh->192.168.1.49:34698 (ESTABLISHED)
sshd      62125   root    4u     IPv4             160975      0t0       TCP localhost.localdomain:ssh->192.168.1.49:34698 (ESTABLISHED)
slirp4net 62585    awx    3u     IPv4             162210      0t0       TCP localhost.localdomain:51740->aap25-execution.lan:ssh (ESTABLISHED)

    PID    PPID CMD                           RSS    VSZ %CPU %MEM     ELAPSED
  62252       1 bash -c  log_file="/tmp/mem  3456   7260  0.0  0.0       01:31
Receptor Child Processes for PID 62252:
      PID    PPID CMD                           RSS    VSZ %CPU %MEM     ELAPSED
Receptor Threads for PID 62252:
    PID    SPID %CPU %MEM   RSS COMMAND
  62252   62252  0.0  0.0  3456 bash
Receptor Network Connections for PID 62252:
COMMAND     PID   USER   FD   TYPE DEVICE SIZE/OFF      NODE NAME
chronyd     786 chrony    5u  IPv4  23693      0t0       UDP localhost:323 
chronyd     786 chrony    6u  IPv6  23694      0t0       UDP localhost:323 
NetworkMa   799   root   26u  IPv4  24794      0t0       UDP localhost.localdomain:bootpc->pi.hole:bootps 
sshd        820   root    3u  IPv4  24609      0t0       TCP *:ssh (LISTEN)
sshd        820   root    4u  IPv6  24618      0t0       TCP *:ssh (LISTEN)
receptor  24898    awx    8u  IPv6  78665      0t0       TCP *:27199 (LISTEN)
receptor  24898    awx    9u  IPv4  81269      0t0       TCP localhost.localdomain:60108->192.168.1.104:27199 (ESTABLISHED)
sshd      62122   root    4u  IPv4 160975      0t0       TCP localhost.localdomain:ssh->192.168.1.49:34698 (ESTABLISHED)
sshd      62125   root    4u  IPv4 160975      0t0       TCP localhost.localdomain:ssh->192.168.1.49:34698 (ESTABLISHED)
bash      62252   root  cwd    DIR  253,0      142 100663430 /root
bash      62252   root  rtd    DIR  253,0      235       128 /
bash      62252   root  txt    REG  253,0  1389072 100699101 /usr/bin/bash
bash      62252   root  mem    REG  253,0  2586930 100699387 /usr/lib/locale/en_US.utf8/LC_COLLATE
bash      62252   root  mem    REG  253,0  2544344      3530 /usr/lib64/libc.so.6
bash      62252   root  mem    REG  253,0   346132  67253521 /usr/lib/locale/C.utf8/LC_CTYPE
bash      62252   root  mem    REG  253,0       54 100699390 /usr/lib/locale/en_US.utf8/LC_NUMERIC
bash      62252   root  mem    REG  253,0     3284      3433 /usr/lib/locale/en_US.utf8/LC_TIME
bash      62252   root  mem    REG  253,0      286      3431 /usr/lib/locale/en_US.utf8/LC_MONETARY
bash      62252   root  mem    REG  253,0       57      3445 /usr/lib/locale/en_US.utf8/LC_MESSAGES/SYS_LC_MESSAGES
bash      62252   root  mem    REG  253,0    26988  33558225 /usr/lib64/gconv/gconv-modules.cache
bash      62252   root  mem    REG  253,0   195080      3141 /usr/lib64/libtinfo.so.6.2
bash      62252   root  mem    REG  253,0       34  67253758 /usr/lib/locale/en_US.utf8/LC_PAPER
bash      62252   root  mem    REG  253,0       77 100699389 /usr/lib/locale/en_US.utf8/LC_NAME
bash      62252   root  mem    REG  253,0      167      3427 /usr/lib/locale/en_US.utf8/LC_ADDRESS
bash      62252   root  mem    REG  253,0       59      3432 /usr/lib/locale/en_US.utf8/LC_TELEPHONE
bash      62252   root  mem    REG  253,0       23      3430 /usr/lib/locale/en_US.utf8/LC_MEASUREMENT
bash      62252   root  mem    REG  253,0      369      3429 /usr/lib/locale/en_US.utf8/LC_IDENTIFICATION
bash      62252   root  mem    REG  253,0   897856      3526 /usr/lib64/ld-linux-x86-64.so.2
bash      62252   root    0r   CHR    1,3      0t0         4 /dev/null
bash      62252   root    1w   REG  253,0        0  67749869 /tmp/memory_monitor.log
bash      62252   root    2w   REG  253,0        0  67749869 /tmp/memory_monitor.log
bash      62252   root    3r  FIFO   0,13      0t0    163496 pipe
slirp4net 62585    awx    3u  IPv4 162210      0t0       TCP localhost.localdomain:51740->aap25-execution.lan:ssh (ESTABLISHED)

    PID    PPID CMD                           RSS    VSZ %CPU %MEM     ELAPSED
  62544   24898 /usr/bin/receptor --node id 38224 1421060 0.0  0.4       00:36
Receptor Child Processes for PID 62544:
      PID    PPID CMD                           RSS    VSZ %CPU %MEM     ELAPSED
  62552   62544 /usr/bin/python3 /usr/bin/a 25956 103616  0.2  0.3       00:36
Receptor Threads for PID 62544:
    PID    SPID %CPU %MEM   RSS COMMAND
  62544   62544  0.0  0.4 38224 receptor
  62544   62545  0.0  0.4 38224 receptor
  62544   62546  0.0  0.4 38224 receptor
  62544   62547  0.0  0.4 38224 receptor
  62544   62548  0.0  0.4 38224 receptor
  62544   62549  0.0  0.4 38224 receptor
  62544   62550  0.0  0.4 38224 receptor
  62544   62551  0.0  0.4 38224 receptor
  62544   62850  0.0  0.4 38224 receptor
  62544   62851  0.0  0.4 38224 receptor
Receptor Network Connections for PID 62544:
COMMAND     PID   USER   FD      TYPE DEVICE SIZE/OFF      NODE NAME
chronyd     786 chrony    5u     IPv4  23693      0t0       UDP localhost:323 
chronyd     786 chrony    6u     IPv6  23694      0t0       UDP localhost:323 
NetworkMa   799   root   26u     IPv4  24794      0t0       UDP localhost.localdomain:bootpc->pi.hole:bootps 
sshd        820   root    3u     IPv4  24609      0t0       TCP *:ssh (LISTEN)
sshd        820   root    4u     IPv6  24618      0t0       TCP *:ssh (LISTEN)
receptor  24898    awx    8u     IPv6  78665      0t0       TCP *:27199 (LISTEN)
receptor  24898    awx    9u     IPv4  81269      0t0       TCP localhost.localdomain:60108->192.168.1.104:27199 (ESTABLISHED)
sshd      62122   root    4u     IPv4 160975      0t0       TCP localhost.localdomain:ssh->192.168.1.49:34698 (ESTABLISHED)
sshd      62125   root    4u     IPv4 160975      0t0       TCP localhost.localdomain:ssh->192.168.1.49:34698 (ESTABLISHED)
receptor  62544    awx  cwd       DIR  253,0      235       128 /
receptor  62544    awx  rtd       DIR  253,0      235       128 /
receptor  62544    awx  txt       REG  253,0 54652712 100668221 /usr/bin/receptor
receptor  62544    awx  mem       REG  253,0  5436640     30371 /usr/lib64/libcrypto.so.3.2.2
receptor  62544    awx  mem       REG  253,0  2544344      3530 /usr/lib64/libc.so.6
receptor  62544    awx  mem       REG  253,0   102552      3550 /usr/lib64/libz.so.1.2.11
receptor  62544    awx  mem       REG  253,0   897856      3526 /usr/lib64/ld-linux-x86-64.so.2
receptor  62544    awx    0r      CHR    1,3      0t0         4 /dev/null
receptor  62544    awx    1w      REG  253,0     2409   1306437 /var/log/receptor/receptor.log
receptor  62544    awx    2w      REG  253,0     2409   1306437 /var/log/receptor/receptor.log
receptor  62544    awx    3r      REG  253,0    61311 101072478 /tmp/receptor/192.168.1.168/VlPjzX5M/stdin
receptor  62544    awx    4u  a_inode   0,14        0        62 [eventpoll:5]
receptor  62544    awx    5r     FIFO   0,13      0t0    162854 pipe
receptor  62544    awx    6w     FIFO   0,13      0t0    162854 pipe
receptor  62544    awx    7w      REG  253,0    34121 101072479 /tmp/receptor/192.168.1.168/VlPjzX5M/stdout
slirp4net 62585    awx    3u     IPv4 162210      0t0       TCP localhost.localdomain:51740->aap25-execution.lan:ssh (ESTABLISHED)

    PID    PPID CMD                           RSS    VSZ %CPU %MEM     ELAPSED
Receptor Child Processes for PID 62857:
  No child processes found
Receptor Threads for PID 62857:
    PID    SPID %CPU %MEM   RSS COMMAND
Receptor Network Connections for PID 62857:
COMMAND     PID   USER   FD   TYPE DEVICE SIZE/OFF NODE NAME
chronyd     786 chrony    5u  IPv4  23693      0t0  UDP localhost:323 
chronyd     786 chrony    6u  IPv6  23694      0t0  UDP localhost:323 
NetworkMa   799   root   26u  IPv4  24794      0t0  UDP localhost.localdomain:bootpc->pi.hole:bootps 
sshd        820   root    3u  IPv4  24609      0t0  TCP *:ssh (LISTEN)
sshd        820   root    4u  IPv6  24618      0t0  TCP *:ssh (LISTEN)
receptor  24898    awx    8u  IPv6  78665      0t0  TCP *:27199 (LISTEN)
receptor  24898    awx    9u  IPv4  81269      0t0  TCP localhost.localdomain:60108->192.168.1.104:27199 (ESTABLISHED)
sshd      62122   root    4u  IPv4 160975      0t0  TCP localhost.localdomain:ssh->192.168.1.49:34698 (ESTABLISHED)
sshd      62125   root    4u  IPv4 160975      0t0  TCP localhost.localdomain:ssh->192.168.1.49:34698 (ESTABLISHED)
slirp4net 62585    awx    3u  IPv4 162210      0t0  TCP localhost.localdomain:51740->aap25-execution.lan:ssh (ESTABLISHED)
  No network connections found

=== RECEPTOR MEMORY SUMMARY ===
Total Receptor RSS Memory: 153352 KB (149 MB)
Total Receptor VSZ Memory: 4226912 KB (4127 MB)
Number of Receptor Processes: 4

AAP-related Processes and Children:
=== AAP Service Processes ===
Process: receptor (PID: 24898)
    PID    PPID CMD                           RSS
  24898       1 /usr/bin/receptor -c /etc/r 47492
  Children of PID 24898:
    PID    PPID CMD                           RSS
  62544   24898 /usr/bin/receptor --node id 38224

Process: bash (PID: 62252)
    PID    PPID CMD                           RSS
  62252       1 bash -c  log_file="/tmp/mem  3456
  Children of PID 62252:
    PID    PPID CMD                           RSS
  62978   62252 bash -c  log_file="/tmp/mem  2460

Process: receptor (PID: 62544)
    PID    PPID CMD                           RSS
  62544   24898 /usr/bin/receptor --node id 38224
  Children of PID 62544:
    PID    PPID CMD                           RSS
  62552   62544 /usr/bin/python3 /usr/bin/a 25956

Process: bash (PID: 62978)
    PID    PPID CMD                           RSS
  62978   62252 bash -c  log_file="/tmp/mem  2460
  Children of PID 62978:
    PID    PPID CMD                           RSS


Process Tree for AAP Services:
=== automation-controller Process Tree ===
bash(62252)---pstree(62997)
=== receptor Process Tree ===
receptor(24898)-+-receptor(62544)-+-ansible-runner(62552)---podman(62562)-+-exe(62571)-+-slirp4netns(62585)
                |                 |                                       |            |-{exe}(62572)
                |                 |                                       |            |-{exe}(62573)
                |                 |                                       |            |-{exe}(62574)
                |                 |                                       |            |-{exe}(62575)
                |                 |                                       |            |-{exe}(62576)
                |                 |                                       |            |-{exe}(62577)
                |                 |                                       |            |-{exe}(62578)
                |                 |                                       |            |-{exe}(62583)
                |                 |                                       |            `-{exe}(62584)
                |                 |                                       |-{podman}(62563)
                |                 |                                       |-{podman}(62564)
                |                 |                                       |-{podman}(62565)
                |                 |                                       |-{podman}(62566)
                |                 |                                       |-{podman}(62567)
                |                 |                                       |-{podman}(62568)
                |                 |                                       |-{podman}(62569)
                |                 |                                       `-{podman}(62570)
                |                 |-{receptor}(62545)
                |                 |-{receptor}(62546)
                |                 |-{receptor}(62547)
                |                 |-{receptor}(62548)
                |                 |-{receptor}(62549)
                |                 |-{receptor}(62550)
                |                 |-{receptor}(62551)
                |                 |-{receptor}(62850)
                |                 `-{receptor}(62851)
                |-{receptor}(24900)
                |-{receptor}(24901)
                |-{receptor}(24902)
                |-{receptor}(24903)
                |-{receptor}(24904)
                |-{receptor}(24905)
                `-{receptor}(24906)
bash(62252)---pstree(63002)
receptor(62544)-+-ansible-runner(62552)---podman(62562)-+-exe(62571)-+-slirp4netns(62585)
                |                                       |            |-{exe}(62572)
                |                                       |            |-{exe}(62573)
                |                                       |            |-{exe}(62574)
                |                                       |            |-{exe}(62575)
                |                                       |            |-{exe}(62576)
                |                                       |            |-{exe}(62577)
                |                                       |            |-{exe}(62578)
                |                                       |            |-{exe}(62583)
                |                                       |            `-{exe}(62584)
                |                                       |-{podman}(62563)
                |                                       |-{podman}(62564)
                |                                       |-{podman}(62565)
                |                                       |-{podman}(62566)
                |                                       |-{podman}(62567)
                |                                       |-{podman}(62568)
                |                                       |-{podman}(62569)
                |                                       `-{podman}(62570)
                |-{receptor}(62545)
                |-{receptor}(62546)
                |-{receptor}(62547)
                |-{receptor}(62548)
                |-{receptor}(62549)
                |-{receptor}(62550)
                |-{receptor}(62551)
                |-{receptor}(62850)
                `-{receptor}(62851)
=== nginx Process Tree ===
bash(62252)---pstree(63007)
=== postgresql Process Tree ===
bash(62252)---pstree(63011)
=== redis Process Tree ===
bash(62252)---pstree(63015)
=== uwsgi Process Tree ===
bash(62252)---pstree(63019)
=== automation-hub Process Tree ===
bash(62252)---pstree(63023)
=== automation-eda Process Tree ===
bash(62252)---pstree(63027)

=================================================================================
2025-07-07 09:07:56
Memory Usage Report:
               total        used        free      shared  buff/cache   available
Mem:            7681         851        2989           8        4147        6830
Swap:           8067           0        8067

Top 10 Processes by RSS Memory:
    PID    PPID CMD                           RSS
  62611   62590 /usr/bin/python3.9 /usr/bin 64616
  62571   62562 /usr/bin/podman run --rm -- 58020
  62659   62611 /usr/bin/python3.9 /usr/bin 56444
  62562   62552 /usr/bin/podman run --rm -- 49024
  24898       1 /usr/bin/receptor -c /etc/r 47252
    766       1 /usr/bin/python3 -s /usr/sb 44292
  62544   24898 /usr/bin/receptor --node id 38224
    824       1 /usr/bin/python3 -Es /usr/s 27020
  62552   62544 /usr/bin/python3 /usr/bin/a 25956
    999       1 /usr/lib/polkit-1/polkitd - 25712

=== RECEPTOR PROCESS ANALYSIS ===
Receptor Main Processes:
    PID    PPID CMD                           RSS    VSZ %CPU %MEM     ELAPSED
  24898       1 /usr/bin/receptor -c /etc/r 47252 1273916 0.0  0.6    01:01:35
Receptor Child Processes for PID 24898:
      PID    PPID CMD                           RSS    VSZ %CPU %MEM     ELAPSED
  62544   24898 /usr/bin/receptor --node id 38224 1421060 0.1  0.4       01:07
Receptor Threads for PID 24898:
    PID    SPID %CPU %MEM   RSS COMMAND
  24898   24898  0.0  0.6 47252 receptor
  24898   24900  0.0  0.6 47252 receptor
  24898   24901  0.0  0.6 47252 receptor
  24898   24902  0.0  0.6 47252 receptor
  24898   24903  0.0  0.6 47252 receptor
  24898   24904  0.0  0.6 47252 receptor
  24898   24905  0.0  0.6 47252 receptor
  24898   24906  0.0  0.6 47252 receptor
Receptor Network Connections for PID 24898:
COMMAND     PID   USER   FD      TYPE             DEVICE SIZE/OFF      NODE NAME
chronyd     786 chrony    5u     IPv4              23693      0t0       UDP localhost:323 
chronyd     786 chrony    6u     IPv6              23694      0t0       UDP localhost:323 
NetworkMa   799   root   26u     IPv4              24794      0t0       UDP localhost.localdomain:bootpc->pi.hole:bootps 
sshd        820   root    3u     IPv4              24609      0t0       TCP *:ssh (LISTEN)
sshd        820   root    4u     IPv6              24618      0t0       TCP *:ssh (LISTEN)
receptor  24898    awx  cwd       DIR              253,0      235       128 /
receptor  24898    awx  rtd       DIR              253,0      235       128 /
receptor  24898    awx  txt       REG              253,0 54652712 100668221 /usr/bin/receptor
receptor  24898    awx  mem       REG              253,0  5436640     30371 /usr/lib64/libcrypto.so.3.2.2
receptor  24898    awx  mem       REG              253,0  2544344      3530 /usr/lib64/libc.so.6
receptor  24898    awx  mem       REG              253,0   102552      3550 /usr/lib64/libz.so.1.2.11
receptor  24898    awx  mem       REG              253,0   897856      3526 /usr/lib64/ld-linux-x86-64.so.2
receptor  24898    awx    0r      CHR                1,3      0t0         4 /dev/null
receptor  24898    awx    1w      REG              253,0     2409   1306437 /var/log/receptor/receptor.log
receptor  24898    awx    2w      REG              253,0     2409   1306437 /var/log/receptor/receptor.log
receptor  24898    awx    3rW     REG               0,23        0      1757 /run/awx-receptor/receptor.sock.lock
receptor  24898    awx    4u  a_inode               0,14        0        62 [eventpoll:5,7,8,9,10]
receptor  24898    awx    5r     FIFO               0,13      0t0     78587 pipe
receptor  24898    awx    6w     FIFO               0,13      0t0     78587 pipe
receptor  24898    awx    7u     unix 0xffff8eb18308c600      0t0     80075 /var/run/awx-receptor/receptor.sock type=STREAM (LISTEN)
receptor  24898    awx    8u     IPv6              78665      0t0       TCP *:27199 (LISTEN)
receptor  24898    awx    9u     IPv4              81269      0t0       TCP localhost.localdomain:60108->192.168.1.104:27199 (ESTABLISHED)
receptor  24898    awx   10r  a_inode               0,14        0        62 inotify
receptor  24898    awx   11r      REG              253,0    34121 101072479 /tmp/receptor/192.168.1.168/VlPjzX5M/stdout
slirp4net 62585    awx    3u     IPv4             162210      0t0       TCP localhost.localdomain:51740->aap25-execution.lan:ssh (ESTABLISHED)

    PID    PPID CMD                           RSS    VSZ %CPU %MEM     ELAPSED
  62252       1 bash -c  log_file="/tmp/mem  3456   7260  0.0  0.0       02:02
Receptor Child Processes for PID 62252:
      PID    PPID CMD                           RSS    VSZ %CPU %MEM     ELAPSED
Receptor Threads for PID 62252:
    PID    SPID %CPU %MEM   RSS COMMAND
  62252   62252  0.0  0.0  3456 bash
Receptor Network Connections for PID 62252:
COMMAND     PID   USER   FD   TYPE DEVICE SIZE/OFF      NODE NAME
chronyd     786 chrony    5u  IPv4  23693      0t0       UDP localhost:323 
chronyd     786 chrony    6u  IPv6  23694      0t0       UDP localhost:323 
NetworkMa   799   root   26u  IPv4  24794      0t0       UDP localhost.localdomain:bootpc->pi.hole:bootps 
sshd        820   root    3u  IPv4  24609      0t0       TCP *:ssh (LISTEN)
sshd        820   root    4u  IPv6  24618      0t0       TCP *:ssh (LISTEN)
receptor  24898    awx    8u  IPv6  78665      0t0       TCP *:27199 (LISTEN)
receptor  24898    awx    9u  IPv4  81269      0t0       TCP localhost.localdomain:60108->192.168.1.104:27199 (ESTABLISHED)
bash      62252   root  cwd    DIR  253,0      142 100663430 /root
bash      62252   root  rtd    DIR  253,0      235       128 /
bash      62252   root  txt    REG  253,0  1389072 100699101 /usr/bin/bash
bash      62252   root  mem    REG  253,0  2586930 100699387 /usr/lib/locale/en_US.utf8/LC_COLLATE
bash      62252   root  mem    REG  253,0  2544344      3530 /usr/lib64/libc.so.6
bash      62252   root  mem    REG  253,0   346132  67253521 /usr/lib/locale/C.utf8/LC_CTYPE
bash      62252   root  mem    REG  253,0       54 100699390 /usr/lib/locale/en_US.utf8/LC_NUMERIC
bash      62252   root  mem    REG  253,0     3284      3433 /usr/lib/locale/en_US.utf8/LC_TIME
bash      62252   root  mem    REG  253,0      286      3431 /usr/lib/locale/en_US.utf8/LC_MONETARY
bash      62252   root  mem    REG  253,0       57      3445 /usr/lib/locale/en_US.utf8/LC_MESSAGES/SYS_LC_MESSAGES
bash      62252   root  mem    REG  253,0    26988  33558225 /usr/lib64/gconv/gconv-modules.cache
bash      62252   root  mem    REG  253,0   195080      3141 /usr/lib64/libtinfo.so.6.2
bash      62252   root  mem    REG  253,0       34  67253758 /usr/lib/locale/en_US.utf8/LC_PAPER
bash      62252   root  mem    REG  253,0       77 100699389 /usr/lib/locale/en_US.utf8/LC_NAME
bash      62252   root  mem    REG  253,0      167      3427 /usr/lib/locale/en_US.utf8/LC_ADDRESS
bash      62252   root  mem    REG  253,0       59      3432 /usr/lib/locale/en_US.utf8/LC_TELEPHONE
bash      62252   root  mem    REG  253,0       23      3430 /usr/lib/locale/en_US.utf8/LC_MEASUREMENT
bash      62252   root  mem    REG  253,0      369      3429 /usr/lib/locale/en_US.utf8/LC_IDENTIFICATION
bash      62252   root  mem    REG  253,0   897856      3526 /usr/lib64/ld-linux-x86-64.so.2
bash      62252   root    0r   CHR    1,3      0t0         4 /dev/null
bash      62252   root    1w   REG  253,0        0  67749869 /tmp/memory_monitor.log
bash      62252   root    2w   REG  253,0        0  67749869 /tmp/memory_monitor.log
bash      62252   root    3r  FIFO   0,13      0t0    167072 pipe
slirp4net 62585    awx    3u  IPv4 162210      0t0       TCP localhost.localdomain:51740->aap25-execution.lan:ssh (ESTABLISHED)

    PID    PPID CMD                           RSS    VSZ %CPU %MEM     ELAPSED
  62544   24898 /usr/bin/receptor --node id 38224 1421060 0.1  0.4       01:07
Receptor Child Processes for PID 62544:
      PID    PPID CMD                           RSS    VSZ %CPU %MEM     ELAPSED
  62552   62544 /usr/bin/python3 /usr/bin/a 25956 103616  0.1  0.3       01:07
Receptor Threads for PID 62544:
    PID    SPID %CPU %MEM   RSS COMMAND
  62544   62544  0.0  0.4 38224 receptor
  62544   62545  0.0  0.4 38224 receptor
  62544   62546  0.0  0.4 38224 receptor
  62544   62547  0.0  0.4 38224 receptor
  62544   62548  0.0  0.4 38224 receptor
  62544   62549  0.0  0.4 38224 receptor
  62544   62550  0.0  0.4 38224 receptor
  62544   62551  0.0  0.4 38224 receptor
  62544   62850  0.0  0.4 38224 receptor
  62544   62851  0.0  0.4 38224 receptor
Receptor Network Connections for PID 62544:
COMMAND     PID   USER   FD      TYPE DEVICE SIZE/OFF      NODE NAME
chronyd     786 chrony    5u     IPv4  23693      0t0       UDP localhost:323 
chronyd     786 chrony    6u     IPv6  23694      0t0       UDP localhost:323 
NetworkMa   799   root   26u     IPv4  24794      0t0       UDP localhost.localdomain:bootpc->pi.hole:bootps 
sshd        820   root    3u     IPv4  24609      0t0       TCP *:ssh (LISTEN)
sshd        820   root    4u     IPv6  24618      0t0       TCP *:ssh (LISTEN)
receptor  24898    awx    8u     IPv6  78665      0t0       TCP *:27199 (LISTEN)
receptor  24898    awx    9u     IPv4  81269      0t0       TCP localhost.localdomain:60108->192.168.1.104:27199 (ESTABLISHED)
receptor  62544    awx  cwd       DIR  253,0      235       128 /
receptor  62544    awx  rtd       DIR  253,0      235       128 /
receptor  62544    awx  txt       REG  253,0 54652712 100668221 /usr/bin/receptor
receptor  62544    awx  mem       REG  253,0  5436640     30371 /usr/lib64/libcrypto.so.3.2.2
receptor  62544    awx  mem       REG  253,0  2544344      3530 /usr/lib64/libc.so.6
receptor  62544    awx  mem       REG  253,0   102552      3550 /usr/lib64/libz.so.1.2.11
receptor  62544    awx  mem       REG  253,0   897856      3526 /usr/lib64/ld-linux-x86-64.so.2
receptor  62544    awx    0r      CHR    1,3      0t0         4 /dev/null
receptor  62544    awx    1w      REG  253,0     2409   1306437 /var/log/receptor/receptor.log
receptor  62544    awx    2w      REG  253,0     2409   1306437 /var/log/receptor/receptor.log
receptor  62544    awx    3r      REG  253,0    61311 101072478 /tmp/receptor/192.168.1.168/VlPjzX5M/stdin
receptor  62544    awx    4u  a_inode   0,14        0        62 [eventpoll:5]
receptor  62544    awx    5r     FIFO   0,13      0t0    162854 pipe
receptor  62544    awx    6w     FIFO   0,13      0t0    162854 pipe
receptor  62544    awx    7w      REG  253,0    34121 101072479 /tmp/receptor/192.168.1.168/VlPjzX5M/stdout
slirp4net 62585    awx    3u     IPv4 162210      0t0       TCP localhost.localdomain:51740->aap25-execution.lan:ssh (ESTABLISHED)

    PID    PPID CMD                           RSS    VSZ %CPU %MEM     ELAPSED
Receptor Child Processes for PID 63036:
  No child processes found
Receptor Threads for PID 63036:
    PID    SPID %CPU %MEM   RSS COMMAND
Receptor Network Connections for PID 63036:
COMMAND     PID   USER   FD   TYPE DEVICE SIZE/OFF NODE NAME
chronyd     786 chrony    5u  IPv4  23693      0t0  UDP localhost:323 
chronyd     786 chrony    6u  IPv6  23694      0t0  UDP localhost:323 
NetworkMa   799   root   26u  IPv4  24794      0t0  UDP localhost.localdomain:bootpc->pi.hole:bootps 
sshd        820   root    3u  IPv4  24609      0t0  TCP *:ssh (LISTEN)
sshd        820   root    4u  IPv6  24618      0t0  TCP *:ssh (LISTEN)
receptor  24898    awx    8u  IPv6  78665      0t0  TCP *:27199 (LISTEN)
receptor  24898    awx    9u  IPv4  81269      0t0  TCP localhost.localdomain:60108->192.168.1.104:27199 (ESTABLISHED)
slirp4net 62585    awx    3u  IPv4 162210      0t0  TCP localhost.localdomain:51740->aap25-execution.lan:ssh (ESTABLISHED)
  No network connections found

=== RECEPTOR MEMORY SUMMARY ===
Total Receptor RSS Memory: 153112 KB (149 MB)
Total Receptor VSZ Memory: 4226912 KB (4127 MB)
Number of Receptor Processes: 4

AAP-related Processes and Children:
=== AAP Service Processes ===
Process: receptor (PID: 24898)
    PID    PPID CMD                           RSS
  24898       1 /usr/bin/receptor -c /etc/r 47252
  Children of PID 24898:
    PID    PPID CMD                           RSS
  62544   24898 /usr/bin/receptor --node id 38224

Process: bash (PID: 62252)
    PID    PPID CMD                           RSS
  62252       1 bash -c  log_file="/tmp/mem  3456
  Children of PID 62252:
    PID    PPID CMD                           RSS
  63157   62252 bash -c  log_file="/tmp/mem  2460

Process: receptor (PID: 62544)
    PID    PPID CMD                           RSS
  62544   24898 /usr/bin/receptor --node id 38224
  Children of PID 62544:
    PID    PPID CMD                           RSS
  62552   62544 /usr/bin/python3 /usr/bin/a 25956

Process: bash (PID: 63157)
    PID    PPID CMD                           RSS
  63157   62252 bash -c  log_file="/tmp/mem  2460
  Children of PID 63157:
    PID    PPID CMD                           RSS


Process Tree for AAP Services:
=== automation-controller Process Tree ===
bash(62252)---pstree(63176)
=== receptor Process Tree ===
receptor(24898)-+-receptor(62544)-+-ansible-runner(62552)---podman(62562)-+-exe(62571)-+-slirp4netns(62585)
                |                 |                                       |            |-{exe}(62572)
                |                 |                                       |            |-{exe}(62573)
                |                 |                                       |            |-{exe}(62574)
                |                 |                                       |            |-{exe}(62575)
                |                 |                                       |            |-{exe}(62576)
                |                 |                                       |            |-{exe}(62577)
                |                 |                                       |            |-{exe}(62578)
                |                 |                                       |            |-{exe}(62583)
                |                 |                                       |            `-{exe}(62584)
                |                 |                                       |-{podman}(62563)
                |                 |                                       |-{podman}(62564)
                |                 |                                       |-{podman}(62565)
                |                 |                                       |-{podman}(62566)
                |                 |                                       |-{podman}(62567)
                |                 |                                       |-{podman}(62568)
                |                 |                                       |-{podman}(62569)
                |                 |                                       `-{podman}(62570)
                |                 |-{receptor}(62545)
                |                 |-{receptor}(62546)
                |                 |-{receptor}(62547)
                |                 |-{receptor}(62548)
                |                 |-{receptor}(62549)
                |                 |-{receptor}(62550)
                |                 |-{receptor}(62551)
                |                 |-{receptor}(62850)
                |                 `-{receptor}(62851)
                |-{receptor}(24900)
                |-{receptor}(24901)
                |-{receptor}(24902)
                |-{receptor}(24903)
                |-{receptor}(24904)
                |-{receptor}(24905)
                `-{receptor}(24906)
bash(62252)---pstree(63181)
receptor(62544)-+-ansible-runner(62552)---podman(62562)-+-exe(62571)-+-slirp4netns(62585)
                |                                       |            |-{exe}(62572)
                |                                       |            |-{exe}(62573)
                |                                       |            |-{exe}(62574)
                |                                       |            |-{exe}(62575)
                |                                       |            |-{exe}(62576)
                |                                       |            |-{exe}(62577)
                |                                       |            |-{exe}(62578)
                |                                       |            |-{exe}(62583)
                |                                       |            `-{exe}(62584)
                |                                       |-{podman}(62563)
                |                                       |-{podman}(62564)
                |                                       |-{podman}(62565)
                |                                       |-{podman}(62566)
                |                                       |-{podman}(62567)
                |                                       |-{podman}(62568)
                |                                       |-{podman}(62569)
                |                                       `-{podman}(62570)
                |-{receptor}(62545)
                |-{receptor}(62546)
                |-{receptor}(62547)
                |-{receptor}(62548)
                |-{receptor}(62549)
                |-{receptor}(62550)
                |-{receptor}(62551)
                |-{receptor}(62850)
                `-{receptor}(62851)
=== nginx Process Tree ===
bash(62252)---pstree(63186)
=== postgresql Process Tree ===
bash(62252)---pstree(63190)
=== redis Process Tree ===
bash(62252)---pstree(63194)
=== uwsgi Process Tree ===
bash(62252)---pstree(63198)
=== automation-hub Process Tree ===
bash(62252)---pstree(63202)
=== automation-eda Process Tree ===
bash(62252)---pstree(63206)

=================================================================================
2025-07-07 09:08:26
Memory Usage Report:
               total        used        free      shared  buff/cache   available
Mem:            7681         857        2983           8        4147        6824
Swap:           8067           0        8067

Top 10 Processes by RSS Memory:
    PID    PPID CMD                           RSS
  62611   62590 /usr/bin/python3.9 /usr/bin 65256
  62571   62562 /usr/bin/podman run --rm -- 58020
  62659   62611 /usr/bin/python3.9 /usr/bin 56444
  62562   62552 /usr/bin/podman run --rm -- 49024
  24898       1 /usr/bin/receptor -c /etc/r 47220
  62544   24898 /usr/bin/receptor --node id 46288
    766       1 /usr/bin/python3 -s /usr/sb 44292
    824       1 /usr/bin/python3 -Es /usr/s 27020
  62552   62544 /usr/bin/python3 /usr/bin/a 25956
    999       1 /usr/lib/polkit-1/polkitd - 25712

=== RECEPTOR PROCESS ANALYSIS ===
Receptor Main Processes:
    PID    PPID CMD                           RSS    VSZ %CPU %MEM     ELAPSED
  24898       1 /usr/bin/receptor -c /etc/r 47220 1273916 0.0  0.6    01:02:05
Receptor Child Processes for PID 24898:
      PID    PPID CMD                           RSS    VSZ %CPU %MEM     ELAPSED
  62544   24898 /usr/bin/receptor --node id 46288 1421060 0.0  0.5       01:37
Receptor Threads for PID 24898:
    PID    SPID %CPU %MEM   RSS COMMAND
  24898   24898  0.0  0.6 47220 receptor
  24898   24900  0.0  0.6 47220 receptor
  24898   24901  0.0  0.6 47220 receptor
  24898   24902  0.0  0.6 47220 receptor
  24898   24903  0.0  0.6 47220 receptor
  24898   24904  0.0  0.6 47220 receptor
  24898   24905  0.0  0.6 47220 receptor
  24898   24906  0.0  0.6 47220 receptor
Receptor Network Connections for PID 24898:
COMMAND     PID   USER   FD      TYPE             DEVICE SIZE/OFF      NODE NAME
chronyd     786 chrony    5u     IPv4              23693      0t0       UDP localhost:323 
chronyd     786 chrony    6u     IPv6              23694      0t0       UDP localhost:323 
NetworkMa   799   root   26u     IPv4              24794      0t0       UDP localhost.localdomain:bootpc->pi.hole:bootps 
sshd        820   root    3u     IPv4              24609      0t0       TCP *:ssh (LISTEN)
sshd        820   root    4u     IPv6              24618      0t0       TCP *:ssh (LISTEN)
receptor  24898    awx  cwd       DIR              253,0      235       128 /
receptor  24898    awx  rtd       DIR              253,0      235       128 /
receptor  24898    awx  txt       REG              253,0 54652712 100668221 /usr/bin/receptor
receptor  24898    awx  mem       REG              253,0  5436640     30371 /usr/lib64/libcrypto.so.3.2.2
receptor  24898    awx  mem       REG              253,0  2544344      3530 /usr/lib64/libc.so.6
receptor  24898    awx  mem       REG              253,0   102552      3550 /usr/lib64/libz.so.1.2.11
receptor  24898    awx  mem       REG              253,0   897856      3526 /usr/lib64/ld-linux-x86-64.so.2
receptor  24898    awx    0r      CHR                1,3      0t0         4 /dev/null
receptor  24898    awx    1w      REG              253,0     2409   1306437 /var/log/receptor/receptor.log
receptor  24898    awx    2w      REG              253,0     2409   1306437 /var/log/receptor/receptor.log
receptor  24898    awx    3rW     REG               0,23        0      1757 /run/awx-receptor/receptor.sock.lock
receptor  24898    awx    4u  a_inode               0,14        0        62 [eventpoll:5,7,8,9,10]
receptor  24898    awx    5r     FIFO               0,13      0t0     78587 pipe
receptor  24898    awx    6w     FIFO               0,13      0t0     78587 pipe
receptor  24898    awx    7u     unix 0xffff8eb18308c600      0t0     80075 /var/run/awx-receptor/receptor.sock type=STREAM (LISTEN)
receptor  24898    awx    8u     IPv6              78665      0t0       TCP *:27199 (LISTEN)
receptor  24898    awx    9u     IPv4              81269      0t0       TCP localhost.localdomain:60108->192.168.1.104:27199 (ESTABLISHED)
receptor  24898    awx   10r  a_inode               0,14        0        62 inotify
receptor  24898    awx   11r      REG              253,0    34121 101072479 /tmp/receptor/192.168.1.168/VlPjzX5M/stdout
slirp4net 62585    awx    3u     IPv4             162210      0t0       TCP localhost.localdomain:51740->aap25-execution.lan:ssh (ESTABLISHED)

    PID    PPID CMD                           RSS    VSZ %CPU %MEM     ELAPSED
  62252       1 bash -c  log_file="/tmp/mem  3456   7260  0.0  0.0       02:32
Receptor Child Processes for PID 62252:
      PID    PPID CMD                           RSS    VSZ %CPU %MEM     ELAPSED
Receptor Threads for PID 62252:
    PID    SPID %CPU %MEM   RSS COMMAND
  62252   62252  0.0  0.0  3456 bash
Receptor Network Connections for PID 62252:
COMMAND     PID   USER   FD   TYPE DEVICE SIZE/OFF      NODE NAME
chronyd     786 chrony    5u  IPv4  23693      0t0       UDP localhost:323 
chronyd     786 chrony    6u  IPv6  23694      0t0       UDP localhost:323 
NetworkMa   799   root   26u  IPv4  24794      0t0       UDP localhost.localdomain:bootpc->pi.hole:bootps 
sshd        820   root    3u  IPv4  24609      0t0       TCP *:ssh (LISTEN)
sshd        820   root    4u  IPv6  24618      0t0       TCP *:ssh (LISTEN)
receptor  24898    awx    8u  IPv6  78665      0t0       TCP *:27199 (LISTEN)
receptor  24898    awx    9u  IPv4  81269      0t0       TCP localhost.localdomain:60108->192.168.1.104:27199 (ESTABLISHED)
bash      62252   root  cwd    DIR  253,0      142 100663430 /root
bash      62252   root  rtd    DIR  253,0      235       128 /
bash      62252   root  txt    REG  253,0  1389072 100699101 /usr/bin/bash
bash      62252   root  mem    REG  253,0  2586930 100699387 /usr/lib/locale/en_US.utf8/LC_COLLATE
bash      62252   root  mem    REG  253,0  2544344      3530 /usr/lib64/libc.so.6
bash      62252   root  mem    REG  253,0   346132  67253521 /usr/lib/locale/C.utf8/LC_CTYPE
bash      62252   root  mem    REG  253,0       54 100699390 /usr/lib/locale/en_US.utf8/LC_NUMERIC
bash      62252   root  mem    REG  253,0     3284      3433 /usr/lib/locale/en_US.utf8/LC_TIME
bash      62252   root  mem    REG  253,0      286      3431 /usr/lib/locale/en_US.utf8/LC_MONETARY
bash      62252   root  mem    REG  253,0       57      3445 /usr/lib/locale/en_US.utf8/LC_MESSAGES/SYS_LC_MESSAGES
bash      62252   root  mem    REG  253,0    26988  33558225 /usr/lib64/gconv/gconv-modules.cache
bash      62252   root  mem    REG  253,0   195080      3141 /usr/lib64/libtinfo.so.6.2
bash      62252   root  mem    REG  253,0       34  67253758 /usr/lib/locale/en_US.utf8/LC_PAPER
bash      62252   root  mem    REG  253,0       77 100699389 /usr/lib/locale/en_US.utf8/LC_NAME
bash      62252   root  mem    REG  253,0      167      3427 /usr/lib/locale/en_US.utf8/LC_ADDRESS
bash      62252   root  mem    REG  253,0       59      3432 /usr/lib/locale/en_US.utf8/LC_TELEPHONE
bash      62252   root  mem    REG  253,0       23      3430 /usr/lib/locale/en_US.utf8/LC_MEASUREMENT
bash      62252   root  mem    REG  253,0      369      3429 /usr/lib/locale/en_US.utf8/LC_IDENTIFICATION
bash      62252   root  mem    REG  253,0   897856      3526 /usr/lib64/ld-linux-x86-64.so.2
bash      62252   root    0r   CHR    1,3      0t0         4 /dev/null
bash      62252   root    1w   REG  253,0        0  67749869 /tmp/memory_monitor.log
bash      62252   root    2w   REG  253,0        0  67749869 /tmp/memory_monitor.log
bash      62252   root    3r  FIFO   0,13      0t0    167318 pipe
slirp4net 62585    awx    3u  IPv4 162210      0t0       TCP localhost.localdomain:51740->aap25-execution.lan:ssh (ESTABLISHED)

    PID    PPID CMD                           RSS    VSZ %CPU %MEM     ELAPSED
  62544   24898 /usr/bin/receptor --node id 46288 1421060 0.0  0.5       01:37
Receptor Child Processes for PID 62544:
      PID    PPID CMD                           RSS    VSZ %CPU %MEM     ELAPSED
  62552   62544 /usr/bin/python3 /usr/bin/a 25956 103616  0.0  0.3       01:37
Receptor Threads for PID 62544:
    PID    SPID %CPU %MEM   RSS COMMAND
  62544   62544  0.0  0.5 46288 receptor
  62544   62545  0.0  0.5 46288 receptor
  62544   62546  0.0  0.5 46288 receptor
  62544   62547  0.0  0.5 46288 receptor
  62544   62548  0.0  0.5 46288 receptor
  62544   62549  0.0  0.5 46288 receptor
  62544   62550  0.0  0.5 46288 receptor
  62544   62551  0.0  0.5 46288 receptor
  62544   62850  0.0  0.5 46288 receptor
  62544   62851  0.0  0.5 46288 receptor
Receptor Network Connections for PID 62544:
COMMAND     PID   USER   FD      TYPE DEVICE SIZE/OFF      NODE NAME
chronyd     786 chrony    5u     IPv4  23693      0t0       UDP localhost:323 
chronyd     786 chrony    6u     IPv6  23694      0t0       UDP localhost:323 
NetworkMa   799   root   26u     IPv4  24794      0t0       UDP localhost.localdomain:bootpc->pi.hole:bootps 
sshd        820   root    3u     IPv4  24609      0t0       TCP *:ssh (LISTEN)
sshd        820   root    4u     IPv6  24618      0t0       TCP *:ssh (LISTEN)
receptor  24898    awx    8u     IPv6  78665      0t0       TCP *:27199 (LISTEN)
receptor  24898    awx    9u     IPv4  81269      0t0       TCP localhost.localdomain:60108->192.168.1.104:27199 (ESTABLISHED)
receptor  62544    awx  cwd       DIR  253,0      235       128 /
receptor  62544    awx  rtd       DIR  253,0      235       128 /
receptor  62544    awx  txt       REG  253,0 54652712 100668221 /usr/bin/receptor
receptor  62544    awx  mem       REG  253,0  5436640     30371 /usr/lib64/libcrypto.so.3.2.2
receptor  62544    awx  mem       REG  253,0  2544344      3530 /usr/lib64/libc.so.6
receptor  62544    awx  mem       REG  253,0   102552      3550 /usr/lib64/libz.so.1.2.11
receptor  62544    awx  mem       REG  253,0   897856      3526 /usr/lib64/ld-linux-x86-64.so.2
receptor  62544    awx    0r      CHR    1,3      0t0         4 /dev/null
receptor  62544    awx    1w      REG  253,0     2409   1306437 /var/log/receptor/receptor.log
receptor  62544    awx    2w      REG  253,0     2409   1306437 /var/log/receptor/receptor.log
receptor  62544    awx    3r      REG  253,0    61311 101072478 /tmp/receptor/192.168.1.168/VlPjzX5M/stdin
receptor  62544    awx    4u  a_inode   0,14        0        62 [eventpoll:5]
receptor  62544    awx    5r     FIFO   0,13      0t0    162854 pipe
receptor  62544    awx    6w     FIFO   0,13      0t0    162854 pipe
receptor  62544    awx    7w      REG  253,0    34121 101072479 /tmp/receptor/192.168.1.168/VlPjzX5M/stdout
slirp4net 62585    awx    3u     IPv4 162210      0t0       TCP localhost.localdomain:51740->aap25-execution.lan:ssh (ESTABLISHED)

    PID    PPID CMD                           RSS    VSZ %CPU %MEM     ELAPSED
Receptor Child Processes for PID 63214:
  No child processes found
Receptor Threads for PID 63214:
    PID    SPID %CPU %MEM   RSS COMMAND
Receptor Network Connections for PID 63214:
COMMAND     PID   USER   FD   TYPE DEVICE SIZE/OFF NODE NAME
chronyd     786 chrony    5u  IPv4  23693      0t0  UDP localhost:323 
chronyd     786 chrony    6u  IPv6  23694      0t0  UDP localhost:323 
NetworkMa   799   root   26u  IPv4  24794      0t0  UDP localhost.localdomain:bootpc->pi.hole:bootps 
sshd        820   root    3u  IPv4  24609      0t0  TCP *:ssh (LISTEN)
sshd        820   root    4u  IPv6  24618      0t0  TCP *:ssh (LISTEN)
receptor  24898    awx    8u  IPv6  78665      0t0  TCP *:27199 (LISTEN)
receptor  24898    awx    9u  IPv4  81269      0t0  TCP localhost.localdomain:60108->192.168.1.104:27199 (ESTABLISHED)
slirp4net 62585    awx    3u  IPv4 162210      0t0  TCP localhost.localdomain:51740->aap25-execution.lan:ssh (ESTABLISHED)
  No network connections found

=== RECEPTOR MEMORY SUMMARY ===
Total Receptor RSS Memory: 169208 KB (165 MB)
Total Receptor VSZ Memory: 4226912 KB (4127 MB)
Number of Receptor Processes: 4

AAP-related Processes and Children:
=== AAP Service Processes ===
Process: receptor (PID: 24898)
    PID    PPID CMD                           RSS
  24898       1 /usr/bin/receptor -c /etc/r 47220
  Children of PID 24898:
    PID    PPID CMD                           RSS
  62544   24898 /usr/bin/receptor --node id 46288

Process: bash (PID: 62252)
    PID    PPID CMD                           RSS
  62252       1 bash -c  log_file="/tmp/mem  3456
  Children of PID 62252:
    PID    PPID CMD                           RSS
  63335   62252 bash -c  log_file="/tmp/mem  2464

Process: receptor (PID: 62544)
    PID    PPID CMD                           RSS
  62544   24898 /usr/bin/receptor --node id 46288
  Children of PID 62544:
    PID    PPID CMD                           RSS
  62552   62544 /usr/bin/python3 /usr/bin/a 25956

Process: bash (PID: 63335)
    PID    PPID CMD                           RSS
  63335   62252 bash -c  log_file="/tmp/mem  2464
  Children of PID 63335:
    PID    PPID CMD                           RSS


Process Tree for AAP Services:
=== automation-controller Process Tree ===
bash(62252)---pstree(63354)
=== receptor Process Tree ===
receptor(24898)-+-receptor(62544)-+-ansible-runner(62552)---podman(62562)-+-exe(62571)-+-slirp4netns(62585)
                |                 |                                       |            |-{exe}(62572)
                |                 |                                       |            |-{exe}(62573)
                |                 |                                       |            |-{exe}(62574)
                |                 |                                       |            |-{exe}(62575)
                |                 |                                       |            |-{exe}(62576)
                |                 |                                       |            |-{exe}(62577)
                |                 |                                       |            |-{exe}(62578)
                |                 |                                       |            |-{exe}(62583)
                |                 |                                       |            `-{exe}(62584)
                |                 |                                       |-{podman}(62563)
                |                 |                                       |-{podman}(62564)
                |                 |                                       |-{podman}(62565)
                |                 |                                       |-{podman}(62566)
                |                 |                                       |-{podman}(62567)
                |                 |                                       |-{podman}(62568)
                |                 |                                       |-{podman}(62569)
                |                 |                                       `-{podman}(62570)
                |                 |-{receptor}(62545)
                |                 |-{receptor}(62546)
                |                 |-{receptor}(62547)
                |                 |-{receptor}(62548)
                |                 |-{receptor}(62549)
                |                 |-{receptor}(62550)
                |                 |-{receptor}(62551)
                |                 |-{receptor}(62850)
                |                 `-{receptor}(62851)
                |-{receptor}(24900)
                |-{receptor}(24901)
                |-{receptor}(24902)
                |-{receptor}(24903)
                |-{receptor}(24904)
                |-{receptor}(24905)
                `-{receptor}(24906)
bash(62252)---pstree(63359)
receptor(62544)-+-ansible-runner(62552)---podman(62562)-+-exe(62571)-+-slirp4netns(62585)
                |                                       |            |-{exe}(62572)
                |                                       |            |-{exe}(62573)
                |                                       |            |-{exe}(62574)
                |                                       |            |-{exe}(62575)
                |                                       |            |-{exe}(62576)
                |                                       |            |-{exe}(62577)
                |                                       |            |-{exe}(62578)
                |                                       |            |-{exe}(62583)
                |                                       |            `-{exe}(62584)
                |                                       |-{podman}(62563)
                |                                       |-{podman}(62564)
                |                                       |-{podman}(62565)
                |                                       |-{podman}(62566)
                |                                       |-{podman}(62567)
                |                                       |-{podman}(62568)
                |                                       |-{podman}(62569)
                |                                       `-{podman}(62570)
                |-{receptor}(62545)
                |-{receptor}(62546)
                |-{receptor}(62547)
                |-{receptor}(62548)
                |-{receptor}(62549)
                |-{receptor}(62550)
                |-{receptor}(62551)
                |-{receptor}(62850)
                `-{receptor}(62851)
=== nginx Process Tree ===
bash(62252)---pstree(63364)
=== postgresql Process Tree ===
bash(62252)---pstree(63368)
=== redis Process Tree ===
bash(62252)---pstree(63372)
=== uwsgi Process Tree ===
bash(62252)---pstree(63376)
=== automation-hub Process Tree ===
bash(62252)---pstree(63380)
=== automation-eda Process Tree ===
bash(62252)---pstree(63384)

=================================================================================
2025-07-07 09:08:57
Memory Usage Report:
               total        used        free      shared  buff/cache   available
Mem:            7681         865        2975           8        4147        6815
Swap:           8067           0        8067

Top 10 Processes by RSS Memory:
    PID    PPID CMD                           RSS
  62611   62590 /usr/bin/python3.9 /usr/bin 65640
  62571   62562 /usr/bin/podman run --rm -- 58020
  62659   62611 /usr/bin/python3.9 /usr/bin 56444
  62562   62552 /usr/bin/podman run --rm -- 50944
  24898       1 /usr/bin/receptor -c /etc/r 47348
  62544   24898 /usr/bin/receptor --node id 46288
    766       1 /usr/bin/python3 -s /usr/sb 44292
  62552   62544 /usr/bin/python3 /usr/bin/a 27748
    824       1 /usr/bin/python3 -Es /usr/s 27020
    999       1 /usr/lib/polkit-1/polkitd - 25712

=== RECEPTOR PROCESS ANALYSIS ===
Receptor Main Processes:
    PID    PPID CMD                           RSS    VSZ %CPU %MEM     ELAPSED
  24898       1 /usr/bin/receptor -c /etc/r 47348 1273916 0.0  0.6    01:02:35
Receptor Child Processes for PID 24898:
      PID    PPID CMD                           RSS    VSZ %CPU %MEM     ELAPSED
  62544   24898 /usr/bin/receptor --node id 46288 1421060 0.0  0.5       02:07
Receptor Threads for PID 24898:
    PID    SPID %CPU %MEM   RSS COMMAND
  24898   24898  0.0  0.6 47348 receptor
  24898   24900  0.0  0.6 47348 receptor
  24898   24901  0.0  0.6 47348 receptor
  24898   24902  0.0  0.6 47348 receptor
  24898   24903  0.0  0.6 47348 receptor
  24898   24904  0.0  0.6 47348 receptor
  24898   24905  0.0  0.6 47348 receptor
  24898   24906  0.0  0.6 47348 receptor
Receptor Network Connections for PID 24898:
COMMAND     PID   USER   FD      TYPE             DEVICE SIZE/OFF      NODE NAME
chronyd     786 chrony    5u     IPv4              23693      0t0       UDP localhost:323 
chronyd     786 chrony    6u     IPv6              23694      0t0       UDP localhost:323 
NetworkMa   799   root   26u     IPv4              24794      0t0       UDP localhost.localdomain:bootpc->pi.hole:bootps 
sshd        820   root    3u     IPv4              24609      0t0       TCP *:ssh (LISTEN)
sshd        820   root    4u     IPv6              24618      0t0       TCP *:ssh (LISTEN)
receptor  24898    awx  cwd       DIR              253,0      235       128 /
receptor  24898    awx  rtd       DIR              253,0      235       128 /
receptor  24898    awx  txt       REG              253,0 54652712 100668221 /usr/bin/receptor
receptor  24898    awx  mem       REG              253,0  5436640     30371 /usr/lib64/libcrypto.so.3.2.2
receptor  24898    awx  mem       REG              253,0  2544344      3530 /usr/lib64/libc.so.6
receptor  24898    awx  mem       REG              253,0   102552      3550 /usr/lib64/libz.so.1.2.11
receptor  24898    awx  mem       REG              253,0   897856      3526 /usr/lib64/ld-linux-x86-64.so.2
receptor  24898    awx    0r      CHR                1,3      0t0         4 /dev/null
receptor  24898    awx    1w      REG              253,0     2409   1306437 /var/log/receptor/receptor.log
receptor  24898    awx    2w      REG              253,0     2409   1306437 /var/log/receptor/receptor.log
receptor  24898    awx    3rW     REG               0,23        0      1757 /run/awx-receptor/receptor.sock.lock
receptor  24898    awx    4u  a_inode               0,14        0        62 [eventpoll:5,7,8,9,10]
receptor  24898    awx    5r     FIFO               0,13      0t0     78587 pipe
receptor  24898    awx    6w     FIFO               0,13      0t0     78587 pipe
receptor  24898    awx    7u     unix 0xffff8eb18308c600      0t0     80075 /var/run/awx-receptor/receptor.sock type=STREAM (LISTEN)
receptor  24898    awx    8u     IPv6              78665      0t0       TCP *:27199 (LISTEN)
receptor  24898    awx    9u     IPv4              81269      0t0       TCP localhost.localdomain:60108->192.168.1.104:27199 (ESTABLISHED)
receptor  24898    awx   10r  a_inode               0,14        0        62 inotify
receptor  24898    awx   11r      REG              253,0    34121 101072479 /tmp/receptor/192.168.1.168/VlPjzX5M/stdout
slirp4net 62585    awx    3u     IPv4             162210      0t0       TCP localhost.localdomain:51740->aap25-execution.lan:ssh (ESTABLISHED)

    PID    PPID CMD                           RSS    VSZ %CPU %MEM     ELAPSED
  62252       1 bash -c  log_file="/tmp/mem  3456   7260  0.0  0.0       03:02
Receptor Child Processes for PID 62252:
      PID    PPID CMD                           RSS    VSZ %CPU %MEM     ELAPSED
Receptor Threads for PID 62252:
    PID    SPID %CPU %MEM   RSS COMMAND
  62252   62252  0.0  0.0  3456 bash
Receptor Network Connections for PID 62252:
COMMAND     PID   USER   FD   TYPE DEVICE SIZE/OFF      NODE NAME
chronyd     786 chrony    5u  IPv4  23693      0t0       UDP localhost:323 
chronyd     786 chrony    6u  IPv6  23694      0t0       UDP localhost:323 
NetworkMa   799   root   26u  IPv4  24794      0t0       UDP localhost.localdomain:bootpc->pi.hole:bootps 
sshd        820   root    3u  IPv4  24609      0t0       TCP *:ssh (LISTEN)
sshd        820   root    4u  IPv6  24618      0t0       TCP *:ssh (LISTEN)
receptor  24898    awx    8u  IPv6  78665      0t0       TCP *:27199 (LISTEN)
receptor  24898    awx    9u  IPv4  81269      0t0       TCP localhost.localdomain:60108->192.168.1.104:27199 (ESTABLISHED)
bash      62252   root  cwd    DIR  253,0      142 100663430 /root
bash      62252   root  rtd    DIR  253,0      235       128 /
bash      62252   root  txt    REG  253,0  1389072 100699101 /usr/bin/bash
bash      62252   root  mem    REG  253,0  2586930 100699387 /usr/lib/locale/en_US.utf8/LC_COLLATE
bash      62252   root  mem    REG  253,0  2544344      3530 /usr/lib64/libc.so.6
bash      62252   root  mem    REG  253,0   346132  67253521 /usr/lib/locale/C.utf8/LC_CTYPE
bash      62252   root  mem    REG  253,0       54 100699390 /usr/lib/locale/en_US.utf8/LC_NUMERIC
bash      62252   root  mem    REG  253,0     3284      3433 /usr/lib/locale/en_US.utf8/LC_TIME
bash      62252   root  mem    REG  253,0      286      3431 /usr/lib/locale/en_US.utf8/LC_MONETARY
bash      62252   root  mem    REG  253,0       57      3445 /usr/lib/locale/en_US.utf8/LC_MESSAGES/SYS_LC_MESSAGES
bash      62252   root  mem    REG  253,0    26988  33558225 /usr/lib64/gconv/gconv-modules.cache
bash      62252   root  mem    REG  253,0   195080      3141 /usr/lib64/libtinfo.so.6.2
bash      62252   root  mem    REG  253,0       34  67253758 /usr/lib/locale/en_US.utf8/LC_PAPER
bash      62252   root  mem    REG  253,0       77 100699389 /usr/lib/locale/en_US.utf8/LC_NAME
bash      62252   root  mem    REG  253,0      167      3427 /usr/lib/locale/en_US.utf8/LC_ADDRESS
bash      62252   root  mem    REG  253,0       59      3432 /usr/lib/locale/en_US.utf8/LC_TELEPHONE
bash      62252   root  mem    REG  253,0       23      3430 /usr/lib/locale/en_US.utf8/LC_MEASUREMENT
bash      62252   root  mem    REG  253,0      369      3429 /usr/lib/locale/en_US.utf8/LC_IDENTIFICATION
bash      62252   root  mem    REG  253,0   897856      3526 /usr/lib64/ld-linux-x86-64.so.2
bash      62252   root    0r   CHR    1,3      0t0         4 /dev/null
bash      62252   root    1w   REG  253,0        0  67749869 /tmp/memory_monitor.log
bash      62252   root    2w   REG  253,0        0  67749869 /tmp/memory_monitor.log
bash      62252   root    3r  FIFO   0,13      0t0    167731 pipe
slirp4net 62585    awx    3u  IPv4 162210      0t0       TCP localhost.localdomain:51740->aap25-execution.lan:ssh (ESTABLISHED)

    PID    PPID CMD                           RSS    VSZ %CPU %MEM     ELAPSED
  62544   24898 /usr/bin/receptor --node id 46288 1421060 0.0  0.5       02:07
Receptor Child Processes for PID 62544:
      PID    PPID CMD                           RSS    VSZ %CPU %MEM     ELAPSED
  62552   62544 /usr/bin/python3 /usr/bin/a 27748 103616  0.0  0.3       02:08
Receptor Threads for PID 62544:
    PID    SPID %CPU %MEM   RSS COMMAND
  62544   62544  0.0  0.5 46288 receptor
  62544   62545  0.0  0.5 46288 receptor
  62544   62546  0.0  0.5 46288 receptor
  62544   62547  0.0  0.5 46288 receptor
  62544   62548  0.0  0.5 46288 receptor
  62544   62549  0.0  0.5 46288 receptor
  62544   62550  0.0  0.5 46288 receptor
  62544   62551  0.0  0.5 46288 receptor
  62544   62850  0.0  0.5 46288 receptor
  62544   62851  0.0  0.5 46288 receptor
Receptor Network Connections for PID 62544:
COMMAND     PID   USER   FD      TYPE DEVICE SIZE/OFF      NODE NAME
chronyd     786 chrony    5u     IPv4  23693      0t0       UDP localhost:323 
chronyd     786 chrony    6u     IPv6  23694      0t0       UDP localhost:323 
NetworkMa   799   root   26u     IPv4  24794      0t0       UDP localhost.localdomain:bootpc->pi.hole:bootps 
sshd        820   root    3u     IPv4  24609      0t0       TCP *:ssh (LISTEN)
sshd        820   root    4u     IPv6  24618      0t0       TCP *:ssh (LISTEN)
receptor  24898    awx    8u     IPv6  78665      0t0       TCP *:27199 (LISTEN)
receptor  24898    awx    9u     IPv4  81269      0t0       TCP localhost.localdomain:60108->192.168.1.104:27199 (ESTABLISHED)
receptor  62544    awx  cwd       DIR  253,0      235       128 /
receptor  62544    awx  rtd       DIR  253,0      235       128 /
receptor  62544    awx  txt       REG  253,0 54652712 100668221 /usr/bin/receptor
receptor  62544    awx  mem       REG  253,0  5436640     30371 /usr/lib64/libcrypto.so.3.2.2
receptor  62544    awx  mem       REG  253,0  2544344      3530 /usr/lib64/libc.so.6
receptor  62544    awx  mem       REG  253,0   102552      3550 /usr/lib64/libz.so.1.2.11
receptor  62544    awx  mem       REG  253,0   897856      3526 /usr/lib64/ld-linux-x86-64.so.2
receptor  62544    awx    0r      CHR    1,3      0t0         4 /dev/null
receptor  62544    awx    1w      REG  253,0     2409   1306437 /var/log/receptor/receptor.log
receptor  62544    awx    2w      REG  253,0     2409   1306437 /var/log/receptor/receptor.log
receptor  62544    awx    3r      REG  253,0    61311 101072478 /tmp/receptor/192.168.1.168/VlPjzX5M/stdin
receptor  62544    awx    4u  a_inode   0,14        0        62 [eventpoll:5]
receptor  62544    awx    5r     FIFO   0,13      0t0    162854 pipe
receptor  62544    awx    6w     FIFO   0,13      0t0    162854 pipe
receptor  62544    awx    7w      REG  253,0    34121 101072479 /tmp/receptor/192.168.1.168/VlPjzX5M/stdout
slirp4net 62585    awx    3u     IPv4 162210      0t0       TCP localhost.localdomain:51740->aap25-execution.lan:ssh (ESTABLISHED)

    PID    PPID CMD                           RSS    VSZ %CPU %MEM     ELAPSED
Receptor Child Processes for PID 63392:
  No child processes found
Receptor Threads for PID 63392:
    PID    SPID %CPU %MEM   RSS COMMAND
Receptor Network Connections for PID 63392:
COMMAND     PID   USER   FD   TYPE DEVICE SIZE/OFF NODE NAME
chronyd     786 chrony    5u  IPv4  23693      0t0  UDP localhost:323 
chronyd     786 chrony    6u  IPv6  23694      0t0  UDP localhost:323 
NetworkMa   799   root   26u  IPv4  24794      0t0  UDP localhost.localdomain:bootpc->pi.hole:bootps 
sshd        820   root    3u  IPv4  24609      0t0  TCP *:ssh (LISTEN)
sshd        820   root    4u  IPv6  24618      0t0  TCP *:ssh (LISTEN)
receptor  24898    awx    8u  IPv6  78665      0t0  TCP *:27199 (LISTEN)
receptor  24898    awx    9u  IPv4  81269      0t0  TCP localhost.localdomain:60108->192.168.1.104:27199 (ESTABLISHED)
slirp4net 62585    awx    3u  IPv4 162210      0t0  TCP localhost.localdomain:51740->aap25-execution.lan:ssh (ESTABLISHED)
  No network connections found

=== RECEPTOR MEMORY SUMMARY ===
Total Receptor RSS Memory: 171128 KB (167 MB)
Total Receptor VSZ Memory: 4226912 KB (4127 MB)
Number of Receptor Processes: 4

AAP-related Processes and Children:
=== AAP Service Processes ===
Process: receptor (PID: 24898)
    PID    PPID CMD                           RSS
  24898       1 /usr/bin/receptor -c /etc/r 47348
  Children of PID 24898:
    PID    PPID CMD                           RSS
  62544   24898 /usr/bin/receptor --node id 46288

Process: bash (PID: 62252)
    PID    PPID CMD                           RSS
  62252       1 bash -c  log_file="/tmp/mem  3456
  Children of PID 62252:
    PID    PPID CMD                           RSS
  63513   62252 bash -c  log_file="/tmp/mem  2464

Process: receptor (PID: 62544)
    PID    PPID CMD                           RSS
  62544   24898 /usr/bin/receptor --node id 46288
  Children of PID 62544:
    PID    PPID CMD                           RSS
  62552   62544 /usr/bin/python3 /usr/bin/a 27748

Process: bash (PID: 63513)
    PID    PPID CMD                           RSS
  63513   62252 bash -c  log_file="/tmp/mem  2464
  Children of PID 63513:
    PID    PPID CMD                           RSS


Process Tree for AAP Services:
=== automation-controller Process Tree ===
bash(62252)---pstree(63532)
=== receptor Process Tree ===
receptor(24898)-+-receptor(62544)-+-ansible-runner(62552)---podman(62562)-+-exe(62571)-+-slirp4netns(62585)
                |                 |                                       |            |-{exe}(62572)
                |                 |                                       |            |-{exe}(62573)
                |                 |                                       |            |-{exe}(62574)
                |                 |                                       |            |-{exe}(62575)
                |                 |                                       |            |-{exe}(62576)
                |                 |                                       |            |-{exe}(62577)
                |                 |                                       |            |-{exe}(62578)
                |                 |                                       |            |-{exe}(62583)
                |                 |                                       |            `-{exe}(62584)
                |                 |                                       |-{podman}(62563)
                |                 |                                       |-{podman}(62564)
                |                 |                                       |-{podman}(62565)
                |                 |                                       |-{podman}(62566)
                |                 |                                       |-{podman}(62567)
                |                 |                                       |-{podman}(62568)
                |                 |                                       |-{podman}(62569)
                |                 |                                       `-{podman}(62570)
                |                 |-{receptor}(62545)
                |                 |-{receptor}(62546)
                |                 |-{receptor}(62547)
                |                 |-{receptor}(62548)
                |                 |-{receptor}(62549)
                |                 |-{receptor}(62550)
                |                 |-{receptor}(62551)
                |                 |-{receptor}(62850)
                |                 `-{receptor}(62851)
                |-{receptor}(24900)
                |-{receptor}(24901)
                |-{receptor}(24902)
                |-{receptor}(24903)
                |-{receptor}(24904)
                |-{receptor}(24905)
                `-{receptor}(24906)
bash(62252)---pstree(63537)
receptor(62544)-+-ansible-runner(62552)---podman(62562)-+-exe(62571)-+-slirp4netns(62585)
                |                                       |            |-{exe}(62572)
                |                                       |            |-{exe}(62573)
                |                                       |            |-{exe}(62574)
                |                                       |            |-{exe}(62575)
                |                                       |            |-{exe}(62576)
                |                                       |            |-{exe}(62577)
                |                                       |            |-{exe}(62578)
                |                                       |            |-{exe}(62583)
                |                                       |            `-{exe}(62584)
                |                                       |-{podman}(62563)
                |                                       |-{podman}(62564)
                |                                       |-{podman}(62565)
                |                                       |-{podman}(62566)
                |                                       |-{podman}(62567)
                |                                       |-{podman}(62568)
                |                                       |-{podman}(62569)
                |                                       `-{podman}(62570)
                |-{receptor}(62545)
                |-{receptor}(62546)
                |-{receptor}(62547)
                |-{receptor}(62548)
                |-{receptor}(62549)
                |-{receptor}(62550)
                |-{receptor}(62551)
                |-{receptor}(62850)
                `-{receptor}(62851)
=== nginx Process Tree ===
bash(62252)---pstree(63542)
=== postgresql Process Tree ===
bash(62252)---pstree(63546)
=== redis Process Tree ===
bash(62252)---pstree(63550)
=== uwsgi Process Tree ===
bash(62252)---pstree(63554)
=== automation-hub Process Tree ===
bash(62252)---pstree(63558)
=== automation-eda Process Tree ===
bash(62252)---pstree(63562)

=================================================================================
2025-07-07 09:09:27
Memory Usage Report:
               total        used        free      shared  buff/cache   available
Mem:            7681         874        2966           8        4147        6806
Swap:           8067           0        8067

Top 10 Processes by RSS Memory:
    PID    PPID CMD                           RSS
  62611   62590 /usr/bin/python3.9 /usr/bin 64852
  62571   62562 /usr/bin/podman run --rm -- 58020
  62659   62611 /usr/bin/python3.9 /usr/bin 56444
  62562   62552 /usr/bin/podman run --rm -- 50944
  24898       1 /usr/bin/receptor -c /etc/r 47476
  62544   24898 /usr/bin/receptor --node id 46272
    766       1 /usr/bin/python3 -s /usr/sb 44292
  62552   62544 /usr/bin/python3 /usr/bin/a 27748
    824       1 /usr/bin/python3 -Es /usr/s 27020
    999       1 /usr/lib/polkit-1/polkitd - 25712

=== RECEPTOR PROCESS ANALYSIS ===
Receptor Main Processes:
    PID    PPID CMD                           RSS    VSZ %CPU %MEM     ELAPSED
  24898       1 /usr/bin/receptor -c /etc/r 47476 1273916 0.0  0.6    01:03:06
Receptor Child Processes for PID 24898:
      PID    PPID CMD                           RSS    VSZ %CPU %MEM     ELAPSED
  62544   24898 /usr/bin/receptor --node id 46272 1421380 0.0  0.5       02:38
Receptor Threads for PID 24898:
    PID    SPID %CPU %MEM   RSS COMMAND
  24898   24898  0.0  0.6 47476 receptor
  24898   24900  0.0  0.6 47476 receptor
  24898   24901  0.0  0.6 47476 receptor
  24898   24902  0.0  0.6 47476 receptor
  24898   24903  0.0  0.6 47476 receptor
  24898   24904  0.0  0.6 47476 receptor
  24898   24905  0.0  0.6 47476 receptor
  24898   24906  0.0  0.6 47476 receptor
Receptor Network Connections for PID 24898:
COMMAND     PID   USER   FD      TYPE             DEVICE SIZE/OFF      NODE NAME
chronyd     786 chrony    5u     IPv4              23693      0t0       UDP localhost:323 
chronyd     786 chrony    6u     IPv6              23694      0t0       UDP localhost:323 
NetworkMa   799   root   26u     IPv4              24794      0t0       UDP localhost.localdomain:bootpc->pi.hole:bootps 
sshd        820   root    3u     IPv4              24609      0t0       TCP *:ssh (LISTEN)
sshd        820   root    4u     IPv6              24618      0t0       TCP *:ssh (LISTEN)
receptor  24898    awx  cwd       DIR              253,0      235       128 /
receptor  24898    awx  rtd       DIR              253,0      235       128 /
receptor  24898    awx  txt       REG              253,0 54652712 100668221 /usr/bin/receptor
receptor  24898    awx  mem       REG              253,0  5436640     30371 /usr/lib64/libcrypto.so.3.2.2
receptor  24898    awx  mem       REG              253,0  2544344      3530 /usr/lib64/libc.so.6
receptor  24898    awx  mem       REG              253,0   102552      3550 /usr/lib64/libz.so.1.2.11
receptor  24898    awx  mem       REG              253,0   897856      3526 /usr/lib64/ld-linux-x86-64.so.2
receptor  24898    awx    0r      CHR                1,3      0t0         4 /dev/null
receptor  24898    awx    1w      REG              253,0     2409   1306437 /var/log/receptor/receptor.log
receptor  24898    awx    2w      REG              253,0     2409   1306437 /var/log/receptor/receptor.log
receptor  24898    awx    3rW     REG               0,23        0      1757 /run/awx-receptor/receptor.sock.lock
receptor  24898    awx    4u  a_inode               0,14        0        62 [eventpoll:5,7,8,9,10]
receptor  24898    awx    5r     FIFO               0,13      0t0     78587 pipe
receptor  24898    awx    6w     FIFO               0,13      0t0     78587 pipe
receptor  24898    awx    7u     unix 0xffff8eb18308c600      0t0     80075 /var/run/awx-receptor/receptor.sock type=STREAM (LISTEN)
receptor  24898    awx    8u     IPv6              78665      0t0       TCP *:27199 (LISTEN)
receptor  24898    awx    9u     IPv4              81269      0t0       TCP localhost.localdomain:60108->192.168.1.104:27199 (ESTABLISHED)
receptor  24898    awx   10r  a_inode               0,14        0        62 inotify
receptor  24898    awx   11r      REG              253,0    34121 101072479 /tmp/receptor/192.168.1.168/VlPjzX5M/stdout
slirp4net 62585    awx    3u     IPv4             162210      0t0       TCP localhost.localdomain:51740->aap25-execution.lan:ssh (ESTABLISHED)

    PID    PPID CMD                           RSS    VSZ %CPU %MEM     ELAPSED
  62252       1 bash -c  log_file="/tmp/mem  3456   7260  0.0  0.0       03:33
Receptor Child Processes for PID 62252:
      PID    PPID CMD                           RSS    VSZ %CPU %MEM     ELAPSED
Receptor Threads for PID 62252:
    PID    SPID %CPU %MEM   RSS COMMAND
  62252   62252  0.0  0.0  3456 bash
Receptor Network Connections for PID 62252:
COMMAND     PID   USER   FD   TYPE DEVICE SIZE/OFF      NODE NAME
chronyd     786 chrony    5u  IPv4  23693      0t0       UDP localhost:323 
chronyd     786 chrony    6u  IPv6  23694      0t0       UDP localhost:323 
NetworkMa   799   root   26u  IPv4  24794      0t0       UDP localhost.localdomain:bootpc->pi.hole:bootps 
sshd        820   root    3u  IPv4  24609      0t0       TCP *:ssh (LISTEN)
sshd        820   root    4u  IPv6  24618      0t0       TCP *:ssh (LISTEN)
receptor  24898    awx    8u  IPv6  78665      0t0       TCP *:27199 (LISTEN)
receptor  24898    awx    9u  IPv4  81269      0t0       TCP localhost.localdomain:60108->192.168.1.104:27199 (ESTABLISHED)
bash      62252   root  cwd    DIR  253,0      142 100663430 /root
bash      62252   root  rtd    DIR  253,0      235       128 /
bash      62252   root  txt    REG  253,0  1389072 100699101 /usr/bin/bash
bash      62252   root  mem    REG  253,0  2586930 100699387 /usr/lib/locale/en_US.utf8/LC_COLLATE
bash      62252   root  mem    REG  253,0  2544344      3530 /usr/lib64/libc.so.6
bash      62252   root  mem    REG  253,0   346132  67253521 /usr/lib/locale/C.utf8/LC_CTYPE
bash      62252   root  mem    REG  253,0       54 100699390 /usr/lib/locale/en_US.utf8/LC_NUMERIC
bash      62252   root  mem    REG  253,0     3284      3433 /usr/lib/locale/en_US.utf8/LC_TIME
bash      62252   root  mem    REG  253,0      286      3431 /usr/lib/locale/en_US.utf8/LC_MONETARY
bash      62252   root  mem    REG  253,0       57      3445 /usr/lib/locale/en_US.utf8/LC_MESSAGES/SYS_LC_MESSAGES
bash      62252   root  mem    REG  253,0    26988  33558225 /usr/lib64/gconv/gconv-modules.cache
bash      62252   root  mem    REG  253,0   195080      3141 /usr/lib64/libtinfo.so.6.2
bash      62252   root  mem    REG  253,0       34  67253758 /usr/lib/locale/en_US.utf8/LC_PAPER
bash      62252   root  mem    REG  253,0       77 100699389 /usr/lib/locale/en_US.utf8/LC_NAME
bash      62252   root  mem    REG  253,0      167      3427 /usr/lib/locale/en_US.utf8/LC_ADDRESS
bash      62252   root  mem    REG  253,0       59      3432 /usr/lib/locale/en_US.utf8/LC_TELEPHONE
bash      62252   root  mem    REG  253,0       23      3430 /usr/lib/locale/en_US.utf8/LC_MEASUREMENT
bash      62252   root  mem    REG  253,0      369      3429 /usr/lib/locale/en_US.utf8/LC_IDENTIFICATION
bash      62252   root  mem    REG  253,0   897856      3526 /usr/lib64/ld-linux-x86-64.so.2
bash      62252   root    0r   CHR    1,3      0t0         4 /dev/null
bash      62252   root    1w   REG  253,0        0  67749869 /tmp/memory_monitor.log
bash      62252   root    2w   REG  253,0        0  67749869 /tmp/memory_monitor.log
bash      62252   root    3r  FIFO   0,13      0t0    171123 pipe
slirp4net 62585    awx    3u  IPv4 162210      0t0       TCP localhost.localdomain:51740->aap25-execution.lan:ssh (ESTABLISHED)

    PID    PPID CMD                           RSS    VSZ %CPU %MEM     ELAPSED
  62544   24898 /usr/bin/receptor --node id 46272 1421380 0.0  0.5       02:38
Receptor Child Processes for PID 62544:
      PID    PPID CMD                           RSS    VSZ %CPU %MEM     ELAPSED
  62552   62544 /usr/bin/python3 /usr/bin/a 27748 103616  0.0  0.3       02:38
Receptor Threads for PID 62544:
    PID    SPID %CPU %MEM   RSS COMMAND
  62544   62544  0.0  0.5 46272 receptor
  62544   62545  0.0  0.5 46272 receptor
  62544   62546  0.0  0.5 46272 receptor
  62544   62547  0.0  0.5 46272 receptor
  62544   62548  0.0  0.5 46272 receptor
  62544   62549  0.0  0.5 46272 receptor
  62544   62550  0.0  0.5 46272 receptor
  62544   62551  0.0  0.5 46272 receptor
  62544   62850  0.0  0.5 46272 receptor
  62544   62851  0.0  0.5 46272 receptor
Receptor Network Connections for PID 62544:
COMMAND     PID   USER   FD      TYPE DEVICE SIZE/OFF      NODE NAME
chronyd     786 chrony    5u     IPv4  23693      0t0       UDP localhost:323 
chronyd     786 chrony    6u     IPv6  23694      0t0       UDP localhost:323 
NetworkMa   799   root   26u     IPv4  24794      0t0       UDP localhost.localdomain:bootpc->pi.hole:bootps 
sshd        820   root    3u     IPv4  24609      0t0       TCP *:ssh (LISTEN)
sshd        820   root    4u     IPv6  24618      0t0       TCP *:ssh (LISTEN)
receptor  24898    awx    8u     IPv6  78665      0t0       TCP *:27199 (LISTEN)
receptor  24898    awx    9u     IPv4  81269      0t0       TCP localhost.localdomain:60108->192.168.1.104:27199 (ESTABLISHED)
receptor  62544    awx  cwd       DIR  253,0      235       128 /
receptor  62544    awx  rtd       DIR  253,0      235       128 /
receptor  62544    awx  txt       REG  253,0 54652712 100668221 /usr/bin/receptor
receptor  62544    awx  mem       REG  253,0  5436640     30371 /usr/lib64/libcrypto.so.3.2.2
receptor  62544    awx  mem       REG  253,0  2544344      3530 /usr/lib64/libc.so.6
receptor  62544    awx  mem       REG  253,0   102552      3550 /usr/lib64/libz.so.1.2.11
receptor  62544    awx  mem       REG  253,0   897856      3526 /usr/lib64/ld-linux-x86-64.so.2
receptor  62544    awx    0r      CHR    1,3      0t0         4 /dev/null
receptor  62544    awx    1w      REG  253,0     2409   1306437 /var/log/receptor/receptor.log
receptor  62544    awx    2w      REG  253,0     2409   1306437 /var/log/receptor/receptor.log
receptor  62544    awx    3r      REG  253,0    61311 101072478 /tmp/receptor/192.168.1.168/VlPjzX5M/stdin
receptor  62544    awx    4u  a_inode   0,14        0        62 [eventpoll:5]
receptor  62544    awx    5r     FIFO   0,13      0t0    162854 pipe
receptor  62544    awx    6w     FIFO   0,13      0t0    162854 pipe
receptor  62544    awx    7w      REG  253,0    34121 101072479 /tmp/receptor/192.168.1.168/VlPjzX5M/stdout
slirp4net 62585    awx    3u     IPv4 162210      0t0       TCP localhost.localdomain:51740->aap25-execution.lan:ssh (ESTABLISHED)

    PID    PPID CMD                           RSS    VSZ %CPU %MEM     ELAPSED
Receptor Child Processes for PID 63570:
  No child processes found
Receptor Threads for PID 63570:
    PID    SPID %CPU %MEM   RSS COMMAND
Receptor Network Connections for PID 63570:
COMMAND     PID   USER   FD   TYPE DEVICE SIZE/OFF NODE NAME
chronyd     786 chrony    5u  IPv4  23693      0t0  UDP localhost:323 
chronyd     786 chrony    6u  IPv6  23694      0t0  UDP localhost:323 
NetworkMa   799   root   26u  IPv4  24794      0t0  UDP localhost.localdomain:bootpc->pi.hole:bootps 
sshd        820   root    3u  IPv4  24609      0t0  TCP *:ssh (LISTEN)
sshd        820   root    4u  IPv6  24618      0t0  TCP *:ssh (LISTEN)
receptor  24898    awx    8u  IPv6  78665      0t0  TCP *:27199 (LISTEN)
receptor  24898    awx    9u  IPv4  81269      0t0  TCP localhost.localdomain:60108->192.168.1.104:27199 (ESTABLISHED)
slirp4net 62585    awx    3u  IPv4 162210      0t0  TCP localhost.localdomain:51740->aap25-execution.lan:ssh (ESTABLISHED)
  No network connections found

=== RECEPTOR MEMORY SUMMARY ===
Total Receptor RSS Memory: 171224 KB (167 MB)
Total Receptor VSZ Memory: 4227552 KB (4128 MB)
Number of Receptor Processes: 4

AAP-related Processes and Children:
=== AAP Service Processes ===
Process: receptor (PID: 24898)
    PID    PPID CMD                           RSS
  24898       1 /usr/bin/receptor -c /etc/r 47476
  Children of PID 24898:
    PID    PPID CMD                           RSS
  62544   24898 /usr/bin/receptor --node id 46272

Process: bash (PID: 62252)
    PID    PPID CMD                           RSS
  62252       1 bash -c  log_file="/tmp/mem  3456
  Children of PID 62252:
    PID    PPID CMD                           RSS
  63691   62252 bash -c  log_file="/tmp/mem  2468

Process: receptor (PID: 62544)
    PID    PPID CMD                           RSS
  62544   24898 /usr/bin/receptor --node id 46272
  Children of PID 62544:
    PID    PPID CMD                           RSS
  62552   62544 /usr/bin/python3 /usr/bin/a 27748

Process: bash (PID: 63691)
    PID    PPID CMD                           RSS
  63691   62252 bash -c  log_file="/tmp/mem  2468
  Children of PID 63691:
    PID    PPID CMD                           RSS


Process Tree for AAP Services:
=== automation-controller Process Tree ===
bash(62252)---pstree(63710)
=== receptor Process Tree ===
receptor(24898)-+-receptor(62544)-+-ansible-runner(62552)---podman(62562)-+-exe(62571)-+-slirp4netns(62585)
                |                 |                                       |            |-{exe}(62572)
                |                 |                                       |            |-{exe}(62573)
                |                 |                                       |            |-{exe}(62574)
                |                 |                                       |            |-{exe}(62575)
                |                 |                                       |            |-{exe}(62576)
                |                 |                                       |            |-{exe}(62577)
                |                 |                                       |            |-{exe}(62578)
                |                 |                                       |            |-{exe}(62583)
                |                 |                                       |            `-{exe}(62584)
                |                 |                                       |-{podman}(62563)
                |                 |                                       |-{podman}(62564)
                |                 |                                       |-{podman}(62565)
                |                 |                                       |-{podman}(62566)
                |                 |                                       |-{podman}(62567)
                |                 |                                       |-{podman}(62568)
                |                 |                                       |-{podman}(62569)
                |                 |                                       `-{podman}(62570)
                |                 |-{receptor}(62545)
                |                 |-{receptor}(62546)
                |                 |-{receptor}(62547)
                |                 |-{receptor}(62548)
                |                 |-{receptor}(62549)
                |                 |-{receptor}(62550)
                |                 |-{receptor}(62551)
                |                 |-{receptor}(62850)
                |                 `-{receptor}(62851)
                |-{receptor}(24900)
                |-{receptor}(24901)
                |-{receptor}(24902)
                |-{receptor}(24903)
                |-{receptor}(24904)
                |-{receptor}(24905)
                `-{receptor}(24906)
bash(62252)---pstree(63715)
receptor(62544)-+-ansible-runner(62552)---podman(62562)-+-exe(62571)-+-slirp4netns(62585)
                |                                       |            |-{exe}(62572)
                |                                       |            |-{exe}(62573)
                |                                       |            |-{exe}(62574)
                |                                       |            |-{exe}(62575)
                |                                       |            |-{exe}(62576)
                |                                       |            |-{exe}(62577)
                |                                       |            |-{exe}(62578)
                |                                       |            |-{exe}(62583)
                |                                       |            `-{exe}(62584)
                |                                       |-{podman}(62563)
                |                                       |-{podman}(62564)
                |                                       |-{podman}(62565)
                |                                       |-{podman}(62566)
                |                                       |-{podman}(62567)
                |                                       |-{podman}(62568)
                |                                       |-{podman}(62569)
                |                                       `-{podman}(62570)
                |-{receptor}(62545)
                |-{receptor}(62546)
                |-{receptor}(62547)
                |-{receptor}(62548)
                |-{receptor}(62549)
                |-{receptor}(62550)
                |-{receptor}(62551)
                |-{receptor}(62850)
                `-{receptor}(62851)
=== nginx Process Tree ===
bash(62252)---pstree(63720)
=== postgresql Process Tree ===
bash(62252)---pstree(63724)
=== redis Process Tree ===
bash(62252)---pstree(63728)
=== uwsgi Process Tree ===
bash(62252)---pstree(63732)
=== automation-hub Process Tree ===
bash(62252)---pstree(63736)
=== automation-eda Process Tree ===
bash(62252)---pstree(63740)

=================================================================================
2025-07-07 09:09:58
Memory Usage Report:
               total        used        free      shared  buff/cache   available
Mem:            7681         920        2921           8        4146        6760
Swap:           8067           0        8067

Top 10 Processes by RSS Memory:
    PID    PPID CMD                           RSS
  63834   63813 /usr/bin/python3.9 /usr/bin 62696
  63839   63834 /usr/bin/python3.9 /usr/bin 61288
  63794   63786 /usr/bin/podman run --rm -- 56688
  63786   63776 /usr/bin/podman run --rm -- 50400
  24898       1 /usr/bin/receptor -c /etc/r 47316
    766       1 /usr/bin/python3 -s /usr/sb 44292
  63767   24898 /usr/bin/receptor --node id 37124
    824       1 /usr/bin/python3 -Es /usr/s 27020
    999       1 /usr/lib/polkit-1/polkitd - 25712
  63776   63767 /usr/bin/python3 /usr/bin/a 25568

=== RECEPTOR PROCESS ANALYSIS ===
Receptor Main Processes:
    PID    PPID CMD                           RSS    VSZ %CPU %MEM     ELAPSED
  24898       1 /usr/bin/receptor -c /etc/r 47316 1273916 0.0  0.6    01:03:36
Receptor Child Processes for PID 24898:
      PID    PPID CMD                           RSS    VSZ %CPU %MEM     ELAPSED
  63767   24898 /usr/bin/receptor --node id 37124 1346496 0.0  0.4       00:01
Receptor Threads for PID 24898:
    PID    SPID %CPU %MEM   RSS COMMAND
  24898   24898  0.0  0.6 47316 receptor
  24898   24900  0.0  0.6 47316 receptor
  24898   24901  0.0  0.6 47316 receptor
  24898   24902  0.0  0.6 47316 receptor
  24898   24903  0.0  0.6 47316 receptor
  24898   24904  0.0  0.6 47316 receptor
  24898   24905  0.0  0.6 47316 receptor
  24898   24906  0.0  0.6 47316 receptor
Receptor Network Connections for PID 24898:
COMMAND     PID   USER   FD      TYPE             DEVICE SIZE/OFF      NODE NAME
chronyd     786 chrony    5u     IPv4              23693      0t0       UDP localhost:323 
chronyd     786 chrony    6u     IPv6              23694      0t0       UDP localhost:323 
NetworkMa   799   root   26u     IPv4              24794      0t0       UDP localhost.localdomain:bootpc->pi.hole:bootps 
sshd        820   root    3u     IPv4              24609      0t0       TCP *:ssh (LISTEN)
sshd        820   root    4u     IPv6              24618      0t0       TCP *:ssh (LISTEN)
receptor  24898    awx  cwd       DIR              253,0      235       128 /
receptor  24898    awx  rtd       DIR              253,0      235       128 /
receptor  24898    awx  txt       REG              253,0 54652712 100668221 /usr/bin/receptor
receptor  24898    awx  mem       REG              253,0  5436640     30371 /usr/lib64/libcrypto.so.3.2.2
receptor  24898    awx  mem       REG              253,0  2544344      3530 /usr/lib64/libc.so.6
receptor  24898    awx  mem       REG              253,0   102552      3550 /usr/lib64/libz.so.1.2.11
receptor  24898    awx  mem       REG              253,0   897856      3526 /usr/lib64/ld-linux-x86-64.so.2
receptor  24898    awx    0r      CHR                1,3      0t0         4 /dev/null
receptor  24898    awx    1w      REG              253,0     2518   1306437 /var/log/receptor/receptor.log
receptor  24898    awx    2w      REG              253,0     2518   1306437 /var/log/receptor/receptor.log
receptor  24898    awx    3rW     REG               0,23        0      1757 /run/awx-receptor/receptor.sock.lock
receptor  24898    awx    4u  a_inode               0,14        0        62 [eventpoll:5,7,8,9,10]
receptor  24898    awx    5r     FIFO               0,13      0t0     78587 pipe
receptor  24898    awx    6w     FIFO               0,13      0t0     78587 pipe
receptor  24898    awx    7u     unix 0xffff8eb18308c600      0t0     80075 /var/run/awx-receptor/receptor.sock type=STREAM (LISTEN)
receptor  24898    awx    8u     IPv6              78665      0t0       TCP *:27199 (LISTEN)
receptor  24898    awx    9u     IPv4              81269      0t0       TCP localhost.localdomain:60108->192.168.1.104:27199 (ESTABLISHED)
receptor  24898    awx   10r  a_inode               0,14        0        62 inotify
slirp4net 63808    awx    3u     IPv4             169779      0t0       TCP localhost.localdomain:51316->aap25-execution.lan:ssh (ESTABLISHED)

    PID    PPID CMD                           RSS    VSZ %CPU %MEM     ELAPSED
  62252       1 bash -c  log_file="/tmp/mem  3456   7260  0.0  0.0       04:03
Receptor Child Processes for PID 62252:
      PID    PPID CMD                           RSS    VSZ %CPU %MEM     ELAPSED
Receptor Threads for PID 62252:
    PID    SPID %CPU %MEM   RSS COMMAND
  62252   62252  0.0  0.0  3456 bash
Receptor Network Connections for PID 62252:
COMMAND     PID   USER   FD   TYPE DEVICE SIZE/OFF      NODE NAME
chronyd     786 chrony    5u  IPv4  23693      0t0       UDP localhost:323 
chronyd     786 chrony    6u  IPv6  23694      0t0       UDP localhost:323 
NetworkMa   799   root   26u  IPv4  24794      0t0       UDP localhost.localdomain:bootpc->pi.hole:bootps 
sshd        820   root    3u  IPv4  24609      0t0       TCP *:ssh (LISTEN)
sshd        820   root    4u  IPv6  24618      0t0       TCP *:ssh (LISTEN)
receptor  24898    awx    8u  IPv6  78665      0t0       TCP *:27199 (LISTEN)
receptor  24898    awx    9u  IPv4  81269      0t0       TCP localhost.localdomain:60108->192.168.1.104:27199 (ESTABLISHED)
bash      62252   root  cwd    DIR  253,0      142 100663430 /root
bash      62252   root  rtd    DIR  253,0      235       128 /
bash      62252   root  txt    REG  253,0  1389072 100699101 /usr/bin/bash
bash      62252   root  mem    REG  253,0  2586930 100699387 /usr/lib/locale/en_US.utf8/LC_COLLATE
bash      62252   root  mem    REG  253,0  2544344      3530 /usr/lib64/libc.so.6
bash      62252   root  mem    REG  253,0   346132  67253521 /usr/lib/locale/C.utf8/LC_CTYPE
bash      62252   root  mem    REG  253,0       54 100699390 /usr/lib/locale/en_US.utf8/LC_NUMERIC
bash      62252   root  mem    REG  253,0     3284      3433 /usr/lib/locale/en_US.utf8/LC_TIME
bash      62252   root  mem    REG  253,0      286      3431 /usr/lib/locale/en_US.utf8/LC_MONETARY
bash      62252   root  mem    REG  253,0       57      3445 /usr/lib/locale/en_US.utf8/LC_MESSAGES/SYS_LC_MESSAGES
bash      62252   root  mem    REG  253,0    26988  33558225 /usr/lib64/gconv/gconv-modules.cache
bash      62252   root  mem    REG  253,0   195080      3141 /usr/lib64/libtinfo.so.6.2
bash      62252   root  mem    REG  253,0       34  67253758 /usr/lib/locale/en_US.utf8/LC_PAPER
bash      62252   root  mem    REG  253,0       77 100699389 /usr/lib/locale/en_US.utf8/LC_NAME
bash      62252   root  mem    REG  253,0      167      3427 /usr/lib/locale/en_US.utf8/LC_ADDRESS
bash      62252   root  mem    REG  253,0       59      3432 /usr/lib/locale/en_US.utf8/LC_TELEPHONE
bash      62252   root  mem    REG  253,0       23      3430 /usr/lib/locale/en_US.utf8/LC_MEASUREMENT
bash      62252   root  mem    REG  253,0      369      3429 /usr/lib/locale/en_US.utf8/LC_IDENTIFICATION
bash      62252   root  mem    REG  253,0   897856      3526 /usr/lib64/ld-linux-x86-64.so.2
bash      62252   root    0r   CHR    1,3      0t0         4 /dev/null
bash      62252   root    1w   REG  253,0        0  67749869 /tmp/memory_monitor.log
bash      62252   root    2w   REG  253,0        0  67749869 /tmp/memory_monitor.log
bash      62252   root    3r  FIFO   0,13      0t0    171658 pipe
slirp4net 63808    awx    3u  IPv4 169779      0t0       TCP localhost.localdomain:51316->aap25-execution.lan:ssh (ESTABLISHED)

    PID    PPID CMD                           RSS    VSZ %CPU %MEM     ELAPSED
  63767   24898 /usr/bin/receptor --node id 37124 1346496 0.0  0.4       00:01
Receptor Child Processes for PID 63767:
      PID    PPID CMD                           RSS    VSZ %CPU %MEM     ELAPSED
  63776   63767 /usr/bin/python3 /usr/bin/a 25568 103616  9.0  0.3       00:01
Receptor Threads for PID 63767:
    PID    SPID %CPU %MEM   RSS COMMAND
  63767   63767  0.0  0.4 37124 receptor
  63767   63768  0.0  0.4 37124 receptor
  63767   63769  0.0  0.4 37124 receptor
  63767   63770  0.0  0.4 37124 receptor
  63767   63771  0.0  0.4 37124 receptor
  63767   63772  0.0  0.4 37124 receptor
  63767   63773  0.0  0.4 37124 receptor
  63767   63774  0.0  0.4 37124 receptor
  63767   63775  0.0  0.4 37124 receptor
Receptor Network Connections for PID 63767:
COMMAND     PID   USER   FD      TYPE DEVICE SIZE/OFF      NODE NAME
chronyd     786 chrony    5u     IPv4  23693      0t0       UDP localhost:323 
chronyd     786 chrony    6u     IPv6  23694      0t0       UDP localhost:323 
NetworkMa   799   root   26u     IPv4  24794      0t0       UDP localhost.localdomain:bootpc->pi.hole:bootps 
sshd        820   root    3u     IPv4  24609      0t0       TCP *:ssh (LISTEN)
sshd        820   root    4u     IPv6  24618      0t0       TCP *:ssh (LISTEN)
receptor  24898    awx    8u     IPv6  78665      0t0       TCP *:27199 (LISTEN)
receptor  24898    awx    9u     IPv4  81269      0t0       TCP localhost.localdomain:60108->192.168.1.104:27199 (ESTABLISHED)
receptor  63767    awx  cwd       DIR  253,0      235       128 /
receptor  63767    awx  rtd       DIR  253,0      235       128 /
receptor  63767    awx  txt       REG  253,0 54652712 100668221 /usr/bin/receptor
receptor  63767    awx  mem       REG  253,0  5436640     30371 /usr/lib64/libcrypto.so.3.2.2
receptor  63767    awx  mem       REG  253,0   102552      3550 /usr/lib64/libz.so.1.2.11
receptor  63767    awx  mem       REG  253,0  2544344      3530 /usr/lib64/libc.so.6
receptor  63767    awx  mem       REG  253,0   897856      3526 /usr/lib64/ld-linux-x86-64.so.2
receptor  63767    awx    0r      CHR    1,3      0t0         4 /dev/null
receptor  63767    awx    1w      REG  253,0     2518   1306437 /var/log/receptor/receptor.log
receptor  63767    awx    2w      REG  253,0     2518   1306437 /var/log/receptor/receptor.log
receptor  63767    awx    3r      REG  253,0    61311  67926852 /tmp/receptor/192.168.1.168/WN8tI6Uh/stdin
receptor  63767    awx    4u  a_inode   0,14        0        62 [eventpoll:5]
receptor  63767    awx    5r     FIFO   0,13      0t0    169699 pipe
receptor  63767    awx    6w     FIFO   0,13      0t0    169699 pipe
receptor  63767    awx    7w      REG  253,0     4964  67926853 /tmp/receptor/192.168.1.168/WN8tI6Uh/stdout
slirp4net 63808    awx    3u     IPv4 169779      0t0       TCP localhost.localdomain:51316->aap25-execution.lan:ssh (ESTABLISHED)

    PID    PPID CMD                           RSS    VSZ %CPU %MEM     ELAPSED
Receptor Child Processes for PID 63864:
  No child processes found
Receptor Threads for PID 63864:
    PID    SPID %CPU %MEM   RSS COMMAND
Receptor Network Connections for PID 63864:
COMMAND     PID   USER   FD   TYPE DEVICE SIZE/OFF NODE NAME
chronyd     786 chrony    5u  IPv4  23693      0t0  UDP localhost:323 
chronyd     786 chrony    6u  IPv6  23694      0t0  UDP localhost:323 
NetworkMa   799   root   26u  IPv4  24794      0t0  UDP localhost.localdomain:bootpc->pi.hole:bootps 
sshd        820   root    3u  IPv4  24609      0t0  TCP *:ssh (LISTEN)
sshd        820   root    4u  IPv6  24618      0t0  TCP *:ssh (LISTEN)
receptor  24898    awx    8u  IPv6  78665      0t0  TCP *:27199 (LISTEN)
receptor  24898    awx    9u  IPv4  81269      0t0  TCP localhost.localdomain:60108->192.168.1.104:27199 (ESTABLISHED)
slirp4net 63808    awx    3u  IPv4 169779      0t0  TCP localhost.localdomain:51316->aap25-execution.lan:ssh (ESTABLISHED)
  No network connections found

=== RECEPTOR MEMORY SUMMARY ===
Total Receptor RSS Memory: 150588 KB (147 MB)
Total Receptor VSZ Memory: 4077784 KB (3982 MB)
Number of Receptor Processes: 4

AAP-related Processes and Children:
=== AAP Service Processes ===
Process: receptor (PID: 24898)
    PID    PPID CMD                           RSS
  24898       1 /usr/bin/receptor -c /etc/r 47316
  Children of PID 24898:
    PID    PPID CMD                           RSS
  63767   24898 /usr/bin/receptor --node id 37124

Process: bash (PID: 62252)
    PID    PPID CMD                           RSS
  62252       1 bash -c  log_file="/tmp/mem  3456
  Children of PID 62252:
    PID    PPID CMD                           RSS
  63985   62252 bash -c  log_file="/tmp/mem  2468

Process: receptor (PID: 63767)
    PID    PPID CMD                           RSS
  63767   24898 /usr/bin/receptor --node id 37124
  Children of PID 63767:
    PID    PPID CMD                           RSS
  63776   63767 /usr/bin/python3 /usr/bin/a 25568

Process: bash (PID: 63985)
    PID    PPID CMD                           RSS
  63985   62252 bash -c  log_file="/tmp/mem  2468
  Children of PID 63985:
    PID    PPID CMD                           RSS


Process Tree for AAP Services:
=== automation-controller Process Tree ===
bash(62252)---pstree(64004)
=== receptor Process Tree ===
receptor(24898)-+-receptor(63767)-+-ansible-runner(63776)---podman(63786)-+-exe(63794)-+-slirp4netns(63808)
                |                 |                                       |            |-{exe}(63795)
                |                 |                                       |            |-{exe}(63796)
                |                 |                                       |            |-{exe}(63797)
                |                 |                                       |            |-{exe}(63799)
                |                 |                                       |            |-{exe}(63800)
                |                 |                                       |            |-{exe}(63801)
                |                 |                                       |            |-{exe}(63803)
                |                 |                                       |            |-{exe}(63806)
                |                 |                                       |            `-{exe}(63807)
                |                 |                                       |-{podman}(63787)
                |                 |                                       |-{podman}(63788)
                |                 |                                       |-{podman}(63789)
                |                 |                                       |-{podman}(63790)
                |                 |                                       |-{podman}(63791)
                |                 |                                       |-{podman}(63792)
                |                 |                                       `-{podman}(63793)
                |                 |-{receptor}(63768)
                |                 |-{receptor}(63769)
                |                 |-{receptor}(63770)
                |                 |-{receptor}(63771)
                |                 |-{receptor}(63772)
                |                 |-{receptor}(63773)
                |                 |-{receptor}(63774)
                |                 `-{receptor}(63775)
                |-{receptor}(24900)
                |-{receptor}(24901)
                |-{receptor}(24902)
                |-{receptor}(24903)
                |-{receptor}(24904)
                |-{receptor}(24905)
                `-{receptor}(24906)
bash(62252)---pstree(64009)
receptor(63767)-+-ansible-runner(63776)---podman(63786)-+-exe(63794)-+-slirp4netns(63808)
                |                                       |            |-{exe}(63795)
                |                                       |            |-{exe}(63796)
                |                                       |            |-{exe}(63797)
                |                                       |            |-{exe}(63799)
                |                                       |            |-{exe}(63800)
                |                                       |            |-{exe}(63801)
                |                                       |            |-{exe}(63803)
                |                                       |            |-{exe}(63806)
                |                                       |            `-{exe}(63807)
                |                                       |-{podman}(63787)
                |                                       |-{podman}(63788)
                |                                       |-{podman}(63789)
                |                                       |-{podman}(63790)
                |                                       |-{podman}(63791)
                |                                       |-{podman}(63792)
                |                                       `-{podman}(63793)
                |-{receptor}(63768)
                |-{receptor}(63769)
                |-{receptor}(63770)
                |-{receptor}(63771)
                |-{receptor}(63772)
                |-{receptor}(63773)
                |-{receptor}(63774)
                `-{receptor}(63775)
=== nginx Process Tree ===
bash(62252)---pstree(64014)
=== postgresql Process Tree ===
bash(62252)---pstree(64018)
=== redis Process Tree ===
bash(62252)---pstree(64022)
=== uwsgi Process Tree ===
bash(62252)---pstree(64026)
=== automation-hub Process Tree ===
bash(62252)---pstree(64030)
=== automation-eda Process Tree ===
bash(62252)---pstree(64034)

=================================================================================
2025-07-07 09:10:28
Memory Usage Report:
               total        used        free      shared  buff/cache   available
Mem:            7681         889        2950           8        4147        6791
Swap:           8067           0        8067

Top 10 Processes by RSS Memory:
    PID    PPID CMD                           RSS
  63834   63813 /usr/bin/python3.9 /usr/bin 63976
  63794   63786 /usr/bin/podman run --rm -- 56688
  64060   63834 /usr/bin/python3.9 /usr/bin 56672
  63786   63776 /usr/bin/podman run --rm -- 50400
  24898       1 /usr/bin/receptor -c /etc/r 47580
    766       1 /usr/bin/python3 -s /usr/sb 44292
  63767   24898 /usr/bin/receptor --node id 37124
    824       1 /usr/bin/python3 -Es /usr/s 27020
    999       1 /usr/lib/polkit-1/polkitd - 25712
  63776   63767 /usr/bin/python3 /usr/bin/a 25696

=== RECEPTOR PROCESS ANALYSIS ===
Receptor Main Processes:
    PID    PPID CMD                           RSS    VSZ %CPU %MEM     ELAPSED
  24898       1 /usr/bin/receptor -c /etc/r 47580 1273916 0.0  0.6    01:04:07
Receptor Child Processes for PID 24898:
      PID    PPID CMD                           RSS    VSZ %CPU %MEM     ELAPSED
  63767   24898 /usr/bin/receptor --node id 37124 1346752 0.0  0.4       00:32
Receptor Threads for PID 24898:
    PID    SPID %CPU %MEM   RSS COMMAND
  24898   24898  0.0  0.6 47580 receptor
  24898   24900  0.0  0.6 47580 receptor
  24898   24901  0.0  0.6 47580 receptor
  24898   24902  0.0  0.6 47580 receptor
  24898   24903  0.0  0.6 47580 receptor
  24898   24904  0.0  0.6 47580 receptor
  24898   24905  0.0  0.6 47580 receptor
  24898   24906  0.0  0.6 47580 receptor
Receptor Network Connections for PID 24898:
COMMAND     PID   USER   FD      TYPE             DEVICE SIZE/OFF      NODE NAME
chronyd     786 chrony    5u     IPv4              23693      0t0       UDP localhost:323 
chronyd     786 chrony    6u     IPv6              23694      0t0       UDP localhost:323 
NetworkMa   799   root   26u     IPv4              24794      0t0       UDP localhost.localdomain:bootpc->pi.hole:bootps 
sshd        820   root    3u     IPv4              24609      0t0       TCP *:ssh (LISTEN)
sshd        820   root    4u     IPv6              24618      0t0       TCP *:ssh (LISTEN)
receptor  24898    awx  cwd       DIR              253,0      235       128 /
receptor  24898    awx  rtd       DIR              253,0      235       128 /
receptor  24898    awx  txt       REG              253,0 54652712 100668221 /usr/bin/receptor
receptor  24898    awx  mem       REG              253,0  5436640     30371 /usr/lib64/libcrypto.so.3.2.2
receptor  24898    awx  mem       REG              253,0  2544344      3530 /usr/lib64/libc.so.6
receptor  24898    awx  mem       REG              253,0   102552      3550 /usr/lib64/libz.so.1.2.11
receptor  24898    awx  mem       REG              253,0   897856      3526 /usr/lib64/ld-linux-x86-64.so.2
receptor  24898    awx    0r      CHR                1,3      0t0         4 /dev/null
receptor  24898    awx    1w      REG              253,0     2518   1306437 /var/log/receptor/receptor.log
receptor  24898    awx    2w      REG              253,0     2518   1306437 /var/log/receptor/receptor.log
receptor  24898    awx    3rW     REG               0,23        0      1757 /run/awx-receptor/receptor.sock.lock
receptor  24898    awx    4u  a_inode               0,14        0        62 [eventpoll:5,7,8,9,10]
receptor  24898    awx    5r     FIFO               0,13      0t0     78587 pipe
receptor  24898    awx    6w     FIFO               0,13      0t0     78587 pipe
receptor  24898    awx    7u     unix 0xffff8eb18308c600      0t0     80075 /var/run/awx-receptor/receptor.sock type=STREAM (LISTEN)
receptor  24898    awx    8u     IPv6              78665      0t0       TCP *:27199 (LISTEN)
receptor  24898    awx    9u     IPv4              81269      0t0       TCP localhost.localdomain:60108->192.168.1.104:27199 (ESTABLISHED)
receptor  24898    awx   10r  a_inode               0,14        0        62 inotify
receptor  24898    awx   11r      REG              253,0    34119  67926853 /tmp/receptor/192.168.1.168/WN8tI6Uh/stdout
slirp4net 63808    awx    3u     IPv4             169779      0t0       TCP localhost.localdomain:51316->aap25-execution.lan:ssh (ESTABLISHED)

    PID    PPID CMD                           RSS    VSZ %CPU %MEM     ELAPSED
  62252       1 bash -c  log_file="/tmp/mem  3456   7260  0.0  0.0       04:34
Receptor Child Processes for PID 62252:
      PID    PPID CMD                           RSS    VSZ %CPU %MEM     ELAPSED
Receptor Threads for PID 62252:
    PID    SPID %CPU %MEM   RSS COMMAND
  62252   62252  0.0  0.0  3456 bash
Receptor Network Connections for PID 62252:
COMMAND     PID   USER   FD   TYPE DEVICE SIZE/OFF      NODE NAME
chronyd     786 chrony    5u  IPv4  23693      0t0       UDP localhost:323 
chronyd     786 chrony    6u  IPv6  23694      0t0       UDP localhost:323 
NetworkMa   799   root   26u  IPv4  24794      0t0       UDP localhost.localdomain:bootpc->pi.hole:bootps 
sshd        820   root    3u  IPv4  24609      0t0       TCP *:ssh (LISTEN)
sshd        820   root    4u  IPv6  24618      0t0       TCP *:ssh (LISTEN)
receptor  24898    awx    8u  IPv6  78665      0t0       TCP *:27199 (LISTEN)
receptor  24898    awx    9u  IPv4  81269      0t0       TCP localhost.localdomain:60108->192.168.1.104:27199 (ESTABLISHED)
bash      62252   root  cwd    DIR  253,0      142 100663430 /root
bash      62252   root  rtd    DIR  253,0      235       128 /
bash      62252   root  txt    REG  253,0  1389072 100699101 /usr/bin/bash
bash      62252   root  mem    REG  253,0  2586930 100699387 /usr/lib/locale/en_US.utf8/LC_COLLATE
bash      62252   root  mem    REG  253,0  2544344      3530 /usr/lib64/libc.so.6
bash      62252   root  mem    REG  253,0   346132  67253521 /usr/lib/locale/C.utf8/LC_CTYPE
bash      62252   root  mem    REG  253,0       54 100699390 /usr/lib/locale/en_US.utf8/LC_NUMERIC
bash      62252   root  mem    REG  253,0     3284      3433 /usr/lib/locale/en_US.utf8/LC_TIME
bash      62252   root  mem    REG  253,0      286      3431 /usr/lib/locale/en_US.utf8/LC_MONETARY
bash      62252   root  mem    REG  253,0       57      3445 /usr/lib/locale/en_US.utf8/LC_MESSAGES/SYS_LC_MESSAGES
bash      62252   root  mem    REG  253,0    26988  33558225 /usr/lib64/gconv/gconv-modules.cache
bash      62252   root  mem    REG  253,0   195080      3141 /usr/lib64/libtinfo.so.6.2
bash      62252   root  mem    REG  253,0       34  67253758 /usr/lib/locale/en_US.utf8/LC_PAPER
bash      62252   root  mem    REG  253,0       77 100699389 /usr/lib/locale/en_US.utf8/LC_NAME
bash      62252   root  mem    REG  253,0      167      3427 /usr/lib/locale/en_US.utf8/LC_ADDRESS
bash      62252   root  mem    REG  253,0       59      3432 /usr/lib/locale/en_US.utf8/LC_TELEPHONE
bash      62252   root  mem    REG  253,0       23      3430 /usr/lib/locale/en_US.utf8/LC_MEASUREMENT
bash      62252   root  mem    REG  253,0      369      3429 /usr/lib/locale/en_US.utf8/LC_IDENTIFICATION
bash      62252   root  mem    REG  253,0   897856      3526 /usr/lib64/ld-linux-x86-64.so.2
bash      62252   root    0r   CHR    1,3      0t0         4 /dev/null
bash      62252   root    1w   REG  253,0        0  67749869 /tmp/memory_monitor.log
bash      62252   root    2w   REG  253,0        0  67749869 /tmp/memory_monitor.log
bash      62252   root    3r  FIFO   0,13      0t0    174633 pipe
slirp4net 63808    awx    3u  IPv4 169779      0t0       TCP localhost.localdomain:51316->aap25-execution.lan:ssh (ESTABLISHED)

    PID    PPID CMD                           RSS    VSZ %CPU %MEM     ELAPSED
  63767   24898 /usr/bin/receptor --node id 37124 1346752 0.0  0.4       00:32
Receptor Child Processes for PID 63767:
      PID    PPID CMD                           RSS    VSZ %CPU %MEM     ELAPSED
  63776   63767 /usr/bin/python3 /usr/bin/a 25696 103616  0.3  0.3       00:32
Receptor Threads for PID 63767:
    PID    SPID %CPU %MEM   RSS COMMAND
  63767   63767  0.0  0.4 37124 receptor
  63767   63768  0.0  0.4 37124 receptor
  63767   63769  0.0  0.4 37124 receptor
  63767   63770  0.0  0.4 37124 receptor
  63767   63771  0.0  0.4 37124 receptor
  63767   63772  0.0  0.4 37124 receptor
  63767   63773  0.0  0.4 37124 receptor
  63767   63774  0.0  0.4 37124 receptor
  63767   63775  0.0  0.4 37124 receptor
Receptor Network Connections for PID 63767:
COMMAND     PID   USER   FD      TYPE DEVICE SIZE/OFF      NODE NAME
chronyd     786 chrony    5u     IPv4  23693      0t0       UDP localhost:323 
chronyd     786 chrony    6u     IPv6  23694      0t0       UDP localhost:323 
NetworkMa   799   root   26u     IPv4  24794      0t0       UDP localhost.localdomain:bootpc->pi.hole:bootps 
sshd        820   root    3u     IPv4  24609      0t0       TCP *:ssh (LISTEN)
sshd        820   root    4u     IPv6  24618      0t0       TCP *:ssh (LISTEN)
receptor  24898    awx    8u     IPv6  78665      0t0       TCP *:27199 (LISTEN)
receptor  24898    awx    9u     IPv4  81269      0t0       TCP localhost.localdomain:60108->192.168.1.104:27199 (ESTABLISHED)
receptor  63767    awx  cwd       DIR  253,0      235       128 /
receptor  63767    awx  rtd       DIR  253,0      235       128 /
receptor  63767    awx  txt       REG  253,0 54652712 100668221 /usr/bin/receptor
receptor  63767    awx  mem       REG  253,0  5436640     30371 /usr/lib64/libcrypto.so.3.2.2
receptor  63767    awx  mem       REG  253,0   102552      3550 /usr/lib64/libz.so.1.2.11
receptor  63767    awx  mem       REG  253,0  2544344      3530 /usr/lib64/libc.so.6
receptor  63767    awx  mem       REG  253,0   897856      3526 /usr/lib64/ld-linux-x86-64.so.2
receptor  63767    awx    0r      CHR    1,3      0t0         4 /dev/null
receptor  63767    awx    1w      REG  253,0     2518   1306437 /var/log/receptor/receptor.log
receptor  63767    awx    2w      REG  253,0     2518   1306437 /var/log/receptor/receptor.log
receptor  63767    awx    3r      REG  253,0    61311  67926852 /tmp/receptor/192.168.1.168/WN8tI6Uh/stdin
receptor  63767    awx    4u  a_inode   0,14        0        62 [eventpoll:5]
receptor  63767    awx    5r     FIFO   0,13      0t0    169699 pipe
receptor  63767    awx    6w     FIFO   0,13      0t0    169699 pipe
receptor  63767    awx    7w      REG  253,0    34119  67926853 /tmp/receptor/192.168.1.168/WN8tI6Uh/stdout
slirp4net 63808    awx    3u     IPv4 169779      0t0       TCP localhost.localdomain:51316->aap25-execution.lan:ssh (ESTABLISHED)

    PID    PPID CMD                           RSS    VSZ %CPU %MEM     ELAPSED
Receptor Child Processes for PID 64078:
  No child processes found
Receptor Threads for PID 64078:
    PID    SPID %CPU %MEM   RSS COMMAND
Receptor Network Connections for PID 64078:
COMMAND     PID   USER   FD   TYPE DEVICE SIZE/OFF NODE NAME
chronyd     786 chrony    5u  IPv4  23693      0t0  UDP localhost:323 
chronyd     786 chrony    6u  IPv6  23694      0t0  UDP localhost:323 
NetworkMa   799   root   26u  IPv4  24794      0t0  UDP localhost.localdomain:bootpc->pi.hole:bootps 
sshd        820   root    3u  IPv4  24609      0t0  TCP *:ssh (LISTEN)
sshd        820   root    4u  IPv6  24618      0t0  TCP *:ssh (LISTEN)
receptor  24898    awx    8u  IPv6  78665      0t0  TCP *:27199 (LISTEN)
receptor  24898    awx    9u  IPv4  81269      0t0  TCP localhost.localdomain:60108->192.168.1.104:27199 (ESTABLISHED)
slirp4net 63808    awx    3u  IPv4 169779      0t0  TCP localhost.localdomain:51316->aap25-execution.lan:ssh (ESTABLISHED)
  No network connections found

=== RECEPTOR MEMORY SUMMARY ===
Total Receptor RSS Memory: 154096 KB (150 MB)
Total Receptor VSZ Memory: 4152604 KB (4055 MB)
Number of Receptor Processes: 4

AAP-related Processes and Children:
=== AAP Service Processes ===
Process: receptor (PID: 24898)
    PID    PPID CMD                           RSS
  24898       1 /usr/bin/receptor -c /etc/r 47580
  Children of PID 24898:
    PID    PPID CMD                           RSS
  63767   24898 /usr/bin/receptor --node id 40240

Process: bash (PID: 62252)
    PID    PPID CMD                           RSS
  62252       1 bash -c  log_file="/tmp/mem  3456
  Children of PID 62252:
    PID    PPID CMD                           RSS
  64200   62252 bash -c  log_file="/tmp/mem  2472

Process: receptor (PID: 63767)
    PID    PPID CMD                           RSS
  63767   24898 /usr/bin/receptor --node id 40240
  Children of PID 63767:
    PID    PPID CMD                           RSS
  63776   63767 /usr/bin/python3 /usr/bin/a 25696

Process: bash (PID: 64200)
    PID    PPID CMD                           RSS
  64200   62252 bash -c  log_file="/tmp/mem  2472
  Children of PID 64200:
    PID    PPID CMD                           RSS


Process Tree for AAP Services:
=== automation-controller Process Tree ===
bash(62252)---pstree(64219)
=== receptor Process Tree ===
receptor(24898)-+-receptor(63767)-+-ansible-runner(63776)---podman(63786)-+-exe(63794)-+-slirp4netns(63808)
                |                 |                                       |            |-{exe}(63795)
                |                 |                                       |            |-{exe}(63796)
                |                 |                                       |            |-{exe}(63797)
                |                 |                                       |            |-{exe}(63799)
                |                 |                                       |            |-{exe}(63800)
                |                 |                                       |            |-{exe}(63801)
                |                 |                                       |            |-{exe}(63803)
                |                 |                                       |            |-{exe}(63806)
                |                 |                                       |            `-{exe}(63807)
                |                 |                                       |-{podman}(63787)
                |                 |                                       |-{podman}(63788)
                |                 |                                       |-{podman}(63789)
                |                 |                                       |-{podman}(63790)
                |                 |                                       |-{podman}(63791)
                |                 |                                       |-{podman}(63792)
                |                 |                                       `-{podman}(63793)
                |                 |-{receptor}(63768)
                |                 |-{receptor}(63769)
                |                 |-{receptor}(63770)
                |                 |-{receptor}(63771)
                |                 |-{receptor}(63772)
                |                 |-{receptor}(63773)
                |                 |-{receptor}(63774)
                |                 |-{receptor}(63775)
                |                 `-{receptor}(64157)
                |-{receptor}(24900)
                |-{receptor}(24901)
                |-{receptor}(24902)
                |-{receptor}(24903)
                |-{receptor}(24904)
                |-{receptor}(24905)
                `-{receptor}(24906)
bash(62252)---pstree(64224)
receptor(63767)-+-ansible-runner(63776)---podman(63786)-+-exe(63794)-+-slirp4netns(63808)
                |                                       |            |-{exe}(63795)
                |                                       |            |-{exe}(63796)
                |                                       |            |-{exe}(63797)
                |                                       |            |-{exe}(63799)
                |                                       |            |-{exe}(63800)
                |                                       |            |-{exe}(63801)
                |                                       |            |-{exe}(63803)
                |                                       |            |-{exe}(63806)
                |                                       |            `-{exe}(63807)
                |                                       |-{podman}(63787)
                |                                       |-{podman}(63788)
                |                                       |-{podman}(63789)
                |                                       |-{podman}(63790)
                |                                       |-{podman}(63791)
                |                                       |-{podman}(63792)
                |                                       `-{podman}(63793)
                |-{receptor}(63768)
                |-{receptor}(63769)
                |-{receptor}(63770)
                |-{receptor}(63771)
                |-{receptor}(63772)
                |-{receptor}(63773)
                |-{receptor}(63774)
                |-{receptor}(63775)
                `-{receptor}(64157)
=== nginx Process Tree ===
bash(62252)---pstree(64229)
=== postgresql Process Tree ===
bash(62252)---pstree(64233)
=== redis Process Tree ===
bash(62252)---pstree(64237)
=== uwsgi Process Tree ===
bash(62252)---pstree(64241)
=== automation-hub Process Tree ===
bash(62252)---pstree(64245)
=== automation-eda Process Tree ===
bash(62252)---pstree(64249)

=================================================================================
2025-07-07 09:10:58
Memory Usage Report:
               total        used        free      shared  buff/cache   available
Mem:            7681         868        2972           8        4147        6812
Swap:           8067           0        8067

Top 10 Processes by RSS Memory:
    PID    PPID CMD                           RSS
  63834   63813 /usr/bin/python3.9 /usr/bin 64488
  63794   63786 /usr/bin/podman run --rm -- 56688
  64060   63834 /usr/bin/python3.9 /usr/bin 56672
  63786   63776 /usr/bin/podman run --rm -- 50400
  24898       1 /usr/bin/receptor -c /etc/r 47580
  63767   24898 /usr/bin/receptor --node id 46256
    766       1 /usr/bin/python3 -s /usr/sb 44292
    824       1 /usr/bin/python3 -Es /usr/s 27020
    999       1 /usr/lib/polkit-1/polkitd - 25712
  63776   63767 /usr/bin/python3 /usr/bin/a 25696

=== RECEPTOR PROCESS ANALYSIS ===
Receptor Main Processes:
    PID    PPID CMD                           RSS    VSZ %CPU %MEM     ELAPSED
  24898       1 /usr/bin/receptor -c /etc/r 47580 1273916 0.0  0.6    01:04:37
Receptor Child Processes for PID 24898:
      PID    PPID CMD                           RSS    VSZ %CPU %MEM     ELAPSED
  63767   24898 /usr/bin/receptor --node id 46256 1421060 0.0  0.5       01:02
Receptor Threads for PID 24898:
    PID    SPID %CPU %MEM   RSS COMMAND
  24898   24898  0.0  0.6 47580 receptor
  24898   24900  0.0  0.6 47580 receptor
  24898   24901  0.0  0.6 47580 receptor
  24898   24902  0.0  0.6 47580 receptor
  24898   24903  0.0  0.6 47580 receptor
  24898   24904  0.0  0.6 47580 receptor
  24898   24905  0.0  0.6 47580 receptor
  24898   24906  0.0  0.6 47580 receptor
Receptor Network Connections for PID 24898:
COMMAND     PID   USER   FD      TYPE             DEVICE SIZE/OFF      NODE NAME
chronyd     786 chrony    5u     IPv4              23693      0t0       UDP localhost:323 
chronyd     786 chrony    6u     IPv6              23694      0t0       UDP localhost:323 
NetworkMa   799   root   26u     IPv4              24794      0t0       UDP localhost.localdomain:bootpc->pi.hole:bootps 
sshd        820   root    3u     IPv4              24609      0t0       TCP *:ssh (LISTEN)
sshd        820   root    4u     IPv6              24618      0t0       TCP *:ssh (LISTEN)
receptor  24898    awx  cwd       DIR              253,0      235       128 /
receptor  24898    awx  rtd       DIR              253,0      235       128 /
receptor  24898    awx  txt       REG              253,0 54652712 100668221 /usr/bin/receptor
receptor  24898    awx  mem       REG              253,0  5436640     30371 /usr/lib64/libcrypto.so.3.2.2
receptor  24898    awx  mem       REG              253,0  2544344      3530 /usr/lib64/libc.so.6
receptor  24898    awx  mem       REG              253,0   102552      3550 /usr/lib64/libz.so.1.2.11
receptor  24898    awx  mem       REG              253,0   897856      3526 /usr/lib64/ld-linux-x86-64.so.2
receptor  24898    awx    0r      CHR                1,3      0t0         4 /dev/null
receptor  24898    awx    1w      REG              253,0     2518   1306437 /var/log/receptor/receptor.log
receptor  24898    awx    2w      REG              253,0     2518   1306437 /var/log/receptor/receptor.log
receptor  24898    awx    3rW     REG               0,23        0      1757 /run/awx-receptor/receptor.sock.lock
receptor  24898    awx    4u  a_inode               0,14        0        62 [eventpoll:5,7,8,9,10]
receptor  24898    awx    5r     FIFO               0,13      0t0     78587 pipe
receptor  24898    awx    6w     FIFO               0,13      0t0     78587 pipe
receptor  24898    awx    7u     unix 0xffff8eb18308c600      0t0     80075 /var/run/awx-receptor/receptor.sock type=STREAM (LISTEN)
receptor  24898    awx    8u     IPv6              78665      0t0       TCP *:27199 (LISTEN)
receptor  24898    awx    9u     IPv4              81269      0t0       TCP localhost.localdomain:60108->192.168.1.104:27199 (ESTABLISHED)
receptor  24898    awx   10r  a_inode               0,14        0        62 inotify
receptor  24898    awx   11r      REG              253,0    34119  67926853 /tmp/receptor/192.168.1.168/WN8tI6Uh/stdout
slirp4net 63808    awx    3u     IPv4             169779      0t0       TCP localhost.localdomain:51316->aap25-execution.lan:ssh (ESTABLISHED)

    PID    PPID CMD                           RSS    VSZ %CPU %MEM     ELAPSED
  62252       1 bash -c  log_file="/tmp/mem  3456   7260  0.0  0.0       05:04
Receptor Child Processes for PID 62252:
      PID    PPID CMD                           RSS    VSZ %CPU %MEM     ELAPSED
Receptor Threads for PID 62252:
    PID    SPID %CPU %MEM   RSS COMMAND
  62252   62252  0.0  0.0  3456 bash
Receptor Network Connections for PID 62252:
COMMAND     PID   USER   FD   TYPE DEVICE SIZE/OFF      NODE NAME
chronyd     786 chrony    5u  IPv4  23693      0t0       UDP localhost:323 
chronyd     786 chrony    6u  IPv6  23694      0t0       UDP localhost:323 
NetworkMa   799   root   26u  IPv4  24794      0t0       UDP localhost.localdomain:bootpc->pi.hole:bootps 
sshd        820   root    3u  IPv4  24609      0t0       TCP *:ssh (LISTEN)
sshd        820   root    4u  IPv6  24618      0t0       TCP *:ssh (LISTEN)
receptor  24898    awx    8u  IPv6  78665      0t0       TCP *:27199 (LISTEN)
receptor  24898    awx    9u  IPv4  81269      0t0       TCP localhost.localdomain:60108->192.168.1.104:27199 (ESTABLISHED)
bash      62252   root  cwd    DIR  253,0      142 100663430 /root
bash      62252   root  rtd    DIR  253,0      235       128 /
bash      62252   root  txt    REG  253,0  1389072 100699101 /usr/bin/bash
bash      62252   root  mem    REG  253,0  2586930 100699387 /usr/lib/locale/en_US.utf8/LC_COLLATE
bash      62252   root  mem    REG  253,0  2544344      3530 /usr/lib64/libc.so.6
bash      62252   root  mem    REG  253,0   346132  67253521 /usr/lib/locale/C.utf8/LC_CTYPE
bash      62252   root  mem    REG  253,0       54 100699390 /usr/lib/locale/en_US.utf8/LC_NUMERIC
bash      62252   root  mem    REG  253,0     3284      3433 /usr/lib/locale/en_US.utf8/LC_TIME
bash      62252   root  mem    REG  253,0      286      3431 /usr/lib/locale/en_US.utf8/LC_MONETARY
bash      62252   root  mem    REG  253,0       57      3445 /usr/lib/locale/en_US.utf8/LC_MESSAGES/SYS_LC_MESSAGES
bash      62252   root  mem    REG  253,0    26988  33558225 /usr/lib64/gconv/gconv-modules.cache
bash      62252   root  mem    REG  253,0   195080      3141 /usr/lib64/libtinfo.so.6.2
bash      62252   root  mem    REG  253,0       34  67253758 /usr/lib/locale/en_US.utf8/LC_PAPER
bash      62252   root  mem    REG  253,0       77 100699389 /usr/lib/locale/en_US.utf8/LC_NAME
bash      62252   root  mem    REG  253,0      167      3427 /usr/lib/locale/en_US.utf8/LC_ADDRESS
bash      62252   root  mem    REG  253,0       59      3432 /usr/lib/locale/en_US.utf8/LC_TELEPHONE
bash      62252   root  mem    REG  253,0       23      3430 /usr/lib/locale/en_US.utf8/LC_MEASUREMENT
bash      62252   root  mem    REG  253,0      369      3429 /usr/lib/locale/en_US.utf8/LC_IDENTIFICATION
bash      62252   root  mem    REG  253,0   897856      3526 /usr/lib64/ld-linux-x86-64.so.2
bash      62252   root    0r   CHR    1,3      0t0         4 /dev/null
bash      62252   root    1w   REG  253,0        0  67749869 /tmp/memory_monitor.log
bash      62252   root    2w   REG  253,0        0  67749869 /tmp/memory_monitor.log
bash      62252   root    3r  FIFO   0,13      0t0    173808 pipe
slirp4net 63808    awx    3u  IPv4 169779      0t0       TCP localhost.localdomain:51316->aap25-execution.lan:ssh (ESTABLISHED)

    PID    PPID CMD                           RSS    VSZ %CPU %MEM     ELAPSED
  63767   24898 /usr/bin/receptor --node id 46256 1421060 0.0  0.5       01:03
Receptor Child Processes for PID 63767:
      PID    PPID CMD                           RSS    VSZ %CPU %MEM     ELAPSED
  63776   63767 /usr/bin/python3 /usr/bin/a 25696 103616  0.1  0.3       01:03
Receptor Threads for PID 63767:
    PID    SPID %CPU %MEM   RSS COMMAND
  63767   63767  0.0  0.5 46256 receptor
  63767   63768  0.0  0.5 46256 receptor
  63767   63769  0.0  0.5 46256 receptor
  63767   63770  0.0  0.5 46256 receptor
  63767   63771  0.0  0.5 46256 receptor
  63767   63772  0.0  0.5 46256 receptor
  63767   63773  0.0  0.5 46256 receptor
  63767   63774  0.0  0.5 46256 receptor
  63767   63775  0.0  0.5 46256 receptor
  63767   64157  0.0  0.5 46256 receptor
Receptor Network Connections for PID 63767:
COMMAND     PID   USER   FD      TYPE DEVICE SIZE/OFF      NODE NAME
chronyd     786 chrony    5u     IPv4  23693      0t0       UDP localhost:323 
chronyd     786 chrony    6u     IPv6  23694      0t0       UDP localhost:323 
NetworkMa   799   root   26u     IPv4  24794      0t0       UDP localhost.localdomain:bootpc->pi.hole:bootps 
sshd        820   root    3u     IPv4  24609      0t0       TCP *:ssh (LISTEN)
sshd        820   root    4u     IPv6  24618      0t0       TCP *:ssh (LISTEN)
receptor  24898    awx    8u     IPv6  78665      0t0       TCP *:27199 (LISTEN)
receptor  24898    awx    9u     IPv4  81269      0t0       TCP localhost.localdomain:60108->192.168.1.104:27199 (ESTABLISHED)
receptor  63767    awx  cwd       DIR  253,0      235       128 /
receptor  63767    awx  rtd       DIR  253,0      235       128 /
receptor  63767    awx  txt       REG  253,0 54652712 100668221 /usr/bin/receptor
receptor  63767    awx  mem       REG  253,0  5436640     30371 /usr/lib64/libcrypto.so.3.2.2
receptor  63767    awx  mem       REG  253,0   102552      3550 /usr/lib64/libz.so.1.2.11
receptor  63767    awx  mem       REG  253,0  2544344      3530 /usr/lib64/libc.so.6
receptor  63767    awx  mem       REG  253,0   897856      3526 /usr/lib64/ld-linux-x86-64.so.2
receptor  63767    awx    0r      CHR    1,3      0t0         4 /dev/null
receptor  63767    awx    1w      REG  253,0     2518   1306437 /var/log/receptor/receptor.log
receptor  63767    awx    2w      REG  253,0     2518   1306437 /var/log/receptor/receptor.log
receptor  63767    awx    3r      REG  253,0    61311  67926852 /tmp/receptor/192.168.1.168/WN8tI6Uh/stdin
receptor  63767    awx    4u  a_inode   0,14        0        62 [eventpoll:5]
receptor  63767    awx    5r     FIFO   0,13      0t0    169699 pipe
receptor  63767    awx    6w     FIFO   0,13      0t0    169699 pipe
receptor  63767    awx    7w      REG  253,0    34119  67926853 /tmp/receptor/192.168.1.168/WN8tI6Uh/stdout
slirp4net 63808    awx    3u     IPv4 169779      0t0       TCP localhost.localdomain:51316->aap25-execution.lan:ssh (ESTABLISHED)

    PID    PPID CMD                           RSS    VSZ %CPU %MEM     ELAPSED
Receptor Child Processes for PID 64257:
  No child processes found
Receptor Threads for PID 64257:
    PID    SPID %CPU %MEM   RSS COMMAND
Receptor Network Connections for PID 64257:
COMMAND     PID   USER   FD   TYPE DEVICE SIZE/OFF NODE NAME
chronyd     786 chrony    5u  IPv4  23693      0t0  UDP localhost:323 
chronyd     786 chrony    6u  IPv6  23694      0t0  UDP localhost:323 
NetworkMa   799   root   26u  IPv4  24794      0t0  UDP localhost.localdomain:bootpc->pi.hole:bootps 
sshd        820   root    3u  IPv4  24609      0t0  TCP *:ssh (LISTEN)
sshd        820   root    4u  IPv6  24618      0t0  TCP *:ssh (LISTEN)
receptor  24898    awx    8u  IPv6  78665      0t0  TCP *:27199 (LISTEN)
receptor  24898    awx    9u  IPv4  81269      0t0  TCP localhost.localdomain:60108->192.168.1.104:27199 (ESTABLISHED)
slirp4net 63808    awx    3u  IPv4 169779      0t0  TCP localhost.localdomain:51316->aap25-execution.lan:ssh (ESTABLISHED)
  No network connections found

=== RECEPTOR MEMORY SUMMARY ===
Total Receptor RSS Memory: 169244 KB (165 MB)
Total Receptor VSZ Memory: 4226912 KB (4127 MB)
Number of Receptor Processes: 4

AAP-related Processes and Children:
=== AAP Service Processes ===
Process: receptor (PID: 24898)
    PID    PPID CMD                           RSS
  24898       1 /usr/bin/receptor -c /etc/r 47580
  Children of PID 24898:
    PID    PPID CMD                           RSS
  63767   24898 /usr/bin/receptor --node id 46256

Process: bash (PID: 62252)
    PID    PPID CMD                           RSS
  62252       1 bash -c  log_file="/tmp/mem  3456
  Children of PID 62252:
    PID    PPID CMD                           RSS
  64378   62252 bash -c  log_file="/tmp/mem  2472

Process: receptor (PID: 63767)
    PID    PPID CMD                           RSS
  63767   24898 /usr/bin/receptor --node id 46256
  Children of PID 63767:
    PID    PPID CMD                           RSS
  63776   63767 /usr/bin/python3 /usr/bin/a 25696

Process: bash (PID: 64378)
    PID    PPID CMD                           RSS
  64378   62252 bash -c  log_file="/tmp/mem  2472
  Children of PID 64378:
    PID    PPID CMD                           RSS


Process Tree for AAP Services:
=== automation-controller Process Tree ===
bash(62252)---pstree(64397)
=== receptor Process Tree ===
receptor(24898)-+-receptor(63767)-+-ansible-runner(63776)---podman(63786)-+-exe(63794)-+-slirp4netns(63808)
                |                 |                                       |            |-{exe}(63795)
                |                 |                                       |            |-{exe}(63796)
                |                 |                                       |            |-{exe}(63797)
                |                 |                                       |            |-{exe}(63799)
                |                 |                                       |            |-{exe}(63800)
                |                 |                                       |            |-{exe}(63801)
                |                 |                                       |            |-{exe}(63803)
                |                 |                                       |            |-{exe}(63806)
                |                 |                                       |            `-{exe}(63807)
                |                 |                                       |-{podman}(63787)
                |                 |                                       |-{podman}(63788)
                |                 |                                       |-{podman}(63789)
                |                 |                                       |-{podman}(63790)
                |                 |                                       |-{podman}(63791)
                |                 |                                       |-{podman}(63792)
                |                 |                                       `-{podman}(63793)
                |                 |-{receptor}(63768)
                |                 |-{receptor}(63769)
                |                 |-{receptor}(63770)
                |                 |-{receptor}(63771)
                |                 |-{receptor}(63772)
                |                 |-{receptor}(63773)
                |                 |-{receptor}(63774)
                |                 |-{receptor}(63775)
                |                 `-{receptor}(64157)
                |-{receptor}(24900)
                |-{receptor}(24901)
                |-{receptor}(24902)
                |-{receptor}(24903)
                |-{receptor}(24904)
                |-{receptor}(24905)
                `-{receptor}(24906)
bash(62252)---pstree(64402)
receptor(63767)-+-ansible-runner(63776)---podman(63786)-+-exe(63794)-+-slirp4netns(63808)
                |                                       |            |-{exe}(63795)
                |                                       |            |-{exe}(63796)
                |                                       |            |-{exe}(63797)
                |                                       |            |-{exe}(63799)
                |                                       |            |-{exe}(63800)
                |                                       |            |-{exe}(63801)
                |                                       |            |-{exe}(63803)
                |                                       |            |-{exe}(63806)
                |                                       |            `-{exe}(63807)
                |                                       |-{podman}(63787)
                |                                       |-{podman}(63788)
                |                                       |-{podman}(63789)
                |                                       |-{podman}(63790)
                |                                       |-{podman}(63791)
                |                                       |-{podman}(63792)
                |                                       `-{podman}(63793)
                |-{receptor}(63768)
                |-{receptor}(63769)
                |-{receptor}(63770)
                |-{receptor}(63771)
                |-{receptor}(63772)
                |-{receptor}(63773)
                |-{receptor}(63774)
                |-{receptor}(63775)
                `-{receptor}(64157)
=== nginx Process Tree ===
bash(62252)---pstree(64407)
=== postgresql Process Tree ===
bash(62252)---pstree(64411)
=== redis Process Tree ===
bash(62252)---pstree(64415)
=== uwsgi Process Tree ===
bash(62252)---pstree(64419)
=== automation-hub Process Tree ===
bash(62252)---pstree(64423)
=== automation-eda Process Tree ===
bash(62252)---pstree(64427)

=================================================================================
2025-07-07 09:11:29
Memory Usage Report:
               total        used        free      shared  buff/cache   available
Mem:            7681         873        2967           8        4147        6808
Swap:           8067           0        8067

Top 10 Processes by RSS Memory:
    PID    PPID CMD                           RSS
  63834   63813 /usr/bin/python3.9 /usr/bin 65128
  63794   63786 /usr/bin/podman run --rm -- 56688
  64060   63834 /usr/bin/python3.9 /usr/bin 56672
  63786   63776 /usr/bin/podman run --rm -- 50400
  24898       1 /usr/bin/receptor -c /etc/r 47440
  63767   24898 /usr/bin/receptor --node id 46256
    766       1 /usr/bin/python3 -s /usr/sb 44292
  63776   63767 /usr/bin/python3 /usr/bin/a 27488
    824       1 /usr/bin/python3 -Es /usr/s 27020
    999       1 /usr/lib/polkit-1/polkitd - 25712

=== RECEPTOR PROCESS ANALYSIS ===
Receptor Main Processes:
    PID    PPID CMD                           RSS    VSZ %CPU %MEM     ELAPSED
  24898       1 /usr/bin/receptor -c /etc/r 47440 1273916 0.0  0.6    01:05:08
Receptor Child Processes for PID 24898:
      PID    PPID CMD                           RSS    VSZ %CPU %MEM     ELAPSED
  63767   24898 /usr/bin/receptor --node id 46256 1421060 0.0  0.5       01:33
Receptor Threads for PID 24898:
    PID    SPID %CPU %MEM   RSS COMMAND
  24898   24898  0.0  0.6 47440 receptor
  24898   24900  0.0  0.6 47440 receptor
  24898   24901  0.0  0.6 47440 receptor
  24898   24902  0.0  0.6 47440 receptor
  24898   24903  0.0  0.6 47440 receptor
  24898   24904  0.0  0.6 47440 receptor
  24898   24905  0.0  0.6 47440 receptor
  24898   24906  0.0  0.6 47440 receptor
Receptor Network Connections for PID 24898:
COMMAND     PID   USER   FD      TYPE             DEVICE SIZE/OFF      NODE NAME
chronyd     786 chrony    5u     IPv4              23693      0t0       UDP localhost:323 
chronyd     786 chrony    6u     IPv6              23694      0t0       UDP localhost:323 
NetworkMa   799   root   26u     IPv4              24794      0t0       UDP localhost.localdomain:bootpc->pi.hole:bootps 
sshd        820   root    3u     IPv4              24609      0t0       TCP *:ssh (LISTEN)
sshd        820   root    4u     IPv6              24618      0t0       TCP *:ssh (LISTEN)
receptor  24898    awx  cwd       DIR              253,0      235       128 /
receptor  24898    awx  rtd       DIR              253,0      235       128 /
receptor  24898    awx  txt       REG              253,0 54652712 100668221 /usr/bin/receptor
receptor  24898    awx  mem       REG              253,0  5436640     30371 /usr/lib64/libcrypto.so.3.2.2
receptor  24898    awx  mem       REG              253,0  2544344      3530 /usr/lib64/libc.so.6
receptor  24898    awx  mem       REG              253,0   102552      3550 /usr/lib64/libz.so.1.2.11
receptor  24898    awx  mem       REG              253,0   897856      3526 /usr/lib64/ld-linux-x86-64.so.2
receptor  24898    awx    0r      CHR                1,3      0t0         4 /dev/null
receptor  24898    awx    1w      REG              253,0     2518   1306437 /var/log/receptor/receptor.log
receptor  24898    awx    2w      REG              253,0     2518   1306437 /var/log/receptor/receptor.log
receptor  24898    awx    3rW     REG               0,23        0      1757 /run/awx-receptor/receptor.sock.lock
receptor  24898    awx    4u  a_inode               0,14        0        62 [eventpoll:5,7,8,9,10]
receptor  24898    awx    5r     FIFO               0,13      0t0     78587 pipe
receptor  24898    awx    6w     FIFO               0,13      0t0     78587 pipe
receptor  24898    awx    7u     unix 0xffff8eb18308c600      0t0     80075 /var/run/awx-receptor/receptor.sock type=STREAM (LISTEN)
receptor  24898    awx    8u     IPv6              78665      0t0       TCP *:27199 (LISTEN)
receptor  24898    awx    9u     IPv4              81269      0t0       TCP localhost.localdomain:60108->192.168.1.104:27199 (ESTABLISHED)
receptor  24898    awx   10r  a_inode               0,14        0        62 inotify
receptor  24898    awx   11r      REG              253,0    34119  67926853 /tmp/receptor/192.168.1.168/WN8tI6Uh/stdout
slirp4net 63808    awx    3u     IPv4             169779      0t0       TCP localhost.localdomain:51316->aap25-execution.lan:ssh (ESTABLISHED)

    PID    PPID CMD                           RSS    VSZ %CPU %MEM     ELAPSED
  62252       1 bash -c  log_file="/tmp/mem  3456   7260  0.0  0.0       05:35
Receptor Child Processes for PID 62252:
      PID    PPID CMD                           RSS    VSZ %CPU %MEM     ELAPSED
Receptor Threads for PID 62252:
    PID    SPID %CPU %MEM   RSS COMMAND
  62252   62252  0.0  0.0  3456 bash
Receptor Network Connections for PID 62252:
COMMAND     PID   USER   FD   TYPE DEVICE SIZE/OFF      NODE NAME
chronyd     786 chrony    5u  IPv4  23693      0t0       UDP localhost:323 
chronyd     786 chrony    6u  IPv6  23694      0t0       UDP localhost:323 
NetworkMa   799   root   26u  IPv4  24794      0t0       UDP localhost.localdomain:bootpc->pi.hole:bootps 
sshd        820   root    3u  IPv4  24609      0t0       TCP *:ssh (LISTEN)
sshd        820   root    4u  IPv6  24618      0t0       TCP *:ssh (LISTEN)
receptor  24898    awx    8u  IPv6  78665      0t0       TCP *:27199 (LISTEN)
receptor  24898    awx    9u  IPv4  81269      0t0       TCP localhost.localdomain:60108->192.168.1.104:27199 (ESTABLISHED)
bash      62252   root  cwd    DIR  253,0      142 100663430 /root
bash      62252   root  rtd    DIR  253,0      235       128 /
bash      62252   root  txt    REG  253,0  1389072 100699101 /usr/bin/bash
bash      62252   root  mem    REG  253,0  2586930 100699387 /usr/lib/locale/en_US.utf8/LC_COLLATE
bash      62252   root  mem    REG  253,0  2544344      3530 /usr/lib64/libc.so.6
bash      62252   root  mem    REG  253,0   346132  67253521 /usr/lib/locale/C.utf8/LC_CTYPE
bash      62252   root  mem    REG  253,0       54 100699390 /usr/lib/locale/en_US.utf8/LC_NUMERIC
bash      62252   root  mem    REG  253,0     3284      3433 /usr/lib/locale/en_US.utf8/LC_TIME
bash      62252   root  mem    REG  253,0      286      3431 /usr/lib/locale/en_US.utf8/LC_MONETARY
bash      62252   root  mem    REG  253,0       57      3445 /usr/lib/locale/en_US.utf8/LC_MESSAGES/SYS_LC_MESSAGES
bash      62252   root  mem    REG  253,0    26988  33558225 /usr/lib64/gconv/gconv-modules.cache
bash      62252   root  mem    REG  253,0   195080      3141 /usr/lib64/libtinfo.so.6.2
bash      62252   root  mem    REG  253,0       34  67253758 /usr/lib/locale/en_US.utf8/LC_PAPER
bash      62252   root  mem    REG  253,0       77 100699389 /usr/lib/locale/en_US.utf8/LC_NAME
bash      62252   root  mem    REG  253,0      167      3427 /usr/lib/locale/en_US.utf8/LC_ADDRESS
bash      62252   root  mem    REG  253,0       59      3432 /usr/lib/locale/en_US.utf8/LC_TELEPHONE
bash      62252   root  mem    REG  253,0       23      3430 /usr/lib/locale/en_US.utf8/LC_MEASUREMENT
bash      62252   root  mem    REG  253,0      369      3429 /usr/lib/locale/en_US.utf8/LC_IDENTIFICATION
bash      62252   root  mem    REG  253,0   897856      3526 /usr/lib64/ld-linux-x86-64.so.2
bash      62252   root    0r   CHR    1,3      0t0         4 /dev/null
bash      62252   root    1w   REG  253,0        0  67749869 /tmp/memory_monitor.log
bash      62252   root    2w   REG  253,0        0  67749869 /tmp/memory_monitor.log
bash      62252   root    3r  FIFO   0,13      0t0    174031 pipe
slirp4net 63808    awx    3u  IPv4 169779      0t0       TCP localhost.localdomain:51316->aap25-execution.lan:ssh (ESTABLISHED)

    PID    PPID CMD                           RSS    VSZ %CPU %MEM     ELAPSED
  63767   24898 /usr/bin/receptor --node id 46256 1421060 0.0  0.5       01:33
Receptor Child Processes for PID 63767:
      PID    PPID CMD                           RSS    VSZ %CPU %MEM     ELAPSED
  63776   63767 /usr/bin/python3 /usr/bin/a 27488 103616  0.1  0.3       01:33
Receptor Threads for PID 63767:
    PID    SPID %CPU %MEM   RSS COMMAND
  63767   63767  0.0  0.5 46256 receptor
  63767   63768  0.0  0.5 46256 receptor
  63767   63769  0.0  0.5 46256 receptor
  63767   63770  0.0  0.5 46256 receptor
  63767   63771  0.0  0.5 46256 receptor
  63767   63772  0.0  0.5 46256 receptor
  63767   63773  0.0  0.5 46256 receptor
  63767   63774  0.0  0.5 46256 receptor
  63767   63775  0.0  0.5 46256 receptor
  63767   64157  0.0  0.5 46256 receptor
Receptor Network Connections for PID 63767:
COMMAND     PID   USER   FD      TYPE DEVICE SIZE/OFF      NODE NAME
chronyd     786 chrony    5u     IPv4  23693      0t0       UDP localhost:323 
chronyd     786 chrony    6u     IPv6  23694      0t0       UDP localhost:323 
NetworkMa   799   root   26u     IPv4  24794      0t0       UDP localhost.localdomain:bootpc->pi.hole:bootps 
sshd        820   root    3u     IPv4  24609      0t0       TCP *:ssh (LISTEN)
sshd        820   root    4u     IPv6  24618      0t0       TCP *:ssh (LISTEN)
receptor  24898    awx    8u     IPv6  78665      0t0       TCP *:27199 (LISTEN)
receptor  24898    awx    9u     IPv4  81269      0t0       TCP localhost.localdomain:60108->192.168.1.104:27199 (ESTABLISHED)
receptor  63767    awx  cwd       DIR  253,0      235       128 /
receptor  63767    awx  rtd       DIR  253,0      235       128 /
receptor  63767    awx  txt       REG  253,0 54652712 100668221 /usr/bin/receptor
receptor  63767    awx  mem       REG  253,0  5436640     30371 /usr/lib64/libcrypto.so.3.2.2
receptor  63767    awx  mem       REG  253,0   102552      3550 /usr/lib64/libz.so.1.2.11
receptor  63767    awx  mem       REG  253,0  2544344      3530 /usr/lib64/libc.so.6
receptor  63767    awx  mem       REG  253,0   897856      3526 /usr/lib64/ld-linux-x86-64.so.2
receptor  63767    awx    0r      CHR    1,3      0t0         4 /dev/null
receptor  63767    awx    1w      REG  253,0     2518   1306437 /var/log/receptor/receptor.log
receptor  63767    awx    2w      REG  253,0     2518   1306437 /var/log/receptor/receptor.log
receptor  63767    awx    3r      REG  253,0    61311  67926852 /tmp/receptor/192.168.1.168/WN8tI6Uh/stdin
receptor  63767    awx    4u  a_inode   0,14        0        62 [eventpoll:5]
receptor  63767    awx    5r     FIFO   0,13      0t0    169699 pipe
receptor  63767    awx    6w     FIFO   0,13      0t0    169699 pipe
receptor  63767    awx    7w      REG  253,0    34119  67926853 /tmp/receptor/192.168.1.168/WN8tI6Uh/stdout
slirp4net 63808    awx    3u     IPv4 169779      0t0       TCP localhost.localdomain:51316->aap25-execution.lan:ssh (ESTABLISHED)

    PID    PPID CMD                           RSS    VSZ %CPU %MEM     ELAPSED
Receptor Child Processes for PID 64435:
  No child processes found
Receptor Threads for PID 64435:
    PID    SPID %CPU %MEM   RSS COMMAND
Receptor Network Connections for PID 64435:
COMMAND     PID   USER   FD   TYPE DEVICE SIZE/OFF NODE NAME
chronyd     786 chrony    5u  IPv4  23693      0t0  UDP localhost:323 
chronyd     786 chrony    6u  IPv6  23694      0t0  UDP localhost:323 
NetworkMa   799   root   26u  IPv4  24794      0t0  UDP localhost.localdomain:bootpc->pi.hole:bootps 
sshd        820   root    3u  IPv4  24609      0t0  TCP *:ssh (LISTEN)
sshd        820   root    4u  IPv6  24618      0t0  TCP *:ssh (LISTEN)
receptor  24898    awx    8u  IPv6  78665      0t0  TCP *:27199 (LISTEN)
receptor  24898    awx    9u  IPv4  81269      0t0  TCP localhost.localdomain:60108->192.168.1.104:27199 (ESTABLISHED)
slirp4net 63808    awx    3u  IPv4 169779      0t0  TCP localhost.localdomain:51316->aap25-execution.lan:ssh (ESTABLISHED)
  No network connections found

=== RECEPTOR MEMORY SUMMARY ===
Total Receptor RSS Memory: 170896 KB (166 MB)
Total Receptor VSZ Memory: 4226912 KB (4127 MB)
Number of Receptor Processes: 4

AAP-related Processes and Children:
=== AAP Service Processes ===
Process: receptor (PID: 24898)
    PID    PPID CMD                           RSS
  24898       1 /usr/bin/receptor -c /etc/r 47440
  Children of PID 24898:
    PID    PPID CMD                           RSS
  63767   24898 /usr/bin/receptor --node id 46256

Process: bash (PID: 62252)
    PID    PPID CMD                           RSS
  62252       1 bash -c  log_file="/tmp/mem  3456
  Children of PID 62252:
    PID    PPID CMD                           RSS
  64556   62252 bash -c  log_file="/tmp/mem  2472

Process: receptor (PID: 63767)
    PID    PPID CMD                           RSS
  63767   24898 /usr/bin/receptor --node id 46256
  Children of PID 63767:
    PID    PPID CMD                           RSS
  63776   63767 /usr/bin/python3 /usr/bin/a 27488

Process: bash (PID: 64556)
    PID    PPID CMD                           RSS
  64556   62252 bash -c  log_file="/tmp/mem  2472
  Children of PID 64556:
    PID    PPID CMD                           RSS


Process Tree for AAP Services:
=== automation-controller Process Tree ===
bash(62252)---pstree(64575)
=== receptor Process Tree ===
receptor(24898)-+-receptor(63767)-+-ansible-runner(63776)---podman(63786)-+-exe(63794)-+-slirp4netns(63808)
                |                 |                                       |            |-{exe}(63795)
                |                 |                                       |            |-{exe}(63796)
                |                 |                                       |            |-{exe}(63797)
                |                 |                                       |            |-{exe}(63799)
                |                 |                                       |            |-{exe}(63800)
                |                 |                                       |            |-{exe}(63801)
                |                 |                                       |            |-{exe}(63803)
                |                 |                                       |            |-{exe}(63806)
                |                 |                                       |            `-{exe}(63807)
                |                 |                                       |-{podman}(63787)
                |                 |                                       |-{podman}(63788)
                |                 |                                       |-{podman}(63789)
                |                 |                                       |-{podman}(63790)
                |                 |                                       |-{podman}(63791)
                |                 |                                       |-{podman}(63792)
                |                 |                                       `-{podman}(63793)
                |                 |-{receptor}(63768)
                |                 |-{receptor}(63769)
                |                 |-{receptor}(63770)
                |                 |-{receptor}(63771)
                |                 |-{receptor}(63772)
                |                 |-{receptor}(63773)
                |                 |-{receptor}(63774)
                |                 |-{receptor}(63775)
                |                 `-{receptor}(64157)
                |-{receptor}(24900)
                |-{receptor}(24901)
                |-{receptor}(24902)
                |-{receptor}(24903)
                |-{receptor}(24904)
                |-{receptor}(24905)
                `-{receptor}(24906)
bash(62252)---pstree(64580)
receptor(63767)-+-ansible-runner(63776)---podman(63786)-+-exe(63794)-+-slirp4netns(63808)
                |                                       |            |-{exe}(63795)
                |                                       |            |-{exe}(63796)
                |                                       |            |-{exe}(63797)
                |                                       |            |-{exe}(63799)
                |                                       |            |-{exe}(63800)
                |                                       |            |-{exe}(63801)
                |                                       |            |-{exe}(63803)
                |                                       |            |-{exe}(63806)
                |                                       |            `-{exe}(63807)
                |                                       |-{podman}(63787)
                |                                       |-{podman}(63788)
                |                                       |-{podman}(63789)
                |                                       |-{podman}(63790)
                |                                       |-{podman}(63791)
                |                                       |-{podman}(63792)
                |                                       `-{podman}(63793)
                |-{receptor}(63768)
                |-{receptor}(63769)
                |-{receptor}(63770)
                |-{receptor}(63771)
                |-{receptor}(63772)
                |-{receptor}(63773)
                |-{receptor}(63774)
                |-{receptor}(63775)
                `-{receptor}(64157)
=== nginx Process Tree ===
bash(62252)---pstree(64585)
=== postgresql Process Tree ===
bash(62252)---pstree(64589)
=== redis Process Tree ===
bash(62252)---pstree(64593)
=== uwsgi Process Tree ===
bash(62252)---pstree(64597)
=== automation-hub Process Tree ===
bash(62252)---pstree(64601)
=== automation-eda Process Tree ===
bash(62252)---pstree(64605)

Memory monitoring completed for aap24 medium test at Mon Jul  7 09:12:00 AM PDT 2025
